mutation,proportion,count,jaccard
"T2C",0.047619047619047616,1,0.00030553009471432935
"A4T",0.008130081300813009,1,0.00031065548306927616
"G8A",0.003436426116838488,1,0.0003169572107765452
"T10G",0.002680965147453083,1,0.0003169572107765452
"A12C",0.002127659574468085,1,0.00031887755102040814
"A12T",0.00425531914893617,2,0.0006355258976803305
"C20T",0.0016260162601626016,1,0.000314070351758794
"C21T",0.9918433931484503,608,0.012799191630002316
"C33T",0.001326259946949602,1,0.0003155569580309246
"C44T",0.8182941903584673,662,0.00495457062882632
"T54A",0.0016542597187758478,2,0.0006363347120585428
"C66T",0.005702436495593572,11,0.0030683403068340305
"G72A",0.0015535991714137752,3,0.0009287925696594427
"T76A",0.0010400416016640667,2,0.0006180469715698393
"T77A",0.0005393743257820927,1,0.0003189792663476874
"T78G",0.0005747126436781609,1,0.00030731407498463427
"T83C",0.0003562522265764161,1,0.00031466331025802394
"T87C",0.0003551136363636364,1,0.00031133250311332503
"C92A",0.00034928396786587494,1,0.0003168567807351077
"C100T",0.0010442046641141664,3,0.0007985094490284802
"G101A",0.00034818941504178273,1,0.00029163021289005544
"C103T",0.0013750429700928155,4,0.0012330456226880395
"G105T",0.0013745704467353953,4,0.0012048192771084338
"C106T",0.0017176228100309172,5,0.0009800078400627205
"T112C",0.0054757015742642025,16,0.005093919134033747
"C119A",0.00034002040122407346,1,0.0003154574132492114
"C140T",0.0006664445184938354,2,0.00044662795891022776
"A158G",0.00033266799733865603,1,0.00031387319522912746
"T168C",0.005968169761273209,18,0.005531653349723417
"T177C",0.0006640106241699867,2,0.0005971931919976113
"T182C",0.00033178500331785003,1,0.0003136762860727729
"C186A",0.00033178500331785003,1,0.0003169572107765452
"C186T",0.0013271400132714001,4,0.0007665772326561902
"G189A",0.00033178500331785003,1,0.0003075030750307503
"C193T",0.00033200531208499334,1,0.00010180189351521938
"G199T",0.0006635700066357001,2,0.000625
"C203T",0.0013293452974410102,4,0.0005978179644298311
"G204A",0.0003322259136212625,1,0.00028208744710860365
"G204T",0.000664451827242525,2,0.0005952380952380953
"C206T",0.00033200531208499334,1,0.00027878449958182325
"C207T",0.0006646726487205051,2,0.0005390835579514825
"T211C",0.00033277870216306157,1,0.0003176620076238882
"T221C",0.0009970089730807576,3,0.0008356545961002785
"C222T",0.0212624584717608,64,0.010583760542417728
"T224G",0.0006642311524410495,2,0.0006393861892583121
"A235G",0.00033189512114171923,1,0.00031645569620253165
"C241T",0.9983388704318937,3005,0.004222284670507236
"C245T",0.0006637902422834385,2,0.0005803830528148578
"G246A",0.0006637902422834385,2,0.0006172839506172839
"G248A",0.00033189512114171923,1,0.0003191828917969997
"G250T",0.00033200531208499334,1,0.000318775900541919
"G256T",0.00033178500331785003,1,0.0003156565656565657
"A264G",0.0003315649867374005,1,0.00029533372711163615
"A272G",0.0003316749585406302,1,0.000315357931251971
"C274T",0.0003315649867374005,1,0.0002909514111143439
"G284A",0.0006629101756711965,2,0.0006236357966947302
"A294C",0.0006620324395895399,2,0.0006387735547748323
"C311T",0.0013231888852133643,4,0.0010799136069114472
"C313T",0.00033068783068783067,1,0.00024096385542168674
"G315A",0.00033068783068783067,1,0.00031338138514572234
"T318-",0.00033068783068783067,1,0.00031446540880503143
"G319-",0.00033068783068783067,1,0.00031456432840515884
"C320-",0.00033068783068783067,1,0.00031456432840515884
"C321-",0.00033057851239669424,1,0.00031456432840515884
"T322-",0.00033057851239669424,1,0.00031525851197982345
"G323-",0.00033046926635822867,1,0.0003151591553734636
"C335T",0.0009923916639100231,3,0.0005175090564084871
"C337T",0.0006609385327164573,2,0.00040314452731304173
"C344T",0.0006598482349059716,2,0.0005367686527106817
"C346T",0.0003259452411994785,1,0.0001984914648670107
"C350T",0.00032615786040443573,1,0.00031104199066874026
"C355T",0.00032583903551645487,1,0.0002898550724637681
"G370T",0.0013033561420658195,4,0.0011799410029498525
"G374A",0.0003257328990228013,1,0.0003083564600678384
"A375T",0.000977198697068404,3,0.0009581603321622484
"C379T",0.00032605151613955004,1,0.0002942041776993233
"A382G",0.00032605151613955004,1,0.00030731407498463427
"A385G",0.00032615786040443573,1,0.0002767783005812344
"G393A",0.00032615786040443573,1,0.0003022974607013301
"T394C",0.0003262642740619902,1,0.000308546744831842
"A397G",0.00032605151613955004,1,0.00031426775612822125
"C401A",0.0003259452411994785,1,0.00030826140567200987
"A408G",0.0003262642740619902,1,0.00031416902293433867
"G425-",0.00036258158085569254,1,0.000281135788585887
"T426-",0.0003624501631025734,1,0.0002810567734682406
"A427-",0.00036231884057971015,1,0.0002810567734682406
"A460G",0.0003748125937031484,1,0.00025799793601651185
"G487T",0.000375234521575985,1,0.0003049710277523635
"G488A",0.00037509377344336085,1,0.00029824038174768865
"C503T",0.0007499062617172854,2,0.0005564830272676684
"G509-",0.002626641651031895,7,0.0005145167217934582
"G510-",0.007885843034171986,21,0.0010558069381598793
"T511-",0.007879924953095686,21,0.001056338028169014
"C512-",0.007891770011273957,21,0.0010603382984094925
"A513-",0.007894736842105263,21,0.0010496850944716584
"T514-",0.007888805409466567,21,0.0010499475026248687
"G515-",0.014661654135338346,39,0.0013650682534126707
"T516-",0.015413533834586466,41,0.00134360150745535
"T517-",0.015407741450582487,41,0.0013444827020823087
"A518-",0.017312758750470454,46,0.0013455407026062539
"A518G",0.0003763643206624012,1,0.0003097893432465923
"T519-",0.012025554302893648,32,0.0012042298573740262
"G520-",0.011654135338345865,31,0.0011702529256323142
"G521-",0.003755163349605708,10,0.0006507027589796981
"T522-",0.0037537537537537537,10,0.0006645843025187745
"T523-",0.003756574004507889,10,0.0006672004270082733
"G524-",0.0007496251874062968,2,0.0004786979415988511
"G526T",0.0003749531308586427,1,0.0002842524161455372
"G530A",0.0003748125937031484,1,0.0003151591553734636
"A532G",0.000749063670411985,2,0.0005685048322910744
"A532T",0.0003745318352059925,1,0.00031655587211142766
"T540G",0.000375234521575985,1,0.00031938677738741617
"C541T",0.001125703564727955,3,0.00027066041140382533
"T549C",0.00037537537537537537,1,0.0003117206982543641
"C556T",0.00037397157816005983,1,0.0002457002457002457
"C573T",0.0007496251874062968,2,0.0006279434850863422
"C583T",0.0007471049682480389,2,0.0003311806590495115
"C584T",0.00037439161362785476,1,0.00030057108506161706
"C589T",0.00037383177570093456,1,0.00028968713789107763
"C593T",0.0011219147344801795,3,0.0004551661356395084
"G599A",0.0003745318352059925,1,0.00028514399771884804
"T606C",0.002616822429906542,7,0.0018153526970954357
"G611T",0.0007496251874062968,2,0.0006299212598425197
"G614A",0.0003749531308586427,1,0.0002935995302407516
"G625T",0.0003734129947722181,1,0.00018129079042784627
"C629T",0.0003741114852225963,1,0.000292654375182909
"C635T",0.00037439161362785476,1,0.00020955574182732607
"C643T",0.00037383177570093456,1,0.0002382654276864427
"A652G",0.003985507246376811,11,0.003399258343634116
"G654A",0.0007243752263672582,2,0.0006234413965087282
"C657T",0.00036231884057971015,1,0.0002542588354945334
"G663T",0.0006462035541195477,2,0.000630715862503942
"C664T",0.003865979381443299,12,0.003171247357293869
"A666G",0.00032216494845360824,1,0.000315955766192733
"G669T",0.0003222687721559781,1,0.00030826140567200987
"T670G",0.9912479740680713,3058,0.004062054591994644
"G675A",0.000643293663557414,2,0.0006142506142506142
"C676T",0.003861003861003861,12,0.0033240997229916896
"C678T",0.0003215434083601286,1,0.0002608242044861763
"C679T",0.0022508038585209,7,0.0018508725542041248
"C683T",0.000643707756678468,2,0.0002611306959133046
"A686-",0.00935785737334624,29,0.0021158616664234643
"A687-",0.00935785737334624,29,0.0021166338223487335
"G688-",0.00935483870967742,29,0.002117561153705732
"T689-",0.00935785737334624,29,0.002116479346080864
"C690-",0.00935483870967742,29,0.0021166338223487335
"A691-",0.009351821992905514,29,0.002114473204520598
"T692-",0.00935785737334624,29,0.0021158616664234643
"T693-",0.00935785737334624,29,0.00212298682284041
"T694-",0.00935483870967742,29,0.002151175728803501
"T694C",0.0003225806451612903,1,0.0003132832080200501
"C697T",0.000321853878339234,1,0.0002886002886002886
"G702A",0.000321853878339234,1,0.00031220730565095225
"C703T",0.000321853878339234,1,0.0002638522427440633
"C706T",0.0003223726627981947,1,0.0002817695125387433
"A708T",0.0009668063164679343,3,0.0009578544061302681
"C710T",0.0006443298969072165,2,0.0005847953216374269
"G713A",0.00032216494845360824,1,0.0003093102381688834
"T733C",0.000321853878339234,1,0.00031084861672365556
"A742G",0.000643707756678468,2,0.0006387735547748323
"C745T",0.00128783000643915,4,0.0008661758336942399
"A773-",0.00032216494845360824,1,0.00031969309462915604
"C774-",0.00032216494845360824,1,0.00031969309462915604
"C775-",0.00032216494845360824,1,0.00031969309462915604
"C775A",0.00032216494845360824,1,0.00031776294884016526
"C775T",0.0006443298969072165,2,0.0005780346820809249
"C776-",0.00032206119162640903,1,0.00031959092361776926
"G777-",0.00032216494845360824,1,0.00031969309462915604
"G777T",0.00032216494845360824,1,0.00031867431485022306
"T778-",0.0003222687721559781,1,0.00031969309462915604
"G779-",0.0003223726627981947,1,0.00031969309462915604
"A780-",0.0003223726627981947,1,0.00031969309462915604
"A781-",0.0003223726627981947,1,0.00031969309462915604
"C782-",0.0003223726627981947,1,0.00031969309462915604
"T783-",0.0003223726627981947,1,0.00031969309462915604
"C784-",0.0003223726627981947,1,0.00031969309462915604
"A785-",0.0003225806451612903,1,0.00031938677738741617
"T786-",0.0003224766204450177,1,0.00031938677738741617
"G787-",0.0003225806451612903,1,0.00031938677738741617
"C788-",0.0003225806451612903,1,0.00031959092361776926
"G789-",0.0003225806451612903,1,0.0003194888178913738
"T790-",0.00032278889606197545,1,0.0003194888178913738
"T790G",0.0006455777921239509,2,0.0006391818472355385
"G791-",0.0003225806451612903,1,0.0003194888178913738
"A792-",0.00032268473701193933,1,0.00031969309462915604
"A792C",0.00032268473701193933,1,0.0003190810465858328
"G793-",0.0003225806451612903,1,0.00031969309462915604
"G793A",0.0006451612903225806,2,0.0006275494195167869
"C794-",0.0003222687721559781,1,0.00031969309462915604
"T795-",0.00032216494845360824,1,0.00031969309462915604
"T796-",0.00032216494845360824,1,0.00031969309462915604
"C799T",0.00032206119162640903,1,0.0002778549597110308
"G805A",0.00032206119162640903,1,0.0002992220227408737
"G806A",0.00032216494845360824,1,0.00020820320632937748
"C811T",0.0006445375443119562,2,0.0005859947260474656
"C815T",0.0006447453255963894,2,0.0005566379070414695
"C823T",0.000968054211035818,3,0.00024507801650191976
"C829T",0.0006451612903225806,2,0.00033818058843422386
"C832T",0.011624152405553761,36,0.0066494274104174364
"C835T",0.0009671179883945841,3,0.0007020828457758015
"T838C",0.0003223726627981947,1,0.00030656039239730225
"G839A",0.0003224766204450177,1,0.0003125
"C843A",0.000967741935483871,3,0.0009372071227741331
"C853T",0.0012894906511927789,4,0.000882223202470225
"G872A",0.004837149306675266,15,0.004066142586066685
"G872T",0.01805869074492099,56,0.016577856719952634
"C874T",0.0009664948453608248,3,0.0008161044613710555
"C875T",0.0019336126329358686,6,0.0015236160487557136
"C884T",0.000643915003219575,2,0.0004937052579609973
"G896A",0.0006443298969072165,2,0.000611807892321811
"C897A",0.9941463414634146,3057,0.011339483435896865
"C897G",0.0006504065040650406,2,0.0006275494195167869
"C897T",0.0003252032520325203,1,0.0002967359050445104
"C900T",0.001287001287001287,4,0.0008173273395995096
"G910A",0.000321853878339234,1,0.00029877502240812666
"T911A",0.000321853878339234,1,0.00030665440049064706
"C912A",0.000321853878339234,1,0.0002461841457410143
"C912T",0.000321853878339234,1,0.00030120481927710846
"C913T",0.002896684905053106,9,0.002458344714558864
"C920T",0.0003223726627981947,1,0.0001733102253032929
"C925A",0.003222687721559781,10,0.003101736972704715
"C934T",0.003544956493715759,11,0.002561117578579744
"C936T",0.0006447453255963894,2,0.0004393673110720562
"A941C",0.0012894906511927789,4,0.0012738853503184713
"G942A",0.0006453694740238787,2,0.00048721071863581
"G944A",0.002257336343115124,7,0.0020876826722338203
"A949G",0.0006445375443119562,2,0.0005523336095001381
"T950C",0.0003222687721559781,1,0.0002962962962962963
"A977G",0.00032175032175032174,1,0.00030656039239730225
"G980C",0.00032175032175032174,1,0.00031928480204342275
"T986C",0.0009649404953361209,3,0.000952078705172961
"G991A",0.0009646302250803858,3,0.0008344923504867872
"C995A",0.0003215434083601286,1,0.00031826861871419476
"G996A",0.00032133676092544985,1,0.0003178639542275906
"G996C",0.00032133676092544985,1,0.00031959092361776926
"T997A",0.00032133676092544985,1,0.0003179650238473768
"T998A",0.0003214400514304082,1,0.0003180661577608143
"C999A",0.00032133676092544985,1,0.00031756113051762465
"T1000A",0.00032133676092544985,1,0.00031625553447185326
"G1001A",0.0003238341968911917,1,0.00031486146095717883
"T1040C",0.0006510416666666666,2,0.0006285355122564425
"C1044T",0.00033046926635822867,1,0.0002973535533749628
"C1059T",0.00033344448149383126,1,0.0002670940170940171
"C1060T",0.00266844563042028,8,0.0014856081708449396
"C1063T",0.0006668889629876625,2,0.0004727014890096904
"C1077T",0.0006706908115358819,2,0.0006060606060606061
"T1084C",0.0003362474781439139,1,0.00031826861871419476
"A1087G",0.0013458950201884253,4,0.0011467889908256881
"T1090C",0.0006749915626054674,2,0.000608457560085184
"T1094C",0.00033921302578018993,1,0.00031625553447185326
"C1101T",0.00034071550255536625,1,0.00030627871362940275
"C1102G",0.000341180484476288,1,0.00031655587211142766
"C1102T",0.000682360968952576,2,0.0004508566275924256
"A1103G",0.003067484662576687,9,0.0028046120286693674
"A1106G",0.00033898305084745765,1,0.0003093102381688834
"C1122T",0.0006795786612300374,2,0.0006027727546714888
"G1126A",0.0003399048266485384,1,0.0002933411557641537
"A1133C",0.0003402517863218782,1,0.00031959092361776926
"G1148T",0.0006793478260869565,2,0.0005232862375719519
"G1149A",0.00033932813030200206,1,0.00031496062992125983
"C1150T",0.002717391304347826,8,0.002059202059202059
"G1156T",0.00033852403520649965,1,0.00030845157310302283
"A1162G",0.0006765899864682003,2,0.0006361323155216285
"A1163G",0.0006759040216289286,2,0.0006335128286347799
"T1165G",0.00033840947546531303,1,0.00031857279388340236
"G1167A",0.00033852403520649965,1,0.00030175015087507544
"G1172A",0.00033772374197906115,1,0.00029877502240812666
"T1177C",0.0003359086328518643,1,0.0002598077422707197
"G1186A",0.0003372681281618887,1,0.00028968713789107763
"C1190T",0.0013499831252109348,4,0.000948316737790422
"C1191T",0.002360876897133221,7,0.0013763271726307512
"C1205A",0.00034094783498124785,1,0.00030039050765995795
"C1214T",0.0003417634996582365,1,0.000315955766192733
"T1216C",0.000683526999316473,2,0.0006240249609984399
"C1218T",0.0037606837606837607,11,0.002851957479906663
"A1230G",0.0003397893306150187,1,0.00021399529210357372
"C1251T",0.00033829499323410016,1,0.0003125
"C1254T",0.00033898305084745765,1,0.00027831895352073476
"C1263T",0.0003380662609871535,1,0.0002463661000246366
"G1264T",0.0006765899864682003,2,0.0006236357966947302
"G1265T",0.0006756756756756757,2,0.0006263701847792045
"C1267T",0.001011804384485666,3,0.0007888509071785432
"G1274T",0.00033647375504710633,1,0.00029036004645760743
"C1288T",0.008069939475453935,24,0.0038690955989037564
"A1291C",0.00033647375504710633,1,0.000315059861373661
"C1302T",0.0003368137420006736,1,0.00025113008538422905
"T1303C",0.0010114632501685772,3,0.0009433962264150943
"G1306A",0.0006727211570803902,2,0.0005851375073142189
"G1306T",0.0003363605785401951,1,0.0003112356053532524
"T1311C",0.0020215633423180594,6,0.001889763779527559
"C1314T",0.0010087424344317419,3,0.0007808433107756377
"A1316C",0.0003372681281618887,1,0.00031969309462915604
"A1321C",0.0003341129301703976,1,0.00031928480204342275
"C1326T",0.001670564650851988,5,0.001460706982179375
"C1327T",0.000333555703802535,1,0.00030553009471432935
"T1333G",0.00033277870216306157,1,0.0003178639542275906
"C1342T",0.0006932409012131716,2,0.000574052812858783
"C1346A",0.000346860908775581,1,0.00028993911278631486
"C1348T",0.000693000693000693,2,0.00042918454935622315
"T1362C",0.0003466204506065858,1,0.00030385900941962927
"T1368A",0.00034626038781163435,1,0.00031938677738741617
"T1368C",0.007271468144044321,21,0.005546751188589541
"C1377T",0.0038207711010767626,11,0.003258293838862559
"G1379T",0.0003466204506065858,1,0.00031446540880503143
"C1385T",0.0024297119055883376,7,0.0016021972991531242
"C1387T",0.0013879250520471894,4,0.0008545182653279214
"T1390C",0.00034638032559750607,1,0.00031104199066874026
"C1392T",0.00034626038781163435,1,0.00025477707006369424
"A1399G",0.00034578146611341634,1,0.00031133250311332503
"C1403T",0.00034626038781163435,1,0.0002991325157044571
"A1407C",0.0006925207756232687,2,0.0006359300476947536
"C1419T",0.0006920415224913495,2,0.0005889281507656066
"A1423C",0.000693721817551162,2,0.0006287331027978623
"C1426T",0.0024255024255024253,7,0.0016166281755196305
"T1436C",0.00034674063800277393,1,0.0003170577045022194
"C1441T",0.0006939625260235947,2,0.0004839099927413501
"T1442A",0.00034722222222222224,1,0.0003155569580309246
"C1450T",0.0010434782608695651,3,0.0009174311926605505
"C1454T",0.0003480682213713888,1,0.0003045066991473812
"C1457T",0.006932409012131715,20,0.005163955589981926
"G1458A",0.000346860908775581,1,0.00030902348578491963
"A1461G",0.000346860908775581,1,0.0002906131938390003
"C1473T",0.0010416666666666667,3,0.0005415162454873646
"C1498T",0.003119584055459272,9,0.0026986506746626685
"C1513T",0.0006918021445866483,2,0.000541858574911948
"C1514T",0.0006915629322268327,2,0.00044004400440044003
"T1531C",0.0003450655624568668,1,0.0003053435114503817
"T1537C",0.00034518467380048324,1,0.00030303030303030303
"C1549T",0.0010351966873706005,3,0.000441306266548985
"G1580A",0.007147719537100068,21,0.006550218340611353
"T1582C",0.00033967391304347825,1,0.00031289111389236547
"G1589A",0.0003368137420006736,1,0.00027122321670735016
"G1589T",0.0010104412260020209,3,0.0009273570324574962
"C1593T",0.0006724949562878278,2,0.0005104645227156713
"C1594T",0.0020174848688634837,6,0.0012612991381122556
"G1598A",0.0006457862447529867,2,0.0004631773969430292
"C1609T",0.006443298969072165,20,0.005374899220639613
"C1627T",0.0003225806451612903,1,0.00004897399480875655
"A1633G",0.0006447453255963894,2,0.0005894488653109342
"C1663T",0.0003234152652005175,1,0.00029895366218236175
"A1669G",0.0009702457956015524,3,0.0009538950715421304
"C1670T",0.010035610229847848,31,0.006739130434782609
"T1683C",0.00032351989647363315,1,0.0003026634382566586
"C1684T",0.00032362459546925567,1,0.00013130252100840336
"G1685A",0.00032362459546925567,1,0.00030012004801920766
"G1685T",0.00032362459546925567,1,0.0003191828917969997
"C1687T",0.00032362459546925567,1,0.0003002101471029721
"T1703G",0.00032362459546925567,1,0.00031969309462915604
"T1705C",0.0003237293622531564,1,0.00031387319522912746
"T1706A",0.0003237293622531564,1,0.00031735956839098697
"C1714T",0.0006480881399870382,2,0.0005790387955993051
"C1716T",0.0009724473257698541,3,0.0008820935019112026
"C1722T",0.0012961762799740765,4,0.0007283321194464676
"T1726C",0.0003240440699935191,1,0.00031746031746031746
"G1742A",0.0009718172983479105,3,0.0008873114463176575
"A1752G",0.0022675736961451248,7,0.0022123893805309734
"C1758T",0.001621271076523995,5,0.001083658430862592
"A1769C",0.006158833063209076,19,0.0060490289716650745
"C1779T",0.0006482982171799027,2,0.0004079135223332653
"C1780T",0.00032414910858995135,1,0.0002942041776993233
"C1812T",0.0003237293622531564,1,0.0002621231979030144
"A1818G",0.0003237293622531564,1,0.0003147623544224111
"G1820A",0.010369410239792612,32,0.002325919465038523
"C1825T",0.0006478781988986071,2,0.0005742176284811944
"A1832G",0.00032351989647363315,1,0.00029886431560071725
"G1843A",0.0003237293622531564,1,0.00031496062992125983
"C1848T",0.0006478781988986071,2,0.0006159531875577456
"T1851C",0.0003237293622531564,1,0.00030703101013202335
"C1853T",0.00032362459546925567,1,0.00029036004645760743
"A1856G",0.00032362459546925567,1,0.00031347962382445143
"T1864C",0.00032362459546925567,1,0.0003155569580309246
"A1866C",0.00032362459546925567,1,0.00031969309462915604
"A1866G",0.00032362459546925567,1,0.00031377470975839345
"G1874T",0.0003238341968911917,1,0.00026917900403768504
"G1882T",0.0003237293622531564,1,0.0003068425897514575
"C1884T",0.0003238341968911917,1,0.00018416206261510129
"T1891C",0.0016155088852988692,5,0.0015267175572519084
"T1908C",0.0003208213025344883,1,0.0003009328919650918
"C1909T",0.0006416426050689766,2,0.0005278437582475588
"C1912T",0.006418485237483954,20,0.002612671456564337
"C1913T",0.0019249278152069298,6,0.0016424856282507528
"G1914A",0.003208213025344883,10,0.0025031289111389237
"C1915T",0.0012832852101379532,4,0.0011251758087201125
"C1917T",0.0003208213025344883,1,0.00030175015087507544
"G1928A",0.0003208213025344883,1,0.00030998140111593303
"C1929T",0.0003208213025344883,1,0.0002829654782116582
"C1938T",0.0003208213025344883,1,0.00029682398337785694
"C1943T",0.0006418485237483953,2,0.0004939491232403062
"G1946A",0.0006428801028608164,2,0.0006311139160618492
"C1959T",0.0003219575016097875,1,0.0003040437823046519
"C1960T",0.0009674298613350532,3,0.0007283321194464676
"G1961A",0.0003225806451612903,1,0.0003167564143173899
"A1970G",0.0009696186166774402,3,0.0009532888465204957
"T1971C",0.001292824822236587,4,0.0011890606420927466
"C1973T",0.0003232062055591467,1,0.00010544074230282581
"A2010C",0.00032351989647363315,1,0.00031867431485022306
"T2011C",0.00032351989647363315,1,0.0003171582619727244
"T2016C",0.0006472491909385113,2,0.000637551801083838
"C2023T",0.0012940795858945326,4,0.0011816838995568684
"G2035T",0.00032362459546925567,1,0.0002853067047075606
"C2044T",0.007119741100323625,22,0.006239364719228588
"C2061T",0.005501618122977346,17,0.004175878162613608
"C2062G",0.00032362459546925567,1,0.00031857279388340236
"T2063C",0.00032362459546925567,1,0.00031645569620253165
"C2065T",0.000970873786407767,3,0.000375751503006012
"T2068C",0.00032362459546925567,1,0.00030721966205837174
"G2072A",0.00032362459546925567,1,0.00030959752321981426
"G2075A",0.00032362459546925567,1,0.00027122321670735016
"C2091T",0.0003237293622531564,1,0.0002212878955521133
"C2094T",0.0006474587245063128,2,0.00048721071863581
"C2106T",0.0009711880867594691,3,0.0007263922518159806
"C2110T",0.0006474587245063128,2,0.00045433893684688776
"C2113T",0.002589834898025251,8,0.0018399264029438822
"T2116A",0.0003237293622531564,1,0.00031746031746031746
"G2118A",0.0003237293622531564,1,0.0003160556257901391
"T2126C",0.0022675736961451248,7,0.002217997465145754
"A2134G",0.00032393909944930353,1,0.0003156565656565657
"C2137T",0.0006482982171799027,2,0.0005709391949757351
"A2140G",0.004213938411669368,13,0.004116529449018366
"C2143T",0.006158833063209076,19,0.00481500253421186
"G2144A",0.0009724473257698541,3,0.0005107252298263534
"G2150A",0.0003243593902043464,1,0.00031725888324873094
"G2150C",0.0003243593902043464,1,0.0003189792663476874
"A2151G",0.0009727626459143969,3,0.0009313877677739833
"C2156A",0.00032425421530479895,1,0.00031756113051762465
"T2158C",0.0006485084306095979,2,0.0005924170616113745
"G2173A",0.008108984755108661,25,0.0075826508947528055
"G2174A",0.0006487187804086928,2,0.00047427080863172874
"C2189T",0.0006449532408900354,2,0.0004753981459472308
"T2191C",0.0003224766204450177,1,0.0003168567807351077
"C2197T",0.0012924071082390954,4,0.0009369875849144999
"G2202C",0.0003232062055591467,1,0.0003194888178913738
"A2214G",0.0006462035541195477,2,0.0006359300476947536
"A2215C",0.0009693053311793214,3,0.0009560229445506692
"T2228C",0.0003232062055591467,1,0.0003139717425431711
"C2232T",0.002269779507133593,7,0.001348747591522158
"T2241C",0.0003237293622531564,1,0.00031887755102040814
"G2267A",0.00032637075718015666,1,0.0003114294612270321
"A2270-",0.00032690421706440013,1,0.0003194888178913738
"A2270G",0.004249754821837201,13,0.004082914572864322
"A2271-",0.00032658393207054214,1,0.0003194888178913738
"G2272A",0.000326477309826967,1,0.0002760905577029266
"G2272T",0.000326477309826967,1,0.0002984183825723665
"G2273A",0.000326477309826967,1,0.0003057169061449098
"A2276G",0.000326797385620915,1,0.00028694404591104734
"T2290C",0.0003272251308900524,1,0.0003116235587410408
"C2295T",0.0003270111183780249,1,0.0002835270768358378
"T2301C",0.0003266906239790918,1,0.00031746031746031746
"A2304G",0.0003266906239790918,1,0.00031036623215394165
"G2305T",0.0006533812479581836,2,0.0005755395683453237
"C2306T",0.0003266906239790918,1,0.00021362956633198035
"T2320G",0.0003266906239790918,1,0.000318775900541919
"C2334T",0.002936378466557912,9,0.00012673200405542413
"C2340T",0.00032637075718015666,1,0.0002994908655286014
"A2342G",0.0013054830287206266,4,0.0012484394506866417
"T2346C",0.0003262642740619902,1,0.00031776294884016526
"C2388T",0.0013042060645582002,4,0.0009396288466055908
"A2389G",0.00032605151613955004,1,0.00031036623215394165
"T2392C",0.008151287903488751,25,0.007941550190597205
"G2393A",0.0003259452411994785,1,0.00026737967914438503
"C2395T",0.00032583903551645487,1,0.00028555111364934324
"G2398A",0.00032605151613955004,1,0.0002878526194588371
"C2399T",0.00032605151613955004,1,0.00031635558367605187
"G2407A",0.0013025073266037122,4,0.0012206286237412267
"A2410G",0.0013025073266037122,4,0.0010931948619841486
"C2416T",0.0003255208333333333,1,0.0002727024815925825
"G2426A",0.00032562683165092806,1,0.0003116235587410408
"A2430G",0.00032562683165092806,1,0.0003167564143173899
"T2432C",0.0006512536633018561,2,0.0005925925925925926
"C2445T",0.002280130293159609,7,0.0015277171540811873
"C2449T",0.0003255208333333333,1,0.00029824038174768865
"C2453T",0.0026033192320208264,8,0.0022402688322598714
"C2455T",0.007815043959622273,24,0.005123825789923143
"A2464G",0.00032605151613955004,1,0.00031857279388340236
"G2468A",0.00032583903551645487,1,0.0003051571559353067
"T2484C",0.00032615786040443573,1,0.00030959752321981426
"C2485T",0.0032615786040443573,10,0.0014925373134328358
"C2488T",0.001957585644371941,6,0.0014932802389248383
"G2494T",0.00032615786040443573,1,0.0002904443799012489
"A2501G",0.0009784735812133072,3,0.000955718381650207
"C2508T",0.0003272251308900524,1,0.0002638522427440633
"C2509T",0.0006514657980456026,2,0.00043572984749455336
"G2518T",0.0003254149040026033,1,0.00031191515907673113
"C2523T",0.0039049788480312398,12,0.0028797696184305254
"G2527T",0.00032658393207054214,1,0.0003071253071253071
"G2534T",0.0003259452411994785,1,0.000314070351758794
"C2536T",0.0016297262059973925,5,0.0010996261271167802
"G2539A",0.00032562683165092806,1,0.00030902348578491963
"T2561C",0.00032615786040443573,1,0.0002962085308056872
"C2574T",0.01393841166936791,43,0.012320916905444125
"G2591T",0.0012974375608173856,4,0.0012654223347042075
"C2592T",0.0003246753246753247,1,0.00030998140111593303
"T2605C",0.0003419972640218878,1,0.0003151591553734636
"C2610T",0.0003414134516899966,1,0.0003068425897514575
"A2611C",0.0003418803418803419,1,0.0001410636196924813
"C2623T",0.0003489183531053733,1,0.00026624068157614486
"C2644T",0.0010845986984815619,3,0.0006290626965820927
"C2650T",0.00036101083032490973,1,0.0002581311306143521
"C2652A",0.000361271676300578,1,0.00031969309462915604
"A2653G",0.000722543352601156,2,0.0005414185165132648
"A2657C",0.0003598416696653472,1,0.0003160556257901391
"C2662T",0.001081081081081081,3,0.0008508224617129892
"C2668T",0.0003632401017072285,1,0.00029394473838918284
"C2669T",0.0003633720930232558,1,0.00031347962382445143
"C2675T",0.0003633720930232558,1,0.00026939655172413793
"T2680C",0.0003635041802980734,1,0.00030084235860409147
"C2695T",0.0007307270734380709,2,0.0003740415186085656
"C2704T",0.0003654970760233918,1,0.00028620492272467084
"C2706T",0.0010984987184181618,3,0.000767067246228586
"C2716T",0.00036469730123997083,1,0.00028595939376608524
"G2720A",0.0003654970760233918,1,0.00029895366218236175
"C2721T",0.0003654970760233918,1,0.0003118178983473651
"C2724T",0.0003663003663003663,1,0.00030703101013202335
"C2727T",0.00036683785766691124,1,0.00029726516052318666
"G2732A",0.000735564545788893,2,0.0006255864873318737
"T2737C",0.0003676470588235294,1,0.0003154574132492114
"A2745G",0.015034836817015035,41,0.01197429906542056
"G2755T",0.00036656891495601173,1,0.0003002101471029721
"A2758C",0.0007328691828508611,2,0.0006393861892583121
"G2768T",0.00036483035388544326,1,0.0003189792663476874
"C2773T",0.0007275372862859222,2,0.00046446818392940084
"A2786G",0.000364963503649635,1,0.0002886002886002886
"C2788T",0.000365764447695684,1,0.0002358490566037736
"C2790T",0.9996339677891655,2731,0.0037707713443469494
"T2803C",0.004746257758305951,13,0.003988953666768947
"A2810G",0.0003652300949598247,1,0.0003069367710251688
"A2821G",0.000364963503649635,1,0.00031486146095717883
"C2841T",0.0018281535648994515,5,0.0014641288433382138
"C2842T",0.0021969974368363236,6,0.0015
"C2855T",0.00036563071297989033,1,0.00030358227079538557
"C2878T",0.00034578146611341634,1,0.0002702702702702703
"G2890A",0.0003240440699935191,1,0.0002042483660130719
"G2897A",0.00032414910858995135,1,0.0003118178983473651
"C2902T",0.0006470397929472663,2,0.0004946821667078902
"C2910T",0.0022653721682847896,7,0.0019779598756710934
"C2915G",0.0006478781988986071,2,0.0005966587112171838
"C2918T",0.000646830530401035,2,0.0006172839506172839
"C2937T",0.0006476683937823834,2,0.0004689331770222743
"G2945A",0.0006485084306095979,2,0.0006144393241167435
"T2959C",0.0006476683937823834,2,0.0006009615384615385
"G2967A",0.0003240440699935191,1,0.00031665611146295124
"C2976T",0.0006476683937823834,2,0.0006238303181534623
"C2983T",0.0012953367875647669,4,0.0012191405059433099
"T2992C",0.00032362459546925567,1,0.0003074085459575776
"G2993A",0.00032362459546925567,1,0.00031887755102040814
"A2994G",0.0003237293622531564,1,0.0003171582619727244
"C2997T",0.0016186468112657818,5,0.0014530659691950015
"A3003C",0.0016191709844559584,5,0.0015888147442008262
"A3019G",0.0003232062055591467,1,0.0003078817733990148
"A3023G",0.00032289312237649337,1,0.00031959092361776926
"T3031C",0.0003232062055591467,1,0.0003181673560292714
"C3037T",0.9996767937944409,3093,0.004051287492091934
"C3040T",0.00032331070158422246,1,0.00022972662531587412
"A3046G",0.00032299741602067185,1,0.00030478512648582747
"G3047A",0.00032299741602067185,1,0.000314070351758794
"A3051G",0.00032299741602067185,1,0.0003056234718826406
"A3061G",0.00032310177705977385,1,0.0002955082742316785
"G3062A",0.00032310177705977385,1,0.00031625553447185326
"C3096T",0.014211886304909561,44,0.0062173237247421225
"T3112C",0.00032278889606197545,1,0.0003056234718826406
"G3119T",0.00032289312237649337,1,0.00031969309462915604
"T3124C",0.00032289312237649337,1,0.00030478512648582747
"C3140T",0.0016155088852988692,5,0.001226993865030675
"G3152A",0.0006459948320413437,2,0.0006007810153199159
"C3157T",0.00032278889606197545,1,0.00026954177897574127
"C3165T",0.001614987080103359,5,0.0013333333333333333
"T3166C",0.0006459948320413437,2,0.0006273525721455458
"C3176T",0.0006459948320413437,2,0.0004830917874396135
"C3177T",0.0009689922480620155,3,0.0005950019833399445
"C3188A",0.0003232062055591467,1,0.0003189792663476874
"A3189G",0.0003232062055591467,1,0.000315955766192733
"A3190G",0.00032310177705977385,1,0.00031625553447185326
"A3196C",0.00032289312237649337,1,0.0003189792663476874
"T3199C",0.0019373587342589602,6,0.0018879798615481435
"A3207G",0.0006451612903225806,2,0.0005767012687427913
"C3218A",0.00032414910858995135,1,0.0003006614552014432
"C3221A",0.00032425421530479895,1,0.0003136762860727729
"G3227A",0.00032658393207054214,1,0.00031338138514572234
"G3230T",0.010153946937438586,31,0.009660330320972266
"G3239T",0.00035919540229885057,1,0.00030609121518212427
"C3241T",0.0003595828838547285,1,0.00021199915200339198
"T3247A",0.0003762227238525207,1,0.00031938677738741617
"G3248A",0.0003766478342749529,1,0.0003176620076238882
"C3253T",0.004201680672268907,11,0.00325155187703222
"A3255C",0.0003816793893129771,1,0.00031887755102040814
"G3259T",0.0007619047619047619,2,0.00035733428622476324
"T3265A",0.00038066235249333843,1,0.0003194888178913738
"C3267T",0.0026605853287723297,7,0.001726689689195856
"C3276T",0.0003819709702062643,1,0.0002969121140142518
"T3280A",0.003052270125906143,8,0.0025469595670168737
"G3286A",0.0003819709702062643,1,0.0003093102381688834
"G3287A",0.0007642338555598013,2,0.0006197706848466068
"A3332G",0.0003837298541826554,1,0.00031201248049921997
"G3340T",0.0003831417624521073,1,0.00029761904761904765
"C3369T",0.00038299502106472615,1,0.00028392958546280523
"T3370G",0.0003834355828220859,1,0.0003181673560292714
"G3371A",0.0022997316979685703,6,0.0019005384859043396
"A3379G",0.000384172109104879,1,0.00030807147258163895
"C3393T",0.0007686395080707148,2,0.0005629045876723895
"G3403A",0.003837298541826554,10,0.0030845157310302285
"C3411T",0.0007695267410542517,2,0.00048567265662943174
"G3431T",0.9946215904725317,2589,0.010784085039737417
"C3448T",0.0019164430816404753,5,0.0015019525382997897
"G3467A",0.0011494252873563218,3,0.0008915304606240713
"G3479A",0.00038211692777990065,1,0.0003189792663476874
"G3483T",0.0007636502481863307,2,0.0005819028222286878
"G3496T",0.0003800836183960471,1,0.00031152647975077883
"G3509A",0.0003792188092529389,1,0.0003058103975535168
"C3510A",0.0003790750568612585,1,0.0003176620076238882
"G3514T",0.00037893141341417203,1,0.000315955766192733
"A3531G",0.00035423308537017357,1,0.00031210986267166043
"C3540T",0.0007089684509039348,2,0.000578368999421631
"A3542G",0.0006449532408900354,2,0.0006058770069675856
"G3562A",0.0006453694740238787,2,0.0006042296072507553
"T3565C",0.996687644915535,3009,0.011549179006517283
"G3566A",0.00032268473701193933,1,0.0003083564600678384
"A3569G",0.0006451612903225806,2,0.0004935834155972359
"C3583-",0.0003224766204450177,1,0.00031969309462915604
"C3583A",0.0003224766204450177,1,0.0003170577045022194
"C3583T",0.0003224766204450177,1,0.00026399155227032733
"C3589T",0.0009671179883945841,3,0.0006237006237006237
"C3593T",0.0016113438607798904,5,0.0014952153110047847
"A3601G",0.00032216494845360824,1,0.0003077870113881194
"C3602T",0.0009664948453608248,3,0.0005764796310530361
"C3604T",0.0006443298969072165,2,0.0005656108597285068
"T3616A",0.00032216494845360824,1,0.00031857279388340236
"T3618C",0.0003222687721559781,1,0.00029895366218236175
"G3620A",0.0009668063164679343,3,0.0008396305625524769
"A3632G",0.0003223726627981947,1,0.00031857279388340236
"C3634T",0.002257336343115124,7,0.0019183337900794738
"A3637G",0.0003225806451612903,1,0.00031446540880503143
"G3638T",0.0035460992907801418,11,0.003380454824830977
"T3640C",0.0003222687721559781,1,0.0003184713375796178
"C3653T",0.0009671179883945841,3,0.0007237635705669482
"C3688T",0.0003224766204450177,1,0.00024073182474723158
"G3692T",0.0009671179883945841,3,0.0008298755186721991
"C3695T",0.007416962270235408,23,0.005313005313005313
"G3701A",0.005487411233053583,17,0.005014749262536873
"C3704T",0.0006447453255963894,2,0.0006261740763932373
"T3713C",0.0003223726627981947,1,0.00031746031746031746
"C3717T",0.0003223726627981947,1,0.00028901734104046245
"A3722G",0.0006447453255963894,2,0.0005502063273727648
"G3728T",0.0003224766204450177,1,0.0002537427048972342
"C3732T",0.0003223726627981947,1,0.0002853067047075606
"C3736T",0.0006447453255963894,2,0.0005349023803155924
"C3738T",0.0003223726627981947,1,0.0002658160552897395
"C3743T",0.004835589941972921,15,0.003536067892503536
"A3744T",0.0003224766204450177,1,0.00031928480204342275
"G3755T",0.0003223726627981947,1,0.000315357931251971
"C3768T",0.0009671179883945841,3,0.0006218905472636816
"C3775T",0.0003245699448231094,1,0.0002853067047075606
"C3777T",0.0003244646333549643,1,0.0003013863773357444
"C3784T",0.0022668393782383418,7,0.0015614543832255187
"C3787T",0.010359339592101004,32,0.005632811124801971
"G3791A",0.00032393909944930353,1,0.00023963575365444525
"G3794A",0.0003240440699935191,1,0.00031201248049921997
"A3803G",0.0006470397929472663,2,0.0006353240152477764
"C3811T",0.0035598705501618125,11,0.0031187978451942162
"T3814C",0.00032278889606197545,1,0.0002463054187192118
"G3824A",0.0035529715762273903,11,0.0034375
"G3831A",0.00032206119162640903,1,0.00031436655139893113
"T3850C",0.0003222687721559781,1,0.00031665611146295124
"G3856A",0.000321853878339234,1,0.0003156565656565657
"A3858T",0.00032206119162640903,1,0.00031776294884016526
"C3874T",0.00032216494845360824,1,0.00016784155756965425
"G3875A",0.00032216494845360824,1,0.00030012004801920766
"G3875T",0.00032216494845360824,1,0.00030102347983142685
"C3876T",0.007409793814432989,23,0.006256800870511426
"G3880T",0.0035415325177076628,11,0.003346516580468512
"C3884T",0.0003244646333549643,1,0.0002947244326554671
"G3892A",0.02106969205834684,65,0.019756838905775075
"G3892T",0.00032414910858995135,1,0.0003098853424233034
"G3896-",0.00032393909944930353,1,0.0002954209748892171
"T3897-",0.00032425421530479895,1,0.0002955956251847473
"T3898-",0.00032393909944930353,1,0.0002958579881656805
"C3902T",0.00032425421530479895,1,0.0002874389192296637
"C3903T",0.006820396232543034,21,0.0054916317991631795
"C3912T",0.0003255208333333333,1,0.0003079765937788728
"T3913A",0.001304631441617743,4,0.0011229646266142617
"G3939T",0.0003257328990228013,1,0.00025464731347084286
"A3940C",0.0003259452411994785,1,0.0003181673560292714
"A3943C",0.0006510416666666666,2,0.0006353240152477764
"A3951-",0.000977198697068404,3,0.0009448818897637795
"T3952-",0.000977198697068404,3,0.0009448818897637795
"A3953-",0.000977198697068404,3,0.000945179584120983
"G3955T",0.0006516780710329097,2,0.0006045949214026602
"A3956G",0.0006523157208088715,2,0.0006275494195167869
"C3961T",0.0009775171065493646,3,0.0008595988538681948
"T3982C",0.0003255208333333333,1,0.0003151591553734636
"A3983-",0.0006512536633018561,2,0.0006363347120585428
"C3984-",0.0006512536633018561,2,0.0006363347120585428
"A3985-",0.0006512536633018561,2,0.0006365372374283895
"G3994A",0.00032605151613955004,1,0.00030147723846849563
"A3997C",0.00032615786040443573,1,0.00031928480204342275
"A4001G",0.0003259452411994785,1,0.0003190810465858328
"G4006A",0.0003262642740619902,1,0.0002952465308532625
"C4010T",0.00032658393207054214,1,0.0002935995302407516
"C4012T",0.0003266906239790918,1,0.00027932960893854746
"T4022C",0.0003238341968911917,1,0.0003168567807351077
"A4060T",0.00032351989647363315,1,0.00031645569620253165
"T4066A",0.0009705596894208993,3,0.000946073793755913
"C4069T",0.000646830530401035,2,0.0005603810591202018
"G4082A",0.00032310177705977385,1,0.0003168567807351077
"C4084T",0.012944983818770227,40,0.007595898214963919
"C4090T",0.0003222687721559781,1,0.00029069767441860465
"C4093T",0.00032216494845360824,1,0.00029120559114735004
"G4105A",0.00032206119162640903,1,0.0003023888720895071
"G4144A",0.00032092426187419767,1,0.0003097893432465923
"G4148A",0.0006435006435006435,2,0.000628140703517588
"T4149C",0.00032175032175032174,1,0.0003068425897514575
"T4150C",0.00032175032175032174,1,0.00031308703819661864
"T4150G",0.00032175032175032174,1,0.00031746031746031746
"T4151-",0.00032175032175032174,1,0.00031959092361776926
"T4152-",0.00032175032175032174,1,0.00031959092361776926
"A4153-",0.00032175032175032174,1,0.00031959092361776926
"A4154-",0.00032175032175032174,1,0.00031938677738741617
"C4155-",0.00032175032175032174,1,0.00031938677738741617
"T4156-",0.00032175032175032174,1,0.00031938677738741617
"G4157-",0.00032175032175032174,1,0.0003191828917969997
"C4158-",0.00032175032175032174,1,0.0003191828917969997
"T4159-",0.0003219575016097875,1,0.0003191828917969997
"G4160-",0.000321853878339234,1,0.0003190810465858328
"T4161-",0.00032175032175032174,1,0.0003190810465858328
"G4162-",0.00032175032175032174,1,0.0003191828917969997
"G4163-",0.00032175032175032174,1,0.00031928480204342275
"G4180T",0.0006457862447529867,2,0.0006163328197226503
"G4181T",0.0029060381013884403,9,0.0027598896044158236
"G4184A",1,3098,0.004060740711612696
"G4185A",0.0009683666881859264,3,0.000906070673512534
"C4189T",0.0006455777921239509,2,0.0005963029218843172
"G4207T",0.0009668063164679343,3,0.0008683068017366136
"G4218A",0.00032216494845360824,1,0.00031308703819661864
"A4220G",0.0003222687721559781,1,0.00031857279388340236
"A4229G",0.0006445375443119562,2,0.0006261740763932373
"C4230T",0.0009664948453608248,3,0.0007790184367696703
"G4232A",0.00032216494845360824,1,0.0003079765937788728
"C4234T",0.0003222687721559781,1,0.00005009016229212583
"T4240C",0.0003225806451612903,1,0.0003048780487804878
"C4252T",0.00032299741602067185,1,0.00028256569652444194
"G4261A",0.0009689922480620155,3,0.0008455467869222097
"C4276T",0.0003232062055591467,1,0.00017164435290078958
"G4285A",0.0029079159935379646,9,0.002626970227670753
"G4288A",0.0006464124111182935,2,0.0005851375073142189
"G4300T",0.0003232062055591467,1,0.0002592016588906169
"T4312C",0.00032331070158422246,1,0.00031938677738741617
"G4319A",0.0016165535079211122,5,0.0015337423312883436
"C4321T",0.9918962722852512,3060,0.004065181059976034
"C4331T",0.010022631749110895,31,0.006224899598393574
"C4347T",0.00032362459546925567,1,0.00031210986267166043
"T4381C",0.0025982461838259174,8,0.002520478890989288
"A4396C",0.00032808398950131233,1,0.0002830455703368242
"C4406T",0.0003290556103981573,1,0.00031017369727047146
"A4426G",0.0003281916639317361,1,0.0003132832080200501
"T4443C",0.000328515111695138,1,0.0003176620076238882
"C4455T",0.0006557377049180328,2,0.0005558643690939411
"C4456T",0.0022958346999016072,7,0.0011516946363935505
"C4464T",0.0003295978905735003,1,0.0003156565656565657
"C4467T",0.00032948929159802305,1,0.0003029385034837928
"G4510T",0.0019907100199071004,6,0.001708914839077186
"A4528G",0.0009963467286615742,3,0.0009071666162685213
"C4534T",0.0029860650298606504,9,0.0024089935760171306
"C4543A",0.0003322259136212625,1,0.0003189792663476874
"C4543T",0.0016611295681063123,5,0.0011066843736166445
"G4561A",0.00033211557622052476,1,0.0002962962962962963
"C4575T",0.0006655574043261231,2,0.0005929439667951378
"A4576T",0.000999000999000999,3,0.0008294166436273154
"T4579A",0.002660458929165281,8,0.0007637231503579953
"C4582T",0.0009973404255319148,3,0.0006377551020408163
"C4586T",0.00033344448149383126,1,0.000028511960767541983
"A4606G",0.011655011655011656,35,0.0111323155216285
"T4630C",0.000333000333000333,1,0.0002920560747663551
"C4633T",0.0006662225183211193,2,0.0004910385465259023
"T4667G",0.0035807291666666665,11,0.0035065349059611095
"G4678T",0.0012991230919129587,4,0.0012726694241170856
"T4684C",0.001299545159194282,4,0.0011983223487118035
"A4715T",0.00032425421530479895,1,0.00031969309462915604
"C4719T",0.0016228497241155468,5,0.0015654351909830933
"T4747C",0.00032268473701193933,1,0.00031635558367605187
"C4752T",0.0012919896640826874,4,0.000959462700887503
"C4754A",0.011624152405553761,36,0.011432200698634487
"C4754T",0.0006457862447529867,2,0.00049800796812749
"C4755T",0.0006457862447529867,2,0.0005309264666843643
"C4763T",0.0009627727856225931,3,0.0008588605782994561
"T4771A",0.00032102728731942215,1,0.0003156565656565657
"C4777T",0.00032123353678124,1,0.0002559508574353724
"T4779C",0.0006426735218508997,2,0.000572573718866304
"C4782T",0.0006422607578676942,2,0.0006088280060882801
"C4784T",0.0009640102827763496,3,0.0004209344745334643
"C4794T",0.0019267822736030828,6,0.0015661707126076742
"C4795T",0.002890173410404624,9,0.0018983336848766082
"T4798C",0.00032123353678124,1,0.0002898550724637681
"C4815T",0.0003211303789338471,1,0.00030525030525030525
"A4840G",0.00032123353678124,1,0.00031665611146295124
"A4865G",0.00032123353678124,1,0.0003180661577608143
"A4877G",0.002249357326478149,7,0.0022026431718061676
"C4878T",0.00032133676092544985,1,0.0002991325157044571
"T4885G",0.0003215434083601286,1,0.0003154574132492114
"C4890T",0.0032144005143040825,10,0.0024770869457517958
"C4891T",0.011254019292604502,35,0.008022003208801283
"C4897T",0.0012857602057216328,4,0.0009278589654372535
"C4898T",0.0003214400514304082,1,0.0002931691586045148
"C4900T",0.0003215434083601286,1,0.00026014568158168577
"C4901A",0.0003214400514304082,1,0.0002727024815925825
"C4901T",0.0003214400514304082,1,0.0002795638803466592
"C4921T",0.000321646831778707,1,0.00029231218941829873
"A4926T",0.006430868167202572,20,0.0063351282863477985
"C4927T",0.0009646302250803858,3,0.0006462731581214993
"T4930C",0.001607717041800643,5,0.001539408866995074
"A4937G",0.0003215434083601286,1,0.00031665611146295124
"A4956G",0.0006426735218508997,2,0.0006385696040868455
"G4963A",0.00032133676092544985,1,0.00031486146095717883
"C4993T",0.0019286403085824494,6,0.001375831231368952
"C4999T",0.00520494469746259,16,0.000664424234873967
"C5000T",0.0003214400514304082,1,0.00031575623618566466
"C5002T",0.0003214400514304082,1,0.0002963841138114997
"C5007T",0.0006418485237483953,2,0.0005952380952380953
"T5014C",0.00032092426187419767,1,0.0003147623544224111
"G5018A",0.0003208213025344883,1,0.0003075030750307503
"C5020T",0.0003208213025344883,1,0.00028661507595299513
"C5025T",0.0003208213025344883,1,0.0002938583602703497
"C5031T",0.0016041065126724415,5,0.0010602205258693808
"G5037A",0.0009624639076034649,3,0.0009285051067780873
"C5051T",0.0009621552277100705,3,0.0008902077151335311
"C5052T",0.0006412311638345624,2,0.0006150061500615006
"A5053G",0.0003206155819172812,1,0.00027662517289073305
"C5055T",0.0003206155819172812,1,0.00022326412145568208
"C5079T",0.0006412311638345624,2,0.0006112469437652812
"T5080C",0.0003206155819172812,1,0.00031220730565095225
"A5083G",0.001281640499839795,4,0.0012775471095496647
"C5100T",0.0006472491909385113,2,0.0005560189046427579
"G5109T",0.00032331070158422246,1,0.0003178639542275906
"A5113G",0.0009721322099805574,3,0.000952683391552874
"T5120C",0.0006489292667099286,2,0.000613685179502915
"A5128G",0.00032509752925877764,1,0.0002796420581655481
"A5136G",0.0003248862897985705,1,0.0003069367710251688
"C5144T",0.0022764227642276423,7,0.0012896094325718496
"A5146G",0.00032499187520311994,1,0.00031746031746031746
"C5147T",0.00032499187520311994,1,0.00030057108506161706
"G5150A",0.00032499187520311994,1,0.00031133250311332503
"T5152A",0.0012999675008124798,4,0.0012630249447426586
"T5152C",0.00032499187520311994,1,0.0002311604253351826
"C5157T",0.0013003901170351106,4,0.0012239902080783353
"T5159C",0.0003252032520325203,1,0.0003068425897514575
"A5163G",0.0003252032520325203,1,0.00031416902293433867
"G5164T",0.00032509752925877764,1,0.00030039050765995795
"C5170T",0.0006501950585175553,2,0.0005880623346074683
"C5173T",0.000975609756097561,3,0.0007798284377436964
"A5174G",0.000975609756097561,3,0.0009560229445506692
"C5175T",0.00032509752925877764,1,0.0002796420581655481
"A5176G",0.0006504065040650406,2,0.0006255864873318737
"A5177C",0.0003252032520325203,1,0.00031625553447185326
"C5178T",0.0006504065040650406,2,0.0004268032437046522
"T5182C",0.0003252032520325203,1,0.0002588661661920787
"C5183T",0.0019524894240156199,6,0.00016116468344570093
"C5184T",0.0009765625,3,0.0006430868167202572
"C5192T",0.0009759271307742355,3,0.0006923609508423724
"T5205C",0.0003252032520325203,1,0.0003184713375796178
"G5206T",0.0003252032520325203,1,0.0003097893432465923
"T5224C",0.00032562683165092806,1,0.00031635558367605187
"G5230T",0.0006510416666666666,2,0.0005125576627370579
"C5239T",0.000975609756097561,3,0.00007858134478874715
"C5241T",0.000975609756097561,3,0.0008807985907222549
"G5252A",0.00032530904359141186,1,0.000315357931251971
"C5259T",0.00032530904359141186,1,0.0002827254735651682
"G5273A",0.0009752925877763329,3,0.0009302325581395349
"C5274T",0.0013003901170351106,4,0.0011890606420927466
"G5276T",0.0006501950585175553,2,0.0006385696040868455
"C5284T",0.0016233766233766235,5,0.001
"G5300A",0.0006489292667099286,2,0.0005947071067499256
"C5301T",0.0006487187804086928,2,0.00044682752457551384
"T5303C",0.0006495615459564793,2,0.0006273525721455458
"C5310T",0.0003248862897985705,1,0.00025106703489831785
"C5312T",0.0006493506493506494,2,0.0006148170919151552
"C5339T",0.0006499837504062399,2,0.00047036688617121356
"C5343T",0.00032509752925877764,1,0.0003161555485298767
"C5348T",0.0006514657980456026,2,0.000608457560085184
"T5359C",0.0003278688524590164,1,0.00031776294884016526
"C5365T",0.0006559527714004591,2,0.00041727519298977677
"C5392T",0.00032414910858995135,1,0.00025176233635448137
"G5429A",0.0003244646333549643,1,0.00031269543464665416
"A5431G",0.0006489292667099286,2,0.0005782017924255566
"G5437T",0.0019461563412260785,6,0.001889168765743073
"A5455G",0.00032414910858995135,1,0.0003156565656565657
"C5467T",0.022042139384116692,68,0.017759206059023244
"C5482T",0.0003240440699935191,1,0.0003013863773357444
"A5490G",0.00032414910858995135,1,0.0003180661577608143
"C5493T",0.0006482982171799027,2,0.0006172839506172839
"C5497T",0.0009730781706130393,3,0.0007072135785007072
"C5512T",0.011024643320363165,34,0.005472396587799775
"C5526T",0.0003240440699935191,1,0.00023866348448687351
"A5541T",0.0009718172983479105,3,0.000952683391552874
"C5544T",0.0009718172983479105,3,0.0007757951900698216
"C5548T",0.0009718172983479105,3,0.0007776049766718507
"T5566C",0.002269779507133593,7,0.0022307202039515616
"G5572T",0.0006478781988986071,2,0.0005979073243647235
"C5575T",0.0006478781988986071,2,0.00045330915684496827
"A5582-",0.00032393909944930353,1,0.00031959092361776926
"C5583-",0.00032393909944930353,1,0.00031959092361776926
"G5612T",0.0006476683937823834,2,0.0006357279084551812
"T5614C",0.0003238341968911917,1,0.00029726516052318666
"C5621T",0.0051813471502590676,16,0.004588471465443074
"C5622T",0.003238341968911917,10,0.0018772292096865028
"C5628T",0.0006478781988986071,2,0.0004418912947414936
"A5637G",0.00550696469063816,17,0.00533082470994042
"C5646T",0.0003238341968911917,1,0.00025342118601115053
"G5657A",0.0003237293622531564,1,0.00031735956839098697
"C5672T",0.00032362459546925567,1,0.00026652452025586353
"C5673T",0.0006476683937823834,2,0.0005747126436781609
"T5707C",0.00032299741602067185,1,0.00030147723846849563
"C5730T",0.008180628272251309,25,0.005380972879896685
"G5743T",0.00033145508783559825,1,0.0003181673560292714
"C5746T",0.00033145508783559825,1,0.00030385900941962927
"C5770T",0.00033101621979476995,1,0.0001987281399046105
"C5784T",0.0016600265604249668,5,0.0011358473421172195
"A5802G",0.00033189512114171923,1,0.00022361359570661896
"G5810A",0.00033200531208499334,1,0.0003057169061449098
"C5812T",0.0013280212483399733,4,0.0007038535984515221
"C5822T",0.0006635700066357001,2,0.0004218519299725796
"C5832T",0.0003322259136212625,1,0.00028312570781426955
"T5834C",0.0006640106241699867,2,0.000630715862503942
"C5842T",0.0009963467286615742,3,0.0008973975471133712
"C5849T",0.0006657789613848203,2,0.0005577244841048522
"C5850A",0.000333000333000333,1,0.0003160556257901391
"C5850T",0.000666000666000666,2,0.0005689900426742532
"C5866T",0.0013351134846461949,4,0.0012191405059433099
"C5869T",0.0026720106880427524,8,0.0013750429700928155
"A5875G",0.0006680026720106881,2,0.0006323110970597534
"C5878A",0.0003332222592469177,1,0.0003194888178913738
"C5884T",0.0006662225183211193,2,0.00037678975131876413
"C5886T",0.000333000333000333,1,0.0002382654276864427
"A5890T",0.000333000333000333,1,0.0003194888178913738
"C5892T",0.0003325573661456601,1,0.0002994011976047904
"C5907T",0.0006542361792607131,2,0.0004311273981461522
"C5934T",0.00032351989647363315,1,0.00030165912518853697
"C5944T",0.000646830530401035,2,0.0005943536404160475
"T5959C",0.000646830530401035,2,0.0006333122229259025
"G5972T",0.000646830530401035,2,0.0006365372374283895
"C5974T",0.000646830530401035,2,0.0005053057099545225
"C5979T",0.0003234152652005175,1,0.00029120559114735004
"C5986T",0.0009705596894208993,3,0.0005679666792881485
"T6025C",0.00032351989647363315,1,0.00030349013657056146
"C6026T",0.0003237293622531564,1,0.00018850141376060322
"C6031A",0.000970873786407767,3,0.0009514747859181732
"C6031T",0.0025889967637540453,8,0.0017376194613379669
"C6033T",0.00032362459546925567,1,0.000273972602739726
"G6036A",0.00032351989647363315,1,0.0003123048094940662
"C6040T",0.0006472491909385113,2,0.00024978144123891593
"T6079C",0.00032393909944930353,1,0.00031575623618566466
"T6106C",0.00032393909944930353,1,0.00031318509238960227
"C6114A",0.0003240440699935191,1,0.0003136762860727729
"A6121G",0.0003240440699935191,1,0.00030873726458783575
"A6124G",0.0003240440699935191,1,0.00030441400304414006
"C6128T",0.0003240440699935191,1,0.0003046922608165753
"C6145T",0.0006478781988986071,2,0.0004780114722753346
"A6183G",0.9896036387264457,3046,0.011204955783464046
"C6194T",0.0003247807729782397,1,0.00031259768677711783
"A6207C",0.00032499187520311994,1,0.00031969309462915604
"C6230T",0.00356102298478472,11,0.0034045187248529867
"G6236A",0.0003238341968911917,1,0.00031347962382445143
"T6238C",0.00032362459546925567,1,0.00030902348578491963
"G6245A",0.0003238341968911917,1,0.00031645569620253165
"C6250T",0.0029654036243822075,9,0.002677774471883368
"C6255T",0.010880316518298714,33,0.00163471541090801
"T6262C",0.00033025099075297226,1,0.0002935995302407516
"C6267T",0.0009904258831297458,3,0.0009079903147699758
"C6268T",0.0003301419610432486,1,0.00029342723004694836
"C6270T",0.00032981530343007914,1,0.00030637254901960784
"T6283C",0.00033003300330033004,1,0.0002828054298642534
"C6285T",0.00033003300330033004,1,0.00021668472372697725
"C6286T",0.0009894459102902375,3,0.0006227942702927133
"G6291T",0.0006585446163977609,2,0.0006321112515802782
"A6308G",0.0003259452411994785,1,0.0003168567807351077
"G6309A",0.00032615786040443573,1,0.0002861230329041488
"C6310T",0.0013042060645582002,4,0.0007192950908110052
"C6317T",0.0003259452411994785,1,0.00024021138601969732
"C6336T",0.00032605151613955004,1,0.00023196474135931338
"T6343C",0.0006521030322791001,2,0.0006232471174820816
"G6352T",0.017915309446254073,55,0.015665052691540872
"C6354T",0.0006516780710329097,2,0.0003550505947097461
"G6358A",0.0006514657980456026,2,0.000591715976331361
"G6358T",0.0003257328990228013,1,0.0003045994517209869
"C6361T",0.00032615786040443573,1,0.000273224043715847
"G6362A",0.00032615786040443573,1,0.00028661507595299513
"C6363T",0.00032615786040443573,1,0.0002845759817871372
"A6366G",0.00032615786040443573,1,0.00030921459492888067
"C6385T",0.005870841487279843,18,0.0055079559363525096
"G6389A",0.00032583903551645487,1,0.00030665440049064706
"T6394C",0.001303780964797914,4,0.0011547344110854503
"C6401T",0.00032583903551645487,1,0.00023126734505087883
"C6402T",0.0003257328990228013,1,0.00023551577955723034
"G6404T",0.005539263603779733,17,0.004807692307692308
"T6407G",0.008143322475570033,25,0.007871536523929471
"A6411C",0.0013025073266037122,4,0.0012726694241170856
"A6411G",0.00032562683165092806,1,0.00031426775612822125
"C6449T",0.0006512536633018561,2,0.0004380201489268506
"C6471T",0.0003259452411994785,1,0.0002983293556085919
"G6483A",0.0009775171065493646,3,0.000952078705172961
"T6492C",0.0026050146532074245,8,0.0024630541871921183
"C6500T",0.00032615786040443573,1,0.000267022696929239
"C6501T",0.00032637075718015666,1,0.00029239766081871346
"C6504T",0.00032605151613955004,1,0.00029761904761904765
"G6513-",0.000643707756678468,2,0.0005616399887672002
"G6513A",0.0054715159317669775,17,0.005369551484523057
"T6514-",0.000643915003219575,2,0.0005617977528089888
"T6515-",0.000643707756678468,2,0.000561955605507165
"A6518-",0.00032206119162640903,1,0.00030902348578491963
"A6519-",0.00032206119162640903,1,0.00030902348578491963
"A6520-",0.00032206119162640903,1,0.0003091190108191654
"A6521-",0.00032206119162640903,1,0.0003093102381688834
"T6522-",0.00032206119162640903,1,0.0003093102381688834
"T6523-",0.00032206119162640903,1,0.0003093102381688834
"A6531C",0.000643915003219575,2,0.0006347191367819739
"G6537T",0.00032206119162640903,1,0.00031645569620253165
"C6538T",0.00032206119162640903,1,0.00026896180742334586
"C6539T",0.001932367149758454,6,0.0009172909341079345
"C6541T",0.0006443298969072165,2,0.00006801564359802755
"C6568T",0.0009823182711198428,3,0.000751503006012024
"A6569C",0.00163826998689384,5,0.0014784151389710231
"A6569G",0.007536041939711665,23,0.00726010101010101
"C6573T",0.0003273322422258593,1,0.0001838235294117647
"C6578T",0.02390307793058284,73,0.021116575065085335
"A6587C",0.0006568144499178982,2,0.0006393861892583121
"C6606T",0.0036581310276022614,11,0.0028735632183908046
"A6613G",0.0003325573661456601,1,0.00024919013207077
"T6614C",0.0003325573661456601,1,0.0003071253071253071
"G6618A",0.0003325573661456601,1,0.0003104625892579944
"A6626G",0.0003332222592469177,1,0.0002915451895043732
"C6628T",0.0013315579227696406,4,0.0009138679460817912
"C6629T",0.0006657789613848203,2,0.00040510431436094796
"C6633T",0.000666000666000666,2,0.000461361014994233
"C6636T",0.000999666777740753,3,0.0006746120980436249
"C6638T",0.0003333333333333333,1,0.00025233409033560434
"T6649A",0.000333667000333667,1,0.00031298904538341156
"C6651T",0.000333000333000333,1,0.0002738975623116954
"A6659G",0.0003333333333333333,1,0.0002870264064293915
"C6666T",0.0010013351134846463,3,0.0009090909090909091
"T6667C",0.00033400133600534405,1,0.00031347962382445143
"T6673C",0.016371533578349484,49,0.01381449111925571
"C6690T",0.0006664445184938354,2,0.0006002400960384153
"G6694T",0.0003332222592469177,1,0.0003190810465858328
"C6696T",0.0006666666666666666,2,0.0004106776180698152
"T6702C",0.0003332222592469177,1,0.0003190810465858328
"A6705G",0.0006664445184938354,2,0.0005470459518599562
"C6706T",0.002664890073284477,8,0.0020278833967046894
"A6707G",0.0006662225183211193,2,0.0006333122229259025
"A6708G",0.0006666666666666666,2,0.0006337135614702154
"G6717A",0.0010006671114076052,3,0.000891000891000891
"A6719G",0.000333667000333667,1,0.00031377470975839345
"C6720T",0.0003337783711615487,1,0.00023391812865497077
"G6734A",0.0003341129301703976,1,0.0002455795677799607
"T6736C",0.003007016371533578,9,0.002721499848805564
"G6741A",0.00033422459893048126,1,0.0003040437823046519
"G6759T",0.00033500837520938025,1,0.00031525851197982345
"C6762T",0.00033500837520938025,1,0.00027495188342040145
"T6778C",0.001668335001668335,5,0.0015713387806411063
"T6779C",0.0003333333333333333,1,0.0003190810465858328
"C6781T",0.0003332222592469177,1,0.0002300966405890474
"T6782C",0.0003332222592469177,1,0.000297441998810232
"T6784C",0.0003333333333333333,1,0.00031655587211142766
"C6786T",0.0013315579227696406,4,0.0010471204188481676
"T6800C",0.00033277870216306157,1,0.000315059861373661
"C6813T",0.00033266799733865603,1,0.0002949852507374631
"T6820G",0.0013306719893546241,4,0.0012787723785166241
"A6821G",0.0009983361064891847,3,0.00091547146780592
"C6843T",0.0006583278472679394,2,0.0004988775255674732
"T6844C",0.012183075403358577,37,0.011716276124129196
"G6850A",0.003955174686882004,12,0.00364741641337386
"C6855T",0.000643915003219575,2,0.0005959475566150178
"C6861T",0.00032206119162640903,1,0.00030721966205837174
"G6865A",0.0016097875080489374,5,0.001585791309863622
"G6865T",0.0003219575016097875,1,0.00030102347983142685
"C6883T",0.0003234152652005175,1,0.0002788622420524261
"G6884T",0.008726567550096962,27,0.008432229856339788
"C6896T",0.00032331070158422246,1,0.00010452597470471412
"G6899T",0.0003232062055591467,1,0.0003194888178913738
"C6906T",0.00032331070158422246,1,0.00029163021289005544
"T6916C",0.0012932428063368898,4,0.0012535255405828893
"C6926T",0.00032331070158422246,1,0.0002679528403001072
"C6936T",0.0003232062055591467,1,0.0002745744096650192
"C6941T",0.00032331070158422246,1,0.0002651113467656416
"A6944G",0.0003232062055591467,1,0.0003139717425431711
"A6953G",0.0003232062055591467,1,0.0003139717425431711
"C6968T",0.0006466214031684449,2,0.00048638132295719845
"G6977T",0.00032331070158422246,1,0.0003168567807351077
"C6982T",0.006144890038809832,19,0.004601598449987891
"C6983T",0.0003234152652005175,1,0.0002788622420524261
"C6990T",0.0006472491909385113,2,0.00040551500405515005
"T6996C",0.0006474587245063128,2,0.0005878894767783657
"T6998C",0.0003237293622531564,1,0.00030950170225936243
"C7000T",0.002589834898025251,8,0.002082790939859412
"C7008T",0.000646830530401035,2,0.0006313131313131314
"T7009C",0.0003234152652005175,1,0.0003040437823046519
"G7010A",0.0003234152652005175,1,0.00031338138514572234
"T7026C",0.00258732212160414,8,0.0025324469768914213
"G7027T",0.0009702457956015524,3,0.0009354536950420954
"T7033C",0.0003238341968911917,1,0.00030147723846849563
"A7036G",0.0003234152652005175,1,0.00031625553447185326
"G7037A",0.0003234152652005175,1,0.0003139717425431711
"G7042T",0.00032362459546925567,1,0.0002932551319648094
"C7043T",0.00129366106080207,4,0.0012232415902140672
"A7055G",0.0009705596894208993,3,0.0008503401360544217
"T7057C",0.00032351989647363315,1,0.00031387319522912746
"G7059T",0.00032331070158422246,1,0.00031416902293433867
"G7067A",0.0009686793671294801,3,0.000945179584120983
"A7079G",0.005171299288946348,16,0.005079365079365079
"C7086T",0.000968054211035818,3,0.0003188097768331562
"C7093T",0.00032278889606197545,1,0.00029197080291970805
"C7101T",0.0006457862447529867,2,0.0005871990604815032
"C7104T",0.00032299741602067185,1,0.0002960331557134399
"A7112G",0.0006464124111182935,2,0.000628140703517588
"C7113T",0.9931394968964391,3040,0.0272247745448358
"T7122C",0.0006462035541195477,2,0.0006146281499692685
"G7133T",0.0003234152652005175,1,0.00031735956839098697
"G7145T",0.0003232062055591467,1,0.000318775900541919
"T7153C",0.0009705596894208993,3,0.0009357454772301934
"C7162T",0.00032362459546925567,1,0.00021593608291945585
"C7164T",0.009715025906735751,30,0.005220114842526535
"C7165T",0.0003237293622531564,1,0.00023952095808383233
"C7169T",0.0003238341968911917,1,0.00031735956839098697
"C7195T",0.00032299741602067185,1,0.0002924831822170225
"A7196G",0.00032310177705977385,1,0.00031725888324873094
"C7200T",0.00033433634236041456,1,0.00031289111389236547
"T7204C",0.0003354579000335458,1,0.0003158559696778269
"T7205C",0.00033523298692591353,1,0.00031857279388340236
"G7223A",0.0006763611768684477,2,0.0006285355122564425
"T7251C",0.0003439972480220158,1,0.00031959092361776926
"A7259G",0.00034411562284927734,1,0.0003098853424233034
"T7264C",0.0006891798759476223,2,0.0006287331027978623
"C7279T",0.0010366275051831375,3,0.0007012622720897616
"T7292G",0.00034722222222222224,1,0.00031387319522912746
"C7296T",0.0003477051460361613,1,0.00029824038174768865
"C7299T",0.001043115438108484,3,0.0008049369466058492
"C7303T",0.001043115438108484,3,0.0008259911894273128
"C7318T",0.007665505226480836,22,0.004529544986617253
"A7333G",0.0006983240223463687,2,0.0005812263876780006
"C7334T",0.0017452006980802793,5,0.0014894250819183796
"A7347G",0.00034818941504178273,1,0.0003158559696778269
"A7374G",0.0003459010722933241,1,0.0003147623544224111
"T7375C",0.00034602076124567473,1,0.0003104625892579944
"C7390T",0.00034458993797381116,1,0.00028993911278631486
"G7393A",0.0013750429700928155,4,0.001139925904816187
"G7393T",0.0013750429700928155,4,0.0009267840593141798
"A7399G",0.0010235414534288639,3,0.0009445843828715365
"C7420T",0.0050968399592252805,15,0.0029803298231670973
"C7423T",0.00033967391304347825,1,0.00027624309392265195
"C7428T",0.0006791171477079797,2,0.0006279434850863422
"T7438C",0.0010152284263959391,3,0.000907715582450832
"A7479G",0.0010242403550699897,3,0.0009000900090009
"T7480C",0.00273224043715847,8,0.0024752475247524753
"C7482T",0.003423485107839781,10,0.0030138637733574444
"A7486G",0.0030737704918032786,9,0.002859866539561487
"C7488T",0.0006830601092896175,2,0.0005662514156285391
"C7528T",0.0003901677721420211,1,0.00009763718023823472
"A7531G",0.0003901677721420211,1,0.00031446540880503143
"A7535G",0.0003916960438699569,1,0.00031887755102040814
"T7549C",0.0007914523149980214,2,0.0006188118811881188
"C7564T",0.0015854141894569957,4,0.0004458811726674841
"C7573T",0.00039635354736424893,1,0.00029770765108663293
"T7582C",0.002772277227722772,7,0.0021651716671821837
"A7591G",0.0015955325089748703,4,0.0012642225031605564
"C7600T",0.0003968253968253968,1,0.00025056376847907793
"T7633C",0.00038955979742890534,1,0.0002718129926610492
"C7639T",0.00039108330074305825,1,0.000281928390188892
"A7661G",0.000390015600624025,1,0.0003168567807351077
"G7675T",0.010899182561307902,28,0.007970395673213778
"C7688T",0.01012855473315154,26,0.007765830346475508
"C7728T",0.0023501762632197414,6,0.001519756838905775
"C7735T",0.00274294670846395,7,0.0013490075158990172
"C7749T",0.0007782101167315176,2,0.0005002501250625312
"A7755C",0.0015606710885680843,4,0.0012742911755336094
"C7764T",0.004270186335403727,11,0.0019077349982656955
"C7765T",0.0019387359441644049,5,0.0009908838684106222
"A7766C",0.0003872966692486445,1,0.00031746031746031746
"C7768T",0.0003835826620636747,1,0.0002910360884749709
"T7771C",0.0011498658489842851,3,0.00092109303039607
"T7783C",0.00036023054755043225,1,0.0002493143854400399
"T7792C",0.00035919540229885057,1,0.00031725888324873094
"A7797C",0.0003594536304816679,1,0.0003189792663476874
"G7798T",0.0045263498221791145,14,0.003916083916083916
"T7813C",0.0003232062055591467,1,0.00030807147258163895
"C7815T",0.00032331070158422246,1,0.00028677946659019213
"C7819T",0.00032299741602067185,1,0.00028793550244745177
"C7823T",0.0003224766204450177,1,0.0002977963073257892
"C7834T",0.0003224766204450177,1,0.00019234468166955183
"C7840T",0.0006447453255963894,2,0.0004386926957666155
"A7842G",0.9987100935182199,3097,0.011287019017005242
"C7851T",0.0003222687721559781,1,0.00021547080370609782
"C7869T",0.0003222687721559781,1,0.00002611716158687874
"T7871C",0.0006441223832528181,2,0.0006335128286347799
"A7917G",0.0003219575016097875,1,0.000318775900541919
"T7919G",0.0003219575016097875,1,0.00031887755102040814
"C7923T",0.0006441223832528181,2,0.0005847953216374269
"A7929G",0.00032206119162640903,1,0.00031436655139893113
"G7936C",0.00032216494845360824,1,0.00030845157310302283
"C7945T",0.008048937540244688,25,0.005280946345585129
"C7948T",0.0003219575016097875,1,0.00028368794326241134
"G7954A",0.0006441223832528181,2,0.0006140620202640467
"C7967T",0.0003219575016097875,1,0.0003031221582297666
"G7988A",0.0003219575016097875,1,0.000315059861373661
"C7998T",0.0012882447665056361,4,0.0012484394506866417
"G8009A",0.0003219575016097875,1,0.00031887755102040814
"G8015A",0.00032206119162640903,1,0.0003053435114503817
"C8016T",0.0016108247422680412,5,0.0010969723562966214
"G8017A",0.0006443298969072165,2,0.000605143721633888
"G8017T",0.0009664948453608248,3,0.0008141112618724559
"A8031G",0.00032206119162640903,1,0.0002962962962962963
"T8038C",0.004830917874396135,15,0.0035137034434293743
"C8074T",0.00032206119162640903,1,0.0002613012803762738
"G8083A",0.000966183574879227,3,0.0009074410163339383
"G8083T",0.00032206119162640903,1,0.0003155569580309246
"C8090T",0.00128783000643915,4,0.0010154861640010156
"C8092T",0.0003214400514304082,1,0.00020580366330520683
"G8102T",0.0003206155819172812,1,0.000310077519379845
"C8106T",0.0006412311638345624,2,0.0005704506560182544
"C8109T",0.0006412311638345624,2,0.0005758710048949035
"T8119G",0.0003205128205128205,1,0.00031756113051762465
"T8125C",0.0003204101249599487,1,0.00031210986267166043
"C8127T",0.0003204101249599487,1,0.00029171528588098014
"G8131A",0.0003204101249599487,1,0.00031387319522912746
"G8137T",0.008362817626246381,26,0.008127539856205065
"C8140A",0.000321646831778707,1,0.00031525851197982345
"C8140T",0.000643293663557414,2,0.0003929273084479371
"G8178C",0.0003222687721559781,1,0.00031959092361776926
"G8179T",0.0019336126329358686,6,0.0016906170752324597
"G8185A",0.0022551546391752575,7,0.00219435736677116
"T8200C",0.000321853878339234,1,0.0003006614552014432
"G8216A",0.000321853878339234,1,0.0003132832080200501
"C8240T",0.0009658725048293626,3,0.0007423904974016332
"C8251T",0.0003219575016097875,1,0.00023185717597959656
"G8258A",0.00032206119162640903,1,0.00030175015087507544
"G8258T",0.0022544283413848632,7,0.00216116085211485
"C8290T",0.0006443298969072165,2,0.0004316857327865314
"C8293T",1,3104,0.011242303513219847
"C8299T",0.000966183574879227,3,0.0002548853016142736
"G8303A",0.0003222687721559781,1,0.00031496062992125983
"T8305A",0.00032206119162640903,1,0.0003180661577608143
"C8318A",0.0003223726627981947,1,0.00025926886180969663
"C8318T",0.0003223726627981947,1,0.0002738975623116954
"C8320T",0.004189494038027715,13,0.0030871526953217764
"T8323C",0.0006445375443119562,2,0.0006035003017501509
"C8326T",0.0003222687721559781,1,0.00022789425706472196
"C8344T",0.0003222687721559781,1,0.00023142791020597085
"C8367-",0.00032206119162640903,1,0.00031959092361776926
"G8368A",0.00032206119162640903,1,0.00030039050765995795
"G8371A",0.0006441223832528181,2,0.0006220839813374805
"A8377G",0.00032206119162640903,1,0.0003151591553734636
"A8379G",0.0006441223832528181,2,0.0006371455877668047
"C8389T",0.000966183574879227,3,0.0007033997655334115
"G8393A",1,3104,0.011252043601668956
"T8395C",0.00032216494845360824,1,0.0003171582619727244
"A8425G",0.0016072002571520412,5,0.0015683814303638645
"A8450G",0.0003208213025344883,1,0.0003178639542275906
"T8473C",0.00032268473701193933,1,0.0003045994517209869
"C8476T",0.00032268473701193933,1,0.000302571860816944
"T8482C",0.0016134236850596966,5,0.0015028554253080854
"G8498A",0.0006470397929472663,2,0.0006371455877668047
"A8500G",0.00032362459546925567,1,0.0003181673560292714
"G8508A",0.0003237293622531564,1,0.0003191828917969997
"A8547T",0.00032362459546925567,1,0.00031857279388340236
"G8548A",0.0025889967637540453,8,0.0023154848046309695
"G8548T",0.00032362459546925567,1,0.0003171582619727244
"A8557G",0.0012957563977972141,4,0.0012461059190031153
"T8562C",0.00032393909944930353,1,0.00031735956839098697
"T8566C",0.003887269193391642,12,0.0036686028737389176
"A8577C",0.00032393909944930353,1,0.00031867431485022306
"T8582C",0.00032414910858995135,1,0.0003190810465858328
"A8590G",0.0006480881399870382,2,0.0005938242280285036
"C8597T",0.0003240440699935191,1,0.0002618486514794449
"T8598C",0.0003240440699935191,1,0.0003190810465858328
"C8605T",0.00032414910858995135,1,0.00026295030239284776
"G8615A",0.0009727626459143969,3,0.0009410288582183187
"G8618A",0.001621796951021732,5,0.001534683855125844
"A8636-",0.0003244646333549643,1,0.00031969309462915604
"A8636G",0.0003244646333549643,1,0.00031645569620253165
"C8637-",0.0003243593902043464,1,0.00031969309462915604
"C8645T",0.0009727626459143969,3,0.0008823529411764706
"T8647C",0.0003243593902043464,1,0.00030998140111593303
"T8649C",0.012974375608173857,40,0.012686330478908976
"T8652C",0.0003245699448231094,1,0.00031036623215394165
"G8653T",0.0003244646333549643,1,0.00030609121518212427
"C8655T",0.001946787800129786,6,0.0012944983818770227
"A8657G",0.0003245699448231094,1,0.00031446540880503143
"A8661G",0.0003244646333549643,1,0.00031826861871419476
"A8667G",0.00032425421530479895,1,0.00030873726458783575
"T8672C",0.00032425421530479895,1,0.00031347962382445143
"C8673T",0.0003243593902043464,1,0.00029568302779420464
"T8682C",0.007135906584495621,22,0.0068006182380216385
"C8683T",0.00032414910858995135,1,0.0002247696111485727
"A8684G",0.0003240440699935191,1,0.00031525851197982345
"G8705A",0.00032583903551645487,1,0.00030721966205837174
"T8712C",0.0003255208333333333,1,0.0003155569580309246
"T8729C",0.0003252032520325203,1,0.0002702702702702703
"C8733T",0.01040988939492518,32,0.006235385814497272
"C8739T",0.0003252032520325203,1,0.00030395136778115504
"T8746A",0.00032530904359141186,1,0.00031938677738741617
"T8749G",0.000975609756097561,3,0.0009168704156479218
"A8755G",0.0006508298080052066,2,0.0006277463904582549
"C8760T",0.0016265452179570592,5,0.0014467592592592592
"A8763G",0.0006478781988986071,2,0.0006242197253433209
"C8782T",0.0016345210853220007,5,0.0012651821862348178
"G8796T",0.000327653997378768,1,0.0003156565656565657
"C8802T",0.0003325573661456601,1,0.0002305209774089442
"A8808G",0.00033266799733865603,1,0.0003147623544224111
"C8818T",0.0006651147322913202,2,0.000052725930612675314
"A8821C",0.00033178500331785003,1,0.00031938677738741617
"T8822C",0.00033189512114171923,1,0.000315059861373661
"T8827A",0.00033200531208499334,1,0.0003156565656565657
"A8839T",0.0003312355084465055,1,0.0003189792663476874
"C8841T",0.0016561775422325273,5,0.00145602795573675
"G8849T",0.0003316749585406302,1,0.00030921459492888067
"C8860T",0.0006653359946773121,2,0.0005707762557077625
"G8861A",0.0003324468085106383,1,0.000297000297000297
"C8890T",0.00033046926635822867,1,0.0003077870113881194
"A8894G",0.0003307972213033411,1,0.0003176620076238882
"C8895T",0.0029752066115702478,9,0.0026262036766851473
"T8896C",0.0006618133686300463,2,0.0006295247088448222
"T8899C",0.0006615944426066821,2,0.0006125574272588055
"T8906C",0.00033101621979476995,1,0.00031446540880503143
"C8917T",0.0023148148148148147,7,0.001519426958975472
"A8926G",0.00033112582781456954,1,0.0003176620076238882
"C8937T",0.00033068783068783067,1,0.0002813731007315701
"A8938G",0.00033090668431502316,1,0.00031456432840515884
"C8950T",0.0009894459102902375,3,0.0007063809748057452
"T8953C",0.005597629239380968,17,0.005405405405405406
"C8956T",0.0006602839220864972,2,0.0004951720722951226
"C8964T",0.0006615944426066821,2,0.0005401026194977045
"C8982T",0.003972194637537239,12,0.003218884120171674
"C8986T",0.0006613756613756613,2,0.00046761748889408465
"T9002-",0.00033025099075297226,1,0.00031969309462915604
"G9003-",0.0003301419610432486,1,0.00031969309462915604
"T9004C",0.00033025099075297226,1,0.00030627871362940275
"G9010A",0.00033003300330033004,1,0.0003104625892579944
"A9036G",0.0003284072249589491,1,0.0003183699458771092
"C9039T",0.0003266906239790918,1,0.0003184713375796178
"C9042T",0.00032637075718015666,1,0.0002886002886002886
"T9067C",0.00032268473701193933,1,0.0003079765937788728
"T9070C",0.0003224766204450177,1,0.00029086678301337986
"C9072T",0.0003223726627981947,1,0.0003091190108191654
"C9073T",0.013552758954501452,42,0.00959123087462891
"C9080T",0.0003223726627981947,1,0.0002858776443682104
"G9083A",0.0003223726627981947,1,0.0003183699458771092
"A9085G",0.0003224766204450177,1,0.000297000297000297
"G9105A",0.0003232062055591467,1,0.00031635558367605187
"C9110T",0.00032583903551645487,1,0.0003180661577608143
"C9133T",0.0032711808963035655,10,0.0029498525073746312
"C9142T",0.0009823182711198428,3,0.00043535045711797995
"C9165T",0.00032808398950131233,1,0.00030759766225776686
"C9166T",0.0009839291571006887,3,0.0007427581084426838
"T9167C",0.0009839291571006887,3,0.0009055236945366737
"T9171C",0.0006559527714004591,2,0.0006369426751592356
"A9187C",0.00032797638570022957,1,0.00031959092361776926
"G9190T",0.00032808398950131233,1,0.0002914602156805596
"T9199C",0.0009807126511932004,3,0.0009499683343888537
"G9203A",0.0003266906239790918,1,0.0002870264064293915
"C9207T",0.000980392156862745,3,0.0009279307145066501
"C9214T",0.00032637075718015666,1,0.00029437739181630853
"G9220A",0.000326477309826967,1,0.00025393600812595224
"C9221T",0.00032658393207054214,1,0.00031867431485022306
"C9226T",0.00032658393207054214,1,0.0002376425855513308
"C9228T",0.00032637075718015666,1,0.0003091190108191654
"G9242A",0.00228310502283105,7,0.0021813649111872857
"C9246T",0.0003262642740619902,1,0.0002617801047120419
"T9247C",0.0003262642740619902,1,0.0003118178983473651
"T9253C",0.0006527415143603133,2,0.000630119722747322
"G9257A",0.0003262642740619902,1,0.0002789400278940028
"A9259G",0.0016313213703099511,5,0.0014714537963507945
"A9274G",0.000326477309826967,1,0.00030184123151222455
"T9279C",0.0006527415143603133,2,0.0006359300476947536
"C9286T",0.0013054830287206266,4,0.0007192950908110052
"A9291G",0.0003262642740619902,1,0.00031298904538341156
"C9298T",0.001305909239307868,4,0.0009893643334157804
"C9308T",0.00032637075718015666,1,0.00031308703819661864
"A9310G",0.0003262642740619902,1,0.0003117206982543641
"T9322C",0.0039011703511053317,12,0.0037186241090796405
"A9328G",0.0003225806451612903,1,0.00028993911278631486
"G9332T",0.0003225806451612903,1,0.0003189792663476874
"C9344T",0.999031007751938,3093,0.004099099337888772
"T9352C",0.00032268473701193933,1,0.000271370420624152
"T9354C",0.0012907389480477573,4,0.001277139208173691
"C9360T",0.0006455777921239509,2,0.0005668934240362812
"C9384T",0.0003237293622531564,1,0.00031269543464665416
"C9391T",0.0006476683937823834,2,0.0004667444574095683
"A9409G",0.0006525285481239804,2,0.0005585032113934655
"G9416A",0.0009807126511932004,3,0.0009213759213759214
"A9419G",0.000326797385620915,1,0.00026860059092130003
"T9423C",0.000326797385620915,1,0.0003191828917969997
"A9424G",0.9960732984293194,3044,0.004082535893188844
"T9427C",0.000326797385620915,1,0.000314070351758794
"C9430T",0.007196597971867844,22,0.003951859170109574
"G9431A",0.00065359477124183,2,0.0005920663114268798
"C9448T",0.00032690421706440013,1,0.0002727024815925825
"G9462A",0.0003266906239790918,1,0.00031084861672365556
"C9510T",0.0006523157208088715,2,0.0005897965202005308
"C9515T",0.00032615786040443573,1,0.0003068425897514575
"T9525C",0.00032615786040443573,1,0.00031220730565095225
"C9534T",1,3065,0.00407301392399344
"C9541T",0.0006523157208088715,2,0.0005676979846721544
"C9559T",0.001632386549134835,5,0.0010738831615120276
"C9561T",0.0006527415143603133,2,0.0005685048322910744
"A9587G",0.0006482982171799027,2,0.0005977286312014345
"C9661T",0.0003223726627981947,1,0.00026399155227032733
"T9667C",0.0006445375443119562,2,0.0006331117442228553
"A9670G",0.0006445375443119562,2,0.0006377551020408163
"A9683G",0.0003255208333333333,1,0.00031436655139893113
"G9692A",0.0003257328990228013,1,0.0003170577045022194
"C9693T",0.0006514657980456026,2,0.000029563058002719802
"C9700T",0.00097815454841865,3,0.0008419870895312938
"C9714T",0.0006540222367560497,2,0.0005931198102016608
"C9724T",0.004901960784313725,15,0.0034490687514371118
"C9733T",0.000326797385620915,1,0.00029342723004694836
"T9735C",0.0009832841691248771,3,0.0009590792838874681
"C9746T",0.0003272251308900524,1,0.0003020235578375113
"T9757C",0.0003273322422258593,1,0.0002967359050445104
"G9758A",0.010150622134905042,31,0.009847522236340533
"G9773A",0.0006557377049180328,2,0.0006248047485160887
"T9790C",0.0006550933508024893,2,0.0006299212598425197
"A9793G",0.00032754667540124465,1,0.000315955766192733
"G9802T",0.0009813542688910696,3,0.0009213759213759214
"C9803T",0.005233889434085705,16,0.002839396628216504
"C9811T",0.0009813542688910696,3,0.0008917954815695601
"A9826G",0.0003270111183780249,1,0.00030674846625766873
"C9836T",0.0006540222367560497,2,0.0005920663114268798
"G9854A",0.000327653997378768,1,0.0002946375957572186
"G9856T",0.00032754667540124465,1,0.00029859659599880563
"C9857T",0.00917130691123485,28,0.006096233398650119
"T9868A",0.00032754667540124465,1,0.0003191828917969997
"T9875C",0.0003270111183780249,1,0.00031191515907673113
"C9891T",0.002948885976408912,9,0.002170767004341534
"C9893T",0.000327653997378768,1,0.0002924831822170225
"T9931C",0.0003224766204450177,1,0.00027063599458728013
"C9940T",0.00032268473701193933,1,0.00027005130974885227
"C9943T",0.0009683666881859264,3,0.000687757909215956
"C9967T",0.0013144922773578706,4,0.0008335069806209627
"G9968A",0.0006578947368421052,2,0.0006150061500615006
"G9973A",0.000328515111695138,1,0.00028694404591104734
"T9976G",0.00032797638570022957,1,0.0003180661577608143
"C9979T",0.0003274394237066143,1,0.0002281021897810219
"T9982C",0.0006557377049180328,2,0.0005758710048949035
"C9985T",0.00032776138970829236,1,0.00026881720430107527
"C9996T",0.0006550933508024893,2,0.0005425935973955507
"C10002T",0.0003284072249589491,1,0.0003179650238473768
"G10007A",0.004267892317793828,13,0.003903903903903904
"T10009C",0.000328515111695138,1,0.00031496062992125983
"C10015T",0.0019769357495881385,6,0.0015329586101175269
"A10024C",0.00032938076416337287,1,0.00031959092361776926
"A10024G",0.00032938076416337287,1,0.0003147623544224111
"A10028G",0.0003301419610432486,1,0.0003132832080200501
"C10029T",0.9993405868776789,3031,0.004029658070683207
"C10030T",0.0032959789057350032,10,0.0022036139268400176
"C10036T",0.0009891196834817012,3,0.0007541478129713424
"C10039A",0.0003297065611605671,1,0.0003112356053532524
"T10045C",0.006272697259821723,19,0.005972964476579692
"G10065A",0.0006576783952647156,2,0.0006216972334473111
"C10078T",0.0003289473684210526,1,0.00023046784973496196
"G10091A",0.000328515111695138,1,0.0003178639542275906
"G10106C",0.00032808398950131233,1,0.00031928480204342275
"A10108G",0.0006563833278634722,2,0.0006285355122564425
"C10125T",0.00032776138970829236,1,0.00023299161230195712
"A10127G",0.0003278688524590164,1,0.0003189792663476874
"C10138T",0.000984898227183191,3,0.0005211047420531526
"T10141C",0.000328515111695138,1,0.00031575623618566466
"T10153C",0.00032862306933946765,1,0.0002870264064293915
"C10165T",0.0006574621959237344,2,0.0005738880918220947
"T10168C",0.0003284072249589491,1,0.0003139717425431711
"C10183T",0.003282994090610637,10,0.002673082063619353
"C10189T",0.0006561679790026247,2,0.00046189376443418013
"C10198T",0.9996718083360683,3046,0.004070897227887384
"T10204C",0.00032797638570022957,1,0.00001615952684905386
"C10207T",0.0003278688524590164,1,0.00027412280701754384
"C10226T",0.00032658393207054214,1,0.00031756113051762465
"T10243C",0.0006521030322791001,2,0.0006174745291756715
"C10252T",0.0016113438607798904,5,0.0010787486515641855
"G10266A",0.0003222687721559781,1,0.0003167564143173899
"C10277T",0.0012899064817800709,4,0.00105318588730911
"C10279T",0.002257336343115124,7,0.0013157894736842105
"A10323G",0.008406078241189783,26,0.0027879047823289728
"T10327A",0.019398642095053348,60,0.01914486279514997
"C10336T",0.006464124111182934,20,0.005683432793407218
"T10339C",0.0003232062055591467,1,0.0002960331557134399
"C10340T",0.0009696186166774402,3,0.0007566204287515763
"A10344G",0.00032331070158422246,1,0.00031279324366593683
"T10357C",0.00032351989647363315,1,0.0002969121140142518
"C10369T",0.00550696469063816,17,0.002341275306431621
"C10376T",0.00032175032175032174,1,0.0002390057361376673
"G10396T",0.00032123353678124,1,0.0003003003003003003
"C10401T",0.0003211303789338471,1,0.0003006614552014432
"C10416T",0.0003211303789338471,1,0.0002984183825723665
"T10423C",0.0003211303789338471,1,0.00030845157310302283
"C10432T",0.022807581111468037,71,0.01677693761814745
"A10435G",0.0003211303789338471,1,0.00030478512648582747
"C10440T",0.0006422607578676942,2,0.0005743825387708214
"G10447A",0.9980582524271845,3084,0.004027934325340592
"C10449A",0.9980582524271845,3084,0.004027403056334019
"C10450T",0.0012853470437017994,4,0.0009955201592832255
"G10466T",0.0003211303789338471,1,0.00031969309462915604
"T10480C",0.0003211303789338471,1,0.00030057108506161706
"A10486T",0.0003211303789338471,1,0.0003194888178913738
"C10507T",0.00513973658849984,16,0.003343083994985374
"T10516C",0.0003211303789338471,1,0.00031220730565095225
"T10522C",0.0009633911368015414,3,0.0009490667510281556
"G10533T",0.0003208213025344883,1,0.00031928480204342275
"T10546C",0.00032071840923669016,1,0.00030376670716889426
"A10558T",0.000641025641025641,2,0.0006116207951070336
"T10561C",0.0003205128205128205,1,0.0003093102381688834
"C10582T",0.00032071840923669016,1,0.00022351363433169424
"C10594T",0.00032268473701193933,1,0.0002493143854400399
"T10600C",0.013234344738540994,41,0.012213285671730712
"C10605T",0.0006504065040650406,2,0.0005947071067499256
"T10612A",0.00327653997378768,10,0.0031766200762388818
"C10615T",0.000982961992136304,3,0.00022897267592733933
"C10626T",0.0006557377049180328,2,0.0005839416058394161
"G10642A",0.00032808398950131233,1,0.0003022061045633122
"G10642T",0.00032808398950131233,1,0.0002962962962962963
"C10645T",0.0023003614853762734,7,0.002017872585759585
"T10651C",0.000328515111695138,1,0.000310077519379845
"T10663C",0.000985869208018403,3,0.0009363295880149813
"C10702T",0.009530069010844562,29,0.005818619582664527
"C10714A",0.0009861932938856016,3,0.0009569377990430622
"T10721C",0.0003290556103981573,1,0.0001658649859014762
"C10726T",0.0003288391976323578,1,0.0002945508100147275
"C10741T",0.0009861932938856016,3,0.0007132667617689016
"A10761T",0.00032938076416337287,1,0.00031969309462915604
"T10771C",0.0006583278472679394,2,0.0004514672686230248
"C10778T",0.0013162224415926291,4,0.00117820324005891
"C10782T",0.0003288391976323578,1,0.0003003003003003003
"C10789T",0.0003289473684210526,1,0.00022820629849383843
"C10790T",0.00032948929159802305,1,0.00029717682020802375
"T10795A",0.0003290556103981573,1,0.0003171582619727244
"C10802T",0.0006585446163977609,2,0.0005896226415094339
"A10804G",0.00295955277869122,9,0.0028230865746549563
"T10813C",0.0003287310979618672,1,0.00031525851197982345
"T10816C",0.007565789473684211,23,0.007271577616187164
"T10819C",0.0023049061573921633,7,0.0020983213429256594
"C10833T",0.0013123359580052493,4,0.0010351966873706005
"C10834T",0.00032808398950131233,1,0.00022753128555176336
"G10835A",0.0032797638570022957,10,0.0030120481927710845
"A10858G",0.0029088558500323207,9,0.0028735632183908046
"C10868T",0.0012824623276691247,4,0.0011154489682097045
"A10872T",0.0003206155819172812,1,0.0003183699458771092
"C10889T",0.0003204101249599487,1,0.0003081664098613251
"G10890A",0.0003204101249599487,1,0.0003077870113881194
"A10892G",0.0003204101249599487,1,0.00031887755102040814
"G10901A",0.0009810333551340746,3,0.0009140767824497258
"A10915G",0.0003266906239790918,1,0.0003178639542275906
"A10951G",0.0013089005235602095,4,0.0012698412698412698
"C10969T",0.00032711808963035657,1,0.00021963540522732265
"A10973G",0.0003273322422258593,1,0.0003176620076238882
"G10976A",0.00032711808963035657,1,0.00030864197530864197
"C10977T",0.000981675392670157,3,0.0008973975471133712
"C10989T",0.00032754667540124465,1,0.0003051571559353067
"C11001T",0.00032797638570022957,1,0.0002663115845539281
"C11003T",0.0006548788474132286,2,0.00042319085907744394
"C11020T",0.008843760235833607,27,0.0036844978165938864
"T11038C",0.0009813542688910696,3,0.0009490667510281556
"G11042A",0.0003273322422258593,1,0.000314070351758794
"G11042T",0.9986906710310965,3051,0.011183361679666881
"C11060A",0.0013089005235602095,4,0.0012767315671879987
"A11062G",0.0003272251308900524,1,0.00031279324366593683
"G11071A",0.0003273322422258593,1,0.0003006614552014432
"C11074T",0.00033003300330033004,1,0.00025006251562890725
"T11075-",0.0003291639236339697,1,0.00031279324366593683
"G11083-",0.0003295978905735003,1,0.0003036744609778318
"G11083T",0.02043506921555702,62,0.004219696454093786
"C11094T",0.0006544502617801048,2,0.0005594405594405594
"C11095T",0.0003272251308900524,1,0.00027359781121751026
"T11098C",0.0003273322422258593,1,0.00031826861871419476
"A11101G",0.00032711808963035657,1,0.00031725888324873094
"C11102A",0.00032711808963035657,1,0.00030721966205837174
"C11102T",0.0009813542688910696,3,0.0009129640900791236
"G11108A",0.0009813542688910696,3,0.0009499683343888537
"G11108T",0.007196597971867844,22,0.006905210295040804
"C11109T",0.0006542361792607131,2,0.0005055611729019212
"A11117G",0.00032658393207054214,1,0.0002954209748892171
"G11123A",0.00032658393207054214,1,0.00031436655139893113
"C11124T",0.000326797385620915,1,0.00023854961832061068
"C11162A",0.00032530904359141186,1,0.0003194888178913738
"C11171T",0.0003246753246753247,1,0.00031756113051762465
"C11173T",0.0003247807729782397,1,0.0002149151085321298
"T11176C",0.0003247807729782397,1,0.00031486146095717883
"T11183C",0.0006408202499198974,2,0.0006377551020408163
"T11191C",0.0009612303748798462,3,0.0009351620947630922
"C11199T",0.00032030749519538755,1,0.0003009328919650918
"C11200T",0.0009609224855861628,3,0.0007997867235403892
"G11204-",0.00032092426187419767,1,0.00031959092361776926
"T11205-",0.00032092426187419767,1,0.00031959092361776926
"A11206-",0.00032092426187419767,1,0.00031959092361776926
"G11207-",0.00032092426187419767,1,0.00031969309462915604
"C11208-",0.00032102728731942215,1,0.00031969309462915604
"T11209-",0.00032092426187419767,1,0.00031969309462915604
"T11209C",0.00032092426187419767,1,0.00031645569620253165
"T11218C",0.00032102728731942215,1,0.0003096934035305048
"T11227C",0.00032092426187419767,1,0.0002861230329041488
"C11235T",0.0006418485237483953,2,0.0005060728744939271
"T11251C",0.0003211303789338471,1,0.0003176620076238882
"G11272T",0.00032102728731942215,1,0.00030674846625766873
"T11275A",0.00032123353678124,1,0.0003190810465858328
"A11277G",0.00032123353678124,1,0.00031298904538341156
"T11278C",0.00064246707356248,2,0.0006053268765133172
"T11288-",0.9965229485396384,2866,0.0038591270509186633
"C11289-",0.9978925184404637,2841,0.0038388156827984304
"T11290-",0.9978791092258749,2823,0.0038284662673199786
"G11291-",0.9950564971751412,2818,0.0038259816466927254
"G11291A",0.00211864406779661,6,0.0016260162601626016
"G11292-",0.995049504950495,2814,0.0038272019671872514
"T11293-",0.9950460014154282,2812,0.0038271104227514366
"T11294-",0.9950389794472005,2808,0.003852068497679568
"T11295-",0.9950301739439119,2803,0.0038524761402119892
"T11296-",0.9950231070031994,2799,0.003850307102915586
"T11296G",0.004976892996800568,14,0.002642007926023778
"G11335T",0.0006418485237483953,2,0.000569313976658127
"C11339T",0.0006422607578676942,2,0.0005279831045406547
"A11348C",0.00032092426187419767,1,0.00031969309462915604
"G11350T",0.00032071840923669016,1,0.00031756113051762465
"C11355T",0.0009627727856225931,3,0.0007936507936507937
"A11356T",0.0003208213025344883,1,0.00031338138514572234
"G11365T",0.0012832852101379532,4,0.0012088244182532487
"T11374C",0.0006416426050689766,2,0.0005575689991636465
"T11404C",0.0003208213025344883,1,0.0003078817733990148
"C11416T",0.0019267822736030828,6,0.0017336030049118752
"T11422C",0.006741573033707865,21,0.006505576208178439
"T11449C",0.0006422607578676942,2,0.0004891171435558817
"A11452G",0.00032123353678124,1,0.0003154574132492114
"G11453T",0.00032123353678124,1,0.0003194888178913738
"C11454T",0.00032123353678124,1,0.00029086678301337986
"C11455T",0.0003214400514304082,1,0.00023752969121140142
"C11471T",0.0003215434083601286,1,0.00027731558513588466
"T11485C",0.0009652509652509653,3,0.0009146341463414635
"G11502T",0.00032175032175032174,1,0.0003190810465858328
"A11506G",0.000321853878339234,1,0.0003057169061449098
"C11514T",0.0006441223832528181,2,0.0004380201489268506
"C11518T",0.0010420284821118443,3,0.000508646998982706
"C11530T",0.0017618040873854828,5,0.001414027149321267
"T11539C",0.0028540849090260435,8,0.002514932411191449
"A11559G",0.00035549235691432633,1,0.0002722570106180234
"T11568C",0.0010691375623663579,3,0.000956327701625757
"C11572T",0.0003570153516601214,1,0.00008680555555555556
"C11575T",0.002500893176134334,7,0.0014129995962858296
"C11606T",0.0024902170046246885,7,0.002048580626280363
"C11620T",0.0010710460549803642,3,0.0005211047420531526
"C11644T",0.00036010082823190496,1,0.0002828854314002829
"C11653T",0.0003590664272890485,1,0.00018793459875963165
"C11665T",0.0003633720930232558,1,0.00028793550244745177
"C11671T",0.000362844702467344,1,0.0002929973630237328
"T11672C",0.0007246376811594203,2,0.0006216972334473111
"C11674T",0.0032455824017309774,9,0.002051983584131327
"C11681T",0.00108499095840868,3,0.0008192244675040961
"T11686C",0.022988505747126436,64,0.020317460317460317
"T11698C",0.003959683225341973,11,0.003436426116838488
"C11704T",0.000361794500723589,1,0.00022872827081427266
"A11707G",0.0003616636528028933,1,0.00031725888324873094
"G11727A",0.9992816091954023,2782,0.011313174032565024
"T11738G",0.000357653791130186,1,0.00031959092361776926
"G11743A",0.00035919540229885057,1,0.0003075030750307503
"C11750T",0.0010676156583629894,3,0.000026675914316963213
"C11752T",0.001422981145499822,4,0.001004772670183371
"C11758A",0.0007145409074669524,2,0.0006007810153199159
"C11758T",0.0007145409074669524,2,0.00045871559633027525
"C11779T",0.0003546099290780142,1,0.00021673168617251842
"A11782G",0.0038979447200566974,11,0.0022499488647985274
"T11784A",0.0014179369018078695,4,0.0012464942349641633
"C11785T",0.0003546099290780142,1,0.0003050640634533252
"C11812T",0.0006693440428380187,2,0.0005954153021732659
"C11824T",0.002,6,0.0010775862068965517
"A11827G",0.0003324468085106383,1,0.00031436655139893113
"C11833T",0.014252568776930727,43,0.011393746687864335
"A11839G",0.00032776138970829236,1,0.0003117206982543641
"G11842A",0.008846657929226736,27,0.00818677986658581
"A11854T",0.00032776138970829236,1,0.000318775900541919
"A11860G",0.0003273322422258593,1,0.00031525851197982345
"C11902T",0.0006555227794165847,2,0.0005871990604815032
"A11908G",0.00032776138970829236,1,0.00031133250311332503
"A11914G",0.0006557377049180328,2,0.0006133088009812941
"C11916T",0.00032776138970829236,1,0.0003022061045633122
"A11935G",0.00032797638570022957,1,0.0003056234718826406
"C11941T",0.0006568144499178982,2,0.000423908435777872
"A11947G",0.0006578947368421052,2,0.0005991611743559018
"A11955G",0.00032938076416337287,1,0.0003155569580309246
"C11962T",0.00032927230819888045,1,0.00023986567522187575
"T11963A",0.0006596306068601583,2,0.0006391818472355385
"G11966A",0.0003287310979618672,1,0.0003170577045022194
"G11966T",0.0006574621959237344,2,0.0006373486297004461
"A11970G",0.003289473684210526,10,0.0031377470975839346
"T11989C",0.0003289473684210526,1,0.0003123048094940662
"C12005T",0.00032862306933946765,1,0.0002808199943836001
"T12016G",0.0003290556103981573,1,0.00031887755102040814
"G12019A",0.0009861932938856016,3,0.0009233610341643582
"T12022C",0.0003287310979618672,1,0.00031357792411414236
"C12025T",0.002628120893561104,8,0.0018026137899954935
"G12028A",0.0006565988181221273,2,0.0006230529595015577
"C12036T",0.0006557377049180328,2,0.0006138735420503376
"T12037C",0.00032797638570022957,1,0.0003176620076238882
"G12052A",0.0003281916639317361,1,0.0003158559696778269
"G12070T",0.00032754667540124465,1,0.0002894356005788712
"C12073T",0.00425531914893617,13,0.0031878371750858263
"C12084T",0.000982961992136304,3,0.0008708272859216256
"C12085T",0.0006550933508024893,2,0.0005015045135406219
"T12094C",0.0003270111183780249,1,0.0003114294612270321
"G12111A",0.0003270111183780249,1,0.0003029385034837928
"C12116T",0.0003274394237066143,1,0.0002827254735651682
"G12163A",0.0003238341968911917,1,0.00025680534155110427
"G12167A",0.0003238341968911917,1,0.00031436655139893113
"A12180G",0.0006482982171799027,2,0.0006345177664974619
"T12181G",0.0003240440699935191,1,0.00031928480204342275
"G12208A",0.00032425421530479895,1,0.00026476039184537993
"A12250G",0.00032414910858995135,1,0.00031269543464665416
"G12268A",0.0006480881399870382,2,0.0005913660555884093
"A12290T",0.00032414910858995135,1,0.00031959092361776926
"C12295T",0.00032414910858995135,1,0.00027925160569673273
"T12304C",0.00032425421530479895,1,0.0002729257641921397
"C12325T",0.0003244646333549643,1,0.00025786487880350697
"A12341G",0.00032425421530479895,1,0.0003191828917969997
"A12344G",0.00032425421530479895,1,0.00031826861871419476
"A12390G",0.0003243593902043464,1,0.00031240237425804435
"C12400T",0.000974025974025974,3,0.0006660746003552398
"C12403T",0.0006489292667099286,2,0.0005680204487361545
"A12410G",0.0006491398896462187,2,0.0005635390250774866
"C12412T",0.0003245699448231094,1,0.00027359781121751026
"C12415T",0.0009737098344693282,3,0.0008019246190858059
"T12418C",0.009737098344693282,30,0.007317073170731708
"C12439T",0.002269779507133593,7,0.001059001512859304
"C12445T",0.0012861736334405145,4,0.001229256299938537
"A12448G",0.0003215434083601286,1,0.00031938677738741617
"C12459T",0.0009649404953361209,3,0.0007481296758104738
"C12473T",0.000643707756678468,2,0.0001437607820586544
"G12482A",0.0009649404953361209,3,0.000952078705172961
"C12484T",0.0009649404953361209,3,0.0007356547327121138
"C12488T",0.0006430868167202572,2,0.0005977286312014345
"C12493T",0.00032133676092544985,1,0.00030048076923076925
"T12496C",0.0016072002571520412,5,0.0015101177891875567
"A12502G",0.0003223726627981947,1,0.00031525851197982345
"T12503C",0.0003224766204450177,1,0.00030950170225936243
"A12510G",0.001936733376371853,6,0.001815431164901664
"G12514T",0.0006451612903225806,2,0.0005742176284811944
"G12521A",0.0003224766204450177,1,0.0003097893432465923
"C12525T",0.0012894906511927789,4,0.0008639308855291577
"C12534T",0.000967741935483871,3,0.0006954102920723226
"T12535C",0.0003225806451612903,1,0.0003184713375796178
"G12566A",0.0003224766204450177,1,0.000315059861373661
"G12600A",0.00032299741602067185,1,0.0003053435114503817
"A12611G",0.00032299741602067185,1,0.0003076923076923077
"C12616T",0.0006485084306095979,2,0.00004627808501284217
"A12627G",0.0006464124111182935,2,0.0006174745291756715
"C12651T",0.0006457862447529867,2,0.0003546728143287817
"G12661A",0.00032268473701193933,1,0.0002961208172934557
"C12676A",0.00032268473701193933,1,0.0003171582619727244
"C12676T",0.002904162633107454,9,0.002402562733582488
"C12738T",0.0012890750886239124,4,0.0011827321111768185
"C12741T",0.0003223726627981947,1,0.0002595380223202699
"A12746G",0.0006457862447529867,2,0.0006385696040868455
"C12747T",0.0006449532408900354,2,0.0004259850905218317
"T12748A",0.0003224766204450177,1,0.0002886836027713626
"C12781T",0.006078055022392835,19,0.0036301108139090562
"C12784T",0.0006397952655150352,2,0.000542740841248304
"C12789T",0.9904030710172744,3096,0.007920184190330007
"C12809T",0.000641025641025641,2,0.0005480953685941354
"C12815T",1,3115,0.011332712429238763
"C12823T",0.00032092426187419767,1,0.0002658160552897395
"G12832A",0.00032102728731942215,1,0.00027839643652561246
"A12850G",0.0006420545746388443,2,0.0005704506560182544
"C12853T",0.00032102728731942215,1,0.0002880184331797235
"T12865C",0.0003211303789338471,1,0.00027800945232137893
"C12880T",0.9996789727126806,3114,0.004071695310620404
"C12885T",0.0019261637239165329,6,0.0017366136034732273
"C12915T",0.0003211303789338471,1,0.0002876042565429968
"C12919T",0.00064246707356248,2,0.0005704506560182544
"C12924T",0.0019274012206874397,6,0.00046988801002427753
"A12937G",0.00032123353678124,1,0.000315059861373661
"C12952T",0.00032092426187419767,1,0.0002995805871779509
"C12970T",0.0009637006103437199,3,0.00017915795759928336
"C12974T",0.0006422607578676942,2,0.0005701254275940707
"A12991G",0.0006418485237483953,2,0.0006287331027978623
"C13009T",0.0006428801028608164,2,0.0006056935190793458
"C13011T",0.0006426735218508997,2,0.0004943153732081067
"C13019T",0.002251527822450949,7,0.001234132581100141
"G13029T",0.0003215434083601286,1,0.0003194888178913738
"C13046T",0.0006422607578676942,2,0.0006257822277847309
"C13072T",0.0012841091492776886,4,0.0011570726063060456
"T13075C",0.00032102728731942215,1,0.0003176620076238882
"G13088A",0.00032071840923669016,1,0.00031308703819661864
"A13108G",0.0003206155819172812,1,0.00031735956839098697
"T13111C",0.0003208213025344883,1,0.00030656039239730225
"T13114C",0.0022450288646568314,7,0.0020926756352765323
"C13115T",0.0006414368184733803,2,0.00046685340802987864
"A13117G",0.00032092426187419767,1,0.0003158559696778269
"G13118A",0.00032092426187419767,1,0.00028011204481792715
"C13119T",0.0006416426050689766,2,0.0003850596842510589
"G13125T",0.0003370407819346141,1,0.0003189792663476874
"A13136G",0.00033772374197906115,1,0.0003059975520195838
"C13138T",0.0003372681281618887,1,0.00027277686852154935
"T13162C",0.006770480704129994,20,0.005927682276229994
"C13170T",0.0013531799729364006,4,0.0011321822813472968
"T13171C",0.011844331641285956,35,0.011037527593818985
"T13188C",0.00033818058843422386,1,0.00027419797093501506
"G13201A",0.0003386386725364037,1,0.0002905287623474724
"C13207T",0.00033840947546531303,1,0.00028901734104046245
"C13225T",0.00033875338753387534,1,0.00027495188342040145
"T13234C",0.007450050795800881,22,0.00694006309148265
"A13237T",0.00033875338753387534,1,0.0003191828917969997
"C13252T",0.00033909799932180403,1,0.00028328611898016995
"C13255T",0.00033909799932180403,1,0.00025627883136852895
"C13264T",0.0010176390773405698,3,0.0007898894154818325
"A13278G",0.0013591573224600749,4,0.0012662234884457107
"G13286C",0.00033967391304347825,1,0.00031969309462915604
"C13297T",0.00033967391304347825,1,0.00017358097552508245
"C13326T",0.0013559322033898306,4,0.001136040897472309
"C13329T",0.00033886818027787193,1,0.00026946914578280785
"C13335T",0.0006775067750677507,2,0.00043821209465381246
"T13339C",0.9939003727549983,2933,0.011214217165055078
"C13356T",0.0003386386725364037,1,0.0002615746795710175
"C13366T",0.0020352781546811396,6,0.0017271157167530224
"C13372T",0.0006775067750677507,2,0.0005938242280285036
"C13381T",0.0010166045408336157,3,0.0008042895442359249
"T13382C",0.00033886818027787193,1,0.00031959092361776926
"C13384T",0.0006779661016949153,2,0.000503651473180559
"T13387C",0.00033898305084745765,1,0.0003117206982543641
"T13417C",0.0003399048266485384,1,0.00028818443804034583
"C13424T",0.008707300736771601,26,0.008012326656394453
"C13426T",0.0003348961821835231,1,0.00023261223540358222
"G13427A",0.03424901890831252,96,0.008556149732620321
"C13432T",0.0003354579000335458,1,0.00025806451612903227
"C13436T",0.0003219575016097875,1,0.000278473962684489
"C13458T",0.002252977148374638,7,0.001740860482467048
"T13474A",0.00032175032175032174,1,0.00030349013657056146
"C13487T",0.0009658725048293626,3,0.0008154389779831476
"A13498G",0.000321853878339234,1,0.00030048076923076925
"C13515T",0.0006453694740238787,2,0.0005652911249293386
"T13521C",0.0006449532408900354,2,0.0006248047485160887
"C13536T",0.003547242824895195,11,0.0026240458015267176
"C13551T",0.0006455777921239509,2,0.0005321979776476849
"C13554T",0.0003225806451612903,1,0.00027359781121751026
"G13558A",0.0003225806451612903,1,0.0003117206982543641
"T13565G",0.0003225806451612903,1,0.00031826861871419476
"T13586A",0.0025814778960955146,8,0.0025550942190993293
"T13602-",0.00032216494845360824,1,0.00031959092361776926
"G13604C",0.00032206119162640903,1,0.00031969309462915604
"C13608T",0.0003219575016097875,1,0.00006725854183481302
"G13618T",0.0003222687721559781,1,0.00031152647975077883
"C13620T",0.0006447453255963894,2,0.0004184975936388366
"C13629T",0.0029004189494038026,9,0.0027924294135898233
"G13659A",0.02230843840931135,69,0.021780303030303032
"A13660C",0.02230843840931135,69,0.021918678526048285
"C13665T",0.0009689922480620155,3,0.0006538796861377507
"T13670G",0.000967741935483871,3,0.0009566326530612245
"C13673T",0.0003225806451612903,1,0.0003132832080200501
"C13680T",0.0003225806451612903,1,0.0002981514609421586
"G13690A",0.0003225806451612903,1,0.00031456432840515884
"C13694T",0.0003224766204450177,1,0.0002682403433476395
"A13696C",0.00032216494845360824,1,0.0003189792663476874
"C13708T",0.0003222687721559781,1,0.00031735956839098697
"A13711G",0.0003222687721559781,1,0.00030102347983142685
"A13712G",0.0032216494845360823,10,0.0022841480127912287
"G13713A",0.00032216494845360824,1,0.00030959752321981426
"G13714A",0.00032216494845360824,1,0.0003049710277523635
"A13715G",0.00032206119162640903,1,0.00031645569620253165
"C13720T",0.00032206119162640903,1,0.00030175015087507544
"C13721T",0.0006445375443119562,2,0.0005296610169491525
"G13723A",0.00032216494845360824,1,0.0003176620076238882
"G13723T",0.00032216494845360824,1,0.00030845157310302283
"C13730T",0.0006447453255963894,2,0.0005321979776476849
"G13749A",0.000643915003219575,2,0.0006327111673521037
"C13761T",0.00032175032175032174,1,0.0002824060999717594
"T13764C",0.000321646831778707,1,0.0003002101471029721
"A13766C",0.0009646302250803858,3,0.0009157509157509158
"C13767T",0.00964630225080386,30,0.009041591320072333
"C13792T",0.0009612303748798462,3,0.0009022556390977444
"G13812T",0.0006426735218508997,2,0.0005998800239952009
"C13821T",0.00032133676092544985,1,0.000281135788585887
"C13824T",0.0006426735218508997,2,0.0006180469715698393
"T13831C",0.00032133676092544985,1,0.0003180661577608143
"C13862T",0.000643707756678468,2,0.0005250721974271463
"C13881T",0.00032175032175032174,1,0.00031084861672365556
"T13885C",0.00032175032175032174,1,0.000315059861373661
"C13887T",0.010299324106855488,32,0.009540846750149075
"A13889G",0.00032175032175032174,1,0.000315059861373661
"A13898C",0.00032175032175032174,1,0.0003176620076238882
"T13899C",0.00032175032175032174,1,0.00031289111389236547
"G13900T",0.0035392535392535394,11,0.0034602076124567475
"C13945T",0.000643915003219575,2,0.0006018657839301836
"A13951G",0.0006441223832528181,2,0.0006047777441790142
"G13958A",0.00128783000643915,4,0.0012586532410320957
"C13959T",0.0003219575016097875,1,0.0003071253071253071
"C13965T",0.000643915003219575,2,0.0004544421722335833
"C13967T",0.0003219575016097875,1,0.00030892801977139327
"C13968A",0.0003219575016097875,1,0.00028506271379703536
"C13981T",0.007085346215780998,22,0.0053645452328700315
"G13984T",0.006115223688445446,19,0.006054811982154238
"C13994T",0.000643707756678468,2,0.0004109307581672488
"T13996C",0.0009655616350177019,3,0.0009569377990430622
"T14022C",0.00032175032175032174,1,0.0003078817733990148
"G14028T",0.0006435006435006435,2,0.0006211180124223603
"G14030A",0.000321646831778707,1,0.00030609121518212427
"T14046A",0.000321646831778707,1,0.0003179650238473768
"G14055A",0.0003215434083601286,1,0.0003179650238473768
"A14058T",0.00032133676092544985,1,0.0003179650238473768
"T14067C",0.00032123353678124,1,0.00015384615384615385
"T14073C",0.00032123353678124,1,0.0002966478789676654
"C14076T",0.0016061676839061998,5,0.0015743073047858943
"T14079C",0.00032102728731942215,1,0.00031104199066874026
"C14097T",0.011862776530939404,37,0.009433962264150943
"T14100C",0.0009612303748798462,3,0.0009276437847866419
"C14114T",0.00096,3,0.0009345794392523365
"C14117T",0.00032,1,0.0002818489289740699
"G14118A",0.0003201024327784891,1,0.0002789400278940028
"C14120T",0.0016,5,0.0009209799226376865
"G14122T",0.00032071840923669016,1,0.000315357931251971
"A14130C",0.00032071840923669016,1,0.00031928480204342275
"G14140A",0.0003214400514304082,1,0.0003147623544224111
"A14142G",0.0012861736334405145,4,0.001263823064770932
"T14154C",0.00032175032175032174,1,0.00031104199066874026
"A14157G",0.00032175032175032174,1,0.00031298904538341156
"T14174C",0.000321646831778707,1,0.00031938677738741617
"C14178T",0.000643293663557414,2,0.00045829514207149406
"T14179G",0.0009649404953361209,3,0.000956327701625757
"C14183T",0.000321646831778707,1,0.0002516989680342311
"C14184T",0.00032175032175032174,1,0.00019127773527161438
"A14185T",0.000321646831778707,1,0.00031938677738741617
"C14189T",0.0003215434083601286,1,0.00011363636363636364
"T14190C",0.011897106109324759,37,0.011627906976744186
"G14209T",0.0003219575016097875,1,0.00012742099898063202
"A14213C",0.0003219575016097875,1,0.0003169572107765452
"C14216T",0.00128783000643915,4,0.0011641443538998836
"T14217A",0.000321853878339234,1,0.00031269543464665416
"A14223G",0.009011908593498551,28,0.008860759493670886
"T14232C",0.0006441223832528181,2,0.0006353240152477764
"C14235T",0.000321853878339234,1,0.0002886002886002886
"A14246G",0.000321853878339234,1,0.0003104625892579944
"C14267T",0.000321853878339234,1,0.00026752273943285177
"G14274A",0.0009658725048293626,3,0.0009386733416770963
"G14290A",0.00032206119162640903,1,0.00031377470975839345
"C14292A",0.00128783000643915,4,0.0012606366214938543
"T14313C",0.0003219575016097875,1,0.0002944640753828033
"C14322T",0.000643707756678468,2,0.0004891171435558817
"C14327T",0.000326477309826967,1,0.00031416902293433867
"T14337C",0.000321646831778707,1,0.0003179650238473768
"C14358T",0.000321646831778707,1,0.00025297242600556537
"G14371A",0.0003215434083601286,1,0.0003098853424233034
"A14373C",0.0003215434083601286,1,0.00031969309462915604
"A14373G",0.0003215434083601286,1,0.00031308703819661864
"C14376T",0.0038585209003215433,12,0.003621001810500905
"C14396T",0.00128493414712496,4,0.0010512483574244415
"G14398T",0.00032123353678124,1,0.00031575623618566466
"C14407T",0.0019286403085824494,6,0.0017064846416382253
"C14408A",0.005776636713735558,18,0.005741626794258373
"C14408T",0.993581514762516,3096,0.004032914627522037
"G14414T",0.00032092426187419767,1,0.0003154574132492114
"T14415C",0.0003208213025344883,1,0.0002977963073257892
"A14421G",0.0006416426050689766,2,0.0006153846153846154
"A14469G",0.0009865175928970734,3,0.0009523809523809524
"C14471T",0.0003288391976323578,1,0.0003167564143173899
"T14472G",0.0003288391976323578,1,0.0003156565656565657
"C14481T",0.000985869208018403,3,0.0008823529411764706
"C14484T",0.000328515111695138,1,0.00029291154071470416
"A14489G",0.0003290556103981573,1,0.0003189792663476874
"T14508C",0.0016545334215751159,5,0.0011030222810500773
"T14568A",0.00032981530343007914,1,0.0003125
"C14583T",0.0026359143327841844,8,0.0020714655618850335
"C14585T",0.0003299241174529858,1,0.0002864508736751647
"T14586C",0.00033003300330033004,1,0.00031201248049921997
"G14593T",0.0003301419610432486,1,0.0003194888178913738
"A14597G",0.0003303600925008259,1,0.0003171582619727244
"C14599T",0.015852047556142668,48,0.00762752264420785
"A14613G",0.0003303600925008259,1,0.0003077870113881194
"G14622A",0.0003295978905735003,1,0.00027359781121751026
"G14635A",0.003620803159973667,11,0.0034471952366029457
"T14646G",0.0003287310979618672,1,0.0003029385034837928
"C14676T",0.0003287310979618672,1,0.0002037905033625433
"C14688T",0.0006572461386789353,2,0.0005730659025787965
"T14700C",0.0016463615409944023,5,0.0014265335235378032
"G14712A",0.00032562683165092806,1,0.00031075201988812925
"G14712T",0.00032562683165092806,1,0.0002967359050445104
"C14724T",0.0006589785831960461,2,0.00040032025620496394
"G14730A",0.011315874555447785,35,0.010700091715071844
"T14740C",0.004514672686230248,14,0.004381846635367762
"C14741T",0.0003225806451612903,1,0.00030674846625766873
"T14742C",0.0003225806451612903,1,0.00031867431485022306
"T14769C",0.0003232062055591467,1,0.00030950170225936243
"A14771G",0.0003232062055591467,1,0.0003151591553734636
"G14773A",0.003554119547657512,11,0.0033680342927127987
"C14805T",0.01874595992243051,58,0.011943986820428337
"T14814C",0.00032299741602067185,1,0.0003048780487804878
"C14818T",0.00032289312237649337,1,0.000292654375182909
"G14874T",0.010038860103626942,31,0.008923431203223949
"C14877T",0.008422416585681892,26,0.006022700949733611
"C14889T",0.0003237293622531564,1,0.0002703433360367667
"C14898T",0.00032393909944930353,1,0.0002842524161455372
"C14913T",0.0016165535079211122,5,0.00142571998859424
"C14919T",0.00032351989647363315,1,0.00028074115665356543
"C14925A",0.002264639275315432,7,0.0022243406418811567
"C14925T",0.0071174377224199285,22,0.00417219798975915
"C14928T",0.0003234152652005175,1,0.0002832058906825262
"C14931T",0.000646830530401035,2,0.0005458515283842794
"C14937A",0.0003223726627981947,1,0.0003184713375796178
"C14937T",0.0006447453255963894,2,0.0004949269982677555
"A14943G",0.0003223726627981947,1,0.0003168567807351077
"T14946C",0.005800837898807605,18,0.005727012408526885
"A14955G",0.01160167579761521,36,0.011295889551302165
"A14960T",0.0003225806451612903,1,0.0003083564600678384
"C15024T",0.0016061676839061998,5,0.0012929919834497026
"C15026T",0.002568218298555377,8,0.0012640227524095434
"C15048T",0.0006397952655150352,2,0.0006148170919151552
"A15099G",0.00032123353678124,1,0.00028401022436807724
"G15100A",0.00032133676092544985,1,0.00031298904538341156
"C15101T",0.00064246707356248,2,0.0006172839506172839
"C15120T",0.0003208213025344883,1,0.00030147723846849563
"C15126T",0.0019249278152069298,6,0.001815431164901664
"C15141T",0.0006418485237483953,2,0.0005314908317831517
"T15163C",0.0003208213025344883,1,0.00031665611146295124
"A15175G",0.0003208213025344883,1,0.00031347962382445143
"G15188A",0.0006416426050689766,2,0.0006315124723713293
"T15195C",0.0003208213025344883,1,0.00030674846625766873
"G15202T",0.00032071840923669016,1,0.00031279324366593683
"T15207C",0.0003208213025344883,1,0.0003049710277523635
"C15222T",0.0009624639076034649,3,0.000781657113079729
"T15231C",0.0003208213025344883,1,0.00031635558367605187
"C15237T",0.0028873917228103944,9,0.001762977473065622
"C15240T",0.0006416426050689766,2,0.00035075412136092597
"T15244C",0.0003208213025344883,1,0.00031446540880503143
"A15272G",0.0003208213025344883,1,0.00031735956839098697
"C15277T",0.0006416426050689766,2,0.0005012531328320802
"C15279A",0.00032092426187419767,1,0.0003180661577608143
"T15288C",0.00032092426187419767,1,0.0003171582619727244
"C15324T",0.00032092426187419767,1,0.0002763957987838585
"T15336C",0.00032092426187419767,1,0.00031725888324873094
"G15339A",0.00032425421530479895,1,0.00031887755102040814
"C15342T",0.00032425421530479895,1,0.00029533372711163615
"G15349A",0.0009711880867594691,3,0.0009182736455463728
"C15360T",0.00032278889606197545,1,0.00024888003982080636
"G15372T",0.0009715025906735751,3,0.000060476555255412655
"C15386T",0.0003222687721559781,1,0.0003053435114503817
"C15390T",0.0006453694740238787,2,0.000630715862503942
"G15406T",0.00032289312237649337,1,0.00030321406913280777
"A15426G",0.00032331070158422246,1,0.00030039050765995795
"G15444T",0.0003234152652005175,1,0.000315955766192733
"T15447C",0.00032351989647363315,1,0.00030883261272390367
"G15451A",0.00032362459546925567,1,0.0000025364359017283273
"A15468G",0.00032393909944930353,1,0.00031466331025802394
"A15483G",0.0003238341968911917,1,0.0003117206982543641
"T15510C",0.0003237293622531564,1,0.00028538812785388126
"T15521A",0.004246978111728194,13,0.0019374068554396423
"G15530T",0.0006449532408900354,2,0.000630119722747322
"G15538A",0.0003225806451612903,1,0.00030184123151222455
"C15540T",0.0032278889606197547,10,0.0019569471624266144
"G15556A",0.0003225806451612903,1,0.00031655587211142766
"C15579T",0.04399486191393706,137,0.02847640823113698
"G15589A",0.00032123353678124,1,0.00031625553447185326
"T15597C",0.00032123353678124,1,0.0002860411899313501
"C15600T",0.00064246707356248,2,0.0006146281499692685
"T15606C",0.00032123353678124,1,0.00031496062992125983
"C15615T",0.0003214400514304082,1,0.0002906131938390003
"G15627T",0.00032133676092544985,1,0.00031525851197982345
"G15646T",0.00032123353678124,1,0.0003168567807351077
"C15654T",0.0003214400514304082,1,0.0002255299954894001
"A15655G",0.0003214400514304082,1,0.0003170577045022194
"G15672A",0.0019261637239165329,6,0.0018963337547408343
"C15678T",0.00032092426187419767,1,0.0002998500749625187
"C15714T",0.9993591797500802,3119,0.004078046407880475
"C15720T",0.000968054211035818,3,0.00046699875466998757
"G15732T",0.00032331070158422246,1,0.0003171582619727244
"C15738T",0.007154471544715447,22,0.00005905517095129827
"C15755T",0.0006501950585175553,2,0.0006167129201356768
"T15756A",0.9990253411306043,3075,0.011265015441313848
"T15762C",0.0003244646333549643,1,0.00016795431642593214
"C15763T",0.0009737098344693282,3,0.0006276150627615063
"C15774T",0.0003245699448231094,1,0.00030084235860409147
"A15777G",0.000649772579597141,2,0.0006355258976803305
"G15780A",0.0003246753246753247,1,0.0003117206982543641
"G15789C",0.0003245699448231094,1,0.00031969309462915604
"C15810T",0.0003245699448231094,1,0.00024078979051288225
"T15821C",0.0003244646333549643,1,0.00031959092361776926
"G15822A",0.0003245699448231094,1,0.0003179650238473768
"C15824A",0.0003245699448231094,1,0.0003189792663476874
"C15824T",0.0006491398896462187,2,0.0006313131313131314
"T15843A",0.0003243593902043464,1,0.0003168567807351077
"C15848T",0.0003243593902043464,1,0.0002752546105147261
"T15849C",0.0006485084306095979,2,0.0006106870229007634
"C15857T",0.0006487187804086928,2,0.0005431830526887561
"T15888C",0.0003246753246753247,1,0.0002938583602703497
"A15903G",0.0003243593902043464,1,0.00031387319522912746
"C15904G",0.001621796951021732,5,0.001590836780146357
"G15921T",0.0003243593902043464,1,0.0002975304968759298
"C15924T",0.0003243593902043464,1,0.00026968716289104636
"A15942G",0.0003244646333549643,1,0.00028336639274582036
"C15952T",0.004545454545454545,14,0.0034973769672745443
"C15960T",0.014939915556999025,46,0.0036019105786547646
"T15966C",0.0003247807729782397,1,0.000315955766192733
"A15972T",0.0003245699448231094,1,0.00031959092361776926
"C15981T",0.0003247807729782397,1,0.00016202203499675956
"A16011G",0.0012944983818770227,4,0.001213224143160449
"T16024C",0.002242870874719641,7,0.0022300095571838167
"A16026T",0.0006408202499198974,2,0.0006253908692933083
"A16030G",0.0006412311638345624,2,0.0006248047485160887
"T16038C",0.0009624639076034649,3,0.0009299442033477991
"G16075T",0.0006416426050689766,2,0.0006275494195167869
"T16086C",0.0003208213025344883,1,0.0003031221582297666
"C16092T",0.0003208213025344883,1,0.00021358393848782572
"C16101T",0.0003208213025344883,1,0.00030609121518212427
"G16106A",0.0003208213025344883,1,0.0003176620076238882
"C16111T",0.0009624639076034649,3,0.0006422607578676942
"G16137A",0.00032092426187419767,1,0.00030902348578491963
"G16137T",0.004492939666238768,14,0.004435994930291508
"T16149C",0.00032092426187419767,1,0.0003168567807351077
"A16156G",0.0006418485237483953,2,0.0006347191367819739
"G16158T",0.00032092426187419767,1,0.00031357792411414236
"C16163T",0.0009627727856225931,3,0.0008902077151335311
"C16173T",0.0028892455858747996,9,0.002386634844868735
"T16176C",0.0006418485237483953,2,0.0006299212598425197
"G16221A",0.0003208213025344883,1,0.00027925160569673273
"T16224C",0.0003208213025344883,1,0.00016849199663016007
"C16230A",0.0003208213025344883,1,0.0003125
"C16247T",0.0016051364365971107,5,0.0015114873035066505
"T16258-",0.00032102728731942215,1,0.00031969309462915604
"C16260T",0.0006420545746388443,2,0.00045116174148432213
"T16263C",0.0012841091492776886,4,0.001218769043266301
"T16272C",0.0009630818619582664,3,0.0009457755359394704
"C16289T",0.0012841091492776886,4,0.0010126582278481013
"C16293T",0.002568218298555377,8,0.0016642396505096733
"C16323T",0.0009612303748798462,3,0.00025471217524197657
"C16329T",0.00032030749519538755,1,0.0002447381302006853
"G16336A",0.00032030749519538755,1,0.00031133250311332503
"C16362T",0.0009609224855861628,3,0.0007524454477050414
"T16374C",0.00032030749519538755,1,0.0002738225629791895
"C16375T",0.0003202049311559398,1,0.00030902348578491963
"C16376T",0.0003202049311559398,1,0.0002554931016862545
"G16377A",0.0003205128205128205,1,0.0002701972439881113
"G16377T",0.0003205128205128205,1,0.00024912805181863477
"G16385C",0.00032030749519538755,1,0.00031969309462915604
"C16394T",0.0003240440699935191,1,0.00028735632183908046
"A16395C",0.0006478781988986071,2,0.000628140703517588
"T16425C",0.0003278688524590164,1,0.00031416902293433867
"T16456C",0.00032797638570022957,1,0.00018456995201181247
"T16461C",0.000327653997378768,1,0.0002931691586045148
"A16463G",0.0003274394237066143,1,0.0003132832080200501
"A16512G",0.000328515111695138,1,0.00030721966205837174
"C16523T",0.00032776138970829236,1,0.00031036623215394165
"T16542C",0.0003274394237066143,1,0.00030721966205837174
"T16563A",0.0042608980662078005,13,0.0040752351097178684
"C16575T",0.00032776138970829236,1,0.00021523891519586742
"T16584C",0.000327653997378768,1,0.00031466331025802394
"C16596T",0.0006548788474132286,2,0.0005306447333510214
"C16616T",0.0009839291571006887,3,0.000713436385255648
"A16621G",0.00032938076416337287,1,0.00031959092361776926
"A16668G",0.0019230769230769232,6,0.0018176310209027568
"C16675T",0.0028864656831302116,9,0.002674591381872214
"C16694T",0.0003205128205128205,1,0.0002817695125387433
"T16701C",0.00032071840923669016,1,0.00031220730565095225
"G16710C",0.00032071840923669016,1,0.00031969309462915604
"C16726T",0.00032071840923669016,1,0.00019428793471925395
"C16733T",0.0006414368184733803,2,0.0005296610169491525
"A16740T",0.00032071840923669016,1,0.000318775900541919
"C16767T",0.00032071840923669016,1,0.0002633658151171978
"C16768A",0.00032071840923669016,1,0.00027434842249657066
"T16791C",0.003207184092366902,10,0.0031279324366593683
"C16806T",0.0022450288646568314,7,0.0020348837209302325
"C16833T",0.00032071840923669016,1,0.00031279324366593683
"A16839C",0.00032071840923669016,1,0.00031959092361776926
"G16852A",0.00032071840923669016,1,0.00031746031746031746
"G16852T",0.00032071840923669016,1,0.0003161555485298767
"G16853T",0.00032071840923669016,1,0.00031456432840515884
"C16859T",0.00032071840923669016,1,0.0003022974607013301
"C16869T",0.0054557124518613605,17,0.004731422209852491
"C16877T",0.0006418485237483953,2,0.0005681818181818182
"C16887T",0.009958239640218438,31,0.0018101132780567557
"T16898C",0.0006416426050689766,2,0.0006355258976803305
"G16914T",0.00032092426187419767,1,0.0002892681515765114
"G16917T",0.00032092426187419767,1,0.0003003003003003003
"T16926C",0.0060956047481552774,19,0.005803298717165547
"G16935A",0.0006420545746388443,2,0.00002925730335434983
"A16942T",0.00032102728731942215,1,0.00031928480204342275
"G16943T",0.0012841091492776886,4,0.0009779951100244498
"T16950C",0.00032102728731942215,1,0.00029568302779420464
"C16995T",0.0003202049311559398,1,0.0002973535533749628
"C16997T",0.0006404098623118795,2,0.0006341154090044388
"C17002T",0.0003202049311559398,1,0.0002947244326554671
"C17004T",0.0009609224855861628,3,0.0007464543418760885
"C17010T",0.00033090668431502316,1,0.00026961445133459155
"C17012T",0.0006622516556291391,2,0.000550812448361333
"T17016C",0.00033112582781456954,1,0.0003136762860727729
"G17027A",0.0003322259136212625,1,0.00031525851197982345
"C17036T",0.0003365870077415012,1,0.00030184123151222455
"T17052A",0.0030354131534569982,9,0.0028698979591836736
"A17056G",0.00033692722371967657,1,0.00031446540880503143
"T17088C",0.0003367003367003367,1,0.00031017369727047146
"C17104T",0.0006738544474393531,2,0.000588235294117647
"C17118T",0.0003367003367003367,1,0.0002981514609421586
"C17127T",0.00033647375504710633,1,0.0002977963073257892
"C17133T",0.00101010101010101,3,0.0009199632014719411
"T17139A",0.00033738191632928474,1,0.0003045994517209869
"T17160C",0.00033783783783783786,1,0.00030873726458783575
"T17169C",0.00033772374197906115,1,0.0003045066991473812
"C17172T",0.001013856032443393,3,0.000757002271006813
"A17219G",0.00032092426187419767,1,0.00031725888324873094
"T17247C",0.0003206155819172812,1,0.00031347962382445143
"G17252A",0.0003206155819172812,1,0.0003190810465858328
"G17259T",0.00032092426187419767,1,0.0002944640753828033
"T17268C",0.0009627727856225931,3,0.0007360157016683023
"A17271G",0.000641025641025641,2,0.0006297229219143577
"C17274T",0.0019230769230769232,6,0.0017579841781423966
"A17277G",0.000641025641025641,2,0.0006365372374283895
"G17278T",0.0003205128205128205,1,0.00031017369727047146
"C17288T",0.0003205128205128205,1,0.0002573340195573855
"C17304T",0.00032071840923669016,1,0.00020120724346076458
"T17323C",0.001603592046183451,5,0.001577784790154623
"C17327T",0.00032071840923669016,1,0.00031625553447185326
"G17331T",0.0012828736369467607,4,0.0011947431302270011
"C17333T",0.0009621552277100705,3,0.0008870490833826139
"G17334C",0.0003289473684210526,1,0.0003189792663476874
"G17334T",0.9947368421052631,3024,0.030223981289916345
"G17338T",0.00032123353678124,1,0.00030102347983142685
"A17362G",0.00032123353678124,1,0.00031338138514572234
"C17373A",0.0006428801028608164,2,0.000617093489663684
"C17410T",0.9996786632390745,3111,0.004066182976926928
"T17415A",0.0003211303789338471,1,0.0003194888178913738
"T17415C",0.0003211303789338471,1,0.0003118178983473651
"G17418T",0.00032123353678124,1,0.00031969309462915604
"C17430T",0.00995504174694926,31,0.0066168623265741725
"C17436T",0.00032133676092544985,1,0.00026096033402922753
"C17474T",0.00032102728731942215,1,0.00026308866087871614
"C17483T",0.0006422607578676942,2,0.000625
"C17491T",0.00032,1,0.00030084235860409147
"G17494C",0.00032,1,0.00031969309462915604
"A17496G",0.00064,2,0.0006321112515802782
"C17502T",0.00352,11,0.0023509296858303056
"T17522C",0.00032,1,0.0003194888178913738
"T17529C",0.00064,2,0.0006325110689437065
"T17543C",0.00032,1,0.00031928480204342275
"C17547T",0.00032,1,0.00031289111389236547
"C17550T",0.0009603072983354673,3,0.0005791505791505791
"C17555T",0.00224,7,0.0021766169154228856
"T17556G",0.0003201024327784891,1,0.0003160556257901391
"G17562A",0.0006406149903907751,2,0.0006224712107065049
"G17562T",0.00032030749519538755,1,0.0001201634222542658
"G17572T",0.000641025641025641,2,0.0006234413965087282
"A17585C",0.00032092426187419767,1,0.0003194888178913738
"C17586T",0.0019255455712451862,6,0.0016953941791466515
"G17592T",0.0003208213025344883,1,0.0003051571559353067
"G17596A",0.0003208213025344883,1,0.00031665611146295124
"C17626T",0.0009627727856225931,3,0.0009253547193090684
"C17634T",0.00032092426187419767,1,0.0002824858757062147
"A17637G",0.00032092426187419767,1,0.00030184123151222455
"G17641T",0.0012841091492776886,4,0.0012726694241170856
"T17643C",0.00032102728731942215,1,0.00031426775612822125
"C17649T",0.00032102728731942215,1,0.0002975304968759298
"T17664C",0.0006414368184733803,2,0.0005863383172090296
"A17666G",0.00032071840923669016,1,0.0003132832080200501
"C17676T",0.0006416426050689766,2,0.00030703101013202335
"G17679T",0.0006414368184733803,2,0.00047460844803037496
"A17713G",0.0016056518946692357,5,0.0014539110206455365
"G17721T",0.0006420545746388443,2,0.0005045408678102926
"A17737G",0.00032092426187419767,1,0.00031220730565095225
"C17745T",0.0006418485237483953,2,0.0005589714924538849
"C17746T",0.00032092426187419767,1,0.00021706099413935315
"T17748A",0.0016046213093709885,5,0.0015802781289506952
"C17750T",0.0012836970474967907,4,0.0010937927262783702
"C17762T",0.002246469833119384,7,0.0019476905954368391
"T17781C",0.0003211303789338471,1,0.0002755580049600441
"C17795T",0.0012845215157353885,4,0.001143837575064341
"G17808A",0.0009633911368015414,3,0.0009135200974421437
"G17814T",0.0003211303789338471,1,0.00031756113051762465
"C17822T",0.0009633911368015414,3,0.0008777062609713282
"A17841G",0.0003205128205128205,1,0.0003051571559353067
"A17844G",0.0028836911246395386,9,0.0028239723878255413
"G17848C",0.0003204101249599487,1,0.00031969309462915604
"T17872C",0.00032092426187419767,1,0.00031857279388340236
"C17913T",0.00032206119162640903,1,0.0002826455624646693
"T17919C",0.00032216494845360824,1,0.0003057169061449098
"C17939T",0.00032268473701193933,1,0.00030413625304136254
"A17961G",0.01514663229133097,47,0.014664586583463339
"G17964T",0.00032216494845360824,1,0.00030553009471432935
"T17970C",0.0006443298969072165,2,0.0006140620202640467
"C17977T",0.0016108247422680412,5,0.001127141568981064
"G17983C",0.00032216494845360824,1,0.0003194888178913738
"C17999T",0.0006501950585175553,2,0.0004693733865289838
"A18009G",0.000649772579597141,2,0.0006355258976803305
"T18012C",0.00032499187520311994,1,0.0003051571559353067
"A18023G",0.0006491398896462187,2,0.0006297229219143577
"G18025A",0.0022719896137617657,7,0.002213788741302973
"G18027T",0.0006491398896462187,2,0.000611807892321811
"C18032T",0.0003245699448231094,1,0.0002581311306143521
"T18033C",0.0003245699448231094,1,0.0003093102381688834
"C18060T",0.0019455252918287938,6,0.0013377926421404682
"C18086T",0.003892312682452157,12,0.002720471548401723
"G18090A",0.0012970168612191958,4,0.0009896091044037606
"T18096C",0.00032425421530479895,1,0.0002818489289740699
"A18102G",0.00032425421530479895,1,0.0003081664098613251
"G18105T",0.0003243593902043464,1,0.00020648358455502787
"G18106T",0.0006485084306095979,2,0.0005526388505111909
"C18107G",0.00032425421530479895,1,0.00031969309462915604
"C18115T",0.0003240440699935191,1,0.0002226179875333927
"C18120T",0.00032425421530479895,1,0.00029717682020802375
"G18127T",0.002917341977309562,9,0.0028698979591836736
"C18129T",0.000646830530401035,2,0.00046307015512850195
"C18131T",0.0016175994823681655,5,0.0005515111405250386
"A18153G",0.003555268261150614,11,0.003360831041857623
"T18159C",0.0012899064817800709,4,0.0011908306043465317
"C18162T",0.0003225806451612903,1,0.00023234200743494423
"A18163G",1,3100,0.004111618505466463
"A18165G",0.0003225806451612903,1,0.00029069767441860465
"G18170A",0.0003224766204450177,1,0.00031456432840515884
"C18171T",0.0009674298613350532,3,0.0008051529790660225
"C18176T",0.0003224766204450177,1,0.0002955082742316785
"T18177C",0.0003224766204450177,1,0.0002960331557134399
"C18183T",0.002596559558584875,8,0.0023584905660377358
"G18186T",0.0003245699448231094,1,0.0003013863773357444
"C18189T",0.0006485084306095979,2,0.0006088280060882801
"C18204A",0.00032509752925877764,1,0.0003169572107765452
"G18225T",0.0003252032520325203,1,0.0003046922608165753
"T18231C",0.0208130081300813,64,0.019881950916433674
"A18238G",0.00032530904359141186,1,0.0003155569580309246
"C18248T",0.0006504065040650406,2,0.0005688282138794084
"C18252T",0.00032530904359141186,1,0.00020588840848260242
"C18261T",0.0006508298080052066,2,0.0006016847172081829
"C18265T",0.00032605151613955004,1,0.0003178639542275906
"C18267T",0.00032605151613955004,1,0.0002797202797202797
"A18277G",0.00032289312237649337,1,0.00031357792411414236
"G18297C",0.00032310177705977385,1,0.00031969309462915604
"T18300A",0.0012944983818770227,4,0.0010689470871191875
"C18306A",0.00032299741602067185,1,0.0003171582619727244
"C18306T",0.00032299741602067185,1,0.00029197080291970805
"G18315A",0.00032299741602067185,1,0.0002874389192296637
"G18318T",0.00032310177705977385,1,0.00026350461133069827
"T18321C",0.00032289312237649337,1,0.00028851702250432774
"C18322T",0.0006459948320413437,2,0.0006186204763377668
"C18329T",0.013565891472868217,42,0.011302475780409042
"A18335G",0.00032289312237649337,1,0.0003189792663476874
"C18348T",0.0016155088852988692,5,0.0011037527593818985
"C18356T",0.00032299741602067185,1,0.00031969309462915604
"C18377T",0.0009693053311793214,3,0.0007458975634012929
"A18390G",0.00032299741602067185,1,0.00031496062992125983
"C18395T",0.0009693053311793214,3,0.0004692632566870014
"C18400T",0.00032299741602067185,1,0.00028571428571428574
"T18402C",0.00032299741602067185,1,0.0003059039461609055
"C18404T",0.00032310177705977385,1,0.00030665440049064706
"A18410G",0.00032299741602067185,1,0.0003028467595396729
"T18426C",0.00032310177705977385,1,0.00030543677458766036
"A18427T",0.0009693053311793214,3,0.0009548058561425843
"C18431T",0.0006464124111182935,2,0.0005129520389843549
"T18438C",0.0006464124111182935,2,0.0006062443164595332
"C18440T",0.00032310177705977385,1,0.000308546744831842
"C18452T",0.0009696186166774402,3,0.0008358874338255781
"T18471C",0.00032268473701193933,1,0.00022670596236681024
"C18481T",0.00032278889606197545,1,0.0003170577045022194
"C18483T",0.00032289312237649337,1,0.00028129395218002813
"C18486T",0.000641025641025641,2,0.0004829751267809708
"A18489T",0.0003204101249599487,1,0.00031959092361776926
"C18491A",0.0003206155819172812,1,0.0003181673560292714
"C18491T",0.0003206155819172812,1,0.00027586206896551725
"A18492G",0.9990387696251202,3118,0.009099956513998699
"C18508T",0.004170676932948348,13,0.0024271844660194173
"G18515T",0.0003211303789338471,1,0.0003194888178913738
"G18516C",0.00032102728731942215,1,0.00031959092361776926
"G18520A",0.0003215434083601286,1,0.00031220730565095225
"C18526T",0.0006441223832528181,2,0.0005002501250625312
"A18532-",0.00032206119162640903,1,0.00031969309462915604
"G18534C",0.00032206119162640903,1,0.00031969309462915604
"C18555T",0.004514672686230248,14,0.0016282856478250756
"C18557A",0.0019329896907216496,6,0.001890359168241966
"C18559A",0.00032216494845360824,1,0.0003190810465858328
"C18559T",0.00032216494845360824,1,0.00031191515907673113
"C18568T",0.00032206119162640903,1,0.00024354603019970775
"C18570T",0.013857557202707057,43,0.00891746163417669
"G18574A",0.00032206119162640903,1,0.0003155569580309246
"G18580T",0.00032206119162640903,1,0.00031969309462915604
"T18581C",0.0006441223832528181,2,0.0006369426751592356
"C18582T",0.0006441223832528181,2,0.000517464424320828
"T18588A",0.001932367149758454,6,0.001913265306122449
"C18591T",0.00032206119162640903,1,0.000299311583358276
"A18600C",0.000966183574879227,3,0.0009584664536741214
"C18646T",0.000321853878339234,1,0.0002550369803621525
"C18647T",0.000643707756678468,2,0.0004506534474988734
"G18653T",0.00032175032175032174,1,0.0003194888178913738
"C18654T",0.0006435006435006435,2,0.0005802146794313896
"C18657T",0.019948519948519948,62,0.002420929324482624
"C18687T",0.002251527822450949,7,0.0017073170731707317
"C18692T",0.000321646831778707,1,0.0003132832080200501
"C18693T",0.000321646831778707,1,0.00029437739181630853
"C18698T",0.0032164683177870698,10,0.0029248318221702253
"C18705T",0.000321646831778707,1,0.0002847380410022779
"T18723C",0.000321646831778707,1,0.0003059039461609055
"C18744T",0.001607717041800643,5,0.0009467903806097331
"C18747T",0.0003215434083601286,1,0.0002384358607534573
"T18750C",0.0003214400514304082,1,0.00030156815440289503
"G18756T",0.0003215434083601286,1,0.00026295030239284776
"C18788T",0.001607717041800643,5,0.0011027790030877812
"A18794G",0.0003215434083601286,1,0.0003181673560292714
"C18807T",0.00032123353678124,1,0.0003023888720895071
"C18814T",0.00032123353678124,1,0.000273972602739726
"G18816A",0.0003211303789338471,1,0.00030478512648582747
"G18816T",0.0003211303789338471,1,0.00029568302779420464
"A18818G",0.0003211303789338471,1,0.0003077870113881194
"G18826A",0.0009637006103437199,3,0.000864304235090752
"T18827C",0.00032123353678124,1,0.0003180661577608143
"C18828A",0.00032133676092544985,1,0.0003180661577608143
"G18833T",0.00032133676092544985,1,0.0003171582619727244
"A18836G",0.0006525285481239804,2,0.0006303183107469272
"T18843C",0.00032562683165092806,1,0.00031210986267166043
"T18858C",0.0003363605785401951,1,0.0003068425897514575
"T18863C",0.0016801075268817205,5,0.001557632398753894
"C18877T",0.0013377926421404682,4,0.000980632507967639
"A18879G",0.00033422459893048126,1,0.0003075030750307503
"T18882C",0.0006700167504187605,2,0.0005952380952380953
"C18888T",0.0010056989607777405,3,0.0006836827711941659
"C18894T",0.9996642041638684,2977,0.01140954001579016
"T18909C",0.0020208824520040417,6,0.0017980221756068325
"G18922A",0.0003368137420006736,1,0.00031625553447185326
"A18924C",0.00033692722371967657,1,0.00031867431485022306
"T18927C",0.009427609427609427,28,0.008687558175612783
"C18929T",0.00033692722371967657,1,0.00031026993484331366
"A18941C",0.00033852403520649965,1,0.00031867431485022306
"G18972A",0.0006722689075630252,2,0.0006169031462060457
"C18981T",0.0003360215053763441,1,0.00020470829068577277
"G18997A",0.00033692722371967657,1,0.0003061849357011635
"G19009T",0.0003333333333333333,1,0.0003028467595396729
"C19011T",0.00033344448149383126,1,0.00023084025854108956
"A19013G",0.0006666666666666666,2,0.0006287331027978623
"T19015A",0.0003333333333333333,1,0.0003194888178913738
"C19017T",0.004002668445630421,12,0.002301937464032227
"C19018T",0.0010006671114076052,3,0.0007951232441028359
"C19029T",0.0006684491978609625,2,0.00037460198539052256
"C19032T",0.001336898395721925,4,0.0010070493454179255
"C19043A",0.00033266799733865603,1,0.00031969309462915604
"A19046G",0.002329450915141431,7,0.0022314313037934334
"A19055G",0.000333000333000333,1,0.00031826861871419476
"G19072T",0.0003337783711615487,1,0.0003068425897514575
"G19096A",0.0003266906239790918,1,0.0003168567807351077
"G19101T",0.0022793878215564964,7,0.0021406727828746177
"C19118T",0.00032123353678124,1,0.00029342723004694836
"A19134G",0.0009630818619582664,3,0.0009063444108761329
"C19145T",0.0003208213025344883,1,0.0002964719833975689
"G19150T",0.0009621552277100705,3,0.000949667616334283
"C19151T",0.0003208213025344883,1,0.00027359781121751026
"C19156T",0.0006414368184733803,2,0.0005873715124816446
"C19164T",0.002246469833119384,7,0.0017019207391198638
"C19186T",0.0006435006435006435,2,0.00046125461254612545
"T19215C",0.0003215434083601286,1,0.0002871088142405972
"C19220T",0.00032175032175032174,1,0.0002516356316054353
"A19251G",0.0003215434083601286,1,0.00029086678301337986
"C19255T",0.00032216494845360824,1,0.0002830455703368242
"A19257C",0.00032206119162640903,1,0.0003190810465858328
"C19263A",0.00032175032175032174,1,0.00030358227079538557
"C19263T",0.00032175032175032174,1,0.00023207240659085636
"C19269T",0.0022522522522522522,7,0.001463210702341137
"G19300T",0.00032216494845360824,1,0.00031486146095717883
"C19317T",0.0006435006435006435,2,0.0006261740763932373
"C19325T",0.000321853878339234,1,0.00030193236714975844
"G19327T",0.000321853878339234,1,0.00030012004801920766
"A19334G",0.000321853878339234,1,0.00031466331025802394
"G19340T",0.000321853878339234,1,0.00031635558367605187
"G19342A",0.000643707756678468,2,0.0006373486297004461
"T19364C",0.000643915003219575,2,0.0006333122229259025
"C19366T",0.0019317450096587251,6,0.0015768725361366622
"C19374T",0.0016092693916961698,5,0.0012135922330097086
"T19383C",0.000643707756678468,2,0.0006242197253433209
"C19390T",0.00032175032175032174,1,0.00031308703819661864
"C19421T",0.00032175032175032174,1,0.00030721966205837174
"G19429A",0.0003211303789338471,1,0.00031338138514572234
"T19449A",0.0003215434083601286,1,0.00031635558367605187
"T19449C",0.0003215434083601286,1,0.0003079765937788728
"C19451T",0.00032030749519538755,1,0.00031735956839098697
"T19479C",0.00032071840923669016,1,0.0003176620076238882
"T19506C",0.0003211303789338471,1,0.00031377470975839345
"G19509A",0.0003211303789338471,1,0.00031152647975077883
"G19518T",0.00032071840923669016,1,0.00028336639274582036
"G19542T",0.0009618467457518436,3,0.000939261114589856
"C19547T",0.0003205128205128205,1,0.00025793139025019347
"C19554T",0.0003237293622531564,1,0.0002495632642874969
"C19572T",0.0012961762799740765,4,0.0009274287039183863
"T19584C",0.00032393909944930353,1,0.000293513354857646
"C19586T",0.0006474587245063128,2,0.0005151983513652757
"T19587G",0.0006470397929472663,2,0.0006365372374283895
"T19590C",0.0003206155819172812,1,0.0002901073397156948
"C19596A",0.0009618467457518436,3,0.0009505703422053232
"C19602T",0.0012836970474967907,4,0.0009140767824497258
"T19605C",0.004170676932948348,13,0.004133545310015898
"G19635A",0.0003208213025344883,1,0.0003167564143173899
"T19646-",0.0003208213025344883,1,0.00031969309462915604
"G19648T",0.0006416426050689766,2,0.0005768676088837611
"G19656T",0.000643293663557414,2,0.0005873715124816446
"C19662T",0.0045045045045045045,14,0.0037204358224820623
"G19666T",0.000321646831778707,1,0.00031436655139893113
"A19673G",0.0196078431372549,61,0.019297690604239165
"C19675A",0.0006428801028608164,2,0.0006365372374283895
"G19677A",0.00032123353678124,1,0.0003075030750307503
"G19684T",0.00032133676092544985,1,0.0002881014116969173
"T19685C",0.00032123353678124,1,0.0003136762860727729
"A19699G",0.00032133676092544985,1,0.0003156565656565657
"T19713C",0.0009637006103437199,3,0.0009548058561425843
"C19716T",0.00128493414712496,4,0.00016128381920083867
"A19722G",0.0019298809906722419,6,0.0001234034676374406
"G19723A",0.00064246707356248,2,0.0006313131313131314
"G19735C",0.00032123353678124,1,0.0003194888178913738
"G19735T",0.00032123353678124,1,0.00029507229271171436
"T19737C",0.00032133676092544985,1,0.00031308703819661864
"A19740G",0.00064246707356248,2,0.0006289308176100629
"A19742G",0.00032123353678124,1,0.00031735956839098697
"T19755C",0.0006426735218508997,2,0.0005834305717619603
"C19763T",0.0019280205655526992,6,0.0015535991714137752
"A19779G",0.0003354579000335458,1,0.0003074085459575776
"T19791A",0.00034376074252320387,1,0.00031959092361776926
"A19812G",0.006258692628650904,18,0.005626758361988122
"A19821G",0.00034626038781163435,1,0.0003097893432465923
"T19839C",0.0006956521739130435,2,0.000585308750365818
"T19842C",0.001391304347826087,4,0.001218026796589525
"C19862T",0.0003465003465003465,1,0.0002591344908007256
"C19881T",0.0010570824524312897,3,0.0008787346221441124
"C19884T",0.0010578279266572638,3,0.00034574161576581767
"G19891A",0.00035285815102328866,1,0.0003077870113881194
"C19895T",0.012702893436838392,36,0.01064773735581189
"T19896A",0.00035323207347227127,1,0.0003194888178913738
"G19900A",0.00035285815102328866,1,0.00031338138514572234
"G19900T",0.0007057163020465773,2,0.0006357279084551812
"C19910T",0.00035174111853675694,1,0.00031466331025802394
"C19938T",0.0003518648838845883,1,0.0003097893432465923
"G19947A",0.00035198873636043646,1,0.00031466331025802394
"G19947T",0.00035198873636043646,1,0.00030950170225936243
"C19955G",0.001053740779768177,3,0.0009433962264150943
"C19955T",0.9989462592202318,2844,0.004029276005406371
"A19960G",0.002452697967764541,7,0.0022222222222222222
"C19961T",0.00035075412136092597,1,0.00025412960609911054
"T19964C",0.0035001750087504373,10,0.00311332503113325
"C19970T",0.0003487966515521451,1,0.0003036744609778318
"C19977T",0.00034965034965034965,1,0.00031456432840515884
"C19983T",0.015389996502273523,44,0.006445941986522121
"G20002T",0.0003480682213713888,1,0.0002983293556085919
"A20003G",0.0017409470752089136,5,0.001561524047470331
"A20015G",0.00034831069313827936,1,0.00031756113051762465
"C20016T",0.0013932427725531174,4,0.0009590026372572524
"G20033T",0.00034782608695652176,1,0.0003189792663476874
"A20055G",0.9943105756358769,2971,0.0041433709551230114
"A20055T",0.00033467202141900936,1,0.00029086678301337986
"C20074G",0.0003322259136212625,1,0.0003194888178913738
"C20091T",0.005645964795748921,17,0.005206738131699847
"T20100C",0.00033344448149383126,1,0.0003069367710251688
"T20103C",0.0006664445184938354,2,0.0006369426751592356
"C20104T",0.0010013351134846463,3,0.0005499541704857929
"C20115T",0.0010080645161290322,3,0.0008973975471133712
"G20134A",0.000999666777740753,3,0.0008888888888888889
"A20139G",0.000333555703802535,1,0.0003171582619727244
"C20148T",0.035035035035035036,105,0.023127753303964757
"A20163G",0.0006695681285570807,2,0.0005182689816014512
"C20178T",0.004696410600469641,14,0.000709795173392821
"T20185C",0.0003362474781439139,1,0.00030175015087507544
"T20205C",0.00033715441672285906,1,0.00031191515907673113
"A20226T",0.0023561090541905083,7,0.002237851662404092
"C20233T",0.0003365870077415012,1,0.000209819555182543
"C20234A",0.0003370407819346141,1,0.0003158559696778269
"C20235T",0.0020222446916076846,6,0.0005536587616499031
"G20238T",0.0006743088334457181,2,0.0005511160099200882
"C20259T",0.0003365870077415012,1,0.00030637254901960784
"G20274A",0.0010111223458038423,3,0.0009517766497461929
"G20275T",0.006066734074823054,18,0.005476118040766657
"A20276G",0.00033647375504710633,1,0.0003158559696778269
"A20304G",0.0003367003367003367,1,0.00031026993484331366
"A20309G",0.0003365870077415012,1,0.0003154574132492114
"C20313T",0.0030241935483870967,9,0.0027889680818097306
"C20316T",0.0003361344537815126,1,0.0003094059405940594
"A20323G",0.00033647375504710633,1,0.0003169572107765452
"T20349G",0.0003360215053763441,1,0.0003189792663476874
"G20356T",0.0023537323470073975,7,0.0021618282890673254
"C20384T",0.0009927200529450694,3,0.0008615738081562321
"G20397T",0.0026101141924959217,8,0.0024775472282440383
"A20399G",0.00032605151613955004,1,0.0003190810465858328
"C20404T",0.000651890482398957,2,0.0005150656708730364
"A20412C",0.005252790544977019,16,0.005111821086261981
"A20412G",0.00032829940906106366,1,0.00031466331025802394
"C20451T",0.005232177894048398,16,0.0036849378166743437
"C20457T",0.0006538084341288003,2,0.0006108735491753207
"C20462T",0.001310615989515072,4,0.0011979634621144056
"G20464T",0.000327653997378768,1,0.00031026993484331366
"C20470A",0.0003278688524590164,1,0.00031416902293433867
"C20474T",0.0003284072249589491,1,0.00029886431560071725
"G20477T",0.0003281916639317361,1,0.0003026634382566586
"C20480T",0.0006563833278634722,2,0.0005037783375314861
"T20482G",0.000981675392670157,3,0.0009566326530612245
"C20483T",0.0009810333551340746,3,0.0007905138339920949
"G20489T",0.0009807126511932004,3,0.0009088155104513784
"G20500A",0.0009836065573770492,3,0.0009398496240601503
"C20544T",0.0009878169245966415,3,0.0007855459544383347
"T20561C",0.0013170892327955218,4,0.0012718600953895071
"G20568T",0.0003290556103981573,1,0.00031735956839098697
"G20569T",0.0006576783952647156,2,0.0006309148264984228
"C20574T",0.0006581112207963146,2,0.0006033182503770739
"G20580T",0.0003288391976323578,1,0.0002918004085205719
"A20620G",0.0003274394237066143,1,0.0003170577045022194
"G20626A",0.000655307994757536,2,0.0006232471174820816
"C20628T",0.000982961992136304,3,0.0007884362680683311
"T20642C",0.00032776138970829236,1,0.00031969309462915604
"C20646T",0.00032754667540124465,1,0.00030321406913280777
"G20670A",0.00032393909944930353,1,0.0002838489923360772
"G20679A",0.00130718954248366,4,0.001146131805157593
"C20703T",0.0006533812479581836,2,0.00045682960255824577
"G20709T",0.0006533812479581836,2,0.0006215040397762585
"A20713-",0.000326797385620915,1,0.00031938677738741617
"G20714-",0.000326797385620915,1,0.00031938677738741617
"A20715-",0.00032690421706440013,1,0.00031959092361776926
"G20718T",0.00032690421706440013,1,0.00031575623618566466
"C20719T",0.0003270111183780249,1,0.00025647601949217746
"T20723C",0.0003270111183780249,1,0.0003194888178913738
"A20735G",0.0003278688524590164,1,0.0003189792663476874
"C20740A",0.00032797638570022957,1,0.00031357792411414236
"A20742C",0.009520682862770847,29,0.009079524107701941
"C20759T",0.002952755905511811,9,0.0017165744802593935
"C20762G",0.00032829940906106366,1,0.0003194888178913738
"C20762T",0.0013131976362442547,4,0.0007960199004975124
"T20799C",0.0036112934996717005,11,0.0025821596244131454
"C20801T",0.0006568144499178982,2,0.0006323110970597534
"C20806T",0.000984898227183191,3,0.0008705745792222867
"G20808A",0.00032829940906106366,1,0.0003075030750307503
"T20811C",0.0006563833278634722,2,0.0006018657839301836
"C20823T",0.007879185817465528,24,0.005641748942172073
"C20825T",0.000984898227183191,3,0.0009146341463414635
"C20842-",0.0003284072249589491,1,0.00031959092361776926
"C20844T",0.008210180623973728,25,0.0063971340839304
"G20853T",0.00032829940906106366,1,0.0003180661577608143
"T20877C",0.0016414970453053185,5,0.0015743073047858943
"G20899A",0.0003281916639317361,1,0.0003194888178913738
"G20905A",0.000984251968503937,3,0.0009502692429521698
"G20919A",0.00032797638570022957,1,0.00030432136335970786
"C20930T",0.0026246719160104987,8,0.0015168752370117557
"G20931T",0.00032797638570022957,1,0.0002924831822170225
"G20937T",0.0003281916639317361,1,0.0003074085459575776
"C20938A",0.0013114754098360656,4,0.0012682308180088776
"T20950A",0.0006557377049180328,2,0.0006373486297004461
"T20955C",0.0006557377049180328,2,0.0006209251785159888
"C20970A",0.000327653997378768,1,0.00031746031746031746
"T20982C",0.00032754667540124465,1,0.00031220730565095225
"G20995T",0.000655307994757536,2,0.0005641748942172073
"C21008T",0.0006527415143603133,2,0.0005880623346074683
"A21012G",0.0006527415143603133,2,0.0006197706848466068
"T21015C",0.0006527415143603133,2,0.0006058770069675856
"C21057T",0.000326797385620915,1,0.00023623907394283014
"A21071G",0.00032690421706440013,1,0.00031746031746031746
"T21075C",0.0006540222367560497,2,0.000631911532385466
"C21077T",0.001962708537782139,6,0.001213101496158512
"A21079G",0.0003270111183780249,1,0.0003190810465858328
"G21123T",0.003594771241830065,11,0.001596053395240859
"A21137G",0.004900359359686377,15,0.0005197685297480856
"C21145T",0.0006540222367560497,2,0.0005073566717402334
"T21146G",0.0009810333551340746,3,0.0009538950715421304
"T21158C",0.0026169447170428526,8,0.0025133521834747093
"G21159A",0.00032711808963035657,1,0.00031338138514572234
"G21204A",0.0006533812479581836,2,0.0006064281382656155
"C21214T",0.00032690421706440013,1,0.0003009328919650918
"C21219T",0.00065359477124183,2,0.0005446623093681918
"G21220T",0.0009797517962116264,3,0.0009239297813366184
"G21232A",0.0006527415143603133,2,0.0006207324643078833
"C21234T",0.0006533812479581836,2,0.0005767012687427913
"T21235C",0.00032658393207054214,1,0.0003190810465858328
"G21255C",0.004245591116917048,13,0.003071107961256792
"G21255T",0.00032658393207054214,1,0.0001802451333813987
"T21278C",0.0003266906239790918,1,0.00031938677738741617
"T21294A",0.0009800718719372753,3,0.0008205689277899343
"G21295A",0.0009800718719372753,3,0.0008141112618724559
"G21296A",0.0009800718719372753,3,0.0008066684592632429
"C21302T",0.0009800718719372753,3,0.0007903055848261328
"C21304A",0.004901960784313725,15,0.0030706243602865915
"C21304T",0.000326797385620915,1,0.00029437739181630853
"G21305A",0.004575163398692811,14,0.0029227557411273487
"C21306T",0.0035935968637700096,11,0.0022476501838986514
"C21310A",0.0009800718719372753,3,0.000946969696969697
"T21333C",0.013067624959163672,40,0.012654223347042075
"C21342T",0.0006525285481239804,2,0.0006116207951070336
"T21357C",0.0016297262059973925,5,0.0014624159110851126
"C21364T",0.0003259452411994785,1,0.0003022061045633122
"C21365T",0.000651890482398957,2,0.0005602240896358543
"T21369C",0.0003259452411994785,1,0.0003076923076923077
"A21405G",0.00033145508783559825,1,0.0003167564143173899
"C21409T",0.0003316749585406302,1,0.00031426775612822125
"A21417G",0.0006633499170812604,2,0.0005792064871126556
"G21423A",0.0003315649867374005,1,0.0003117206982543641
"T21432A",0.0006613756613756613,2,0.0006389776357827476
"T21432C",0.002976190476190476,9,0.0028662420382165603
"C21440T",0.0009917355371900827,3,0.0009177118384827164
"T21441C",0.0006611570247933885,2,0.0006299212598425197
"A21461C",0.0009917355371900827,3,0.0009584664536741214
"C21516T",0.0003332222592469177,1,0.0002883506343713956
"G21523T",0.0036666666666666666,11,0.003411910669975186
"A21532G",0.0003333333333333333,1,0.00031625553447185326
"C21552T",0.001668335001668335,5,0.001466275659824047
"A21562-",0.000333667000333667,1,0.00029129041654529564
"C21575T",0.006568144499178982,20,0.0018883958077613068
"A21583G",0.003933136676499509,12,0.003257328990228013
"C21595T",0.00032829940906106366,1,0.00023934897079942556
"G21604T",0.00032797638570022957,1,0.00025906735751295336
"T21610C",0.038871951219512195,102,0.011706645242740732
"A21611-",0.0026465028355387526,7,0.002184769038701623
"A21612-",0.0027569909413154787,7,0.0021964229683087543
"T21613-",0.0027613412228796844,7,0.002197112366603892
"C21614T",0.0003951007506914263,1,0.0002288329519450801
"A21617G",0.0003951007506914263,1,0.00029515938606847696
"C21618G",0.00039556962025316455,1,0.0002592016588906169
"C21618T",0.9972310126582279,2521,0.0034840990473663336
"A21619T",0.0007898894154818325,2,0.0006153846153846154
"C21621T",0.0007898894154818325,2,0.0005894488653109342
"C21622-",0.0007939658594680428,2,0.0006193868070610096
"C21622T",0.9976181024215959,2513,0.009869997250697145
"A21623-",0.0007905138339920949,2,0.0006186204763377668
"G21624-",0.0007911392405063291,2,0.0006180469715698393
"G21624C",0.997626582278481,2522,0.010134782154424826
"C21627A",0.002766798418972332,7,0.00010451348970542127
"T21632-",0.0007914523149980214,2,0.00028328611898016995
"T21633-",0.9948652118100129,2325,0.0032550943977375344
"A21634-",0.9987113402061856,2325,0.003254998698000521
"C21635-",0.9991408934707904,2326,0.003247959203621628
"C21636-",0.9991408934707904,2326,0.003247959203621628
"C21637-",0.9991408934707904,2326,0.0032480181643251426
"C21638-",0.9987118935165307,2326,0.0032481134130606
"C21639-",0.9991408934707904,2326,0.0032481224846600924
"T21640-",0.9965724078834619,2326,0.003248508074483849
"G21641-",0.9196675900277008,2324,0.0032631054261062476
"G21641C",0.0007914523149980214,2,0.0005988023952095808
"G21641T",0.0779580530273051,197,0.01806510774873911
"C21642-",0.00032637075718015666,1,0.00020230629172567267
"A21643-",0.0003262642740619902,1,0.00020247013565499088
"T21644C",0.0003262642740619902,1,0.0002935995302407516
"C21646T",0.000326477309826967,1,0.000241196333815726
"C21648A",0.0039126181936746,12,0.0037688442211055275
"A21650G",0.00032605151613955004,1,0.00031347962382445143
"A21651-",0.0016307893020221786,5,0.0015028554253080854
"T21652-",0.001639344262295082,5,0.0015028554253080854
"T21653-",0.04563361785948785,139,0.0016860747210092188
"C21654-",0.04466338259441708,136,0.0016500048529554498
"C21654A",0.0003284072249589491,1,0.0003180661577608143
"C21654T",0.007881773399014778,24,0.003515453347004541
"T21655-",0.05064935064935065,156,0.0018922623451923194
"T21656-",0.007133592736705577,22,0.006128133704735376
"T21656G",0.0019455252918287938,6,0.0019096117122851686
"T21657-",0.00648508430609598,20,0.0058702670971529205
"C21658T",0.0016202203499675956,5,0.0011539349180706207
"C21660T",0.0006474587245063128,2,0.0005973715651135006
"G21663T",0.0003238341968911917,1,0.00031645569620253165
"G21666T",0.0003237293622531564,1,0.0003083564600678384
"C21678T",0.0003234152652005175,1,0.000315955766192733
"T21688C",0.0016175994823681655,5,0.001554726368159204
"C21691T",0.003562176165803109,11,0.002156862745098039
"A21694G",0.0003238341968911917,1,0.00031665611146295124
"C21711T",0.9949272911734867,2942,0.010966277392396665
"T21715C",0.0023513604299630502,7,0.0021820448877805485
"T21728G",0.011832319134550372,35,0.010903426791277258
"C21736T",0.000676132521974307,2,0.0005305039787798408
"T21737C",0.010497798848628514,31,0.00536239404947241
"T21737G",0.0013545546901456147,4,0.0012759170653907496
"T21738C",0.001016949152542373,3,0.00008587868204849283
"T21739G",0.011490368367691788,34,0.010841836734693877
"G21746T",0.0013550135501355014,4,0.0011484352569623888
"T21747C",0.0020325203252032522,6,0.0018987341772151898
"T21752C",0.00033921302578018993,1,0.00031210986267166043
"T21760C",0.0003386386725364037,1,0.00030376670716889426
"C21762T",0.00033886818027787193,1,0.00019623233908948196
"A21764-",0.005103776794828173,15,0.0032502708559046588
"T21765-",0.9899436846339501,2461,0.007469957778499512
"A21766-",0.9939418416801292,2461,0.007467895030709101
"A21766C",0.0004038772213247173,1,0.00031496062992125983
"A21766T",0.0012116316639741518,3,0.0007786140669608098
"C21767-",0.9991919191919192,2473,0.00746834334447696
"A21768-",0.994341147938561,2460,0.007457053736256741
"T21769-",0.9975669099756691,2460,0.007457370215990905
"G21770-",0.9930978481526593,2446,0.007471782261390191
"G21770A",0.004060089321965083,10,0.002911208151382824
"T21771-",0.0010197144799456153,3,0.000757002271006813
"T21771C",0.0006798096532970768,2,0.0006103143118706134
"C21772-",0.001017293997965412,3,0.0007606490872210953
"G21777A",0.00169548999660902,5,0.0013970382788488405
"G21777T",0.00033909799932180403,1,0.0003050640634533252
"G21778A",0.00033886818027787193,1,0.00030646644192460924
"C21781T",0.00033875338753387534,1,0.0002938583602703497
"G21786T",0.00033829499323410016,1,0.00025713551041398817
"C21789G",0.0003386386725364037,1,0.0003184713375796178
"G21793A",0.0013545546901456147,4,0.0012372409526755336
"C21805T",0.0003386386725364037,1,0.0003112356053532524
"C21811T",0.0006772773450728074,2,0.00015576323987538941
"C21812A",0.00033886818027787193,1,0.00028901734104046245
"C21812T",0.0023720772619451034,7,0.0015996343692870202
"C21815T",0.001694915254237288,5,0.0014667057788207685
"T21826C",0.00034002040122407346,1,0.0003125
"T21832C",0.0010200612036722204,3,0.000949667616334283
"T21841A",0.0006793478260869565,2,0.0006389776357827476
"C21846T",0.004411265693926026,13,0.002452367477834371
"T21847A",0.0003399048266485384,1,0.0003132832080200501
"G21853T",0.0006765899864682003,2,0.0006044122091266244
"C21855T",0.0006768189509306261,2,0.0004110152075626798
"T21864C",0.00033921302578018993,1,0.0002554931016862545
"G21873T",0.00033277870216306157,1,0.0003191828917969997
"G21874T",0.0003315649867374005,1,0.00031928480204342275
"G21893A",0.0006611570247933885,2,0.0005588153115395362
"T21916C",0.0019386106623586429,6,0.0018933417481855476
"C21928T",0.00032530904359141186,1,0.00027159152634437803
"T21934C",0.001625487646293888,5,0.001537042729787888
"G21941A",0.0006527415143603133,2,0.0006345177664974619
"G21941T",0.9990208877284595,3061,0.010883245987669684
"T21961C",0.0003243593902043464,1,0.00031735956839098697
"G21974C",0.0006487187804086928,2,0.0006178560395427865
"G21987A",0.990909090909091,3052,0.004100298789793857
"T21991C",0.0003477051460361613,1,0.0003116235587410408
"T21992-",0.9885137486947442,2840,0.004491787462535488
"A21993-",0.9919608528486543,2838,0.004489604146002306
"T21994-",0.9277305428384565,2837,0.004490622244804602
"T21995-",0.0013076168682576005,4,0.0005817335660267597
"T21995C",0.00032690421706440013,1,0.00029036004645760743
"A21996-",0.0013050570962479609,4,0.0006146281499692685
"C21997-",0.0013016596160104132,4,0.0007554296506137865
"C21998-",0.0003245699448231094,1,0.00021048200378867606
"C21998T",0.04608893216488153,142,0.03631713554987212
"A21999-",0.0003244646333549643,1,0.00023304591004427873
"C22000-",0.00032754667540124465,1,0.00023282887077997672
"C22000T",0.0022928267278087126,7,0.0016623129897886488
"A22004T",0.0025948751216347712,8,0.0024898848428260194
"A22010G",0.0006487187804086928,2,0.00048508367693427115
"A22011G",0.0003245699448231094,1,0.0002955082742316785
"G22014T",0.0003243593902043464,1,0.0002965599051008304
"T22016A",0.0003244646333549643,1,0.0002920560747663551
"T22016C",0.0003244646333549643,1,0.00002735304576164556
"G22021T",0.0016228497241155468,5,0.001166316771635176
"G22022A",0.0003243593902043464,1,0.00031756113051762465
"A22025G",0.0003244646333549643,1,0.000315357931251971
"G22026T",0.0003244646333549643,1,0.00030665440049064706
"T22032C",0.9973779088823337,3043,0.01082455890722823
"C22033A",0.9993444772205834,3049,0.008922274667938629
"A22034G",0.9993444772205834,3049,0.010873131347711971
"G22051C",0.0003245699448231094,1,0.0003179650238473768
"T22054C",0.0003245699448231094,1,0.00029967036260113877
"A22069G",0.0003246753246753247,1,0.0003132832080200501
"T22072C",0.00032499187520311994,1,0.0003057169061449098
"C22075T",0.0003247807729782397,1,0.0002845759817871372
"C22077T",0.0003248862897985705,1,0.00026845637583892615
"C22079G",0.005847953216374269,18,0.005683612251341964
"A22080G",0.0019499512512187196,6,0.0018438844499078057
"C22088T",0.001948684637869438,6,0.0010085728693898135
"G22094A",0.0003248862897985705,1,0.00028336639274582036
"G22103C",0.00032393909944930353,1,0.0003057169061449098
"G22104A",0.0006478781988986071,2,0.0005991611743559018
"G22104T",0.014901198574667962,46,0.010560146923783287
"A22106G",0.00032414910858995135,1,0.0002190100744634253
"A22107G",0.002593192868719611,8,0.00019945150835203192
"A22108C",0.0006491398896462187,2,0.0003566333808844508
"C22109G",0.0003240440699935191,1,0.0000028565470630411372
"A22110G",0.0006482982171799027,2,0.0006209251785159888
"G22111T",0.00032425421530479895,1,0.00005642385600631947
"G22112A",0.0019442644199611147,6,0.000525808430461835
"G22113T",0.0022668393782383418,7,0.0011788480970023577
"A22115G",0.000974025974025974,3,0.00019399896533885152
"A22116-",0.001948051948051948,6,0.0008320621273055055
"A22116C",0.0012987012987012987,4,0.0011135857461024498
"T22117-",0.001948051948051948,6,0.0008320621273055055
"T22118-",0.001948684637869438,6,0.0008322929671244278
"T22119C",0.0003247807729782397,1,0.00024888003982080636
"C22120T",0.000974342318934719,3,0.0007438631291842301
"A22123T",0.0006493506493506494,2,0.0006357279084551812
"G22131T",0.0003248862897985705,1,0.00031036623215394165
"G22132T",0.0019499512512187196,6,0.00010616838305552606
"G22139T",0.0003244646333549643,1,0.00025451768897938407
"G22141T",0.0006489292667099286,2,0.0006381620931716656
"A22178G",0.0003237293622531564,1,0.0003194888178913738
"A22193-",0.0003225806451612903,1,0.00030147723846849563
"A22194-",0.9943559096945551,2995,0.010738500482246515
"T22195-",0.9963406520292748,2995,0.010738153969710876
"T22196-",0.999001996007984,3003,0.010741495868655436
"T22197-",0.0025999350016249595,8,0.0020757654385054488
"T22200A",0.002600780234070221,8,0.00002225182951760815
"T22200G",0.9957737321196359,3063,0.007748192594316475
"G22203A",0.0006489292667099286,2,0.0005712653527563553
"G22205T",0.0009727626459143969,3,0.0008818342151675485
"T22207C",0.0025756600128783,8,0.002308136180034622
"C22208T",0.9977455716586151,3098,0.010949704873997101
"T22213C",0.0006430868167202572,2,0.0006155740227762388
"C22224T",0.0022500803600128574,7,0.001793032786885246
"G22225T",0.0006428801028608164,2,0.0005538631957906397
"G22226A",0.00032133676092544985,1,0.00031387319522912746
"C22227T",0.0003214400514304082,1,0.00022217285047767163
"A22231G",0.0003214400514304082,1,0.0003151591553734636
"G22257T",0.0003245699448231094,1,0.00031826861871419476
"T22261C",0.0003247807729782397,1,0.00031625553447185326
"C22264T",0.0006499837504062399,2,0.00043591979075850045
"G22272T",0.0003255208333333333,1,0.00029342723004694836
"C22281A",0.00032562683165092806,1,0.00031867431485022306
"C22281T",0.002930641484858352,9,0.0024330900243309003
"T22282C",0.00032583903551645487,1,0.00030703101013202335
"C22295A",0.9996741609644836,3068,0.011016316212800184
"C22311T",0.007173133355070101,22,0.00661455201443175
"G22317T",0.0006521030322791001,2,0.000006705873674751715
"T22321C",0.000651890482398957,2,0.0005689900426742532
"C22323T",0.0013033561420658195,4,0.0009638554216867469
"T22325-",0.0003259452411994785,1,0.0003156565656565657
"C22326-",0.00032605151613955004,1,0.0003156565656565657
"C22326T",0.0013042060645582002,4,0.000774593338497289
"T22327-",0.00032605151613955004,1,0.0003156565656565657
"T22328-",0.0003259452411994785,1,0.00031426775612822125
"T22328C",0.001955671447196871,6,0.0017094017094017094
"C22329-",0.0003259452411994785,1,0.00031387319522912746
"C22329T",0.0022816166883963492,7,0.001393312101910828
"A22330-",0.0003259452411994785,1,0.00031377470975839345
"A22330T",0.0029335071707953064,9,0.0028213166144200625
"G22331-",0.0003259452411994785,1,0.00031308703819661864
"G22332-",0.0003259452411994785,1,0.00031289111389236547
"G22332T",0.0009778357235984355,3,0.0008678044547295343
"T22333-",0.0003262642740619902,1,0.00031298904538341156
"A22337C",0.00032615786040443573,1,0.000318775900541919
"C22338T",0.000652954619653934,2,0.0005204267499349467
"A22339T",0.00032658393207054214,1,0.00031857279388340236
"C22347T",0.0003270111183780249,1,0.0002962962962962963
"C22350T",0.0032658393207054214,10,0.002808199943836001
"C22353A",0.9928128062724599,3039,0.010995292900275335
"C22377A",0.0003262642740619902,1,0.00029877502240812666
"T22378A",0.0003262642740619902,1,0.0003176620076238882
"C22388T",0.002612671456564337,8,0.0018034265103697023
"T22402C",0.0003262642740619902,1,0.00031525851197982345
"A22411G",0.00032637075718015666,1,0.0003161555485298767
"C22414T",0.0009791122715404699,3,0.0006666666666666666
"G22421A",0.0009791122715404699,3,0.0009475679090334807
"T22423C",0.0016329196603527107,5,0.001546551190844417
"G22436T",0.0003274394237066143,1,0.0003151591553734636
"C22439T",0.0009819967266775777,3,0.0009293680297397769
"C22444T",0.000327653997378768,1,0.00026932399676811203
"C22450A",0.0006563833278634722,2,0.0006317119393556538
"C22450T",0.0006563833278634722,2,0.0003875968992248062
"C22480T",0.00032938076416337287,1,0.000014601098002569794
"C22482T",0.0009878169245966415,3,0.0006197066721751704
"G22487C",0.0006591957811470006,2,0.000591016548463357
"C22498T",0.0006514657980456026,2,0.00047025628967787447
"C22522T",0.0006572461386789353,2,0.0005894488653109342
"C22530T",0.0009874917709019092,3,0.0005473453749315818
"A22531G",0.00032938076416337287,1,0.0003050640634533252
"A22531T",0.00032938076416337287,1,0.000315059861373661
"T22549C",0.00033046926635822867,1,0.00031201248049921997
"C22550T",0.00033057851239669424,1,0.00030003000300030005
"A22556G",0.9990082644628099,3022,0.010913647838035976
"G22569C",0.00033189512114171923,1,0.00031928480204342275
"C22570T",0.009302325581395349,28,0.0021257212268448226
"T22573C",0.00033344448149383126,1,0.0003136762860727729
"T22576C",0.00033422459893048126,1,0.00031338138514572234
"G22577C",0.9989969909729187,2988,0.004546229125079118
"G22577T",0.0006686726847208291,2,0.0005223295899712719
"G22578A",0.9996658870698296,2992,0.004037372685122714
"G22580C",0.00033400133600534405,1,0.00029171528588098014
"T22588C",0.0016567263088137839,5,0.0015571473061351605
"C22591T",0.024495200264812975,74,0.01563490386646947
"C22594G",0.0003307972213033411,1,0.000315357931251971
"C22594T",0.0006615944426066821,2,0.0004807692307692308
"C22597T",0.0019828155981493722,6,0.0015814443858724301
"G22599C",0.9996682149966821,3013,0.005522057071641955
"C22624A",0.0003297065611605671,1,0.00030048076923076925
"C22624T",0.0003297065611605671,1,0.00009984025559105431
"A22629C",0.9920053297801465,2978,0.010492898442977898
"C22642T",0.0033068783068783067,10,0.003104625892579944
"A22671G",0.0003315649867374005,1,0.00031826861871419476
"C22674T",0.999001996007984,3003,0.004078506150354679
"T22679C",1,3016,0.004092771291977707
"C22686T",0.9996682149966821,3013,0.004092776853329711
"A22688G",1,3012,0.004102323832976037
"C22689T",0.000663129973474801,2,0.0006317119393556538
"T22702C",0.0003290556103981573,1,0.0002932551319648094
"C22712T",0.0003290556103981573,1,0.00030048076923076925
"C22716T",0.00032927230819888045,1,0.0002626740215392698
"T22726C",0.0009878169245966415,3,0.0009339975093399751
"C22735T",0.0003288391976323578,1,0.00030102347983142685
"T22762C",0.0003284072249589491,1,0.0003171582619727244
"G22770A",0.9940145361265498,2325,0.009510836217264316
"G22775A",0.9993446920052425,3050,0.004088970638509523
"G22785A",0.0006525285481239804,2,0.0006042296072507553
"G22785C",0.0003262642740619902,1,0.0003191828917969997
"A22786C",0.9983520105471325,3029,0.004197488435773854
"A22786T",0.0006591957811470006,2,0.0004514672686230248
"C22792T",0.0013266998341625207,4,0.00010011262670504317
"T22795G",0.33612040133779264,1005,0.16028708133971292
"A22798C",0.00033046926635822867,1,0.0003183699458771092
"G22813T",0.9923966942148761,3002,0.004288981945414775
"T22831C",0.0003297065611605671,1,0.0003059039461609055
"A22834G",0.0009894459102902375,3,0.0009442870632672333
"T22835C",0.0009910802775024777,3,0.0008549444286121402
"A22850G",0.0003316749585406302,1,0.0003176620076238882
"C22858T",0.0009963467286615742,3,0.000302571860816944
"G22865T",0.0006642311524410495,2,0.00012470382840753212
"A22881G",0.0006633499170812604,2,0.000500751126690035
"T22882G",0.9980073065426769,3005,0.004074554171909576
"C22883G",0.00033211557622052476,1,0.000308546744831842
"C22883T",0.0009963467286615742,3,0.0008605851979345956
"A22893G",0.0003354579000335458,1,0.000026607774791794163
"G22895C",0.9953020134228188,2966,0.004790492664860945
"G22895T",0.003691275167785235,11,0.0030959752321981426
"T22896A",0.9976470588235294,2968,0.01336250754117255
"T22896C",0.0010084033613445378,3,0.00000839783335899338
"T22896G",0.0003361344537815126,1,0.000020975793933800394
"T22897A",0.000335795836131632,1,0.00031486146095717883
"G22898A",0.9993281827342962,2975,0.004545982421182597
"G22899C",0.0003355704697986577,1,0.0003118178983473651
"T22900C",0.0030201342281879194,9,0.0028445006321112516
"A22910G",0.9996645420999665,2980,0.010715724066509407
"C22915T",0.0003355704697986577,1,0.00028677946659019213
"C22916T",0.9993286337697214,2977,0.0108336092986357
"T22917G",0.9996648793565683,2983,0.007416413071583428
"A22922C",0.00033444816053511704,1,0.00031887755102040814
"T22926C",0.9996649916247906,2984,0.011140813309239706
"T22928C",0.9986590680522963,2979,0.014089703023681484
"T22928G",0.0006704659738518271,2,0.0004570383912248629
"G22933A",0.0023333333333333335,7,0.0019083969465648854
"T22939C",0.001987413050679033,6,0.0018826482585503608
"T22942A",0.9993368700265252,3014,0.008871568301362525
"C22945T",0.0003307972213033411,1,0.0002166377816291161
"T22951G",0.0016561775422325273,5,0.0015938795027095952
"C22978T",0.0045901639344262295,14,0.0034347399411187437
"G22985T",0.0003284072249589491,1,0.0003075030750307503
"C22986T",0.0023003614853762734,7,0.0005332927015084565
"C22987T",0.0009871668311944718,3,0.0007425742574257426
"G22992A",0.9993386243386243,3022,0.004026445030098409
"C22993T",0.0013227513227513227,4,0.0005769508149430262
"A22994C",0.0006615944426066821,2,0.0005798782255726297
"A22994G",0.0016539861065167053,5,0.0011953143676786994
"C22995A",0.9940456500165399,3005,0.004482672717156032
"A22996G",0.0006618133686300463,2,0.0006363347120585428
"A23004G",0.0006626905235255136,2,0.0005430355688297583
"T23005A",0.9973359973359973,2995,0.010805213921589143
"T23005C",0.000333000333000333,1,0.00030321406913280777
"T23005G",0.000333000333000333,1,0.00030211480362537764
"G23009-",0.9957886676875957,2601,0.010467390516970775
"G23009A",0.00038284839203675346,1,0.0002992220227408737
"T23010-",0.995783825220391,2598,0.010457337444352312
"T23011-",0.8648018648018648,2597,0.010454953522357176
"T23011A",0.000333000333000333,1,0.00031575623618566466
"G23012A",0.9979993331110371,2993,0.010806107454517226
"A23013C",0.00033277870216306157,1,0.000002111196731867459
"G23016T",0.0003325573661456601,1,0.00031240237425804435
"T23018C",0.9983361064891847,3000,0.004768618674228636
"T23019C",0.9986702127659575,3004,0.004566147578984169
"T23023C",0.0036101083032490976,11,0.0034482758620689655
"T23031C",0.0003278688524590164,1,0.0000027088305166010677
"C23039G",0.0003290556103981573,1,0.000007326544069162576
"A23044T",0.00032711808963035657,1,0.00031466331025802394
"A23055G",0.9986842105263158,3036,0.004043848315729185
"C23059T",0.00033046926635822867,1,0.0002964719833975689
"A23063T",1,3028,0.00403018110526519
"G23069T",0.00033057851239669424,1,0.00031887755102040814
"G23073A",0.000986842105263158,3,0.0009566326530612245
"T23075C",0.9960565231679264,3031,0.004039884361475684
"A23080G",0.0006557377049180328,2,0.0006159531875577456
"C23086T",0.0009810333551340746,3,0.0004996668887408394
"C23099T",0.001305909239307868,4,0.0011661807580174927
"C23111T",0.00032331070158422246,1,0.0003097893432465923
"C23114T",0.000646830530401035,2,0.0004997501249375312
"A23125T",0.0003225806451612903,1,0.00030111412225233364
"G23149T",0.00032133676092544985,1,0.00023747328425552126
"C23170T",0.0009630818619582664,3,0.0008931229532598987
"T23182C",0.00032102728731942215,1,0.00031318509238960227
"T23184A",0.00032102728731942215,1,0.00031938677738741617
"C23185T",0.00032102728731942215,1,0.00023266635644485808
"C23188T",0.008667736757624398,27,0.007692307692307693
"C23191T",0.0009630818619582664,3,0.0005046257359125315
"C23202A",0.00064246707356248,2,0.0004406256884776382
"C23202T",0.00064246707356248,2,0.0001999000499750125
"T23215C",0.00032102728731942215,1,0.00031857279388340236
"G23222A",0.9996786632390745,3111,0.010759158772812633
"A23223C",0.0009640102827763496,3,0.0008976660682226212
"A23229G",0.00032092426187419767,1,0.0003158559696778269
"C23244A",0.00032102728731942215,1,0.00030385900941962927
"C23248T",0.0025657472738935213,8,0.0018361257746155612
"C23271T",1,3121,0.0109536444294699
"C23277T",0.012202954399486191,38,0.0006609040471676783
"C23280T",0.0003202049311559398,1,0.00011842728564661298
"T23281C",0.0003202049311559398,1,0.00031665611146295124
"A23312G",0.0003201024327784891,1,0.0003040437823046519
"A23329G",0.0012804097311139564,4,0.0012539184952978057
"G23342A",0.0003201024327784891,1,0.00029886431560071725
"A23370G",0.0003202049311559398,1,0.00031575623618566466
"T23371C",0.0003202049311559398,1,0.00028686173264486515
"C23380T",0.0012812299807815502,4,0.0011232799775344005
"G23383A",0.00032030749519538755,1,0.0003061849357011635
"T23395C",0.0006404098623118795,2,0.0006343165239454488
"T23398C",0.0003202049311559398,1,0.00030627871362940275
"G23401C",0.0003202049311559398,1,0.0002913752913752914
"G23401T",0.0003202049311559398,1,0.00008354916868577158
"A23403G",1,3123,0.004066215646141587
"C23410T",0.0006404098623118795,2,0.0005755395683453237
"A23416T",0.002561639449247518,8,0.0015955325089748703
"C23422T",0.0003202049311559398,1,0.0002653927813163482
"C23423T",0.9983989753442203,3118,0.010858549802017782
"C23424T",0.0003202049311559398,1,0.00030807147258163895
"G23426T",0.00032030749519538755,1,0.0003083564600678384
"T23427C",0.0003202049311559398,1,0.0002954209748892171
"T23431C",0.0003202049311559398,1,0.00030057108506161706
"A23442C",0.00032030749519538755,1,0.00031867431485022306
"A23446G",0.00032030749519538755,1,0.0003190810465858328
"T23473C",0.009907997169143666,28,0.008544400366188587
"G23478A",0.00035676061362825543,1,0.0003183699458771092
"C23481-",0.00035676061362825543,1,0.00031387319522912746
"T23482-",0.0003570153516601214,1,0.00031387319522912746
"A23483-",0.0003566333808844508,1,0.00031377470975839345
"T23487G",0.00035790980672870435,1,0.0002501876407305479
"A23497G",0.00035612535612535614,1,0.00031625553447185326
"A23503C",0.0010683760683760685,3,0.000956327701625757
"A23524G",0.000711997152011392,2,0.0006251953735542357
"C23525T",1,2809,0.0038386011038882063
"T23527C",0.0014250089063056644,4,0.001261431725007884
"C23533T",0.00035676061362825543,1,0.0002801905295601009
"T23542C",0.0017812611328820805,5,0.0014997000599880025
"A23544T",0.0003575259206292456,1,0.00031887755102040814
"G23564T",0.00035855145213338117,1,0.0003123048094940662
"T23581C",0.0006932409012131716,2,0.0006259780907668231
"G23587C",0.00034602076124567473,1,0.00029069767441860465
"G23587T",0.00034602076124567473,1,0.0002576655501159495
"A23588C",0.0006922810661128419,2,0.0006355258976803305
"T23590C",0.00032299741602067185,1,0.0003059975520195838
"G23593C",0.00032278889606197545,1,0.00024770869457517957
"G23593T",0.00032278889606197545,1,0.00023747328425552126
"C23595T",0.002903225806451613,9,0.0020814061054579094
"A23598C",0.0019499512512187196,6,0.001869158878504673
"A23598G",0.0035749106272343193,11,0.0006843349508523081
"A23598T",0.0012999675008124798,4,0.0012539184952978057
"T23599C",0.0006589785831960461,2,0.0005884083553986466
"T23599G",0.9934102141680395,3015,0.003990217020161515
"T23600C",0.000649772579597141,2,0.0003305238803503553
"C23601A",0.0006499837504062399,2,0.0005652911249293386
"C23601T",0.0019499512512187196,6,0.0011246485473289597
"T23602C",0.0025948751216347712,8,0.0024016811768237767
"C23604A",0.015091863517060367,46,0.0000959991318339382
"C23604G",0.9757217847769029,2974,0.010641914256372087
"G23608T",0.0006453694740238787,2,0.0005230125523012552
"C23609T",0.00903225806451613,28,0.007954545454545454
"G23610A",0.0013179571663920922,4,0.0011089548100914888
"G23610T",0.0006589785831960461,2,0.0006103143118706134
"G23611A",0.0009874917709019092,3,0.0008797653958944282
"G23611T",0.0013166556945358788,4,0.0011095700416088765
"G23616T",0.00033266799733865603,1,0.0003189792663476874
"G23624A",0.00033189512114171923,1,0.00029806259314456036
"C23625T",0.004311774461028192,13,0.002195945945945946
"T23629G",0.000663129973474801,2,0.0006267627702914447
"A23631G",0.0006626905235255136,2,0.0006311139160618492
"C23635G",0.00033112582781456954,1,0.00031525851197982345
"C23635T",0.0013245033112582781,4,0.0005475701574264203
"C23638T",0.0013245033112582781,4,0.0006813149378300119
"A23639G",0.00033112582781456954,1,0.0003170577045022194
"C23673T",0.0006589785831960461,2,0.00013767467474358092
"G23675A",0.0006594131223211342,2,0.0006165228113440197
"G23675T",0.0003297065611605671,1,0.00031338138514572234
"T23680C",0.0003297065611605671,1,0.00031220730565095225
"C23683T",0.00032938076416337287,1,0.00021263023601956197
"C23707T",0.00032927230819888045,1,0.0002305209774089442
"T23713C",0.0016463615409944023,5,0.0015723270440251573
"A23737G",0.00032938076416337287,1,0.0003179650238473768
"C23757T",0.0009884678747940692,3,0.0005561735261401557
"C23758T",0.0006591957811470006,2,0.00046274872744099955
"T23794C",0.0003281916639317361,1,0.0003158559696778269
"C23802T",0.0003281916639317361,1,0.00025588536335721597
"T23803A",0.0003281916639317361,1,0.00031776294884016526
"T23842C",0.0006550933508024893,2,0.0006230529595015577
"T23849C",0.0003278688524590164,1,0.0002905287623474724
"C23854A",1,3054,0.004065354500509833
"C23855G",0.0003274394237066143,1,0.00031746031746031746
"C23896T",0.0003262642740619902,1,0.0002314814814814815
"C23897A",0.00032615786040443573,1,0.000315955766192733
"T23908C",0.0003262642740619902,1,0.00031075201988812925
"C23910T",0.00032637075718015666,1,0.0003147623544224111
"C23917T",0.00035398230088495576,1,0.00031152647975077883
"A23918G",0.00035398230088495576,1,0.0003190810465858328
"C23929T",0.011375755421258443,32,0.007363092498849517
"A23935G",0.0003563791874554526,1,0.00031746031746031746
"A23938G",0.00035714285714285714,1,0.00031655587211142766
"C23939T",0.0032258064516129032,9,0.002652519893899204
"G23948C",0.0014534883720930232,4,0.0011448196908986834
"G23948T",0.9952761627906976,2739,0.003784372297123656
"T23962C",0.00036483035388544326,1,0.0003171582619727244
"T23986C",0.00036683785766691124,1,0.00007640586797066015
"C23987T",0.0003667033370003667,1,0.0002652519893899204
"A23994G",0.00036683785766691124,1,0.0003171582619727244
"C23996T",0.0003663003663003663,1,0.00028563267637817766
"C24023T",0.02562225475841874,70,0.014210312626877792
"T24028A",0.0007309941520467836,2,0.0006331117442228553
"C24034T",0.000365764447695684,1,0.00015174506828528073
"A24037G",0.009886488465763456,27,0.008458646616541353
"C24054T",0.002191380569758948,6,0.001806140878988561
"G24075A",0.00036443148688046647,1,0.0003181673560292714
"T24076C",0.0003645643456069996,1,0.000315357931251971
"A24078T",0.00036429872495446266,1,0.0003194888178913738
"T24079C",0.0007291286912139992,2,0.000594000594000594
"C24082T",0.0007285974499089253,2,0.0005777007510109763
"A24092G",0.0003637686431429611,1,0.0003045066991473812
"T24093C",0.002181818181818182,6,0.0018999366687777073
"T24094G",0.0003636363636363636,1,0.0003194888178913738
"C24096T",0.0003632401017072285,1,0.00029859659599880563
"C24106T",0.0007259528130671506,2,0.0005538631957906397
"T24127C",0.0032703488372093025,9,0.0024410089503661514
"C24130T",0.00544267053701016,15,0.002540650406504065
"T24136C",0.000362844702467344,1,0.00030057108506161706
"C24138T",0.0003629764065335753,1,0.00030845157310302283
"T24151G",0.0003632401017072285,1,0.000318775900541919
"A24160G",0.000363901018922853,1,0.0003058103975535168
"T24163G",0.00036403349108117945,1,0.00031776294884016526
"A24190G",0.0010053619302949062,3,0.0009502692429521698
"G24193A",0.0006695681285570807,2,0.0004542357483533954
"G24193T",0.0006695681285570807,2,0.0005903187721369539
"G24197T",0.00033444816053511704,1,0.00029163021289005544
"G24199A",0.00033456005352960856,1,0.00029163021289005544
"C24210T",0.00034614053305642093,1,0.0001328550551348479
"C24237T",0.001043115438108484,3,0.0009079903147699758
"A24241G",0.0020840569642236887,6,0.0018796992481203006
"C24310T",0.0006956521739130435,2,0.0006093845216331506
"T24313C",0.001391304347826087,4,0.0012511729746637473
"G24328T",0.00034746351633078526,1,0.0002936857562408223
"T24352C",0.0003487966515521451,1,0.0002881014116969173
"T24364C",0.00034818941504178273,1,0.00024962556165751375
"G24368A",0.0003484320557491289,1,0.00031104199066874026
"C24370T",0.0006961364427427776,2,0.0004322455154527772
"T24371A",0.003484320557491289,10,0.003136762860727729
"C24378T",0.9926522043386984,2837,0.010851272165358547
"C24381T",0.0006975933031042902,2,0.0005616399887672002
"C24382T",0.0010460251046025104,3,0.0006284038542103058
"G24386T",0.003840782122905028,11,0.00305980528511822
"G24415A",0.006983240223463687,20,0.006253908692933083
"C24418T",0.0013956734124214933,4,0.0010245901639344263
"A24424T",0.9993024066968957,2865,0.0038971108330159423
"C24442T",0.00034904013961605586,1,0.0002617801047120419
"T24469A",0.9972945552925262,2949,0.003921688573510716
"T24481C",0.00032797638570022957,1,0.00031525851197982345
"T24496C",0.00032754667540124465,1,0.000304228780042592
"T24499C",0.000327653997378768,1,0.0002796420581655481
"C24517T",0.00032754667540124465,1,0.0003006614552014432
"T24534C",0.00032754667540124465,1,0.0003194888178913738
"G24535T",0.00032754667540124465,1,0.00030731407498463427
"T24544C",0.0006596306068601583,2,0.0006142506142506142
"G24577T",0.000662471016893011,2,0.0006353240152477764
"C24588T",0.00033112582781456954,1,0.0003031221582297666
"T24589G",0.0003312355084465055,1,0.00031665611146295124
"C24616T",0.0009943652635067948,3,0.0008448324415657561
"G24620T",0.0003315649867374005,1,0.0002720348204570185
"C24621T",0.0003316749585406302,1,0.000273000273000273
"T24640C",0.00033178500331785003,1,0.00031357792411414236
"T24640G",0.00033178500331785003,1,0.00031969309462915604
"T24643C",0.00033178500331785003,1,0.00031426775612822125
"T24685C",0.0006510416666666666,2,0.0006255864873318737
"G24697A",0.0006506180871828237,2,0.0006042296072507553
"C24718T",0.0016265452179570592,5,0.0015290519877675841
"T24733A",0.0003252032520325203,1,0.0003158559696778269
"T24749C",0.00032562683165092806,1,0.00031496062992125983
"C24773A",0.0003252032520325203,1,0.000315955766192733
"T24786C",0.00032102728731942215,1,0.00031969309462915604
"G24794T",0.0003211303789338471,1,0.0002472799208704253
"T24799C",0.00032123353678124,1,0.0003168567807351077
"G24821T",0.0006478781988986071,2,0.00032781511227667593
"A24838G",0.0003312355084465055,1,0.00031259768677711783
"G24848A",0.011920529801324504,36,0.011166253101736972
"A24862G",0.00033101621979476995,1,0.0003136762860727729
"C24863A",0.0003307972213033411,1,0.0003179650238473768
"C24863T",0.0016539861065167053,5,0.0010390689941812137
"G24872T",0.9731723675385647,2902,0.023733776058492063
"T24892C",0.0006637902422834385,2,0.0005219206680584551
"T24903C",0.0033178500331785005,10,0.0029394473838918285
"C24904T",0.00033145508783559825,1,0.00019451468585878233
"C24919T",0.003314550878355983,10,0.0026490066225165563
"G24933T",0.0003315649867374005,1,0.00023391812865497077
"T24943C",0.000664451827242525,2,0.0006273525721455458
"G24959A",0.0003325573661456601,1,0.00031065548306927616
"G24977A",0.00032938076416337287,1,0.00031338138514572234
"T24979C",0.0009881422924901185,3,0.0008849557522123894
"C24989T",0.0036279683377308707,11,0.0026097271648873074
"C24990T",0.9910920488287693,3004,0.010776681614349776
"T24995C",0.0009891196834817012,3,0.0009151921903599756
"G24998C",0.00032948929159802305,1,0.0003058103975535168
"C25000G",0.00032948929159802305,1,0.00031867431485022306
"C25000T",0.9904448105436573,3006,0.003984058464666332
"A25003C",0.0003295978905735003,1,0.0003189792663476874
"C25006T",0.0029644268774703555,9,0.00027683789603199013
"G25009A",0.0003291639236339697,1,0.000302571860816944
"G25012T",0.0026341784655910436,8,0.0009673518742442564
"A25020G",0.00032927230819888045,1,0.00031456432840515884
"G25033A",0.0003288391976323578,1,0.00031575623618566466
"A25038G",0.0006576783952647156,2,0.0006203473945409429
"T25039C",0.0608953258722844,185,0.0508521165475536
"C25046T",0.0009878169245966415,3,0.0006021678040947411
"C25047T",0.00032927230819888045,1,0.00022831050228310502
"G25049T",0.0009881422924901185,3,0.0009151921903599756
"T25051C",0.0009927200529450694,3,0.0009407337723424271
"T25054C",0.00033057851239669424,1,0.0003176620076238882
"G25062T",0.0006589785831960461,2,0.000637551801083838
"C25071T",0.0003289473684210526,1,0.00030902348578491963
"C25075T",0.000657030223390276,2,0.0005201560468140442
"C25083T",0.0003278688524590164,1,0.00020785699438786114
"C25096T",0.0016297262059973925,5,0.0009877518767285659
"A25109G",0.0003259452411994785,1,0.0003154574132492114
"C25114T",0.0006521030322791001,2,0.0006199628022318661
"G25116A",0.0003262642740619902,1,0.000310077519379845
"G25126A",0.0010217983651226157,3,0.0009262117937635072
"C25160T",0.000687757909215956,2,0.0006153846153846154
"C25163A",0.001037344398340249,3,0.0007575757575757576
"C25169T",0.00034614053305642093,1,0.00030759766225776686
"T25171A",0.00034602076124567473,1,0.0003147623544224111
"T25171C",0.00034602076124567473,1,0.00030039050765995795
"C25207T",0.9962016574585635,2885,0.010843744831837384
"A25208G",0.0010330578512396695,3,0.0009126863401277761
"C25214T",0.00034494653328734045,1,0.0003049710277523635
"T25232C",0.0003429355281207133,1,0.00031466331025802394
"G25234A",0.001038781163434903,3,0.000783289817232376
"G25234T",0.004501385041551247,13,0.002827316224445411
"C25240T",0.00034258307639602604,1,0.0003158559696778269
"G25249C",0.0006858710562414266,2,0.0006283380458686773
"G25249T",0.0017146776406035665,5,0.00089126559714795
"G25250A",0.0034118048447628795,10,0.0031655587211142765
"A25256G",0.0010231923601637107,3,0.0008987417615338526
"T25264G",0.0013651877133105802,4,0.0012598425196850393
"C25276T",0.0013591573224600749,4,0.0009799118079372856
"G25278C",0.0020352781546811396,6,0.0018808777429467085
"C25282T",0.0006786562606040041,2,0.0005773672055427252
"T25291C",0.0006795786612300374,2,0.0006373486297004461
"A25296C",0.00034002040122407346,1,0.00031959092361776926
"A25296G",0.00034002040122407346,1,0.00031308703819661864
"G25298A",0.0016937669376693768,5,0.0015654351909830933
"G25302T",0.0006779661016949153,2,0.0005873715124816446
"G25305A",0.00033875338753387534,1,0.0003136762860727729
"C25317T",0.00033944331296673454,1,0.00027731558513588466
"C25318A",0.0006807351940095302,2,0.000625
"C25339T",0.001015572105619499,3,0.0007583417593528817
"G25340A",0.00033898305084745765,1,0.0002918004085205719
"G25340T",0.00033898305084745765,1,0.0002984183825723665
"C25350T",0.00034083162917518747,1,0.00022722108611679165
"G25352T",0.002045687009887487,6,0.0008056935678796831
"C25355A",0.0006818956699624957,2,0.0006361323155216285
"A25359G",0.000683526999316473,2,0.0003321707357581797
"G25361A",0.00034129692832764505,1,0.00031065548306927616
"C25378T",0.00033921302578018993,1,0.0002664535038635758
"C25380T",0.0003359086328518643,1,0.0003074085459575776
"A25381T",0.0003361344537815126,1,0.0003118178983473651
"C25413T",0.0025665704202759063,8,0.0012560841576385617
"C25416T",0.0006416426050689766,2,0.000004996664726295198
"G25423-",0.000641025641025641,2,0.0006090133982947625
"G25424-",0.0006414368184733803,2,0.0006066120715802245
"A25425-",0.0006412311638345624,2,0.0006093845216331506
"A25426-",0.0012824623276691247,4,0.0012026458208057728
"C25427-",0.0012824623276691247,4,0.0012022843402464682
"T25428-",0.0012824623276691247,4,0.0012026458208057728
"G25429-",0.0012824623276691247,4,0.0011997600479904018
"G25429C",0.0003206155819172812,1,0.00020968756552736424
"G25429T",0.0003206155819172812,1,0.0002399232245681382
"T25430-",0.0012824623276691247,4,0.001154068090017311
"A25431-",0.0012824623276691247,4,0.001154068090017311
"G25437T",0.0003206155819172812,1,0.000293513354857646
"A25443G",0.0022471910112359553,7,0.002208898706216472
"G25445T",0.0022471910112359553,7,0.0017508754377188595
"T25451G",0.0003208213025344883,1,0.0003181673560292714
"C25452T",0.010914927768860353,34,0.0067607874328892426
"G25455T",0.00032092426187419767,1,0.00023557126030624264
"G25456T",0.0003208213025344883,1,0.0002958579881656805
"G25459T",0.00032071840923669016,1,0.00025933609958506224
"C25460T",0.0006418485237483953,2,0.0005067139599695972
"T25461C",0.0006414368184733803,2,0.0005046681806712087
"A25462G",0.00032071840923669016,1,0.0003178639542275906
"C25466T",0.00032071840923669016,1,0.00030358227079538557
"C25469T",0.0012836970474967907,4,0.0007648183556405354
"A25470G",0.0009621552277100705,3,0.0009407337723424271
"G25471C",0.005133140840551813,16,0.0036688832836505388
"G25471T",0.0006416426050689766,2,0.0005798782255726297
"T25485C",0.0003208213025344883,1,0.0002929973630237328
"C25487T",0.0003208213025344883,1,0.00027427317608337906
"A25491C",0.004491498235482836,14,0.004471414883423826
"T25496C",0.0006416426050689766,2,0.0004464285714285714
"C25499T",0.0006416426050689766,2,0.0006305170239596469
"C25504A",0.0003208213025344883,1,0.0003049710277523635
"T25510C",0.00032092426187419767,1,0.0001818512456810329
"C25511T",0.0022450288646568314,7,0.001558325912733749
"A25512G",0.0009621552277100705,3,0.0009445843828715365
"C25517T",0.00032092426187419767,1,0.000223463687150838
"T25518C",0.00032092426187419767,1,0.00030826140567200987
"C25521T",0.004813863928112966,15,0.002206531332744925
"G25522A",0.0009627727856225931,3,0.0008389261744966443
"G25523A",0.00032092426187419767,1,0.00025406504065040653
"A25524T",0.00032092426187419767,1,0.00031756113051762465
"G25526A",0.00032092426187419767,1,0.00031959092361776926
"A25531T",0.0003208213025344883,1,0.0003171582619727244
"G25534A",0.0003208213025344883,1,0.0003009328919650918
"G25534C",0.0009624639076034649,3,0.0009572431397574984
"C25546T",0.003526771401090093,11,0.002601702932828761
"C25549T",0.0006412311638345624,2,0.0004192872117400419
"G25552T",0.0022443090734209684,7,0.0017879948914431673
"C25553T",0.003205128205128205,10,0.0015817779183802593
"G25563A",0.0003205128205128205,1,0.00031113876789047915
"C25566T",0.000641025641025641,2,0.00022688598979013047
"T25570C",0.0038461538461538464,12,0.0037652965171007216
"C25571T",0.0003205128205128205,1,0.00023986567522187575
"C25572T",0.001924310455420141,6,0.00025804231894030623
"C25584T",0.9923101570009613,3097,0.0040506799308886255
"C25585T",0.0006408202499198974,2,0.0005605381165919282
"C25587A",0.0003238341968911917,1,0.00030012004801920766
"C25587T",0.015867875647668395,49,0.009855189058728881
"A25588G",0.0003205128205128205,1,0.0003117206982543641
"A25590T",0.0006408202499198974,2,0.0006134969325153375
"C25603T",0.000641025641025641,2,0.0004082465809348847
"C25609T",0.000641025641025641,2,0.00045475216007276033
"C25613G",0.0003204101249599487,1,0.00031625553447185326
"C25613T",0.0019224607497596924,6,0.0011522949875168043
"C25614G",0.0006408202499198974,2,0.0006321112515802782
"C25614T",0.02050624799743672,64,0.01064714689735485
"C25626T",0.0009612303748798462,3,0.0006675567423230974
"T25629C",0.0003205128205128205,1,0.00030665440049064706
"C25635T",0.0003205128205128205,1,0.0002942041776993233
"C25638T",0.0009618467457518436,3,0.0008802816901408451
"T25639C",0.00032071840923669016,1,0.0003081664098613251
"G25644A",0.00032071840923669016,1,0.00030731407498463427
"G25644T",0.0006414368184733803,2,0.0005824111822947001
"G25647T",0.0003208213025344883,1,0.00023934897079942556
"T25652C",0.00032092426187419767,1,0.00027800945232137893
"C25658T",0.007060333761232349,22,0.0026483688455519443
"C25665T",0.0006416426050689766,2,0.0005059448520111307
"C25671T",0.00032102728731942215,1,0.00009150805270863836
"G25677T",0.0003206155819172812,1,0.0002602811035918792
"C25678A",0.0003206155819172812,1,0.00031525851197982345
"C25678T",0.0003206155819172812,1,0.0003096934035305048
"T25679C",0.0009618467457518436,3,0.0009182736455463728
"C25680T",0.0003208213025344883,1,0.00012155099064057372
"G25681A",0.0003206155819172812,1,0.0002188183807439825
"T25682C",0.0009612303748798462,3,0.0009375
"G25687T",0.0003202049311559398,1,0.000299311583358276
"C25688T",0.0035222542427153377,11,0.002533978346003225
"C25693T",0.0012812299807815502,4,0.0007674597083653108
"A25698C",0.0003202049311559398,1,0.00031867431485022306
"G25699T",0.0003202049311559398,1,0.00025906735751295336
"C25700T",0.0006404098623118795,2,0.000617093489663684
"C25703T",0.0009609224855861628,3,0.0007808433107756377
"T25704G",0.001601024655779699,5,0.001594896331738437
"T25705C",0.0003202049311559398,1,0.0002990430622009569
"C25708T",0.0003202049311559398,1,0.00021317416329140907
"T25711C",0.001280819724623759,4,0.0011061946902654867
"T25713C",0.0003205128205128205,1,0.00030129557095510696
"C25714T",0.002242870874719641,7,0.0014288630332720963
"G25720T",0.000641025641025641,2,0.0005272871078302136
"A25725G",0.0003204101249599487,1,0.0003139717425431711
"C25728T",0.0019224607497596924,6,0.0011673151750972762
"C25731T",0.0003204101249599487,1,0.00025176233635448137
"A25744G",0.001282051282051282,4,0.0010601643254704478
"T25745C",0.0003248862897985705,1,0.0003031221582297666
"A25762G",0.00616083009079118,19,0.005978602894902455
"G25767T",0.0003245699448231094,1,0.00030665440049064706
"G25785C",0.000326477309826967,1,0.00030395136778115504
"G25785T",0.000326477309826967,1,0.0002894356005788712
"A25788G",0.0003266906239790918,1,0.00031269543464665416
"G25793A",0.00032637075718015666,1,0.00009347541596560104
"G25793T",0.00032637075718015666,1,0.00031201248049921997
"A25799C",0.0003262642740619902,1,0.00031867431485022306
"C25810T",0.0006525285481239804,2,0.0003696857670979667
"C25820T",0.0016371971185330713,5,0.0015451174289245982
"C25821A",0.00032754667540124465,1,0.00031867431485022306
"T25827C",0.0013089005235602095,4,0.0011702750146284377
"C25831T",0.00032754667540124465,1,0.00031220730565095225
"C25836T",0.0003273322422258593,1,0.00026116479498563595
"C25844T",0.0003278688524590164,1,0.00023854961832061068
"G25855T",0.0003278688524590164,1,0.0001839926402943882
"C25886T",0.0006540222367560497,2,0.0005961251862891207
"T25899C",0.0022868343678536427,7,0.0021380574221136223
"C25904T",0.0006533812479581836,2,0.000446927374301676
"A25905G",0.00032658393207054214,1,0.00031635558367605187
"G25906A",0.000326797385620915,1,0.00031104199066874026
"C25916T",0.003259452411994785,10,0.0020226537216828477
"C25919T",0.0009778357235984355,3,0.0007338551859099804
"T25926C",0.00032583903551645487,1,0.00031456432840515884
"C25944T",0.0009768804949527841,3,0.0009313877677739833
"G25947T",0.0006516780710329097,2,0.0005863383172090296
"T25950C",0.00032583903551645487,1,0.0003167564143173899
"A25958G",0.00032583903551645487,1,0.0003078817733990148
"T25959C",0.00032583903551645487,1,0.00020785699438786114
"A25968G",0.00032605151613955004,1,0.0003116235587410408
"C25976T",0.00032583903551645487,1,0.00030656039239730225
"A25983G",0.00032562683165092806,1,0.00030102347983142685
"A25983T",0.00032562683165092806,1,0.00030627871362940275
"A25985G",0.0006508298080052066,2,0.0006331117442228553
"G25987T",0.0003255208333333333,1,0.00031625553447185326
"G25996T",0.0006525285481239804,2,0.0005911912503694946
"C26004T",0.0003262642740619902,1,0.0003079765937788728
"T26011C",0.0003257328990228013,1,0.00031084861672365556
"T26012C",0.0003257328990228013,1,0.0003155569580309246
"T26012G",0.0003257328990228013,1,0.00021748586341887777
"C26013T",0.0003257328990228013,1,0.00022311468094600624
"C26022T",0.0006506180871828237,2,0.0005001250312578145
"T26023C",0.0003254149040026033,1,0.00031036623215394165
"C26028T",0.0003255208333333333,1,0.00025233409033560434
"C26029A",0.0019537609899055682,6,0.0012048192771084338
"T26047C",0.0003225806451612903,1,0.00031347962382445143
"C26054A",0.006809338521400778,21,0.006664550936210727
"C26058T",0.0006480881399870382,2,0.0004911591355599214
"C26060T",0.9990247074122237,3073,0.004071185466146099
"G26063T",0.0003245699448231094,1,0.00031735956839098697
"G26065A",0.00032509752925877764,1,0.0003091190108191654
"G26065T",0.00032509752925877764,1,0.0003002101471029721
"T26076C",0.0003252032520325203,1,0.00030609121518212427
"C26078T",0.00032530904359141186,1,0.00013723068478111705
"T26084C",0.0006506180871828237,2,0.0006305170239596469
"T26084G",0.00032530904359141186,1,0.0003184713375796178
"C26110T",0.00032499187520311994,1,0.00023121387283236994
"C26111T",0.00943089430894309,29,0.003921038399134667
"A26120G",0.00032530904359141186,1,0.0003091190108191654
"T26130A",0.0003255208333333333,1,0.000318775900541919
"T26130C",0.0016276041666666667,5,0.0015494267121165168
"A26132G",0.0006508298080052066,2,0.0006361323155216285
"G26144T",0.0003255208333333333,1,0.00031776294884016526
"C26150A",0.0006508298080052066,2,0.0006323110970597534
"G26153T",0.0006508298080052066,2,0.0005966587112171838
"G26155-",0.0006516780710329097,2,0.0004798464491362764
"G26155T",0.00032583903551645487,1,0.0003091190108191654
"T26156-",0.0006514657980456026,2,0.00048007681228996637
"T26157-",0.0006516780710329097,2,0.00048146364949446316
"T26159C",0.0003255208333333333,1,0.00031665611146295124
"T26163C",0.0006508298080052066,2,0.0005868544600938967
"T26168C",0.00032562683165092806,1,0.0003096934035305048
"A26174G",0.0006512536633018561,2,0.0006349206349206349
"T26187C",0.0003255208333333333,1,0.0002962962962962963
"C26195T",0.0009759271307742355,3,0.0007722007722007722
"G26196A",0.00032530904359141186,1,0.00030845157310302283
"G26196T",0.0006506180871828237,2,0.0006230529595015577
"C26198T",0.0016265452179570592,5,0.00127000254000508
"C26208T",0.00032562683165092806,1,0.0002771618625277162
"G26227T",0.00032583903551645487,1,0.00028506271379703536
"C26228A",0.0009778357235984355,3,0.0006952491309385864
"C26228T",0.0003259452411994785,1,0.0002891844997108155
"C26256T",0.00032509752925877764,1,0.0002484472049689441
"A26269G",0.0003255208333333333,1,0.00031496062992125983
"C26270T",1,3076,0.004063628281056174
"C26296T",0.0003247807729782397,1,0.0003161555485298767
"C26305T",0.0003247807729782397,1,0.0002723311546840959
"T26318C",0.00032499187520311994,1,0.0003179650238473768
"A26319G",0.0006499837504062399,2,0.0005208333333333333
"C26322T",0.0006499837504062399,2,0.0005892751915144372
"C26340T",0.00032562683165092806,1,0.00027831895352073476
"C26370T",0.00032310177705977385,1,0.0003078817733990148
"C26408T",0.0006491398896462187,2,0.0005802146794313896
"T26442C",0.0009749756256093598,3,0.000955718381650207
"T26448C",0.00032509752925877764,1,0.0003170577045022194
"C26456T",0.0003255208333333333,1,0.0002670940170940171
"T26463G",0.00032562683165092806,1,0.0003181673560292714
"T26483-",0.00032605151613955004,1,0.0003093102381688834
"A26484-",0.00032605151613955004,1,0.00030921459492888067
"T26485-",0.0003259452411994785,1,0.0002640612622128334
"G26493A",0.00032530904359141186,1,0.000315357931251971
"T26495C",0.0006504065040650406,2,0.0006287331027978623
"T26497C",0.0006504065040650406,2,0.000550357732526142
"C26499T",0.0013003901170351106,4,0.0012106537530266344
"C26522T",0.00032425421530479895,1,0.0003051571559353067
"G26526T",0.00032425421530479895,1,0.0002678093197643278
"G26529C",0.9983776768332252,3077,0.010958133306742262
"C26533T",0.0006480881399870382,2,0.000594000594000594
"G26550A",0.0074554294975688815,23,0.007027192178429576
"A26555T",0.0003240440699935191,1,0.00031756113051762465
"G26567T",0.0003248862897985705,1,0.0003098853424233034
"C26577G",0.9899350649350649,3049,0.004107553506643621
"C26586T",0.0006491398896462187,2,0.0005051780752715333
"C26600T",0.00032393909944930353,1,0.0003074085459575776
"T26604C",0.00032414910858995135,1,0.0003184713375796178
"C26606T",0.0012974375608173856,4,0.0011788977306218685
"C26607T",0.0003244646333549643,1,0.0002487562189054726
"A26610G",0.9958568738229755,2644,0.01032655181437203
"C26625T",0.000643707756678468,2,0.0004968944099378882
"C26636A",0.0006451612903225806,2,0.000628140703517588
"C26642T",0.0006447453255963894,2,0.0006067961165048543
"C26645T",0.0019336126329358686,6,0.0009637006103437199
"C26681T",0.9996778350515464,3103,0.010863666758860208
"G26709A",0.9993556701030928,3102,0.004073266268444267
"C26735T",0.0006441223832528181,2,0.00032706459525756336
"A26738G",0.00032175032175032174,1,0.00031867431485022306
"G26746T",0.00032175032175032174,1,0.0003104625892579944
"T26749C",0.01159047005795235,36,0.011232449297971918
"C26750T",0.0003219575016097875,1,0.00021891418563922942
"C26753A",0.00032216494845360824,1,0.0003158559696778269
"A26760C",0.0009658725048293626,3,0.0009428032683846638
"A26760G",0.0009658725048293626,3,0.0009386733416770963
"C26768T",0.00032206119162640903,1,0.00027122321670735016
"C26776T",0.00032206119162640903,1,0.00030826140567200987
"C26789T",0.0006441223832528181,2,0.0005988023952095808
"C26801T",0.0028994845360824743,9,0.001366120218579235
"T26819C",0.00032268473701193933,1,0.0002699055330634278
"C26822T",0.0003225806451612903,1,0.00019813750743015652
"C26826T",0.0003225806451612903,1,0.0003069367710251688
"G26828C",0.000967741935483871,3,0.0009490667510281556
"C26833T",0.9993550467591099,3099,0.010874218382657393
"C26846G",0.0003224766204450177,1,0.00031928480204342275
"C26858T",0.9990306946688207,3092,0.004558737235683176
"C26873T",0.0019392372333548805,6,0.0010121457489878543
"C26882A",0.0006464124111182935,2,0.0006180469715698393
"C26882T",0.0006464124111182935,2,0.0003980891719745223
"C26885T",0.0009693053311793214,3,0.0005817335660267597
"C26894T",0.0006472491909385113,2,0.00016463615409944023
"C26895T",0.00032362459546925567,1,0.0002463661000246366
"T26897C",0.001941747572815534,6,0.0018045112781954887
"C26936T",0.0016228497241155468,5,0.001295672454003628
"G26951C",0.0016228497241155468,5,0.0013082155939298796
"C26954T",0.00032499187520311994,1,0.00031113876789047915
"T26966C",0.0003361344537815126,1,0.0003022974607013301
"T26972C",0.0003397893306150187,1,0.0002938583602703497
"C26985A",0.0006805035726437564,2,0.0006172839506172839
"T26987C",0.0003401360544217687,1,0.00030441400304414006
"C26996T",0.0010231923601637107,3,0.0008870490833826139
"C27002T",0.00034094783498124785,1,0.0002340276152586005
"C27005T",0.0003419972640218878,1,0.00025271670457417233
"A27019G",0.0003419972640218878,1,0.000314070351758794
"T27029C",0.0013679890560875513,4,0.0012634238787113076
"A27038T",0.0003417634996582365,1,0.0003075030750307503
"T27039A",0.0003417634996582365,1,0.0003109452736318408
"C27040A",0.0003418803418803419,1,0.00031084861672365556
"G27047A",0.0003417634996582365,1,0.0002891008962127783
"G27047C",0.000683526999316473,2,0.0006371455877668047
"C27059T",0.003417634996582365,10,0.0011259993244004053
"T27063C",0.0006839945280437756,2,0.0006216972334473111
"G27065A",0.0006839945280437756,2,0.0005897965202005308
"C27092T",0.0003418803418803419,1,0.0002566735112936345
"A27107G",0.00034129692832764505,1,0.00031466331025802394
"C27110T",0.0003414134516899966,1,0.00026490066225165563
"T27113C",0.00034153005464480874,1,0.000315059861373661
"C27131T",0.005122950819672131,15,0.0033519553072625698
"T27134C",0.00034153005464480874,1,0.0002846569883290635
"C27143T",0.007169682485489928,21,0.004634738468329287
"C27145T",0.0006828269033799932,2,0.0006031363088057901
"A27146T",0.00034153005464480874,1,0.0003155569580309246
"G27147T",0.0006830601092896175,2,0.0006144393241167435
"G27204T",0.0003219575016097875,1,0.00031456432840515884
"G27217A",0.0003215434083601286,1,0.00030807147258163895
"C27230A",0.0012824623276691247,4,0.0012670256572695597
"C27230T",0.0009618467457518436,3,0.0008904719501335708
"A27259C",0.9993589743589744,3118,0.004619608296330537
"G27260A",0.0003206155819172812,1,0.0003036744609778318
"G27261T",0.0003206155819172812,1,0.0003059975520195838
"T27265-",0.0006412311638345624,2,0.0005827505827505828
"T27266-",0.0006412311638345624,2,0.0005702879954376961
"T27267-",0.0006412311638345624,2,0.0005678591709256105
"A27268-",0.0006412311638345624,2,0.0005608524957936063
"A27269-",0.0006412311638345624,2,0.0005627462014631402
"A27270-",0.0006412311638345624,2,0.0005629045876723895
"G27271-",0.0006412311638345624,2,0.0005625879043600563
"T27272-",0.0006414368184733803,2,0.0005629045876723895
"T27273-",0.0006414368184733803,2,0.0005629045876723895
"T27274-",0.0006414368184733803,2,0.0005621135469364812
"C27275-",0.0006414368184733803,2,0.0005621135469364812
"C27276-",0.0006414368184733803,2,0.000561955605507165
"A27277-",0.0006414368184733803,2,0.0005617977528089888
"T27278-",0.0006414368184733803,2,0.000561955605507165
"T27279-",0.0006414368184733803,2,0.0005621135469364812
"T27280-",0.0006414368184733803,2,0.0005617977528089888
"G27281-",0.0006414368184733803,2,0.0005629045876723895
"G27282-",0.0006412311638345624,2,0.0005633802816901409
"A27283-",0.0006412311638345624,2,0.0005633802816901409
"A27284-",0.0006412311638345624,2,0.0005635390250774866
"T27285-",0.0006412311638345624,2,0.0005635390250774866
"C27286-",0.0006412311638345624,2,0.0005625879043600563
"T27287-",0.0006412311638345624,2,0.0005627462014631402
"T27288-",0.0006412311638345624,2,0.0005648121999435188
"G27289-",0.0006412311638345624,2,0.0005608524957936063
"A27290-",0.0006412311638345624,2,0.0005608524957936063
"T27291-",0.0003206155819172812,1,0.0002841716396703609
"A27293-",0.0003206155819172812,1,0.0003002101471029721
"C27294-",0.0003206155819172812,1,0.0003075030750307503
"C27294T",0.00833600512984931,26,0.005469078670593185
"A27295-",0.0003206155819172812,1,0.0003076923076923077
"T27296-",0.0003206155819172812,1,0.0003078817733990148
"C27297-",0.00032071840923669016,1,0.0003078817733990148
"C27297T",0.001603592046183451,5,0.00106315118009781
"A27298-",0.0003206155819172812,1,0.00030674846625766873
"T27299-",0.0003206155819172812,1,0.00030845157310302283
"A27300-",0.0003206155819172812,1,0.0003093102381688834
"C27323T",0.0003206155819172812,1,0.0002525252525252525
"T27346C",0.00032071840923669016,1,0.00019527436047646945
"A27347G",0.0003206155819172812,1,0.00030553009471432935
"A27354G",0.00520494469746259,16,0.00481203007518797
"A27357G",0.00032530904359141186,1,0.00031055900621118014
"A27359G",0.00032530904359141186,1,0.00031725888324873094
"C27370T",0.0003255208333333333,1,0.00031075201988812925
"A27372T",0.0003259452411994785,1,0.00024142926122646064
"G27382C",0.9967072769180112,3027,0.0045436123744765165
"G27382T",0.0026341784655910436,8,0.00233849751534639
"A27383T",0.9996707276918011,3036,0.004590096519025618
"T27384C",0.9980243661508067,3031,0.004563020415414006
"A27388T",0.00032615786040443573,1,0.0003189792663476874
"C27389T",0.0009791122715404699,3,0.0004666355576294914
"T27402C",0.00032583903551645487,1,0.0003050640634533252
"T27407C",0.00032583903551645487,1,0.00030385900941962927
"T27412C",0.0006521030322791001,2,0.0006311139160618492
"G27414T",0.00032658393207054214,1,0.00031625553447185326
"G27415A",0.0009800718719372753,3,0.0008472182999152782
"C27416T",0.00032658393207054214,1,0.00029120559114735004
"A27421G",0.000326477309826967,1,0.0002966478789676654
"T27422C",0.000326477309826967,1,0.0002957704821058858
"G27430A",0.0019588638589618022,6,0.0011005135730007337
"T27432A",0.001305909239307868,4,0.0012734797835084368
"T27432C",0.000652954619653934,2,0.0005911912503694946
"C27434T",0.000326477309826967,1,0.00022386389075442132
"T27435G",0.000326477309826967,1,0.0003191828917969997
"C27442T",0.000326477309826967,1,0.0002767783005812344
"C27450T",0.00032637075718015666,1,0.0003156565656565657
"G27459A",0.000326797385620915,1,0.0003036744609778318
"G27463A",0.0003266906239790918,1,0.00030864197530864197
"C27476T",0.003594771241830065,11,0.000973279065652097
"T27484C",0.00228310502283105,7,0.0013584319813700757
"C27493T",0.0003259452411994785,1,0.00026253609871357313
"C27494T",0.00032605151613955004,1,0.0002462447672986949
"G27506C",0.0003257328990228013,1,0.00030921459492888067
"G27506T",0.0003257328990228013,1,0.00028876696505919725
"C27509T",0.002280130293159609,7,0.0012794735880095047
"A27510T",0.0006516780710329097,2,0.000630715862503942
"C27513T",0.0009778357235984355,3,0.0002181183655663807
"T27523C",0.0003259452411994785,1,0.0002910360884749709
"A27525G",0.0003259452411994785,1,0.00031436655139893113
"C27526T",0.0003259452411994785,1,0.0003091190108191654
"C27527T",0.000651890482398957,2,0.000563856780377784
"C27532A",0.0003262642740619902,1,0.00026652452025586353
"T27534C",0.00032615786040443573,1,0.00030358227079538557
"C27536T",0.0003259452411994785,1,0.00031735956839098697
"G27541T",0.0003259452411994785,1,0.0003029385034837928
"A27545G",0.0003259452411994785,1,0.0003094059405940594
"T27546C",0.0003259452411994785,1,0.00029515938606847696
"T27555C",0.000326477309826967,1,0.00031298904538341156
"C27557-",0.00032658393207054214,1,0.0002605523710265763
"A27558-",0.00032658393207054214,1,0.00026021337496747333
"A27558G",0.0006531678641410843,2,0.0006363347120585428
"C27559-",0.0003234152652005175,1,0.0002599428125812321
"T27560-",0.00032351989647363315,1,0.0002598752598752599
"G27561-",0.00032331070158422246,1,0.0002598752598752599
"G27561T",0.0012932428063368898,4,0.0011655011655011655
"A27562-",0.0003232062055591467,1,0.0002595380223202699
"C27563-",0.00032331070158422246,1,0.0002594706798131811
"T27564-",0.00032331070158422246,1,0.00025933609958506224
"T27565-",0.0003232062055591467,1,0.00024703557312252963
"G27566-",0.00032310177705977385,1,0.00024551927326295114
"C27567-",0.00032310177705977385,1,0.000245398773006135
"T27568-",0.0003232062055591467,1,0.00022805017103762827
"T27569-",0.00032310177705977385,1,0.00022893772893772894
"T27570-",0.00032331070158422246,1,0.00022841480127912289
"A27571-",0.0003232062055591467,1,0.0002139495079161318
"G27572-",0.0003232062055591467,1,0.00020990764063811922
"G27572A",0.0003232062055591467,1,0.0003104625892579944
"C27573-",0.0003232062055591467,1,0.0002099517111064455
"C27573T",0.0003232062055591467,1,0.0003112356053532524
"T27576C",0.0009696186166774402,3,0.0004257734885041158
"T27576G",0.0029088558500323207,9,0.0027846534653465345
"T27580C",0.00032310177705977385,1,0.0003050640634533252
"G27583T",0.0009693053311793214,3,0.0009033423667570009
"T27597C",0.00032509752925877764,1,0.0003169572107765452
"G27601-",0.000975609756097561,3,0.0006824385805277526
"G27602-",0.000975609756097561,3,0.0006822833750284285
"C27603-",0.000975609756097561,3,0.0006827492034592626
"G27604-",0.000975609756097561,3,0.0006821282401091405
"G27604T",0.0006504065040650406,2,0.0006067961165048543
"T27605-",0.0009752925877763329,3,0.0006808896958692692
"A27606-",0.0009752925877763329,3,0.0006841505131128849
"A27607-",0.0009752925877763329,3,0.0006906077348066298
"A27608-",0.0009752925877763329,3,0.0006942837306179125
"A27609-",0.0009752925877763329,3,0.0006947660954145438
"C27610-",0.0009752925877763329,3,0.0006946052326927529
"C27610T",0.001625487646293888,5,0.00135464643727987
"A27611-",0.0009752925877763329,3,0.000697350069735007
"C27612-",0.0009752925877763329,3,0.000697350069735007
"G27613-",0.0009752925877763329,3,0.000697350069735007
"T27614-",0.0009752925877763329,3,0.0006976744186046512
"T27614G",0.00032509752925877764,1,0.0003189792663476874
"C27615-",0.0009752925877763329,3,0.0006996268656716418
"T27616-",0.0009752925877763329,3,0.0006968641114982578
"A27617-",0.0009752925877763329,3,0.000706547338671691
"T27618-",0.0009752925877763329,3,0.0007050528789659225
"T27618C",0.0013003901170351106,4,0.0012239902080783353
"C27619-",0.0009752925877763329,3,0.0007139457401237506
"A27620-",0.0009752925877763329,3,0.0007170172084130019
"A27620G",0.00032509752925877764,1,0.00031645569620253165
"G27621-",0.0013003901170351106,4,0.0009551098376313276
"G27621T",0.00032509752925877764,1,0.0003081664098613251
"T27622-",0.0012999675008124798,4,0.0009720534629404617
"T27623-",0.0013003901170351106,4,0.0009840098400984009
"A27624-",0.0009752925877763329,3,0.000777000777000777
"C27625-",0.0009749756256093598,3,0.0008266740148801323
"C27625T",0.00032499187520311994,1,0.0002822466836014677
"C27630A",0.002599090318388564,8,0.0022785531187695814
"G27637T",0.0016239038648911985,5,0.0015234613040828763
"T27650A",0.00032425421530479895,1,0.00031959092361776926
"G27651T",0.00032425421530479895,1,0.00031259768677711783
"C27654T",0.0003243593902043464,1,0.0002543881963876876
"C27657T",0.010382868267358857,32,0.009532320524277629
"A27660G",0.0035679532922478106,11,0.00349428208386277
"C27673T",0.0003243593902043464,1,0.00030248033877797946
"A27675C",0.0003243593902043464,1,0.0002788622420524261
"A27675G",0.0025948751216347712,8,0.0025396825396825397
"C27684T",0.0012978585334198572,4,0.000975609756097561
"T27687C",0.001946787800129786,6,0.0018909549322407816
"A27691C",0.0003244646333549643,1,0.00031857279388340236
"T27693C",0.0003244646333549643,1,0.00031496062992125983
"C27707T",0.0009730781706130393,3,0.0008060182697474476
"G27715T",0.0003243593902043464,1,0.00030330603579011223
"A27721-",0.0003243593902043464,1,0.00026939655172413793
"T27722-",0.0003243593902043464,1,0.0002699055330634278
"T27722C",0.0003243593902043464,1,0.00029761904761904765
"C27725T",0.001621796951021732,5,0.0015183723048891589
"C27735T",0.0029182879377431907,9,0.0026698309107089885
"T27740A",0.0003243593902043464,1,0.00031928480204342275
"C27741T",0.001299545159194282,4,0.0006323110970597534
"G27754C",0.0006489292667099286,2,0.0004108463434675431
"A27763-",0.0022712524334847503,7,0.0021465808034345293
"A27764-",0.0022712524334847503,7,0.002150537634408602
"C27765-",0.0022712524334847503,7,0.002139364303178484
"C27765T",0.0029201817001946787,9,0.002452316076294278
"T27766-",0.0022705157314304248,7,0.0021426385062748698
"T27767-",0.0022705157314304248,7,0.0021432945499081446
"T27768-",0.0025948751216347712,8,0.002287021154945683
"C27769-",0.0025948751216347712,8,0.002287021154945683
"A27770-",0.0025948751216347712,8,0.0022889842632331904
"T27771-",0.0025948751216347712,8,0.002257336343115124
"T27772-",0.0025948751216347712,8,0.0022688598979013048
"A27773-",0.0025948751216347712,8,0.0023094688221709007
"A27774-",0.0022705157314304248,7,0.002084574151280524
"T27775-",0.0022712524334847503,7,0.0020933014354066986
"T27776-",0.0022712524334847503,7,0.002094554159186116
"G27777-",0.0022712524334847503,7,0.0021027335536197055
"A27778-",0.0022712524334847503,7,0.0021033653846153845
"C27779-",0.0022712524334847503,7,0.002107164358819988
"T27780-",0.0022712524334847503,7,0.0020889286780065653
"T27781-",0.0022712524334847503,7,0.0020951810835079317
"C27782-",0.0022712524334847503,7,0.002097692538207971
"C27782T",0.0006489292667099286,2,0.0006002400960384153
"T27783-",0.0022712524334847503,7,0.0020926756352765323
"A27784-",0.0022705157314304248,7,0.0020933014354066986
"T27785-",0.0022705157314304248,7,0.0021141649048625794
"T27786-",0.0022705157314304248,7,0.00203903291581707
"T27787-",0.0022705157314304248,7,0.0020539906103286387
"G27788-",0.0022705157314304248,7,0.002112888620585572
"T27789-",0.0022705157314304248,7,0.0019746121297602257
"G27790-",0.0022705157314304248,7,0.0019746121297602257
"C27791-",0.0022705157314304248,7,0.0019751693002257337
"T27792-",0.007135906584495621,22,0.0031663788140472078
"T27793-",0.0025957170668397143,8,0.0012957563977972141
"T27794-",0.0022705157314304248,7,0.0019236053860950811
"T27795-",0.0025957170668397143,8,0.002167434299647792
"T27796-",0.0025957170668397143,8,0.0021248339973439574
"A27797-",0.0025957170668397143,8,0.002127093858016485
"G27798-",0.0022712524334847503,7,0.00199203187250996
"C27799-",0.0022712524334847503,7,0.0019931662870159455
"C27799A",0.0003244646333549643,1,0.0003179650238473768
"C27800-",0.0022727272727272726,7,0.0019954389965792475
"T27801-",0.0022734654108476776,7,0.002008032128514056
"T27802-",0.0022749431264218393,7,0.0020600353148911123
"C27804T",0.0009768804949527841,3,0.0005623242736644799
"C27807T",0.9993457638207393,3055,0.004043256893058171
"T27808C",0.00032690421706440013,1,0.0003068425897514575
"T27810C",0.9970588235294118,3051,0.011147282233402387
"C27828A",0.000649772579597141,2,0.0005989817310572028
"A27831G",0.00032499187520311994,1,0.00028768699654775604
"A27834G",0.0003247807729782397,1,0.00031220730565095225
"C27836T",0.0003248862897985705,1,0.00031486146095717883
"G27842A",0.0003248862897985705,1,0.00031210986267166043
"C27847T",0.010738691832085909,33,0.008132084770823066
"C27849T",0.002600780234070221,8,0.002009545340366742
"G27877C",0.00032175032175032174,1,0.00031466331025802394
"T27878C",0.0009649404953361209,3,0.0009267840593141798
"C27879-",0.0006435006435006435,2,0.0004795013186286262
"C27879T",0.0006435006435006435,2,0.0005001250312578145
"A27880-",0.000643293663557414,2,0.00047938638542665386
"C27881T",0.001287415513356936,4,0.0008785416209092906
"G27882C",0.000643293663557414,2,0.0005778676683039584
"C27883T",0.0006435006435006435,2,0.00044812906116961686
"A27894G",0.000643293663557414,2,0.0006339144215530904
"A27897G",0.00032175032175032174,1,0.0003189792663476874
"T27901C",0.00032175032175032174,1,0.0003125
"T27910C",0.00128783000643915,4,0.0009356725146198831
"G27915T",0.000321646831778707,1,0.000002949339200552116
"G27916T",0.001286587327114828,4,0.0011757789535567313
"C27923T",0.0009646302250803858,3,0.0007851347814708192
"A27924G",0.0006430868167202572,2,0.0006325110689437065
"A27927G",0.00032133676092544985,1,0.00031735956839098697
"A27932G",0.0003247807729782397,1,0.00031065548306927616
"C27937A",0.0003245699448231094,1,0.0003190810465858328
"T27941C",0.0006493506493506494,2,0.0006259780907668231
"C27944T",0.0006504065040650406,2,0.0004574565416285453
"A27947T",0.012446773665247298,38,0.012090359529112313
"G27955C",0.0003272251308900524,1,0.00031969309462915604
"G27955T",0.0003272251308900524,1,0.0003169572107765452
"C27970T",0.0009836065573770492,3,0.0008023535704733886
"C27972T",0.0006557377049180328,2,0.0005341880341880342
"C27978A",0.0006561679790026247,2,0.0006381620931716656
"C27981A",0.000327653997378768,1,0.00031625553447185326
"C27982T",0.00032797638570022957,1,0.0002952465308532625
"T27986C",0.000327653997378768,1,0.00030525030525030525
"G27987T",0.00032776138970829236,1,0.0002853067047075606
"G27993T",0.0003295978905735003,1,0.00031625553447185326
"G27996A",0.0006591957811470006,2,0.00062015503875969
"C27999T",0.0006589785831960461,2,0.0005122950819672131
"A28008G",0.0003297065611605671,1,0.00031279324366593683
"T28015G",0.0003299241174529858,1,0.0002675943270002676
"T28026C",0.0003301419610432486,1,0.00030525030525030525
"G28041T",0.00231099372730274,7,0.0020491803278688526
"C28045T",0.00033112582781456954,1,0.00021240441801189465
"G28048T",0.00033112582781456954,1,0.00026680896478121667
"C28054T",0.0003312355084465055,1,0.00023623907394283014
"C28057T",0.00033200531208499334,1,0.0002345765892563922
"A28065-",0.00033178500331785003,1,0.0002608242044861763
"A28065C",0.0006635700066357001,2,0.0006377551020408163
"A28065T",0.0006635700066357001,2,0.0006317119393556538
"T28066-",0.0003312355084465055,1,0.0002626740215392698
"T28066A",0.0003312355084465055,1,0.00031887755102040814
"T28067-",0.00033233632436025255,1,0.0002631578947368421
"G28068-",0.0003312355084465055,1,0.0002687449610319806
"G28068T",0.0003312355084465055,1,0.0003048780487804878
"A28069-",0.00033189512114171923,1,0.00027739251040221914
"A28070-",0.00033200531208499334,1,0.0002782415136338342
"T28071-",0.00033189512114171923,1,0.0002763957987838585
"T28072-",0.00033189512114171923,1,0.0002765486725663717
"G28073-",0.00033145508783559825,1,0.0002765486725663717
"T28074-",0.00033200531208499334,1,0.00027770063871146905
"T28074C",0.00033200531208499334,1,0.00031826861871419476
"G28075-",0.00033178500331785003,1,0.0002777777777777778
"C28076-",0.0003316749585406302,1,0.00027808676307007786
"G28077-",0.0003322259136212625,1,0.0002778549597110308
"G28077C",0.0003322259136212625,1,0.0002820078962210942
"G28077T",0.005647840531561462,17,0.0030515167833423083
"T28078-",0.0003324468085106383,1,0.00027793218454697053
"G28079-",0.0003316749585406302,1,0.0002772387025228722
"G28079T",0.0029850746268656717,9,0.000846262341325811
"G28080-",0.00033200531208499334,1,0.00027419797093501506
"A28081-",0.00033145508783559825,1,0.0002738975623116954
"T28082-",0.00033266799733865603,1,0.00027412280701754384
"G28083-",0.00033277870216306157,1,0.000273972602739726
"A28084-",0.00033311125916055963,1,0.00027419797093501506
"G28085-",0.00033277870216306157,1,0.00027427317608337906
"G28086-",0.00033277870216306157,1,0.00027434842249657066
"C28087-",0.00033311125916055963,1,0.00027419797093501506
"C28087G",0.00033311125916055963,1,0.00031887755102040814
"C28087T",0.004996668887408394,15,0.0013130252100840337
"T28088-",0.0003332222592469177,1,0.00027419797093501506
"G28089-",0.0003367003367003367,1,0.0002663115845539281
"G28090-",0.002363268062120189,7,0.001384493670886076
"T28091-",0.0023616734143049934,7,0.001383399209486166
"T28092-",0.002360876897133221,7,0.0013749754468670202
"C28093-",0.002364066193853428,7,0.0013666536509176104
"C28093A",0.00033772374197906115,1,0.00029403116730373417
"C28093T",0.0010131712259371835,3,0.00037373863211660643
"T28094-",0.002364066193853428,7,0.0013779527559055118
"A28095-",0.002364066193853428,7,0.0013803983435219877
"T28098C",0.0013518080432578573,4,0.001076426264800861
"C28102T",0.0006772773450728074,2,0.0006040471156750226
"A28108G",0.00033818058843422386,1,0.00031665611146295124
"G28109T",0.00033783783783783786,1,0.0002748763056624519
"T28114C",0.0010145417653026716,3,0.0009227929867733005
"G28116A",0.008116334122421373,24,0.007455731593662628
"G28116T",0.00033818058843422386,1,0.00031308703819661864
"T28120A",0.003707448601280755,11,0.003515500159795462
"T28136C",0.00033647375504710633,1,0.00031776294884016526
"C28146T",0.00033178500331785003,1,0.00027005130974885227
"C28153T",0.00033178500331785003,1,0.00022138587558113792
"C28163T",0.0003312355084465055,1,0.00027624309392265195
"G28167A",0.0003297065611605671,1,0.0003053435114503817
"A28168G",0.00032938076416337287,1,0.00031746031746031746
"C28171T",0.00032829940906106366,1,0.0002952465308532625
"T28177C",0.0003281916639317361,1,0.00031152647975077883
"G28179T",0.00032797638570022957,1,0.00031387319522912746
"T28203C",0.0016129032258064516,5,0.001591343093570974
"G28209T",0.00032206119162640903,1,0.000282326369282891
"A28225-",0.0003219575016097875,1,0.00031725888324873094
"T28226-",0.0003219575016097875,1,0.00031725888324873094
"C28227-",0.0003219575016097875,1,0.0003170577045022194
"A28228-",0.0003219575016097875,1,0.0003170577045022194
"T28229-",0.00032175032175032174,1,0.0003171582619727244
"G28230-",0.000321853878339234,1,0.0003170577045022194
"G28233A",0.00032206119162640903,1,0.0003048780487804878
"T28251-",0.0003222687721559781,1,0.0002501876407305479
"T28251G",0.0012890750886239124,4,0.0008254230293025176
"T28252-",0.00515630035449565,16,0.004140786749482402
"C28253-",0.0051596259271202835,16,0.004038364462392731
"C28253T",0.0019348597226701064,6,0.0007869884575026233
"A28254-",0.010996119016817595,34,0.002111801242236025
"A28254C",0.00129366106080207,4,0.0007446016381236039
"T28255-",0.0003222687721559781,1,0.00030193236714975844
"C28256-",0.0003223726627981947,1,0.00030211480362537764
"C28256T",0.0012894906511927789,4,0.0010819583446037328
"C28261T",0.0025814778960955146,8,0.002551020408163265
"G28262A",0.0025814778960955146,8,0.002548582351067219
"A28266T",0.0012894906511927789,4,0.0012022843402464682
"T28270A",0.0006447453255963894,2,0.0006367398917542184
"A28271T",0.9993552546744036,3100,0.004086415831038569
"T28282C",0.0003224766204450177,1,0.0001157943492357573
"C28289A",0.0006459948320413437,2,0.0005732301519059903
"C28290T",0.00032299741602067185,1,0.0002628811777076761
"C28291T",0.00032289312237649337,1,0.00021949078138718174
"T28297C",0.00032299741602067185,1,0.0000048178375617887664
"G28300T",0.0006459948320413437,2,0.0005970149253731343
"T28306C",0.00032278889606197545,1,0.00031575623618566466
"A28309G",0.00032289312237649337,1,0.0003136762860727729
"C28310T",0.002583144979011947,8,0.0018509949097639982
"C28311T",0.999031007751938,3093,0.004073113238605686
"C28312G",0.00032278889606197545,1,0.0003160556257901391
"G28325A",0.0006457862447529867,2,0.0006116207951070336
"G28329A",0.00032289312237649337,1,0.00030303030303030303
"C28332T",0.00032289312237649337,1,0.0002978850163836759
"T28340C",0.013866494679135763,43,0.011503477795612628
"C28344T",0.0006449532408900354,2,0.00044464206313917296
"G28361T",0.00032331070158422246,1,0.00013559322033898305
"G28362-",0.9797174936617168,2705,0.0037018283336982703
"A28363-",0.991929567131328,2704,0.0037012195956581846
"A28363T",0.004402054292002935,12,0.0032804811372334607
"G28364-",0.9926578560939795,2704,0.0037013513217547473
"A28365-",0.9974179269642198,2704,0.0037016198693755296
"A28366-",0.9974179269642198,2704,0.0037016249366863337
"C28367-",0.9974179269642198,2704,0.003701640138701989
"G28368-",0.9974179269642198,2704,0.0037017516239655564
"C28369-",0.9974102848686645,2696,0.0036931962174876127
"A28370-",0.9940298507462687,2664,0.0037119452460208755
"G28371T",0.0003232062055591467,1,0.00012423903590508137
"T28372C",0.0029079159935379646,9,0.0027132951462164605
"G28376A",0.002904162633107454,9,0.002088651659317707
"G28378T",0.00032268473701193933,1,0.00021734405564007825
"G28380A",0.001936108422071636,6,0.001789442290486132
"T28382C",0.012907389480477573,40,0.009485416172634575
"A28389T",0.0003225806451612903,1,0.00028735632183908046
"A28390T",0.0003225806451612903,1,0.0003181673560292714
"C28391T",0.004514672686230248,14,0.003992015968063872
"G28392A",0.0003225806451612903,1,0.0002891844997108155
"G28392T",0.0003225806451612903,1,0.0003117206982543641
"C28394T",0.00032268473701193933,1,0.0003155569580309246
"G28396A",0.0016144656118824668,5,0.001178967224711153
"G28396T",0.00032289312237649337,1,0.0003117206982543641
"C28410T",0.0006455777921239509,2,0.0006343165239454488
"A28415T",0.0003224766204450177,1,0.0003171582619727244
"T28417C",0.0003225806451612903,1,0.00030330603579011223
"C28419T",0.0016123831022250886,5,0.0012025012025012026
"G28423A",0.00032268473701193933,1,0.00017593244194229416
"C28435T",0.0009668063164679343,3,0.0007228915662650603
"C28453T",0.00032206119162640903,1,0.00025265285497726126
"C28462T",0.0009671179883945841,3,0.0008161044613710555
"C28471T",0.0003223726627981947,1,0.0002213368747233289
"C28473T",0.004835589941972921,15,0.004158580537843083
"T28474C",0.0009674298613350532,3,0.0008298755186721991
"T28474G",0.0009674298613350532,3,0.0009413241292751804
"G28476C",0.01644100580270793,51,0.015848353014294592
"A28477G",0.0003224766204450177,1,0.00031635558367605187
"A28477T",0.0003224766204450177,1,0.0003169572107765452
"A28483G",0.000643707756678468,2,0.0006191950464396285
"G28487A",0.0003219575016097875,1,0.00028595939376608524
"A28492G",0.0019311232700354038,6,0.0018275967103259215
"C28498T",0.009612303748798462,30,0.0072254335260115606
"A28513C",0.0003204101249599487,1,0.00031928480204342275
"C28531T",0.0003225806451612903,1,0.00022301516503122213
"C28534T",0.0003224766204450177,1,0.00031289111389236547
"G28560A",0.00032216494845360824,1,0.00031338138514572234
"G28560T",0.00032216494845360824,1,0.0003118178983473651
"G28562A",0.0006443298969072165,2,0.000612369871402327
"C28567T",0.00032216494845360824,1,0.0002770850651149903
"G28576C",0.0003223726627981947,1,0.0003029385034837928
"T28582C",0.0003223726627981947,1,0.00030321406913280777
"C28603T",0.015473887814313346,48,0.0062329567588624854
"C28606T",0.0006451612903225806,2,0.0004869734599464329
"G28621A",0.015151515151515152,47,0.012848551120831055
"C28634A",0.0003222687721559781,1,0.0003059975520195838
"C28651T",0.0003222687721559781,1,0.00019076688286913393
"C28657T",0.0016113438607798904,5,0.0005132416341613632
"C28663T",0.0006445375443119562,2,0.0006297229219143577
"T28672C",0.0003223726627981947,1,0.00031486146095717883
"C28674T",0.0016118633139909735,5,0.0010679196924391287
"A28676G",0.0003222687721559781,1,0.0002938583602703497
"C28677A",0.0009668063164679343,3,0.0009369144284821987
"C28677T",0.0003222687721559781,1,0.00018946570670708602
"G28681A",0.0003223726627981947,1,0.00025
"G28681T",0.0061250805931656995,19,0.00028013269443420566
"G28690A",0.0003223726627981947,1,0.0003139717425431711
"T28693C",0.0009668063164679343,3,0.0006313131313131314
"C28695T",0.0009668063164679343,3,0.0007974481658692185
"G28703C",0.0003223726627981947,1,0.0002778549597110308
"C28708T",0.0003222687721559781,1,0.00022706630336058128
"C28714T",0.009721322099805573,30,0.002888225666698758
"C28717T",0.0003222687721559781,1,0.00026652452025586353
"T28723C",0.0016108247422680412,5,0.0011641443538998836
"C28724T",0.00032216494845360824,1,0.0002466091245376079
"G28727T",0.0006443298969072165,2,0.0005182689816014512
"A28734T",0.00032206119162640903,1,0.00031887755102040814
"C28737T",0.0012882447665056361,4,0.0010441138084051162
"T28738G",0.0006443298969072165,2,0.0006391818472355385
"C28744T",0.0019348597226701064,6,0.0011514104778353484
"G28747C",0.00032216494845360824,1,0.00031867431485022306
"C28767T",0.0009664948453608248,3,0.0008630609896432681
"A28768G",0.002577319587628866,8,0.0021169621593014024
"T28772C",0.0009664948453608248,3,0.0009395552771688068
"G28774T",0.0003222687721559781,1,0.0003045994517209869
"G28781A",0.0003223726627981947,1,0.00031756113051762465
"C28789T",0.0003222687721559781,1,0.0002827254735651682
"C28791T",0.0003222687721559781,1,0.0002161227577263886
"C28801T",0.0006445375443119562,2,0.0005594405594405594
"C28807A",0.0003224766204450177,1,0.0003002101471029721
"G28809A",0.0003224766204450177,1,0.0003132832080200501
"A28816G",0.0019342359767891683,6,0.0018535681186283596
"C28819T",0.0003223726627981947,1,0.00030807147258163895
"T28825G",0.0003223726627981947,1,0.000318775900541919
"G28839A",0.0006408202499198974,2,0.0006323110970597534
"C28844T",0.0003204101249599487,1,0.00031746031746031746
"C28846T",0.0003204101249599487,1,0.00018942981625307822
"A28848G",0.0003204101249599487,1,0.00031635558367605187
"C28849T",0.0019236934915036871,6,0.0010978956999085087
"A28850G",0.000321853878339234,1,0.0003136762860727729
"G28851T",0.0019305019305019305,6,0.0017709563164108619
"A28858G",0.00032175032175032174,1,0.0003114294612270321
"C28866A",0.000321853878339234,1,0.00031746031746031746
"T28867C",0.0003219575016097875,1,0.00029850746268656717
"G28872A",0.0012882447665056361,4,0.0010658140154543032
"C28873T",0.00032216494845360824,1,0.0002941176470588235
"A28874T",0.00032216494845360824,1,0.0003170577045022194
"G28875A",0.00032216494845360824,1,0.0002824858757062147
"A28877T",0.007414571244358479,23,0.0020033098162180996
"G28878C",0.007416962270235408,23,0.0020232230823363827
"G28881A",0.9996749024707412,3075,0.004039313356137392
"G28882A",0.9996747967479674,3074,0.004078323986621399
"G28883C",0.9996747967479674,3074,0.004073136248660065
"G28884A",0.001935483870967742,6,0.0016764459346186086
"G28884C",0.0022580645161290325,7,0.00023079459281239698
"G28895A",0.001614987080103359,5,0.0015888147442008262
"G28899-",0.00032310177705977385,1,0.00031113876789047915
"G28899T",0.00032310177705977385,1,0.00031426775612822125
"A28900-",0.00032310177705977385,1,0.0003112356053532524
"A28900T",0.0019386106623586429,6,0.0019077901430842607
"A28901-",0.00032310177705977385,1,0.00031133250311332503
"T28902-",0.0003232062055591467,1,0.0003112356053532524
"G28903-",0.00032310177705977385,1,0.0003116235587410408
"G28903T",0.00032310177705977385,1,0.0002961208172934557
"G28904-",0.00032310177705977385,1,0.00030609121518212427
"C28905-",0.00032310177705977385,1,0.00030627871362940275
"C28905T",0.0012924071082390954,4,0.0010638297872340426
"T28906-",0.00032310177705977385,1,0.00030637254901960784
"G28907-",0.00032310177705977385,1,0.00031318509238960227
"T28912C",0.0006459948320413437,2,0.0006064281382656155
"G28913A",0.0006457862447529867,2,0.0005865102639296188
"C28915T",0.0006459948320413437,2,0.0005803830528148578
"G28916A",0.0009689922480620155,3,0.000881057268722467
"A28920G",0.0003232062055591467,1,0.00031887755102040814
"C28948T",0.0025806451612903226,8,0.0017777777777777779
"C28957T",0.0003224766204450177,1,0.0002479543763947434
"C28958A",1,3103,0.011354571468300144
"G28960T",0.0003222687721559781,1,0.00026652452025586353
"G28964C",0.0003223726627981947,1,0.00031969309462915604
"C28969T",0.0006447453255963894,2,0.0005941770647653001
"A28983G",0.0025789813023855577,8,0.0024937655860349127
"G29000T",0.0006441223832528181,2,0.0005428881650380022
"A29006G",0.001287001287001287,4,0.001264622194119507
"C29007T",0.0009652509652509653,3,0.0009205277692543725
"C29013T",0.00032175032175032174,1,0.00030156815440289503
"T29026G",0.00032175032175032174,1,0.00031959092361776926
"G29032A",0.000321646831778707,1,0.0003028467595396729
"C29037T",0.000321646831778707,1,0.0003191828917969997
"T29047A",0.00032175032175032174,1,0.0003168567807351077
"C29067T",0.0003215434083601286,1,0.0002479543763947434
"C29077T",0.0009643201542912247,3,0.0006160164271047228
"C29085T",0.0006435006435006435,2,0.0005137426149499101
"C29095T",0.001287001287001287,4,0.0005363368195226602
"C29098T",0.000321646831778707,1,0.0002966478789676654
"A29116G",0.00032175032175032174,1,0.0003136762860727729
"G29134T",0.000321853878339234,1,0.00027247956403269756
"G29140C",0.000643915003219575,2,0.0006151953245155337
"C29144T",0.005473277527366388,17,0.0038245219347581554
"C29149T",0.0003219575016097875,1,0.0002403846153846154
"G29151A",0.000643915003219575,2,0.0006359300476947536
"C29160T",0.00032216494845360824,1,0.0002704895861509332
"C29171T",0.003865979381443299,12,0.0022735884804850324
"T29173C",0.000643707756678468,2,0.0003768607499528924
"G29179A",0.0003219575016097875,1,0.000280662363177098
"A29188G",0.0006406149903907751,2,0.0006209251785159888
"A29188T",0.00032030749519538755,1,0.00031887755102040814
"G29195T",0.0006406149903907751,2,0.0006140620202640467
"C29197T",0.00032030749519538755,1,0.0003020235578375113
"C29200G",0.00032030749519538755,1,0.00031645569620253165
"C29200T",0.008968609865470852,28,0.006219458018658374
"G29202A",0.00032030749519538755,1,0.00031446540880503143
"C29203T",0.00032030749519538755,1,0.0002964719833975689
"T29206C",0.0006416426050689766,2,0.0006188118811881188
"C29218T",0.00256986829424992,8,0.0016663195167673402
"A29222C",0.00032092426187419767,1,0.00031959092361776926
"G29227A",0.006741573033707865,21,0.005785123966942148
"A29231G",0.00032092426187419767,1,0.00031338138514572234
"C29236T",0.0003208213025344883,1,0.0003027550711474417
"C29245T",0.0003208213025344883,1,0.0003048780487804878
"T29252G",0.0003208213025344883,1,0.00031735956839098697
"C29253T",0.0003208213025344883,1,0.000213903743315508
"G29254A",0.0006416426050689766,2,0.0005077430820005078
"G29260C",0.0003208213025344883,1,0.0003132832080200501
"C29269T",0.0019224607497596924,6,0.0017969451931716084
"C29272T",0.002564102564102564,8,0.001480932987782303
"C29284A",0.0006412311638345624,2,0.0006271558482282847
"C29284T",0.0006412311638345624,2,0.0004257130693912303
"G29290A",0.0003206155819172812,1,0.0003097893432465923
"G29290T",0.0009618467457518436,3,0.0009490667510281556
"C29296T",0.0006414368184733803,2,0.00032997855139415937
"G29300C",0.00032071840923669016,1,0.00030902348578491963
"C29311T",0.0012828736369467607,4,0.0006197706848466068
"G29315C",0.00032071840923669016,1,0.00030184123151222455
"G29315T",0.00032071840923669016,1,0.0003109452736318408
"G29338T",0.0006412311638345624,2,0.0006355258976803305
"T29344C",0.0006412311638345624,2,0.0006263701847792045
"C29353T",0.0009621552277100705,3,0.0005603287261860292
"C29358A",0.00032071840923669016,1,0.00028776978417266187
"C29358T",0.001603592046183451,5,0.0008488964346349745
"A29359G",0.0012828736369467607,4,0.0012496094970321774
"C29362T",0.0006414368184733803,2,0.0005730659025787965
"C29364T",0.0009615384615384616,3,0.0008595988538681948
"C29366T",0.004810776138550353,15,0.004083855159270351
"C29367T",0.000641025641025641,2,0.00046490004649000463
"A29369C",0.000641025641025641,2,0.0006385696040868455
"A29369G",0.0003205128205128205,1,0.000299311583358276
"C29370T",0.001924310455420141,6,0.001219016659894352
"T29377A",0.00032092426187419767,1,0.0003048780487804878
"T29377C",0.0019255455712451862,6,0.0018564356435643563
"A29379G",0.00032092426187419767,1,0.00031318509238960227
"A29380G",0.00032092426187419767,1,0.0003139717425431711
"C29386A",0.006426735218508998,20,0.006049606775559589
"C29409T",0.0016066838046272494,5,0.00013167597176867165
"G29414T",0.00064246707356248,2,0.0006142506142506142
"C29420A",0.0003211303789338471,1,0.0003098853424233034
"C29420T",0.00224791265253693,7,0.0016497761018147536
"C29421T",0.0006426735218508997,2,0.0004996252810392206
"G29422A",0.00064246707356248,2,0.0005541701302299807
"G29422T",0.0022486347574686796,7,0.0019026909486273443
"G29425T",0.0003214400514304082,1,0.00031075201988812925
"G29440A",0.001286587327114828,4,0.0011614401858304297
"A29443T",0.003213367609254499,10,0.003158559696778269
"G29449T",0.0003214400514304082,1,0.0002228163992869875
"T29461C",0.0019292604501607716,6,0.0018679950186799503
"T29464C",0.0003215434083601286,1,0.0002967359050445104
"C29466T",0.001607717041800643,5,0.001160092807424594
"A29467G",0.0003215434083601286,1,0.0003077870113881194
"T29476C",0.00032123353678124,1,0.0003077870113881194
"A29478T",0.0003214400514304082,1,0.00031867431485022306
"T29479C",0.0003215434083601286,1,0.0002947244326554671
"A29488G",0.006103437198843559,19,0.005991800693787449
"T29492C",0.00032123353678124,1,0.00024509803921568627
"G29494A",0.00032123353678124,1,0.0003117206982543641
"A29510C",0.9996791786974655,3116,0.004098754194448793
"G29511C",0.0003206155819172812,1,0.0003190810465858328
"T29512C",0.0003206155819172812,1,0.00030003000300030005
"G29513T",0.002268308489954634,7,0.002005156115726153
"T29515C",0.0006482982171799027,2,0.000611807892321811
"C29520T",0.00032351989647363315,1,0.00029403116730373417
"C29523T",0.00032362459546925567,1,0.000281928390188892
"T29524A",0.00032362459546925567,1,0.00031191515907673113
"T29524C",0.0006472491909385113,2,0.0005719187875321705
"G29527T",0.00032393909944930353,1,0.00030003000300030005
"C29530A",0.00032414910858995135,1,0.0003081664098613251
"C29530T",0.011345218800648298,35,0.008641975308641974
"A29532G",0.001943634596695821,6,0.0019071837253655435
"T29539C",0.0003244646333549643,1,0.00031635558367605187
"C29541T",0.004868549172346641,15,0.002711006687149828
"A29542G",0.0003243593902043464,1,0.00030950170225936243
"G29543C",0.0003240440699935191,1,0.0002841716396703609
"G29543T",0.0006480881399870382,2,0.0004768717215069146
"A29544T",0.0003240440699935191,1,0.0003194888178913738
"C29545A",0.000975609756097561,3,0.0007244626901714562
"C29550T",0.0006499837504062399,2,0.0006180469715698393
"G29553A",0.000649772579597141,2,0.0006317119393556538
"C29555T",0.002280873248615184,7,0.0012915129151291514
"A29558G",0.0009778357235984355,3,0.0008460236886632825
"A29567G",0.00032615786040443573,1,0.00027862914460852607
"G29573T",0.0003262642740619902,1,0.00031347962382445143
"T29574-",0.0003262642740619902,1,0.0003116235587410408
"T29575-",0.00032637075718015666,1,0.00030845157310302283
"T29576-",0.0003262642740619902,1,0.0003078817733990148
"T29577-",0.0003262642740619902,1,0.0003079765937788728
"C29578-",0.00032637075718015666,1,0.0003076923076923077
"G29579-",0.000326797385620915,1,0.0003076923076923077
"C29580-",0.000326797385620915,1,0.0003074085459575776
"C29580T",0.0016339869281045752,5,0.0012360939431396785
"T29581-",0.00196078431372549,6,0.001626457034426674
"T29581C",0.000326797385620915,1,0.00027925160569673273
"T29582-",0.0016339869281045752,5,0.0015248551387618177
"C29585T",0.004251144538914323,13,0.003318019397651863
"C29586T",0.0003270111183780249,1,0.00029214139643587495
"C29592A",0.0003270111183780249,1,0.0003194888178913738
"C29614T",0.0006555227794165847,2,0.00033400133600534405
"A29617G",0.000655307994757536,2,0.0006361323155216285
"G29620C",0.00032754667540124465,1,0.00031298904538341156
"C29627A",0.00032776138970829236,1,0.00031357792411414236
"C29627T",0.004916420845624385,15,0.0029302598163703846
"G29628T",0.0042622950819672135,13,0.0035306898424769147
"C29632T",0.00032754667540124465,1,0.00022904260192395785
"C29635T",0.0022920759659463,7,0.001895991332611051
"C29640T",0.003275466754012447,10,0.00230467849734962
"C29642T",0.0016377333770062235,5,0.0011233430689732643
"G29645T",0.002618657937806874,8,0.0023262576330328583
"A29649G",0.000982640026203734,3,0.0009404388714733542
"A29653T",0.00032754667540124465,1,0.00031776294884016526
"A29663G",0.0029469548133595285,9,0.0028698979591836736
"C29666T",0.0009823182711198428,3,0.00048138639281129655
"A29669G",0.00032797638570022957,1,0.000315357931251971
"G29674A",0.0006557377049180328,2,0.0006236357966947302
"C29679T",0.0003278688524590164,1,0.00026123301985370953
"T29685G",0.0013315579227696406,4,0.0012742911755336094
"G29690T",0.000333000333000333,1,0.0002830455703368242
"A29700G",0.007004669779853236,21,0.0024427125741537745
"G29701T",0.0003359086328518643,1,0.00030883261272390367
"G29702A",0.0003359086328518643,1,0.00028121484814398203
"G29706A",0.0006722689075630252,2,0.0005089058524173028
"G29706T",0.010756302521008404,32,0.0016637204949568473
"C29708A",0.0003360215053763441,1,0.00029859659599880563
"C29708T",0.0020161290322580645,6,0.0010442046641141664
"G29711T",0.00907563025210084,27,0.007936507936507936
"A29712G",0.0013445378151260505,4,0.0012594458438287153
"G29717A",0.0006729475100942127,2,0.0005181347150259067
"C29719T",0.00033647375504710633,1,0.0002932551319648094
"C29722T",0.00033692722371967657,1,0.0003029385034837928
"C29724-",0.0003370407819346141,1,0.0003123048094940662
"C29724T",0.0006740815638692282,2,0.0005865102639296188
"A29725-",0.0003370407819346141,1,0.0002986857825567503
"A29725G",0.0003370407819346141,1,0.0003059975520195838
"T29726-",0.0006740815638692282,2,0.0005521811154058532
"T29727-",0.00033715441672285906,1,0.0002913752913752914
"T29728A",0.0010190217391304348,3,0.0009532888465204957
"T29728G",0.00033967391304347825,1,0.0003132832080200501
"C29730T",0.00034094783498124785,1,0.00029886431560071725
"C29733-",0.000357653791130186,1,0.00014667057788207686
"G29734-",0.9854368932038835,2233,0.003950723001771014
"G29734T",0.002206531332744925,5,0.0007604562737642585
"A29735-",0.9863013698630136,2232,0.003949890192344787
"G29736-",0.9880478087649402,2232,0.003949743408246328
"G29737-",0.9880478087649402,2232,0.003949799324711728
"C29738-",0.9880478087649402,2232,0.003949862232627773
"C29739-",0.9880478087649402,2232,0.003949862232627773
"A29740-",0.9880478087649402,2232,0.003949848252917703
"C29741-",0.9880478087649402,2232,0.003949848252917703
"G29742-",0.9880478087649402,2232,0.003949757387214253
"C29743-",0.9880478087649402,2232,0.003949813304075457
"G29744-",0.9880478087649402,2232,0.003949820293794429
"G29745-",0.9880478087649402,2232,0.0039498272835381395
"A29746-",0.9880478087649402,2232,0.0039498342733065885
"G29747-",0.9880478087649402,2232,0.003949855242760369
"T29748-",0.9880478087649402,2232,0.003950260695967973
"A29749-",0.9880478087649402,2232,0.003950295652727952
"C29750-",0.9880478087649402,2232,0.003950316627080907
"G29751-",0.9880478087649402,2232,0.003950057958959747
"A29752-",0.9880478087649402,2232,0.003950092912131669
"T29753-",0.9880478087649402,2232,0.0039502467134372105
"C29754-",0.9880478087649402,2232,0.003950253704690218
"G29755-",0.9880478087649402,2232,0.003950211757543364
"A29756-",0.9880478087649402,2232,0.003950561344323635
"G29757-",0.9880478087649402,2232,0.003950652247021966
"T29758-",0.9880478087649402,2232,0.003951736409266751
"G29759-",0.9876051350154936,2231,0.0039628687546183145
"G29759T",0.0004426737494466578,1,0.00022935779816513763
"T29760-",0.0003846153846153846,1,0.00018744142455482662
"T29760C",0.0003846153846153846,1,0.00029761904761904765
"C29762G",0.000768344218209758,2,0.0006006006006006006
"C29762T",0.008835958509412217,23,0.002410901467505241
"A29768G",0.0026819923371647508,7,0.002228589621139764
"C29769T",0.0034535686876438986,9,0.001421351863550221
"A29770C",0.0003831417624521073,1,0.00031857279388340236
"A29770T",0.0072796934865900385,19,0.005875077303648732
"T29772C",0.00038022813688212925,1,0.00030084235860409147
"C29774T",0.0019011406844106464,5,0.0008614748449345279
"G29777T",0.004557538928978352,12,0.0035460992907801418
"G29778A",0.001139384732244588,3,0.0008957897879964168
"G29779A",0.00037979491074819596,1,0.0002962962962962963
"G29779T",0.004557538928978352,12,0.0019887305270135896
"G29781T",0.0068415051311288486,18,0.0028763183125599234
"T29793C",0.0003862495171881035,1,0.00031318509238960227
"G29808T",0.00038925652004671076,1,0.00031240237425804435
"T29811A",0.0003904724716907458,1,0.00031635558367605187
"T29816-",0.00039077764751856197,1,0.00031456432840515884
"G29825T",0.0004158004158004158,1,0.00030998140111593303
"T29829A",0.0013921113689095127,3,0.0009551098376313276
"C29835T",0.0004679457182966776,1,0.00028538812785388126
"C29836T",0.0004692632566870014,1,0.0002864508736751647
"C29838T",0.0014211274277593558,3,0.0008250825082508251
"G29862T",0.0011806375442739079,1,0.00030959752321981426
"G29868A",0.004739336492890996,1,0.00018178512997636792
"C29870A",0.006172839506172839,2,0.0003755163349605708
"A29871C",0.0024875621890547263,1,0.0003183699458771092