mutation,proportion,count,jaccard
"T9G",0.0064516129032258064,1,0.000574052812858783
"A12T",0.0048543689320388345,1,0.0005717552887364208
"C21T",0.9965635738831615,290,0.006247038042307526
"C36T",0.002890173410404624,1,0.0004921259842519685
"C40T",0.0027397260273972603,1,0.0005577244841048522
"C44T",0.8525469168900804,318,0.0023989317964076373
"G45T",0.0025,1,0.0005733944954128441
"T87C",0.0006544502617801048,1,0.0005515719801434088
"C103T",0.0006265664160401002,1,0.0005411255411255411
"G105A",0.0006261740763932373,1,0.0005592841163310962
"C106T",0.0031308703819661866,5,0.0013502565487442614
"T120C",0.0006203473945409429,1,0.0005688282138794084
"G127T",0.0006153846153846154,1,0.000550357732526142
"A142T",0.001218026796589525,2,0.0011474469305794606
"T144A",0.0006090133982947625,1,0.0005777007510109763
"T145A",0.0006086427267194157,1,0.0005757052389176742
"C151T",0.0006082725060827251,1,0.0005704506560182544
"C162T",0.0012143290831815423,2,0.000975609756097561
"T168C",0.00424757281553398,7,0.0037513397642015005
"G174C",0.0006060606060606061,1,0.0005216484089723526
"T177C",0.051515151515151514,85,0.04552758435993572
"C186T",0.0024227740763173833,4,0.0010473946059177796
"A187G",0.0006060606060606061,1,0.0005411255411255411
"T194-",0.0006031363088057901,1,0.0005691519635742744
"T195-",0.0006031363088057901,1,0.0005694760820045558
"A196-",0.0006031363088057901,1,0.0005678591709256105
"C197-",0.0006031363088057901,1,0.0005665722379603399
"C197T",0.0006031363088057901,1,0.0005602240896358543
"G198-",0.0006035003017501509,1,0.0005614823133071309
"G199-",0.0006031363088057901,1,0.0005614823133071309
"T200-",0.0006031363088057901,1,0.0005624296962879641
"T201-",0.0006031363088057901,1,0.0005630630630630631
"T202-",0.0006027727546714888,1,0.0005605381165919282
"C203-",0.0006038647342995169,1,0.0005574136008918618
"C203T",0.0036231884057971015,6,0.0011342155009451795
"G204-",0.0006035003017501509,1,0.0005589714924538849
"T205-",0.0006031363088057901,1,0.0005611672278338945
"C206-",0.0006027727546714888,1,0.0005608524957936063
"C207-",0.0006027727546714888,1,0.0005611672278338945
"G208-",0.0006024096385542169,1,0.0005614823133071309
"G210T",0.0012048192771084338,2,0.0009770395701025891
"T211A",0.0006024096385542169,1,0.0005608524957936063
"T211C",0.0006024096385542169,1,0.0005717552887364208
"G219T",0.0012070006035003018,2,0.0009900990099009901
"A220G",0.0006027727546714888,1,0.000550357732526142
"C222T",0.0012062726176115801,2,0.0004246284501061571
"T232C",0.0006024096385542169,1,0.0005047955577990914
"G236A",0.0024110910186859553,4,0.0022346368715083797
"T240C",0.0012077294685990338,2,0.001105583195135434
"C241T",0.9987929993964997,1655,0.0023255781274810266
"G242-",0.0006035003017501509,1,0.0005630630630630631
"G246A",0.0006027727546714888,1,0.0005428881650380022
"T249G",0.0006027727546714888,1,0.0005767012687427913
"G256T",0.0006031363088057901,1,0.0005652911249293386
"A258T",0.0006024096385542169,1,0.0005757052389176742
"C281T",0.0006009615384615385,1,0.0005524861878453039
"T287C",0.0018018018018018018,3,0.0017035775127768314
"C300T",0.0012012012012012011,2,0.0009900990099009901
"C304T",0.0006009615384615385,1,0.000536480686695279
"T317-",0.0006006006006006006,1,0.0005192107995846313
"T318-",0.0006006006006006006,1,0.0005614823133071309
"G319-",0.0006006006006006006,1,0.0005617977528089888
"C320-",0.0006006006006006006,1,0.0005617977528089888
"C321-",0.0006006006006006006,1,0.0005617977528089888
"T322-",0.0006006006006006006,1,0.0005640157924421884
"G323A",0.0006009615384615385,1,0.0005449591280653951
"C335T",0.0024024024024024023,4,0.0009097111667045713
"G336A",0.0011997600479904018,2,0.0010422094841063053
"C337T",0.0012012012012012011,2,0.0005614823133071309
"C340T",0.0005995203836930455,1,0.0005336179295624333
"C346G",0.005373134328358209,9,0.005199306759098787
"G354A",0.0011926058437686344,2,0.001092896174863388
"T369C",0.0017804154302670622,3,0.0017142857142857142
"G389A",0.000594883997620464,1,0.0005455537370430987
"C401A",0.0005941770647653001,1,0.0005420054200542005
"T409C",0.001786777843954735,3,0.0015392508978963571
"C414T",0.0005963029218843172,1,0.0005537098560354374
"G419A",0.0005955926146515784,1,0.0005675368898978433
"C421T",0.0006635700066357001,1,0.0005344735435595938
"C449T",0.0006784260515603799,1,0.0004079967360261118
"C466T",0.0006765899864682003,1,0.0005125576627370579
"A489G",0.002719238613188307,4,0.0022002200220022
"T493C",0.0006802721088435374,1,0.0005411255411255411
"T508C",0.008185538881309686,12,0.006125574272588055
"G509-",0.008174386920980926,12,0.0009835259404966806
"G509A",0.0006811989100817438,1,0.0005299417064122947
"G510-",0.012244897959183673,18,0.0009732886341516167
"T511-",0.012253233492171545,18,0.0009738151915169877
"C512-",0.012951601908657124,19,0.0010321599304650153
"C512T",0.0013633265167007499,2,0.0009955201592832255
"A513-",0.01296043656207367,19,0.0010210113385996024
"T514-",0.013633265167007498,20,0.0010750954147180562
"G515-",0.018392370572207085,27,0.0009932678512305484
"T516-",0.020435967302452316,30,0.0010299721907508497
"T517-",0.02044989775051125,30,0.0010306799051774487
"A518-",0.021131561008861623,31,0.0009450355150443557
"T519-",0.015017064846416382,22,0.0008735705209656925
"G520-",0.015017064846416382,22,0.0008764940239043825
"G521-",0.00954328561690525,14,0.0010025062656641604
"G521A",0.0006816632583503749,1,0.0005096839959225281
"T522-",0.00954328561690525,14,0.0010260920551158018
"T523-",0.009530292716133424,14,0.0010305483989694515
"G524-",0.0006811989100817438,1,0.00035971223021582735
"A525-",0.0006811989100817438,1,0.0005361930294906167
"G526-",0.0006811989100817438,1,0.0005370569280343716
"C527A",0.0013577732518669382,2,0.0011325028312570782
"T565C",0.013642564802182811,20,0.011318619128466326
"T577A",0.0006793478260869565,1,0.0005567928730512249
"G581A",0.0013550135501355014,2,0.0009995002498750624
"C584T",0.0006784260515603799,1,0.0005186721991701245
"C589T",0.0020352781546811396,3,0.0014627011214041932
"C593T",0.0013605442176870747,2,0.00038513383400731754
"G598T",0.0006798096532970768,1,0.000526592943654555
"G621A",0.001358695652173913,2,0.0010604453870625664
"C635T",0.0020408163265306124,3,0.0008899436369029962
"C643T",0.0013605442176870747,2,0.0007150518412584912
"C657T",0.0006648936170212766,1,0.0003946329913180742
"G663A",0.0005871990604815032,1,0.0005617977528089888
"G669A",0.0005844535359438924,1,0.00048756704046806434
"T670A",0.0011743981209630064,2,0.0009638554216867469
"T670G",0.992953611274222,1691,0.002246313375992476
"T671G",0.0005844535359438924,1,0.0005691519635742744
"C673T",0.0005834305717619603,1,0.00034782608695652176
"G675C",0.0005834305717619603,1,0.0005704506560182544
"G677A",0.0005844535359438924,1,0.0004042037186742118
"C683T",0.0005865102639296188,1,0.00015971889474524837
"A686-",0.010514018691588784,18,0.0014612761811982464
"A687-",0.010514018691588784,18,0.0014618695687484773
"G688-",0.010514018691588784,18,0.0014625822702527018
"T689-",0.010514018691588784,18,0.0014617508526879974
"C690-",0.010514018691588784,18,0.0014618695687484773
"A691-",0.010514018691588784,18,0.0014602092966658554
"T692-",0.010514018691588784,18,0.0014612761811982464
"T693-",0.010520163646990065,18,0.0014667535853976532
"T694-",0.009941520467836258,17,0.0014056556970398545
"T694A",0.0005847953216374269,1,0.0005252100840336134
"C703T",0.0005837711617046118,1,0.0004182350480970305
"G704A",0.001750291715285881,3,0.0015189873417721519
"G709T",0.0011675423234092236,2,0.001063264221158958
"T712C",0.0005834305717619603,1,0.0005574136008918618
"A730C",0.0005837711617046118,1,0.0005753739930955121
"T766C",0.002335084646818447,4,0.002292263610315186
"T772A",0.0011682242990654205,2,0.0011350737797956867
"T772C",0.006425233644859813,11,0.005533199195171026
"C784T",0.0005834305717619603,1,0.0005608524957936063
"C788T",0.0005834305717619603,1,0.0005197505197505198
"G806A",0.004086398131932283,7,0.0020600353148911123
"T809C",0.0005837711617046118,1,0.0005022601707684581
"C817T",0.0005827505827505828,1,0.000501002004008016
"C823T",0.0011716461628588166,2,0.00018445079774970027
"C829T",0.0005844535359438924,1,0.00022143489813994686
"C832T",0.0005847953216374269,1,0.0002469135802469136
"C835T",0.0017523364485981308,3,0.0010438413361169101
"C843T",0.0005841121495327102,1,0.000499001996007984
"T844A",0.0005841121495327102,1,0.0005611672278338945
"C850T",0.0005841121495327102,1,0.000513347022587269
"A871G",0.0005844535359438924,1,0.0005296610169491525
"G872T",0.0005851375073142189,1,0.0004916420845624386
"C874T",0.0011689070718877848,2,0.000877963125548727
"C884T",0.0005834305717619603,1,0.0003769317753486619
"C888T",0.0011661807580174927,2,0.0010970927043335162
"C897A",0.9905826957033549,1683,0.006243415292843258
"C897T",0.0005885815185403178,1,0.0005073566717402334
"C912A",0.0005830903790087463,1,0.0003755163349605708
"G914A",0.0017482517482517483,3,0.0015552099533437014
"G922T",0.0011668611435239206,2,0.0011037527593818985
"C934T",0.003498542274052478,6,0.002068252326783868
"C936T",0.0005841121495327102,1,0.0003170577045022194
"C952T",0.0011655011655011655,2,0.0009153318077803204
"C981T",0.0005817335660267597,1,0.0005382131324004305
"T986C",0.0005813953488372093,1,0.0005701254275940707
"A1015G",0.0005803830528148578,1,0.000552791597567717
"T1027C",0.0005913660555884093,1,0.0005717552887364208
"T1040G",0.000591016548463357,1,0.0005717552887364208
"C1059T",0.0006105006105006105,1,0.00042643923240938164
"C1060T",0.002443494196701283,4,0.0010025062656641604
"T1075C",0.0006116207951070336,1,0.0005296610169491525
"T1081C",0.0006112469437652812,1,0.0005530973451327434
"C1093T",0.006777572396796057,11,0.003257328990228013
"C1122T",0.001850709438618137,3,0.0015641293013555788
"T1129C",0.001850709438618137,3,0.0017103762827822121
"G1167A",0.0006150061500615006,1,0.0005221932114882506
"G1172A",0.0006119951040391676,1,0.000513347022587269
"C1190T",0.0012239902080783353,2,0.0007089684509039348
"C1191T",0.000612369871402327,1,0.00027078256160303275
"C1225A",0.0006165228113440197,1,0.0005757052389176742
"A1230G",0.0012322858903265558,2,0.0006110601894286587
"C1267A",0.0006153846153846154,1,0.00041152263374485596
"T1271C",0.0006172839506172839,1,0.0005730659025787965
"C1288T",0.0006157635467980296,1,0.00020716801325875285
"C1302T",0.0006165228113440197,1,0.00038714672861014324
"G1312T",0.0006157635467980296,1,0.0005042864346949068
"C1314T",0.0006150061500615006,1,0.00040899795501022495
"C1329A",0.0012135922330097086,2,0.001148105625717566
"T1330C",0.0006067961165048543,1,0.000552791597567717
"C1342T",0.0006389776357827476,1,0.00047938638542665386
"C1348T",0.0006369426751592356,1,0.00030656039239730225
"T1368C",0.004484304932735426,7,0.0029154518950437317
"C1387T",0.0025657472738935213,4,0.001218769043266301
"C1392T",0.0012746972594008922,2,0.0007920792079207921
"C1404T",0.0006406149903907751,1,0.0005030181086519115
"G1418A",0.0012746972594008922,2,0.0011013215859030838
"C1420T",0.008333333333333333,13,0.004158669225847729
"A1422G",0.0006377551020408163,1,0.0005678591709256105
"C1426T",0.0012763241863433313,2,0.0006811989100817438
"C1427T",0.0006385696040868455,1,0.0003792188092529389
"C1450T",0.0006402048655569782,1,0.0005339028296849973
"T1452C",0.0006397952655150352,1,0.000473260766682442
"T1453C",0.0006406149903907751,1,0.0005411255411255411
"C1473T",0.0057361376673040155,9,0.002176541717049577
"C1498T",0.0006385696040868455,1,0.00051440329218107
"C1514T",0.0006385696040868455,1,0.00031776294884016526
"C1549T",0.0006385696040868455,1,0.00018515089798185522
"A1554G",0.0006365372374283895,1,0.0005691519635742744
"C1568T",0.0012690355329949238,2,0.001119194180190263
"T1570C",0.0012682308180088776,2,0.0009341429238673517
"G1595A",0.0006226650062266501,1,0.0005324813631522897
"G1598A",0.0017657445556209534,3,0.001028101439342015
"T1603A",0.0005861664712778429,1,0.0005730659025787965
"C1616T",0.0005861664712778429,1,0.00047036688617121356
"C1627T",0.0011737089201877935,2,0.000105157999894842
"G1636A",0.0005858230814294083,1,0.0005414185165132648
"C1648T",0.00117096018735363,2,0.0010610079575596816
"G1681T",0.001182033096926714,2,0.001059322033898305
"C1684T",0.004139562389118865,7,0.0011270326839478344
"A1699C",0.000591715976331361,1,0.0005780346820809249
"A1699G",0.001183431952662722,2,0.0011305822498586771
"C1722T",0.0005924170616113745,1,0.000244140625
"G1729A",0.001183431952662722,2,0.0009049773755656109
"A1731G",0.000591715976331361,1,0.0005747126436781609
"A1741G",0.0017730496453900709,3,0.0016384489350081922
"T1745C",0.0011827321111768185,2,0.001145475372279496
"T1770G",0.000591016548463357,1,0.0005777007510109763
"C1780T",0.000591016548463357,1,0.0005
"T1791C",0.0011827321111768185,2,0.0011280315848843769
"T1798C",0.0017740981667652277,3,0.0017172295363480253
"G1811A",0.0011827321111768185,2,0.0011318619128466328
"C1812T",0.0005913660555884093,1,0.0004139072847682119
"G1820A",0.004730928444707274,8,0.0006460469999192441
"C1853T",0.0023612750885478157,4,0.0019588638589618022
"G1855A",0.0011806375442739079,2,0.0011049723756906078
"G1880A",0.001768867924528302,3,0.0017152658662092624
"G1882A",0.0005892751915144372,1,0.0005367686527106817
"C1884T",0.0023584905660377358,4,0.0009930486593843098
"T1910A",0.001160092807424594,2,0.0011312217194570137
"C1911T",0.001160092807424594,2,0.0010303967027305513
"C1912T",0.000580046403712297,1,0.00015936254980079682
"C1917A",0.0005797101449275362,1,0.0005724098454493417
"C1917T",0.0011594202898550724,2,0.0010449320794148381
"C1919A",0.001160092807424594,2,0.0011337868480725624
"C1919T",0.000580046403712297,1,0.000437636761487965
"C1926T",0.0005797101449275362,1,0.00043782837127845885
"C1929A",0.0005797101449275362,1,0.0005617977528089888
"A1935T",0.0005797101449275362,1,0.0005773672055427252
"T1936C",0.0005797101449275362,1,0.0005549389567147614
"G1954A",0.0011869436201780415,2,0.00011574743908791018
"C1959T",0.0005824111822947001,1,0.0005291005291005291
"C1968T",0.0005837711617046118,1,0.00033478406427854036
"C1973T",0.0011668611435239206,2,0.00024740227610094015
"G1976T",0.0011675423234092236,2,0.0011135857461024498
"A1989G",0.0005837711617046118,1,0.000514668039114771
"T1993C",0.0005837711617046118,1,0.0005543237250554324
"A1996G",0.0005837711617046118,1,0.0005698005698005698
"C1997T",0.005837711617046118,10,0.005104645227156712
"T2008A",0.0005837711617046118,1,0.000576036866359447
"C2013T",0.0005837711617046118,1,0.00045641259698767686
"C2037T",0.0005844535359438924,1,0.00030525030525030525
"C2040T",0.0011682242990654205,2,0.0008532423208191126
"T2041C",0.0005841121495327102,1,0.0005665722379603399
"A2057G",0.0005841121495327102,1,0.0005165289256198347
"C2061T",0.0011682242990654205,2,0.000744324525493115
"C2062T",0.0005841121495327102,1,0.00029994001199760045
"G2095A",0.0011682242990654205,2,0.00020435271278226218
"C2106T",0.029205607476635514,50,0.018628912071535022
"C2113T",0.0035046728971962616,6,0.0020332090816672314
"C2119T",0.0005841121495327102,1,0.000510986203372509
"G2144A",0.0005844535359438924,1,0.00022336385972749609
"C2146T",0.0011689070718877848,2,0.0010214504596527069
"G2155T",0.0005844535359438924,1,0.0005099439061703213
"G2174A",0.006432748538011696,11,0.003915984336062656
"G2177A",0.0005844535359438924,1,0.0005614823133071309
"C2221T",0.0005824111822947001,1,0.0005282620179609086
"C2232T",0.0005841121495327102,1,0.0002633658151171978
"C2260T",0.0005938242280285036,1,0.0005399568034557236
"G2272C",0.0005920663114268798,1,0.0005737234652897303
"A2276C",0.0005920663114268798,1,0.0005701254275940707
"T2290C",0.0076968620485494375,13,0.007230255839822024
"G2293A",0.0005920663114268798,1,0.0005640157924421884
"T2297C",0.0011841326228537595,2,0.0011350737797956867
"C2306T",0.000591715976331361,1,0.0003046922608165753
"C2344T",0.0005913660555884093,1,0.0005102040816326531
"A2375C",0.0005906674542232723,1,0.0005586592178770949
"A2387G",0.0005906674542232723,1,0.000574052812858783
"C2388T",0.0011813349084465446,2,0.0006993006993006993
"A2396G",0.0005913660555884093,1,0.0005605381165919282
"G2407T",0.0005906674542232723,1,0.000572737686139748
"C2433T",0.0011806375442739079,2,0.0007423904974016332
"C2434T",0.0011799410029498525,2,0.0009478672985781991
"C2455T",0.00529723366686286,9,0.0027272727272727275
"A2456G",0.003531489111241907,6,0.0034266133637921186
"C2485T",0.001182033096926714,2,0.00037671877943115466
"C2508A",0.0011841326228537595,2,0.0010893246187363835
"C2509T",0.0017709563164108619,3,0.0009404388714733542
"G2518T",0.0005899705014749262,1,0.0005534034311012728
"G2534A",0.0005896226415094339,1,0.0005446623093681918
"C2536T",0.0005899705014749262,1,0.00031725888324873094
"T2548C",0.0005896226415094339,1,0.0005627462014631402
"A2563G",0.0005913660555884093,1,0.000564334085778781
"G2564T",0.0005868544600938967,1,0.0005777007510109763
"T2578G",0.0005878894767783657,1,0.0005777007510109763
"C2583T",0.004120070629782225,7,0.0038356164383561643
"G2591A",0.0005885815185403178,1,0.0005431830526887561
"T2593C",0.0005892751915144372,1,0.0005091649694501018
"A2611C",0.02096569250317662,33,0.005832449628844115
"C2638T",0.0006451612903225806,1,0.00048146364949446316
"A2647G",0.0012911555842479018,2,0.0010240655401945725
"T2685C",0.00065359477124183,1,0.0005743825387708214
"C2695T",0.0026246719160104987,4,0.0010136847440446021
"C2710T",0.0026246719160104987,4,0.0007359705611775528
"A2713G",0.001321003963011889,2,0.0011129660545353367
"C2716T",0.0006574621959237344,1,0.00047664442326024784
"C2727T",0.0006596306068601583,1,0.0005089058524173028
"A2728G",0.005936675461741424,9,0.005136986301369863
"C2751T",0.0006596306068601583,1,0.0005599104143337066
"G2755T",0.0006583278472679394,1,0.0005175983436853002
"C2788T",0.0006587615283267457,1,0.00035198873636043646
"C2790T",1,1515,0.002092333359113458
"C2842T",0.0006565988181221273,1,0.0003837298541826554
"C2855A",0.0006587615283267457,1,0.0005640157924421884
"C2857T",0.0006600660066006601,1,0.00042069835927639884
"G2890A",0.0005889281507656066,1,0.00028595939376608524
"C2919T",0.00529723366686286,9,0.004629629629629629
"C2947T",0.0011723329425556857,2,0.0010427528675703858
"T2950A",0.091015854374633,155,0.08410200759631037
"C2976T",0.0005847953216374269,1,0.0005530973451327434
"T3022C",0.0029205607476635513,5,0.002612330198537095
"C3037T",1,1707,0.0022359086669950018
"C3040T",0.0005861664712778429,1,0.00033852403520649965
"A3046G",0.0005858230814294083,1,0.0005313496280552603
"G3047A",0.0029291154071470417,5,0.002807411566535654
"A3048G",0.0005858230814294083,1,0.0005583472920156337
"T3055C",0.00351288056206089,6,0.0027611596870685687
"G3066T",0.00117096018735363,2,0.0011402508551881414
"G3091A",0.0005858230814294083,1,0.0005420054200542005
"C3096T",0.008206330597889801,14,0.002452697967764541
"C3117A",0.00819672131147541,14,0.007959067652075043
"G3122A",0.0005858230814294083,1,0.0005567928730512249
"A3123C",0.0005858230814294083,1,0.0005763688760806917
"C3140T",0.0011702750146284377,2,0.0007465472191116088
"A3147G",0.000585480093676815,1,0.0005711022272986865
"T3151C",0.0017554125219426564,3,0.0016207455429497568
"G3152A",0.002927400468384075,5,0.002594706798131811
"C3157T",0.0005851375073142189,1,0.00043271311120726956
"C3162T",0.000585480093676815,1,0.000531632110579479
"C3165A",0.0005858230814294083,1,0.0005685048322910744
"C3165T",0.0011716461628588166,2,0.0008496176720475786
"C3177T",0.004100761570005858,7,0.0019236053860950811
"A3189G",0.0005885815185403178,1,0.0005662514156285391
"A3220G",0.0005927682276229994,1,0.0005750431282346176
"A3240G",0.0006618133686300463,1,0.0005414185165132648
"C3241T",0.0006618133686300463,1,0.0003013863773357444
"G3242A",0.0006635700066357001,1,0.00007162810686913545
"G3259T",0.0006901311249137336,1,0.00023815194093831864
"C3267T",0.0006891798759476223,1,0.0003757985719654265
"T3283C",0.00138217000691085,2,0.001145475372279496
"T3289C",0.0006906077348066298,1,0.0005512679162072767
"C3293T",0.00138217000691085,2,0.001010611419909045
"A3298G",0.0006968641114982578,1,0.0005704506560182544
"T3300C",0.000689655172413793,1,0.0005743825387708214
"A3305C",0.000691085003455425,1,0.0005743825387708214
"A3319G",0.0006901311249137336,1,0.0005747126436781609
"C3330A",0.0027662517289073307,4,0.002302820955670697
"T3333C",0.0006906077348066298,1,0.0005720823798627002
"T3358C",0.0013831258644536654,2,0.0010384215991692627
"C3373T",0.0006906077348066298,1,0.0005102040816326531
"G3410A",0.000693000693000693,1,0.0005681818181818182
"C3411T",0.0006915629322268327,1,0.0003676470588235294
"A3417C",0.0006915629322268327,1,0.0005698005698005698
"C3429T",0.0006906077348066298,1,0.00045372050816696913
"G3431T",0.9993074792243767,1443,0.006016937491399908
"C3448T",0.004840940525587829,7,0.0036307053941908715
"A3450G",0.0006915629322268327,1,0.0005757052389176742
"T3454G",0.0006915629322268327,1,0.0005780346820809249
"G3470A",0.0006925207756232687,1,0.0005291005291005291
"C3505T",0.0006882312456985547,1,0.0003333333333333333
"C3552T",0.0005810575246949448,1,0.0005339028296849973
"T3556C",0.0005810575246949448,1,0.0005580357142857143
"A3559G",0.0005810575246949448,1,0.000544069640914037
"G3562A",0.0005820721769499418,1,0.0005230125523012552
"T3565C",0.9915764139590855,1648,0.006326295585412668
"T3577C",0.0011641443538998836,2,0.0011383039271485487
"C3583T",0.0005824111822947001,1,0.0004185851820845542
"C3587T",0.0011648223645894002,2,0.0008948545861297539
"C3589T",0.009900990099009901,17,0.005004415660877244
"T3592C",0.0005824111822947001,1,0.0004692632566870014
"C3604T",0.0005827505827505828,1,0.0004677268475210477
"G3606T",0.0005820721769499418,1,0.00043554006968641115
"T3616A",0.0005824111822947001,1,0.0005747126436781609
"C3619T",0.006988934187536401,12,0.003357582540570789
"G3620A",0.0005827505827505828,1,0.00045955882352941176
"C3634T",0.0005830903790087463,1,0.0004432624113475177
"C3653T",0.0035026269702276708,6,0.002187386073641998
"G3685A",0.0005827505827505828,1,0.0005482456140350877
"C3686T",0.0005827505827505828,1,0.00010450412791305256
"G3692T",0.002331002331002331,4,0.0018058690744920992
"C3695T",0.0011668611435239206,2,0.0006777363605557439
"C3704T",0.0011668611435239206,2,0.0011142061281337048
"G3716A",0.004667444574095682,8,0.004388370817334065
"C3717T",0.0005834305717619603,1,0.00048520135856380397
"G3720A",0.001750291715285881,3,0.0016891891891891893
"G3734A",0.0011668611435239206,2,0.0011031439602868175
"C3737T",0.001750291715285881,3,0.0007394626571358146
"C3738T",0.0005834305717619603,1,0.00042319085907744394
"C3768T",0.0005841121495327102,1,0.0002918004085205719
"A3779G",0.0005837711617046118,1,0.0005675368898978433
"A3807G",0.0005810575246949448,1,0.0005571030640668524
"C3809T",0.0017421602787456446,3,0.0014763779527559055
"C3811T",0.0011614401858304297,2,0.0009358914365933552
"T3812C",0.0005803830528148578,1,0.0005707762557077625
"C3817A",0.000580046403712297,1,0.0005458515283842794
"C3828T",0.001160092807424594,2,0.0008230452674897119
"G3871A",0.001160092807424594,2,0.0010604453870625664
"C3874T",0.0005803830528148578,1,0.00021934634788330776
"A3889G",0.002364066193853428,4,0.0022234574763757642
"G3892A",0.000591016548463357,1,0.0005115089514066496
"G3896-",0.0005899705014749262,1,0.0005035246727089627
"T3897-",0.0005899705014749262,1,0.0005040322580645161
"T3898-",0.0005896226415094339,1,0.0005047955577990914
"C3902T",0.01950354609929078,33,0.01611328125
"C3903T",0.0011813349084465446,2,0.0008183306055646482
"T3913C",0.0005913660555884093,1,0.0005549389567147614
"C3923T",0.000591016548463357,1,0.0004123711340206186
"A3938G",0.0005913660555884093,1,0.0005714285714285715
"C3984T",0.001768867924528302,3,0.0016429353778751369
"C3987T",0.0011785503830288745,2,0.0009115770282588879
"A4000G",0.0005896226415094339,1,0.0005717552887364208
"C4039T",0.00529723366686286,9,0.0047872340425531915
"C4048T",0.0005889281507656066,1,0.0005202913631633715
"A4117G",0.006384213580963436,11,0.006186726659167604
"G4148T",0.0005820721769499418,1,0.0005452562704471102
"T4150C",0.0005817335660267597,1,0.0005571030640668524
"T4151C",0.0005817335660267597,1,0.0005668934240362812
"A4179G",0.0005858230814294083,1,0.0005633802816901409
"G4184A",1,1707,0.0022374942162019748
"C4202T",0.00468384074941452,8,0.002671118530884808
"G4205A",0.000585480093676815,1,0.00048520135856380397
"C4230T",0.00117096018735363,2,0.0008153281695882593
"G4255A",0.004103165298944901,7,0.0017177914110429449
"G4255T",0.0017584994138335288,3,0.0014018691588785046
"C4290T",0.0005861664712778429,1,0.0005777007510109763
"T4318C",0.0011743981209630064,2,0.001142857142857143
"C4321T",0.9853027630805409,1676,0.002226594519335901
"T4330C",0.015854374633000587,27,0.014218009478672985
"C4331T",0.0011743981209630064,2,0.000554016620498615
"C4345T",0.0023501762632197414,4,0.0017115960633290544
"A4411T",0.0023501762632197414,4,0.002279202279202279
"C4423T",0.0035149384885764497,6,0.0020761245674740486
"C4540T",0.0029585798816568047,5,0.0019319938176197836
"C4543T",0.000591715976331361,1,0.0003202049311559398
"C4573T",0.0029568302779420462,5,0.002077274615704196
"T4579A",0.002960331557134399,5,0.0005507214450930719
"C4582T",0.0005924170616113745,1,0.0003023888720895071
"C4596T",0.000591715976331361,1,0.0005455537370430987
"T4660C",0.0005865102639296188,1,0.0005614823133071309
"C4668T",0.0005868544600938967,1,0.0005313496280552603
"C4672T",0.0005868544600938967,1,0.000493339911198816
"A4675G",0.0005875440658049354,1,0.0005672149744753262
"C4679T",0.0005868544600938967,1,0.0005336179295624333
"C4683T",0.0005871990604815032,1,0.00008976660682226212
"G4709A",0.0017605633802816902,3,0.001718213058419244
"C4754T",0.0017626321974148062,3,0.0011467889908256881
"C4755A",0.0005875440658049354,1,0.0005757052389176742
"T4779C",0.0005813953488372093,1,0.00047732696897374703
"C4794T",0.0011621150493898896,2,0.0008210180623973727
"C4795T",0.0034883720930232558,6,0.0017937219730941704
"C4809T",0.0005820721769499418,1,0.0004418912947414936
"C4815T",0.0011641443538998836,2,0.0010660980810234541
"C4832T",0.0005827505827505828,1,0.00035423308537017357
"A4840G",0.0005824111822947001,1,0.0005685048322910744
"A4843G",0.0011648223645894002,2,0.0011254924029262803
"G4859A",0.0005827505827505828,1,0.0005678591709256105
"C4890T",0.0005824111822947001,1,0.00037778617302606723
"C4891T",0.0005830903790087463,1,0.000333555703802535
"C4897T",0.0011641443538998836,2,0.0006863417982155113
"C4898T",0.0005820721769499418,1,0.0004970178926441351
"C4901A",0.0005820721769499418,1,0.0004409171075837742
"G4907A",0.0005820721769499418,1,0.0005420054200542005
"A4916G",0.0005817335660267597,1,0.0005268703898840885
"A4926G",0.0005820721769499418,1,0.0005668934240362812
"A4926T",0.0005820721769499418,1,0.0005627462014631402
"T4948G",0.0005824111822947001,1,0.0005537098560354374
"C4993T",0.0005817335660267597,1,0.0003370407819346141
"C4999T",0.0041741204531902205,7,0.00030849235379665945
"C5002T",0.0005817335660267597,1,0.0005063291139240507
"G5008A",0.0029036004645760743,5,0.002535496957403651
"A5026T",0.003484320557491289,6,0.0034482758620689655
"C5031G",0.0005807200929152149,1,0.000578368999421631
"C5031T",0.0005807200929152149,1,0.00030111412225233364
"A5041C",0.0005807200929152149,1,0.0005767012687427913
"C5051T",0.0005793742757821553,1,0.0005068423720223011
"C5055T",0.0034762456546929316,6,0.001951219512195122
"C5079T",0.0005793742757821553,1,0.0005336179295624333
"C5115T",0.0005892751915144372,1,0.0005665722379603399
"T5120C",0.0011806375442739079,2,0.001075268817204301
"A5128G",0.0011827321111768185,2,0.0009191176470588235
"T5158C",0.000591715976331361,1,0.0005506607929515419
"C5170T",0.0005913660555884093,1,0.0004992511233150275
"C5175T",0.000591715976331361,1,0.00045934772622875517
"C5178T",0.000591715976331361,1,0.00030413625304136254
"T5179C",0.002369668246445498,4,0.0019056693663649356
"T5182C",0.000591715976331361,1,0.00040584415584415587
"C5183T",0.002366863905325444,4,0.00011163206072784104
"C5184T",0.000591715976331361,1,0.0003059975520195838
"T5185C",0.000591715976331361,1,0.0005621135469364812
"G5206T",0.000591016548463357,1,0.0005467468562055768
"G5230T",0.000591715976331361,1,0.00039936102236421724
"C5239T",0.0011876484560570072,2,0.00005437885750020392
"C5281T",0.002365464222353637,4,0.0020909566126502874
"C5310T",0.0005906674542232723,1,0.0003869969040247678
"C5318T",0.000591016548463357,1,0.000578368999421631
"T5338C",0.0005913660555884093,1,0.00026917900403768504
"C5339T",0.0005913660555884093,1,0.000350385423966363
"C5348T",0.0005920663114268798,1,0.0005293806246691371
"C5365T",0.0011876484560570072,2,0.0005892751915144372
"T5422C",0.012316715542521995,21,0.010406342913776016
"A5431G",0.0011737089201877935,2,0.000970873786407767
"C5467T",0.0005865102639296188,1,0.00040048057669203043
"T5468C",0.0005861664712778429,1,0.0005763688760806917
"A5488G",0.0011737089201877935,2,0.000894054537326777
"C5497T",0.008807985907222548,15,0.005298481102084069
"C5506T",0.0064591896652965355,11,0.005753138075313808
"T5508C",0.0005868544600938967,1,0.0005662514156285391
"C5512T",0.0005878894767783657,1,0.00020631318341242006
"C5526T",0.0005868544600938967,1,0.00035829451809387314
"A5536G",0.0005868544600938967,1,0.0005324813631522897
"C5548T",0.0005868544600938967,1,0.0004063388866314506
"C5549A",0.0005868544600938967,1,0.0005701254275940707
"G5554A",0.0011737089201877935,2,0.0010995052226498076
"A5560G",0.0011730205278592375,2,0.0010384215991692627
"T5577C",0.005284791544333529,9,0.00505902192242833
"A5618G",0.0005861664712778429,1,0.0005512679162072767
"C5622T",0.005275498241500586,9,0.0022906592008144567
"C5646T",0.0005858230814294083,1,0.00039261876717707107
"T5653C",0.0011723329425556857,2,0.0010362694300518134
"G5665A",0.0005858230814294083,1,0.0005219206680584551
"G5699A",0.0005834305717619603,1,0.00045045045045045046
"C5730T",0.0005934718100890207,1,0.0003057169061449098
"C5812T",0.0018018018018018018,3,0.0007001166861143524
"C5817T",0.0018028846153846155,3,0.0010228435049437436
"A5821G",0.0006013229104028864,1,0.0005512679162072767
"C5822T",0.004214328717639976,7,0.002097692538207971
"T5824G",0.0006016847172081829,1,0.0005694760820045558
"A5829G",0.0006024096385542169,1,0.0005558643690939411
"T5840C",0.0006013229104028864,1,0.0005473453749315818
"A5855G",0.005418422636965683,9,0.005175388154111558
"G5861A",0.0006016847172081829,1,0.0005506607929515419
"T5864C",0.0006027727546714888,1,0.0005763688760806917
"C5869T",0.0024140012070006035,4,0.0009043635541487678
"A5877G",0.0012062726176115801,2,0.0010666666666666667
"C5884T",0.0030175015087507543,5,0.0012800819252432156
"C5886T",0.0006027727546714888,1,0.00035739814152966406
"C5907T",0.0005938242280285036,1,0.000308546744831842
"C5934T",0.001750291715285881,3,0.001567398119122257
"C5986T",0.0005834305717619603,1,0.0002574002574002574
"A6014T",0.0005834305717619603,1,0.000578368999421631
"C6026T",0.0005830903790087463,1,0.0002560163850486431
"C6027A",0.0011661807580174927,2,0.0011086474501108647
"C6027T",0.0023323615160349854,4,0.0012949174490126255
"A6058C",0.0005844535359438924,1,0.000578368999421631
"T6064C",0.0011689070718877848,2,0.0011160714285714285
"T6069C",0.005841121495327103,10,0.005592841163310962
"C6114A",0.0005844535359438924,1,0.0005589714924538849
"C6145T",0.0005847953216374269,1,0.0003589375448671931
"T6148A",0.0005847953216374269,1,0.0005055611729019212
"G6149A",0.0005847953216374269,1,0.0005414185165132648
"A6162C",0.0005844535359438924,1,0.0005763688760806917
"A6183G",0.997070884592853,1702,0.006262210759081494
"A6184G",0.0005858230814294083,1,0.0005583472920156337
"C6195T",0.0005858230814294083,1,0.0004389815627743635
"C6196T",0.0017584994138335288,3,0.0007727975270479134
"A6207G",0.0005861664712778429,1,0.0005361930294906167
"C6230T",0.007593457943925234,13,0.007103825136612022
"C6255T",0.001806140878988561,3,0.00015942183016261026
"C6258T",0.002364066193853428,4,0.001967535661583866
"A6261G",0.002955082742316785,5,0.0028506271379703536
"G6266A",0.000591016548463357,1,0.0005282620179609086
"A6276G",0.006497341996455995,11,0.0055415617128463475
"T6294C",0.000591016548463357,1,0.00048590864917395527
"C6312T",0.0011737089201877935,2,0.0005822416302765648
"C6317T",0.0005851375073142189,1,0.000361794500723589
"G6320-",0.0011702750146284377,2,0.0011331444759206798
"T6321-",0.0011702750146284377,2,0.0011331444759206798
"T6322-",0.0011702750146284377,2,0.0011337868480725624
"G6323A",0.0005851375073142189,1,0.0005675368898978433
"C6330T",0.0005851375073142189,1,0.0005235602094240838
"T6343C",0.0005847953216374269,1,0.0005521811154058532
"C6354T",0.0005847953216374269,1,0.0002361275088547816
"A6355G",0.0011695906432748538,2,0.0011179429849077697
"G6364T",0.0005851375073142189,1,0.0005672149744753262
"G6367T",0.0023405500292568754,4,0.002240896358543417
"G6374T",0.0005851375073142189,1,0.0005724098454493417
"C6388T",0.004681100058513751,8,0.0033250207813798837
"A6391G",0.0011695906432748538,2,0.0010655301012253596
"C6401T",0.0005851375073142189,1,0.0003418803418803419
"C6402T",0.0011695906432748538,2,0.0007027406886858749
"C6429T",0.0005841121495327102,1,0.0005347593582887701
"C6433T",0.0005841121495327102,1,0.0005141388174807198
"T6435C",0.0005841121495327102,1,0.000513347022587269
"C6449T",0.0011682242990654205,2,0.0006315124723713293
"A6481G",0.0011695906432748538,2,0.0011217049915872126
"A6498G",0.0011702750146284377,2,0.0011467889908256881
"C6501A",0.000585480093676815,1,0.00009516558812333461
"A6524G",0.0011655011655011655,2,0.0011389521640091116
"C6525T",0.0005830903790087463,1,0.00025043826696719256
"A6529G",0.0011655011655011655,2,0.0011013215859030838
"G6536A",0.0005827505827505828,1,0.00005495411331538166
"C6538T",0.0017482517482517483,3,0.001294777729823047
"C6539T",0.0005827505827505828,1,0.00019428793471925395
"C6541T",0.013403263403263404,23,0.0008218688583169555
"T6556C",0.0005797101449275362,1,0.0005537098560354374
"C6568T",0.00955223880597015,16,0.006201550387596899
"A6569C",0.0023880597014925373,4,0.0020161290322580645
"A6569G",0.008955223880597015,15,0.008441193021947102
"C6573T",0.0005970149253731343,1,0.00024746349913387774
"A6575G",0.0005970149253731343,1,0.0005737234652897303
"G6589A",0.0006024096385542169,1,0.0005546311702717693
"A6604G",0.0030450669914738123,5,0.0027262813522355507
"C6606T",0.0036540803897685747,6,0.0024650780608052587
"A6613G",0.0030450669914738123,5,0.0019157088122605363
"G6622A",0.0006097560975609756,1,0.0005595970900951316
"C6627T",0.0006090133982947625,1,0.0003495281370150297
"C6629T",0.0006090133982947625,1,0.00028256569652444194
"C6636T",0.001218026796589525,2,0.0006559527714004591
"C6651T",0.001218026796589525,2,0.000888494002665482
"A6656-",0.002437538086532602,4,0.0022234574763757642
"A6657-",0.002437538086532602,4,0.002229654403567447
"T6658-",0.002437538086532602,4,0.002229654403567447
"A6659-",0.002437538086532602,4,0.0022271714922048997
"G6660-",0.002437538086532602,4,0.0022284122562674096
"T6661-",0.0024405125076266015,4,0.0022284122562674096
"G6662-",0.0024405125076266015,4,0.0022271714922048997
"T6663-",0.0024405125076266015,4,0.0022271714922048997
"C6664-",0.0024405125076266015,4,0.0022271714922048997
"C6665-",0.0024405125076266015,4,0.0022259321090706734
"C6665T",0.0012202562538133007,2,0.0010770059235325794
"C6666-",0.002442002442002442,4,0.0022259321090706734
"C6666T",0.0006105006105006105,1,0.0005254860746190226
"T6667-",0.002442002442002442,4,0.0022259321090706734
"T6668-",0.0024405125076266015,4,0.0022259321090706734
"G6669-",0.002442002442002442,4,0.0022259321090706734
"G6670-",0.0024405125076266015,4,0.0022271714922048997
"G6671-",0.00243605359317905,4,0.0022271714922048997
"G6671A",0.001218026796589525,2,0.0010136847440446021
"A6672-",0.002437538086532602,4,0.0022271714922048997
"T6673-",0.0024405125076266015,4,0.0022271714922048997
"A6674-",0.002437538086532602,4,0.0022271714922048997
"C6675-",0.002434570906877663,4,0.0022271714922048997
"T6676-",0.002434570906877663,4,0.0022271714922048997
"A6677-",0.0024330900243309003,4,0.002224694104560623
"T6678-",0.002434570906877663,4,0.0022259321090706734
"A6679-",0.00243605359317905,4,0.0022284122562674096
"G6680-",0.002434570906877663,4,0.0022346368715083797
"C6681-",0.002437538086532602,4,0.0022346368715083797
"T6682-",0.0024330900243309003,4,0.0022346368715083797
"C6695T",0.009738283627510651,16,0.007146047342563644
"C6696T",0.0006090133982947625,1,0.0002880184331797235
"C6701T",0.0012165450121654502,2,0.00042122999157540015
"C6706T",0.0018259281801582471,3,0.0011760094080752645
"C6723T",0.0006090133982947625,1,0.0004601932811780948
"C6726T",0.001218769043266301,2,0.0008006405124099279
"T6736C",0.0006093845216331506,1,0.0005219206680584551
"A6739G",0.0006101281269066504,1,0.000543773790103317
"G6744T",0.0006105006105006105,1,0.0005763688760806917
"C6786T",0.001221001221001221,2,0.0008254230293025176
"T6808C",0.007317073170731708,12,0.006857142857142857
"T6809A",0.0012202562538133007,2,0.001152073732718894
"A6823G",0.0006097560975609756,1,0.0005659309564233164
"C6843T",0.0006009615384615385,1,0.00038299502106472615
"G6847T",0.0006006006006006006,1,0.0005757052389176742
"C6906T",0.0005871990604815032,1,0.0004926108374384236
"C6926T",0.0011737089201877935,2,0.0008576329331046312
"C6936T",0.0011743981209630064,2,0.0008920606601248885
"C6941T",0.0005868544600938967,1,0.00042140750105351877
"T6959C",0.0005865102639296188,1,0.0005767012687427913
"G6960T",0.0005865102639296188,1,0.0005691519635742744
"G6961A",0.0005868544600938967,1,0.0005777007510109763
"T6962G",0.0005868544600938967,1,0.0005780346820809249
"G6987T",0.0005865102639296188,1,0.0005624296962879641
"C6990T",0.0011730205278592375,2,0.0005660911406736484
"T7033C",0.0005858230814294083,1,0.0005213764337851929
"G7037T",0.0011723329425556857,2,0.001095890410958904
"C7051T",0.0005861664712778429,1,0.00043591979075850045
"A7055G",0.009389671361502348,16,0.007561436672967864
"T7061C",0.0005865102639296188,1,0.0005402485143165856
"G7065T",0.0005865102639296188,1,0.0005672149744753262
"T7077C",0.0011730205278592375,2,0.0011074197120708748
"C7083T",0.0035211267605633804,6,0.002891566265060241
"C7086T",0.0005868544600938967,1,0.00012479720454261825
"T7096C",0.0017574692442882249,3,0.0016675931072818232
"C7101T",0.0011716461628588166,2,0.000996512207274539
"C7104T",0.0005858230814294083,1,0.0005053057099545225
"C7113T",0.9855799373040752,1572,0.014069380302867576
"C7124T",0.005858230814294083,10,0.003812428516965307
"C7162T",0.0005885815185403178,1,0.0003094059405940594
"G7178C",0.0005885815185403178,1,0.0005753739930955121
"A7201G",0.0018552875695732839,3,0.0016085790884718498
"C7224T",0.0025173064820641915,4,0.0020757654385054488
"G7238A",0.0006277463904582549,1,0.0005691519635742744
"C7239T",0.0006277463904582549,1,0.0005506607929515419
"T7264C",0.0006289308176100629,1,0.0005608524957936063
"A7285G",0.0006309148264984228,1,0.0005659309564233164
"C7299T",0.0006325110689437065,1,0.00042918454935622315
"C7303T",0.0006333122229259025,1,0.00044742729306487697
"G7393T",0.00125,2,0.0006851661527920521
"T7395C",0.0006242197253433209,1,0.0005561735261401557
"C7420T",0.009322560596643879,15,0.004127682993946065
"G7427A",0.0006215040397762585,1,0.0005747126436781609
"C7431T",0.0006215040397762585,1,0.0005425935973955507
"C7488A",0.0006242197253433209,1,0.000574052812858783
"C7528T",0.000715307582260372,1,0.00011308379509216329
"G7553A",0.0007209805335255948,1,0.000564652738565782
"C7564T",0.0007209805335255948,1,0.000132013201320132
"A7590G",0.000723589001447178,1,0.0005211047420531526
"C7600T",0.0007215007215007215,1,0.00038580246913580245
"T7633C",0.0007067137809187279,1,0.0004385964912280702
"C7644T",0.0007097232079489,1,0.000554016620498615
"C7728T",0.0007147962830593281,1,0.00039154267815191856
"C7735T",0.0035816618911174787,5,0.0013185654008438818
"T7747C",0.0035587188612099642,5,0.0027654867256637168
"C7764T",0.0014204545454545455,2,0.0004570383912248629
"C7765T",0.0007092198581560284,1,0.0002738975623116954
"T7767C",0.0007087172218284905,1,0.0004987531172069825
"C7768T",0.0007032348804500703,1,0.0004909180166912126
"T7816C",0.0005817335660267597,1,0.0004837929366231253
"T7825C",0.0005813953488372093,1,0.0005698005698005698
"C7834T",0.012209302325581395,21,0.005555555555555556
"C7840T",0.0005810575246949448,1,0.00031635558367605187
"A7842G",0.9935897435897436,1705,0.006214032415017184
"C7851T",0.0005810575246949448,1,0.00030845157310302283
"C7869T",0.011052937754508435,19,0.0005152961596875678
"G7936T",0.004072134962187318,7,0.0030755711775043936
"T7939C",0.0005817335660267597,1,0.0005649717514124294
"C7945T",0.0005830903790087463,1,0.00029770765108663293
"T7963C",0.0005817335660267597,1,0.000550357732526142
"A7981G",0.004069767441860465,7,0.0036591740721380033
"T7984C",0.0011627906976744186,2,0.0010045203415369162
"G7988A",0.0005813953488372093,1,0.0005633802816901409
"C7998T",0.006387921022067364,11,0.006117908787541713
"G8017T",0.0011634671320535194,2,0.0008745080891998251
"G8027A",0.0005810575246949448,1,0.0005506607929515419
"A8031G",0.0005810575246949448,1,0.0005060728744939271
"G8042T",0.0005807200929152149,1,0.000578368999421631
"C8047T",0.0005807200929152149,1,0.0005030181086519115
"T8071C",0.0017411491584445734,3,0.0017311021350259665
"G8105T",0.0011594202898550724,2,0.0011547344110854503
"C8140T",0.008158508158508158,14,0.0038053818972546886
"T8156G",0.0005834305717619603,1,0.0005737234652897303
"C8160T",0.0005851375073142189,1,0.0005605381165919282
"G8179A",0.0005858230814294083,1,0.0005327650506126798
"G8236C",0.000585480093676815,1,0.000578368999421631
"C8240T",0.000585480093676815,1,0.00037821482602118004
"G8258T",0.00117096018735363,2,0.001084010840108401
"T8284C",0.0005851375073142189,1,0.0005434782608695652
"A8285G",0.0023405500292568754,4,0.002285714285714286
"C8293T",0.9994145199063232,1707,0.0061825873421756045
"C8299T",0.00117096018735363,2,0.0001928268414963363
"G8303A",0.0005851375073142189,1,0.0005630630630630631
"G8349A",0.0005865102639296188,1,0.0005577244841048522
"T8359C",0.0005865102639296188,1,0.0005027652086475615
"C8367T",0.0005861664712778429,1,0.000543773790103317
"C8389T",0.0005861664712778429,1,0.0003486750348675035
"A8390G",0.0005865102639296188,1,0.00010667804565820355
"G8393A",0.9994134897360704,1704,0.006177001544250386
"C8394T",0.0005861664712778429,1,0.0005327650506126798
"G8408A",0.0005868544600938967,1,0.0005390835579514825
"A8469G",0.002918855808523059,5,0.0028620492272467086
"C8493T",0.0005871990604815032,1,0.0005780346820809249
"A8527T",0.0005871990604815032,1,0.0005780346820809249
"G8548A",0.0005868544600938967,1,0.0004847309743092584
"A8564G",0.0005868544600938967,1,0.0005707762557077625
"A8576C",0.0017615971814445098,3,0.001697792869269949
"C8605A",0.0005868544600938967,1,0.0005737234652897303
"C8645T",0.0023446658851113715,4,0.002
"C8655T",0.002348796241926013,4,0.0012353304508956147
"C8668A",0.009976525821596244,17,0.009648127128263337
"C8683T",0.0011716461628588166,2,0.0006559527714004591
"T8701A",0.0005865102639296188,1,0.0005688282138794084
"T8719C",0.0005861664712778429,1,0.0004508566275924256
"C8733T",0.0011743981209630064,2,0.0005314908317831517
"C8760T",0.0005861664712778429,1,0.00048520135856380397
"C8782T",0.0005963029218843172,1,0.00039108330074305825
"C8814T",0.0036036036036036037,6,0.002717391304347826
"C8832T",0.0006002400960384153,1,0.0005136106831022085
"G8834A",0.0005991611743559018,1,0.0005714285714285715
"C8841T",0.0005991611743559018,1,0.0004904364884747426
"A8845G",0.0005988023952095808,1,0.000547645125958379
"G8851T",0.0017964071856287425,3,0.0017113519680547634
"G8889A",0.0005984440454817474,1,0.0004182350480970305
"C8905T",0.002988643156007173,5,0.0024271844660194173
"C8917T",0.0023952095808383233,4,0.0012457178449081284
"T8930-",0.0005984440454817474,1,0.0005773672055427252
"T8931-",0.0005980861244019139,1,0.000578368999421631
"C8937T",0.0011976047904191617,2,0.0009285051067780873
"C8956T",0.0005984440454817474,1,0.0003786444528587656
"C8991T",0.0011961722488038277,2,0.0007272727272727272
"T9001G",0.0005980861244019139,1,0.0005694760820045558
"T9027C",0.0011940298507462687,2,0.001145475372279496
"A9032C",0.0005977286312014345,1,0.000578368999421631
"A9034G",0.0017921146953405018,3,0.0016901408450704226
"A9052G",0.001189767995240928,2,0.0010559662090813093
"C9073T",0.0011702750146284377,2,0.0006622516556291391
"C9080T",0.0005841121495327102,1,0.0004764173415912339
"G9130T",0.0011926058437686344,2,0.0010471204188481676
"C9142T",0.0005977286312014345,1,0.00018201674554058973
"C9166T",0.0011918951132300357,2,0.0007572889057175312
"C9170T",0.0011918951132300357,2,0.0010121457489878543
"G9203T",0.0005959475566150178,1,0.0005753739930955121
"A9204G",0.0011918951132300357,2,0.0009876543209876543
"C9223T",0.022063208109719738,37,0.011154657823334338
"A9241G",0.0005966587112171838,1,0.00055005500550055
"C9246T",0.0011947431302270011,2,0.0008264462809917355
"A9310T",0.0005955926146515784,1,0.000572737686139748
"T9316C",0.0017761989342806395,3,0.0014955134596211367
"C9344T",0.9982486865148862,1710,0.002266281442998383
"A9350C",0.0005830903790087463,1,0.000578368999421631
"A9377G",0.0005820721769499418,1,0.0005662514156285391
"C9391T",0.0005824111822947001,1,0.00034638032559750607
"G9407T",0.0005871990604815032,1,0.0005757052389176742
"A9424G",0.9964685108887581,1693,0.0022707550092748202
"A9424T",0.0017657445556209534,3,0.0011235955056179776
"G9425T",0.001176470588235294,2,0.0011142061281337048
"C9430T",0.000588235294117647,1,0.00023872045834328001
"T9432C",0.000588235294117647,1,0.0005747126436781609
"C9438T",0.0005878894767783657,1,0.0005350454788657035
"C9448T",0.001176470588235294,2,0.000882223202470225
"A9461G",0.0005878894767783657,1,0.000578368999421631
"C9510T",0.008264462809917356,14,0.007070707070707071
"C9532T",0.0005899705014749262,1,0.00017768301350390902
"C9534T",0.9994100294985251,1694,0.0022512046735753224
"T9544C",0.0005903187721369539,1,0.0005393743257820927
"T9555C",0.000591715976331361,1,0.0005733944954128441
"C9559T",0.000591715976331361,1,0.00030665440049064706
"C9565T",0.0017667844522968198,3,0.0009655616350177019
"T9566C",0.0005885815185403178,1,0.0005698005698005698
"A9587G",0.0499412455934195,85,0.04560085836909871
"G9601T",0.0005865102639296188,1,0.0005777007510109763
"C9611T",0.0005820721769499418,1,0.00030998140111593303
"T9642C",0.0005820721769499418,1,0.00047709923664122136
"C9661T",0.002331002331002331,4,0.0016764459346186086
"C9693T",0.0076968620485494375,13,0.00019625011322121916
"C9724T",0.0005931198102016608,1,0.00033738191632928474
"C9746T",0.009529481834425254,16,0.008434370057986295
"T9787C",0.0035714285714285713,6,0.0033879164313946925
"C9891T",0.0005980861244019139,1,0.0003629764065335753
"G9929A",0.0005995203836930455,1,0.0005411255411255411
"G9968T",0.0006049606775559589,1,0.0005665722379603399
"A10027G",0.0006031363088057901,1,0.000552791597567717
"C10029T",1,1655,0.0022003589709499436
"C10039T",0.004224502112251056,7,0.00132375189107413
"G10072A",0.0006016847172081829,1,0.0005733944954128441
"C10078T",0.0006024096385542169,1,0.0003401360544217687
"T10107C",0.0006006006006006006,1,0.0005753739930955121
"G10180A",0.001199040767386091,2,0.001110494169905608
"C10183T",0.01199760047990402,20,0.008576329331046312
"C10198T",0.9987987987987988,1663,0.00222260238271529
"T10213C",0.0006002400960384153,1,0.0005753739930955121
"C10252T",0.009883720930232558,17,0.005272952853598015
"C10263T",0.0005803830528148578,1,0.0005213764337851929
"T10267C",0.0005803830528148578,1,0.0005617977528089888
"C10277T",0.0005827505827505828,1,0.00041631973355537054
"C10279T",0.0011648223645894002,2,0.0005094243504839531
"T10288C",0.0005841121495327102,1,0.0005698005698005698
"A10317G",0.0005858230814294083,1,0.00044682752457551384
"A10323G",0.04171562867215041,71,0.009007866023851814
"A10331G",0.0005851375073142189,1,0.0005586592178770949
"C10340T",0.0017554125219426564,3,0.0011691348402182386
"C10341T",0.0005851375073142189,1,0.0005285412262156448
"C10369T",0.004689331770222743,8,0.0013626298756600238
"A10370G",0.0005858230814294083,1,0.0005546311702717693
"A10378G",0.0035046728971962616,6,0.003092783505154639
"C10440T",0.0017523364485981308,3,0.001440922190201729
"G10447A",1,1708,0.002230842574089312
"C10448T",0.000585480093676815,1,0.00038095238095238096
"C10449A",1,1708,0.002230548325717517
"T10455C",0.0005834305717619603,1,0.000574052812858783
"C10456T",0.0017513134851138354,3,0.0010463899546564353
"A10479G",0.0005834305717619603,1,0.0005730659025787965
"G10496A",0.002918855808523059,5,0.0028360748723766306
"C10507T",0.0005841121495327102,1,0.00029394473838918284
"C10537T",0.0005797101449275362,1,0.00040551500405515005
"T10553C",0.0005790387955993051,1,0.0005543237250554324
"A10555G",0.0005790387955993051,1,0.0005032712632108706
"C10576T",0.0011580775911986102,2,0.0009354536950420954
"T10600C",0.004105571847507331,7,0.0035140562248995983
"A10603G",0.04644326866549089,79,0.045220377790498
"C10615T",0.0011841326228537595,2,0.00017088174982911826
"G10642A",0.007692307692307693,13,0.00684931506849315
"C10681T",0.0011841326228537595,2,0.00046446818392940084
"T10690C",0.0011813349084465446,2,0.001141552511415525
"C10726A",0.0029585798816568047,5,0.002717391304347826
"C10741T",0.000591016548463357,1,0.000355998576005696
"C10747T",0.000591715976331361,1,0.0003439972480220158
"G10753T",0.0011841326228537595,2,0.00110803324099723
"T10771C",0.0005924170616113745,1,0.00032981530343007914
"C10775T",0.0005920663114268798,1,0.0005125576627370579
"C10778T",0.0053285968028419185,9,0.0045203415369161224
"T10816A",0.0005913660555884093,1,0.0005595970900951316
"G10835A",0.0005903187721369539,1,0.0005181347150259067
"A10875G",0.0005807200929152149,1,0.0005376344086021505
"T10881-",0.0005807200929152149,1,0.000578368999421631
"G10882-",0.0005810575246949448,1,0.000578368999421631
"T10898C",0.0005889281507656066,1,0.00055005500550055
"G10902A",0.001177856301531213,2,0.0011383039271485487
"T10913C",0.0005889281507656066,1,0.0005694760820045558
"A10973G",0.001183431952662722,2,0.0011441647597254005
"G10986A",0.0005945303210463733,1,0.0005555555555555556
"C11001T",0.007142857142857143,12,0.00511727078891258
"C11003T",0.0005955926146515784,1,0.00030048076923076925
"A11017G",0.0023837902264600714,4,0.0021085925144965737
"C11020T",0.002390914524805738,4,0.0006720430107526882
"G11042T",0.9976147883124628,1673,0.0061328103520958965
"T11075C",0.0005963029218843172,1,0.00046490004649000463
"G11083T",0.018607442977190875,31,0.002326454033771107
"C11094T",0.00535077288941736,9,0.004149377593360996
"G11161A",0.0011771630370806356,2,0.0011185682326621924
"C11173T",0.002935995302407516,5,0.0015384615384615385
"C11200T",0.0005803830528148578,1,0.0004248088360237893
"C11208T",0.0005847953216374269,1,0.00045004500450045
"T11209C",0.0017543859649122807,3,0.0017055144968732233
"T11227C",0.00641399416909621,11,0.0052732502396931925
"C11235T",0.0005834305717619603,1,0.00039154267815191856
"G11243T",0.0005830903790087463,1,0.0005608524957936063
"G11283A",0.0005834305717619603,1,0.0005698005698005698
"T11285-",0.0005834305717619603,1,0.0001457301078402798
"T11286-",0.0005834305717619603,1,0.0001457301078402798
"G11287-",0.0005834305717619603,1,0.00014581510644502772
"T11288-",0.9951690821256038,1648,0.002219606343117739
"C11289-",0.995742092457421,1637,0.0022125299205138153
"T11290-",0.9957134109001837,1626,0.0022057357268143395
"G11291-",0.9932556713672593,1620,0.002200064643874721
"G11291A",0.002452483139178418,4,0.0017444395987788923
"G11292-",0.9932473910374463,1618,0.0022011808559845455
"T11293-",0.9932266009852216,1613,0.00219587833772146
"T11294-",0.9932056825200741,1608,0.0022064877325868597
"T11295-",0.993167701863354,1599,0.002198273551016031
"T11296-",0.993167701863354,1599,0.0022001882337400725
"T11296G",0.006211180124223602,10,0.0025614754098360654
"A11332G",0.0005834305717619603,1,0.0005396654074473826
"C11379T",0.004084014002333722,7,0.003602676273803397
"T11380C",0.004667444574095682,8,0.004576659038901602
"C11407T",0.0005837711617046118,1,0.0005263157894736842
"C11416T",0.0005837711617046118,1,0.0004837929366231253
"G11417T",0.0011675423234092236,2,0.0009115770282588879
"C11442T",0.0005841121495327102,1,0.0005076142131979696
"T11443C",0.0011682242990654205,2,0.0011031439602868175
"T11449C",0.0005841121495327102,1,0.0003716090672612412
"C11455T",0.0011695906432748538,2,0.0007117437722419929
"T11463C",0.0005851375073142189,1,0.0005656108597285068
"C11471T",0.0005851375073142189,1,0.00045310376076121433
"T11482C",0.0005858230814294083,1,0.0005558643690939411
"T11491C",0.0005858230814294083,1,0.0004580852038479157
"C11518T",0.003804692454026633,6,0.0013345195729537367
"T11536C",0.0006435006435006435,1,0.000471253534401508
"G11552T",0.0012795905310300703,2,0.001142204454597373
"C11572T",0.0006406149903907751,1,0.00009880446596186147
"T11573C",0.001282051282051282,2,0.0011363636363636363
"C11575T",0.0006414368184733803,1,0.0002808199943836001
"G11598A",0.0006369426751592356,1,0.0005704506560182544
"C11620T",0.0903267136450993,141,0.033412322274881515
"C11644T",0.0558408215661104,87,0.042439024390243905
"C11653T",0.000641025641025641,1,0.00025497195308516065
"C11674T",0.0038535645472061657,6,0.002006688963210702
"C11681T",0.0019255455712451862,3,0.0013256738842244808
"C11704T",0.0019342359767891683,3,0.0010097610232245036
"G11719A",0.0019280205655526992,3,0.0016420361247947454
"G11727A",1,1557,0.00633611954389706
"C11758T",0.0019193857965451055,3,0.0010135135135135136
"G11761A",0.0006393861892583121,1,0.0005546311702717693
"G11771A",0.0006365372374283895,1,0.0005688282138794084
"T11773C",0.0006361323155216285,1,0.0005083884087442806
"C11776T",0.0031867431485022306,5,0.0025826446280991736
"A11782G",0.0019096117122851686,3,0.0008576329331046312
"T11784A",0.0006361323155216285,1,0.0005515719801434088
"C11785T",0.0006349206349206349,1,0.0005321979776476849
"T11795C",0.0025412960609911056,4,0.001759014951627089
"C11878T",0.0005899705014749262,1,0.0005015045135406219
"T11889C",0.0005913660555884093,1,0.000572737686139748
"T11912G",0.0017783046828689982,3,0.0017251293847038527
"T11940C",0.0005952380952380953,1,0.0005428881650380022
"G11944A",0.0011883541295306002,2,0.0011305822498586771
"G11944T",0.0005941770647653001,1,0.0005605381165919282
"C11962T",0.000594883997620464,1,0.00036101083032490973
"A11991G",0.0017857142857142857,3,0.0016750418760469012
"G11999A",0.0005952380952380953,1,0.0005780346820809249
"C12020T",0.0017793594306049821,3,0.0013392857142857143
"A12040G",0.0005934718100890207,1,0.0005583472920156337
"C12049T",0.0005938242280285036,1,0.0003466204506065858
"A12051G",0.0005938242280285036,1,0.0005724098454493417
"G12067T",0.0005927682276229994,1,0.0005216484089723526
"C12068T",0.0011862396204033216,2,0.0007552870090634441
"G12070T",0.0005927682276229994,1,0.00048638132295719845
"C12073T",0.0005924170616113745,1,0.0003716090672612412
"C12076T",0.0005924170616113745,1,0.0002946375957572186
"C12081T",0.0005931198102016608,1,0.0005263157894736842
"C12085A",0.0005924170616113745,1,0.000554016620498615
"C12085T",0.0005924170616113745,1,0.0003861003861003861
"T12101A",0.006524317912218268,11,0.0063327576280944155
"C12115T",0.0005938242280285036,1,0.0003002101471029721
"C12153T",0.0005817335660267597,1,0.00045829514207149406
"T12166C",0.0005868544600938967,1,0.0005482456140350877
"G12170T",0.0005878894767783657,1,0.000572737686139748
"C12171T",0.0005875440658049354,1,0.0005414185165132648
"T12182C",0.0005913660555884093,1,0.0005747126436781609
"C12213T",0.0005913660555884093,1,0.0005461496450027307
"A12235G",0.000591016548463357,1,0.0005580357142857143
"G12345A",0.000591016548463357,1,0.0005691519635742744
"C12367T",0.0005906674542232723,1,0.0004889975550122249
"C12400T",0.0017709563164108619,3,0.000966183574879227
"A12410G",0.0005906674542232723,1,0.00046490004649000463
"C12439T",0.007038123167155425,12,0.002305032654629274
"C12453T",0.0005807200929152149,1,0.0005780346820809249
"A12466G",0.0005810575246949448,1,0.0005599104143337066
"A12472G",0.0005817335660267597,1,0.0005662514156285391
"C12473T",0.002910360884749709,5,0.0003996802557953637
"C12484T",0.0005899705014749262,1,0.0003729951510630362
"C12499T",0.0005871990604815032,1,0.000514668039114771
"C12513T",0.002955082742316785,5,0.000484027105517909
"C12525T",0.0011813349084465446,2,0.0006186204763377668
"C12528T",0.0011806375442739079,2,0.0010793308148947653
"C12534T",0.002362669816893089,4,0.0013726835964310226
"C12540T",0.0011806375442739079,2,0.0010309278350515464
"G12566A",0.0005906674542232723,1,0.0005633802816901409
"T12568C",0.0005913660555884093,1,0.000555247084952804
"G12609T",0.0011827321111768185,2,0.0011331444759206798
"A12611G",0.0005913660555884093,1,0.0005402485143165856
"C12616T",0.007662835249042145,12,0.0002870264064293915
"C12651T",0.001184834123222749,2,0.0004716981132075472
"A12666C",0.0005938242280285036,1,0.0004422821760283061
"T12706A",0.0005906674542232723,1,0.0005694760820045558
"G12718A",0.0011806375442739079,2,0.0011217049915872126
"G12769T",0.0005892751915144372,1,0.000462962962962963
"C12778T",0.0005803830528148578,1,0.0004621072088724584
"C12781T",0.03077816492450639,53,0.013943699026571955
"C12786T",0.0005803830528148578,1,0.0003713330857779428
"C12789T",0.997673065735893,1715,0.004387513367205448
"C12809T",0.0005830903790087463,1,0.000444247001332741
"C12815T",0.9994131455399061,1703,0.006195408194818849
"C12823T",0.0011743981209630064,2,0.000846740050804403
"A12868G",0.0005878894767783657,1,0.0005636978579481398
"C12880T",0.9994121105232217,1700,0.0022227830027706334
"C12897T",0.0005878894767783657,1,0.0005060728744939271
"C12915T",0.0005878894767783657,1,0.00048123195380173246
"C12924T",0.0005878894767783657,1,0.00008791208791208791
"A12949G",0.0005875440658049354,1,0.0005165289256198347
"G12999A",0.0005885815185403178,1,0.0005656108597285068
"A13012G",0.0005892751915144372,1,0.0005704506560182544
"C13019T",0.004129793510324484,7,0.0016381933068102036
"C13038T",0.00884433962264151,15,0.0075
"G13043A",0.000588235294117647,1,0.000555247084952804
"C13072T",0.001177856301531213,2,0.000970873786407767
"G13085A",0.005858230814294083,10,0.005555555555555556
"A13121T",0.01195720578980491,19,0.00047681188516362176
"T13171C",0.0006203473945409429,1,0.0005537098560354374
"C13176T",0.0006191950464396285,1,0.000536480686695279
"T13195C",0.0006188118811881188,1,0.0005120327700972862
"C13207T",0.0012391573729863693,2,0.000970873786407767
"C13255T",0.0024937655860349127,4,0.0016
"C13264T",0.0006230529595015577,1,0.00041649312786339027
"G13268A",0.0006230529595015577,1,0.0005602240896358543
"T13339C",0.9931549471064095,1596,0.006103693958643267
"C13366T",0.0006230529595015577,1,0.0004807692307692308
"C13377T",0.0006211180124223603,1,0.0005515719801434088
"C13378T",0.0012453300124533001,2,0.0007336757153338225
"C13426T",0.0006161429451632779,1,0.0003448275862068965
"G13427A",0.03141711229946524,47,0.004761904761904762
"C13430T",0.0006146281499692685,1,0.0005414185165132648
"C13432T",0.0006153846153846154,1,0.0004038772213247173
"T13450C",0.0005827505827505828,1,0.0004522840343735866
"C13506T",0.0005817335660267597,1,0.000508646998982706
"C13517T",0.0005827505827505828,1,0.0003379520108144643
"C13523G",0.0005820721769499418,1,0.0005780346820809249
"G13576T",0.0005820721769499418,1,0.0005592841163310962
"C13592T",0.0005813953488372093,1,0.0005636978579481398
"A13610G",0.048283885980221056,83,0.04588170259812051
"G13617T",0.0029086678301337987,5,0.0025458248472505093
"G13618A",0.0011634671320535194,2,0.0011235955056179776
"C13620T",0.0017452006980802793,3,0.0008878366380585972
"C13629T",0.0005813953488372093,1,0.0005458515283842794
"C13643T",0.0005813953488372093,1,0.000547645125958379
"C13665T",0.0005813953488372093,1,0.00031338138514572234
"A13679G",0.0005813953488372093,1,0.0005763688760806917
"T13686C",0.0017431725740848344,3,0.0015376729882111738
"A13695G",0.0011621150493898896,2,0.001141552511415525
"A13712G",0.0017421602787456446,3,0.0010046885465505692
"T13716C",0.0005803830528148578,1,0.0005252100840336134
"C13721T",0.0017411491584445734,3,0.0012626262626262627
"C13724T",0.0005803830528148578,1,0.0005032712632108706
"C13730T",0.0005803830528148578,1,0.000423728813559322
"T13752C",0.0017391304347826088,3,0.0017191977077363897
"C13792T",0.0011634671320535194,2,0.0010378827192527244
"C13821T",0.0005820721769499418,1,0.0004633920296570899
"C13860T",0.0011675423234092236,2,0.0005547850208044383
"A13863G",0.0011675423234092236,2,0.0011217049915872126
"T13890A",0.0011668611435239206,2,0.0011560693641618498
"T13902G",0.0017513134851138354,3,0.001729106628242075
"G13966A",0.0005844535359438924,1,0.0005184033177812338
"C13994T",0.0005837711617046118,1,0.0002882675122513693
"T14034C",0.004656577415599534,8,0.004034291477559254
"C14053T",0.0005820721769499418,1,0.0005115089514066496
"C14117T",0.0011574074074074073,2,0.000931098696461825
"G14118T",0.0005787037037037037,1,0.0005268703898840885
"A14121C",0.011621150493898896,20,0.011481056257175661
"G14126A",0.0005810575246949448,1,0.0005227391531625719
"T14180C",0.0011695906432748538,2,0.0011494252873563218
"C14184T",0.0017554125219426564,3,0.0007839038411288215
"C14189T",0.0005858230814294083,1,0.00013511687609782462
"C14206T",0.0005851375073142189,1,0.0005344735435595938
"T14217A",0.000585480093676815,1,0.0005558643690939411
"C14220T",0.000585480093676815,1,0.00030358227079538557
"A14240G",0.0005858230814294083,1,0.0005608524957936063
"C14322T",0.0005851375073142189,1,0.0003716090672612412
"C14325T",0.0017543859649122807,3,0.0016638935108153079
"A14339G",0.0005847953216374269,1,0.0005747126436781609
"G14364A",0.0011689070718877848,2,0.0011148272017837235
"T14389C",0.0005813953488372093,1,0.0005659309564233164
"C14408T",1,1725,0.0022471031908865313
"A14427G",0.0005793742757821553,1,0.0005737234652897303
"T14466G",0.001786777843954735,3,0.0017261219792865361
"T14472G",0.002380952380952381,4,0.0022650056625141564
"T14476C",0.0011904761904761906,2,0.0009671179883945841
"G14511T",0.0023823704586063135,4,0.0021990104452996153
"T14565G",0.0035778175313059034,6,0.003470213996529786
"C14571T",0.0011926058437686344,2,0.0008741258741258741
"C14576T",0.0005955926146515784,1,0.0005630630630630631
"C14599T",0.0005963029218843172,1,0.00020238818053025704
"A14612G",0.0005970149253731343,1,0.0005714285714285715
"C14621T",0.007742703990470518,13,0.006394490900147565
"G14622A",0.0005955926146515784,1,0.0004432624113475177
"C14649T",0.001189767995240928,2,0.0006527415143603133
"C14676T",0.0005959475566150178,1,0.00028506271379703536
"C14694T",0.000594883997620464,1,0.0005485463521667581
"G14712T",0.0005941770647653001,1,0.0005073566717402334
"G14718A",0.0005945303210463733,1,0.0005461496450027307
"C14724T",0.0005980861244019139,1,0.00027793218454697053
"C14802T",0.0005851375073142189,1,0.0005422993492407809
"C14838T",0.0011702750146284377,2,0.0010090817356205853
"C14845T",0.0005847953216374269,1,0.0005580357142857143
"T14904C",0.0005851375073142189,1,0.0005675368898978433
"C14922A",0.0011723329425556857,2,0.0011409013120365088
"C14925T",0.0005865102639296188,1,0.00025673940949935817
"G14989A",0.0017574692442882249,3,0.001735106998264893
"T15009C",0.0005865102639296188,1,0.0005296610169491525
"C15024T",0.0011661807580174927,2,0.0008093889113719142
"C15026T",0.0005827505827505828,1,0.00020255215718047398
"A15033T",0.0005827505827505828,1,0.0005208333333333333
"T15039C",0.0011655011655011655,2,0.001122334455667789
"C15045T",0.0005844535359438924,1,0.0005285412262156448
"C15105T",0.0005827505827505828,1,0.0005491488193300384
"G15115-",0.0005827505827505828,1,0.0005780346820809249
"G15116-",0.0005827505827505828,1,0.0005780346820809249
"C15141T",0.0005824111822947001,1,0.00042283298097251583
"C15237T",0.0017462165308498253,3,0.0008081896551724138
"C15251T",0.002910360884749709,5,0.0026867275658248252
"A15267G",0.002328288707799767,4,0.0022148394241417496
"C15277T",0.0005820721769499418,1,0.00038580246913580245
"T15297C",0.0005824111822947001,1,0.0005274261603375527
"C15381T",0.0011614401858304297,2,0.0011074197120708748
"C15419T",0.0005834305717619603,1,0.0005780346820809249
"A15483G",0.00117096018735363,2,0.0011061946902654867
"T15507C",0.000585480093676815,1,0.0005675368898978433
"T15510C",0.000585480093676815,1,0.00047505938242280285
"T15521A",0.0017584994138335288,3,0.0005638037962788949
"G15530T",0.002925687536571094,5,0.0028216704288939053
"C15540T",0.0017595307917888563,3,0.0008068854222700376
"G15543T",0.0005847953216374269,1,0.00038550501156515033
"C15546T",0.0005841121495327102,1,0.000482392667631452
"T15552A",0.0058445353594389245,10,0.005691519635742743
"T15563C",0.0011668611435239206,2,0.001154068090017311
"C15579T",0.0011675423234092236,2,0.000563856780377784
"T15591C",0.0005841121495327102,1,0.0002099517111064455
"A15604C",0.0011689070718877848,2,0.001154068090017311
"A15609G",0.0005837711617046118,1,0.0005636978579481398
"G15629T",0.0017513134851138354,3,0.0017321016166281756
"G15652T",0.0005827505827505828,1,0.0005571030640668524
"C15654A",0.002335084646818447,4,0.0022396416573348264
"C15654T",0.0011675423234092236,2,0.0006591957811470006
"C15656T",0.001750291715285881,3,0.0010197144799456153
"C15714T",0.9988385598141696,1720,0.002248874582095036
"C15720T",0.0011876484560570072,2,0.0003979307600477517
"G15732C",0.0005920663114268798,1,0.000578368999421631
"C15738T",0.0011869436201780415,2,0.000005388598802653346
"C15746A",0.0005927682276229994,1,0.0005720823798627002
"T15756A",0.998814463544754,1685,0.006173065650644783
"C15763T",0.001184834123222749,2,0.0005913660555884093
"G15780T",0.005927682276229994,10,0.005763688760806916
"T15786C",0.0005927682276229994,1,0.0005633802816901409
"C15810T",0.0005934718100890207,1,0.00036310820624546115
"A15860G",0.0005927682276229994,1,0.0005649717514124294
"G15906T",0.0017783046828689982,3,0.0014985014985014985
"T15916C",0.002369668246445498,4,0.002258610954263128
"C15924T",0.0005920663114268798,1,0.00043308791684711995
"C15925T",0.0005924170616113745,1,0.0005157297576070139
"G15937A",0.0005920663114268798,1,0.0005452562704471102
"T15939C",0.001184834123222749,2,0.000005407129841408882
"C15960T",0.0017804154302670622,3,0.00026281208935611036
"T15978C",0.0005934718100890207,1,0.00048146364949446316
"G16014A",0.0005938242280285036,1,0.0005431830526887561
"A16026T",0.0005813953488372093,1,0.0005555555555555556
"A16030G",0.0005817335660267597,1,0.0005546311702717693
"T16074C",0.0005858230814294083,1,0.0005636978579481398
"C16101T",0.0017574692442882249,3,0.001607717041800643
"C16127T",0.0017595307917888563,3,0.0016910935738444193
"C16163T",0.000585480093676815,1,0.0005068423720223011
"T16176C",0.001756440281030445,3,0.0016901408450704226
"T16203C",0.000585480093676815,1,0.0004786979415988511
"T16213C",0.000585480093676815,1,0.0005777007510109763
"G16228A",0.0005851375073142189,1,0.0005630630630630631
"G16245A",0.000585480093676815,1,0.0005530973451327434
"C16260T",0.0011723329425556857,2,0.0006591957811470006
"T16263C",0.000585480093676815,1,0.0005302226935312832
"T16276C",0.000585480093676815,1,0.0005376344086021505
"C16289T",0.0005858230814294083,1,0.00039154267815191856
"C16293T",0.0005841121495327102,1,0.00029282576866764275
"C16308T",0.0017523364485981308,3,0.000687442713107241
"A16311G",0.0005820721769499418,1,0.0004975124378109452
"C16332T",0.000585480093676815,1,0.00018158707100054475
"C16338T",0.004060324825986079,7,0.002536231884057971
"C16362T",0.000580046403712297,1,0.0003861003861003861
"C16376T",0.000580046403712297,1,0.00039761431411530816
"G16405A",0.0005980861244019139,1,0.0005310674455655868
"C16428T",0.009580838323353293,16,0.005891016200294551
"T16494C",0.0006024096385542169,1,0.0005252100840336134
"C16559T",0.0005998800239952009,1,0.0005443658138268917
"T16605C",0.0006016847172081829,1,0.0005434782608695652
"C16616T",0.0006024096385542169,1,0.00035612535612535614
"A16638G",0.0005998800239952009,1,0.0005707762557077625
"C16694T",0.0005830903790087463,1,0.00046511627906976747
"C16726T",0.0011675423234092236,2,0.0005337603416066186
"T16728C",0.0005837711617046118,1,0.0005336179295624333
"C16733T",0.0011675423234092236,2,0.0008413967185527977
"A16749G",0.0005837711617046118,1,0.0005662514156285391
"C16750T",0.0005837711617046118,1,0.0004716981132075472
"C16762T",0.0005837711617046118,1,0.0005425935973955507
"T16776C",0.0005844535359438924,1,0.0005449591280653951
"G16795T",0.0011682242990654205,2,0.0011154489682097045
"C16806T",0.0005841121495327102,1,0.0004885197850512946
"G16813T",0.0005841121495327102,1,0.0005624296962879641
"T16851C",0.009941520467836258,17,0.009545199326221224
"T16857C",0.0005847953216374269,1,0.0005580357142857143
"C16887T",0.025146198830409357,43,0.002736239261851734
"A16929G",0.002925687536571094,5,0.002824858757062147
"C16946T",0.0005847953216374269,1,0.0005241090146750524
"A16998G",0.0005797101449275362,1,0.0005750431282346176
"C17004T",0.0023228803716608595,4,0.0015273004963726614
"T17011G",0.0006020469596628537,1,0.000572737686139748
"G17019T",0.0018094089264173703,3,0.0015082956259426848
"A17056G",0.0006101281269066504,1,0.0005614823133071309
"T17070C",0.0006101281269066504,1,0.000493339911198816
"T17088C",0.0006105006105006105,1,0.000547945205479452
"C17104T",0.0006112469437652812,1,0.0004995004995004995
"A17105T",0.0006112469437652812,1,0.000576036866359447
"T17106C",0.0006112469437652812,1,0.0005385029617662897
"G17122T",0.0018303843807199512,3,0.0010964912280701754
"T17126C",0.0018337408312958435,3,0.0017211703958691911
"C17135T",0.0006112469437652812,1,0.0005405405405405405
"C17172T",0.0012254901960784314,2,0.0007797270955165692
"C17185T",0.007312614259597806,12,0.006685236768802228
"C17274T",0.000580046403712297,1,0.0004952947003467063
"C17333T",0.05872093023255814,101,0.053580901856763924
"G17334T",0.986232790988736,1576,0.015743941179996404
"C17339T",0.0011621150493898896,2,0.0008382229673093043
"A17344G",0.0005810575246949448,1,0.0004861448711716091
"G17371A",0.0005827505827505828,1,0.0005707762557077625
"T17385C",0.002335084646818447,4,0.0021253985122210413
"C17410T",1,1714,0.0022402622440003714
"A17417G",0.0011668611435239206,2,0.0011494252873563218
"C17430T",0.0005847953216374269,1,0.00030156815440289503
"C17483T",0.0005827505827505828,1,0.0005549389567147614
"C17550T",0.000580046403712297,1,0.0002643404705260375
"C17586A",0.0005824111822947001,1,0.000574052812858783
"C17634A",0.0005824111822947001,1,0.0005076142131979696
"T17659G",0.0029069767441860465,5,0.002871912693854107
"C17676T",0.0017482517482517483,3,0.0005866249511145874
"C17678T",0.0011627906976744186,2,0.0007015082427218519
"G17679T",0.0005813953488372093,1,0.0003551136363636364
"A17712G",0.0005817335660267597,1,0.0005567928730512249
"C17718T",0.0005813953488372093,1,0.000496031746031746
"G17721T",0.0005820721769499418,1,0.0003897116134060795
"T17742C",0.0005813953488372093,1,0.0005370569280343716
"C17745T",0.0005813953488372093,1,0.00045871559633027525
"C17762T",0.008158508158508158,14,0.006398537477148081
"C17766A",0.0017441860465116279,3,0.001722158438576349
"C17766T",0.0034883720930232558,6,0.0012391573729863693
"T17781C",0.0005813953488372093,1,0.0004484304932735426
"C17821T",0.0005810575246949448,1,0.0005714285714285715
"T17832C",0.0005807200929152149,1,0.0005665722379603399
"C17850T",0.0005787037037037037,1,0.0003667033370003667
"T17859C",0.0005790387955993051,1,0.0000027041863508898125
"A17864G",0.002901915264074289,5,0.0028653295128939827
"C17883T",0.0005824111822947001,1,0.0005096839959225281
"A17892G",0.0052417006406523005,9,0.004909983633387889
"T17895C",0.0011648223645894002,2,0.0011043622308117063
"C17934T",0.0005827505827505828,1,0.00046948356807511736
"C17977T",0.0005830903790087463,1,0.0003288391976323578
"C17999T",0.00351288056206089,6,0.002099370188943317
"G18021A",0.0005844535359438924,1,0.000536480686695279
"G18028T",0.022847100175746926,39,0.021058315334773217
"C18032T",0.0011689070718877848,2,0.0008084074373484236
"T18048C",0.0005847953216374269,1,0.0005580357142857143
"G18049C",0.0005847953216374269,1,0.000576036866359447
"C18060T",0.0035046728971962616,6,0.0019442644199611147
"G18090A",0.0005844535359438924,1,0.0003779289493575208
"A18093G",0.0005841121495327102,1,0.0005376344086021505
"T18096C",0.0005841121495327102,1,0.00046533271288971617
"G18105T",0.0017533606078316774,3,0.0008715862870424172
"G18106T",0.0035087719298245615,6,0.002707581227436823
"C18129T",0.004675628287551139,8,0.002745367192862045
"C18131T",0.002925687536571094,5,0.000652145558888744
"C18162T",0.0005810575246949448,1,0.00034423407917383823
"A18163G",0.999418942475305,1720,0.0022813425966453655
"G18169T",0.0005810575246949448,1,0.0004752851711026616
"C18171T",0.0005810575246949448,1,0.00042936882782310007
"C18176T",0.0011621150493898896,2,0.0010080645161290322
"T18224C",0.0005903187721369539,1,0.0005743825387708214
"C18248T",0.0029498525073746312,5,0.0023651844843897824
"C18252T",0.0041249263406010605,7,0.0020278099652375433
"A18259G",0.0005896226415094339,1,0.0005350454788657035
"G18292T",0.0005875440658049354,1,0.000555247084952804
"C18312T",0.0005885815185403178,1,0.00042918454935622315
"G18325T",0.005871990604815032,10,0.005747126436781609
"C18348T",0.00411764705882353,7,0.0022371364653243847
"C18364T",0.000588235294117647,1,0.0005717552887364208
"C18400T",0.000588235294117647,1,0.00047596382674916705
"G18412T",0.0005875440658049354,1,0.0005268703898840885
"A18425G",0.004112808460634548,7,0.003961516694963215
"T18429C",0.000588235294117647,1,0.00049800796812749
"T18439A",0.0005878894767783657,1,0.0005773672055427252
"G18462A",0.000588235294117647,1,0.0005154639175257732
"C18486T",0.0011594202898550724,2,0.0007293946024799417
"C18490T",0.0005803830528148578,1,0.00031269543464665416
"A18492G",0.9994202898550725,1724,0.005031608071586591
"G18498T",0.004057971014492754,7,0.0036213140196585617
"C18501T",0.000580046403712297,1,0.0002731494127287626
"G18506T",0.0005807200929152149,1,0.0005733944954128441
"T18509C",0.0005803830528148578,1,0.0005777007510109763
"C18526T",0.0005834305717619603,1,0.0003846153846153846
"C18570T",0.0005847953216374269,1,0.0002886002886002886
"C18582T",0.0005851375073142189,1,0.00040535062829347385
"G18583T",0.0005847953216374269,1,0.0005470459518599562
"C18606T",0.0023405500292568754,4,0.002098635886673662
"A18640G",0.0005844535359438924,1,0.000552791597567717
"G18651T",0.0011689070718877848,2,0.000998003992015968
"C18657T",0.0006020469596628537,1,0.00004119973632168754
"A18666G",0.0017523364485981308,3,0.0017064846416382253
"C18687T",0.008182349503214495,14,0.005196733481811433
"C18695T",0.0005844535359438924,1,0.0005167958656330749
"C18713T",0.0005841121495327102,1,0.0004288164665523156
"C18714T",0.0005841121495327102,1,0.0005192107995846313
"T18731C",0.0011682242990654205,2,0.001148105625717566
"C18744T",0.0011716461628588166,2,0.0005148005148005148
"C18747T",0.0017523364485981308,3,0.0010741138560687433
"C18788T",0.0005841121495327102,1,0.00031857279388340236
"A18789T",0.0005837711617046118,1,0.0005780346820809249
"A18798G",0.0005810575246949448,1,0.0005711022272986865
"C18804T",0.0005807200929152149,1,0.0004314063848144953
"A18812G",0.0005803830528148578,1,0.0005515719801434088
"G18816T",0.0005797101449275362,1,0.0005042864346949068
"G18826C",0.0005793742757821553,1,0.0005773672055427252
"G18833T",0.0005793742757821553,1,0.0005701254275940707
"T18863C",0.0024140012070006035,4,0.002207505518763797
"C18894T",0.998186215235792,1651,0.006329332295695977
"G18937T",0.0006056935190793458,1,0.0005602240896358543
"G18972T",0.0012070006035003018,2,0.0009751340809361287
"C18981T",0.0006031363088057901,1,0.00028686173264486515
"G18984T",0.0006031363088057901,1,0.0005035246727089627
"G18985T",0.0006042296072507553,1,0.000536480686695279
"C19011T",0.001201923076923077,2,0.0006821282401091405
"C19017T",0.001201923076923077,2,0.0005230125523012552
"C19032T",0.0006016847172081829,1,0.00038819875776397513
"C19041T",0.0006002400960384153,1,0.0005387931034482759
"C19097T",0.000594883997620464,1,0.0005136106831022085
"C19152T",0.0005827505827505828,1,0.0004496402877697842
"C19154T",0.0005824111822947001,1,0.0004344048653344917
"A19155G",0.0005824111822947001,1,0.0005685048322910744
"C19156T",0.004076878276062901,7,0.0034982508745627187
"C19170T",0.0029086678301337987,5,0.001160092807424594
"C19186T",0.0005847953216374269,1,0.0003403675970047651
"A19188G",0.0005861664712778429,1,0.0005411255411255411
"C19200T",0.000585480093676815,1,0.0005321979776476849
"T19218C",0.000585480093676815,1,0.0005691519635742744
"C19227T",0.0005851375073142189,1,0.0005524861878453039
"C19263T",0.0005844535359438924,1,0.0003436426116838488
"G19296A",0.0005847953216374269,1,0.000546448087431694
"C19343T",0.0005858230814294083,1,0.0005617977528089888
"G19348A",0.000585480093676815,1,0.0005512679162072767
"C19366T",0.0017554125219426564,3,0.0012453300124533001
"C19367T",0.0005851375073142189,1,0.0005473453749315818
"C19374T",0.005847953216374269,10,0.003681885125184094
"A19459G",0.0011580775911986102,2,0.0009950248756218905
"C19488A",0.0029120559114735,5,0.0028636884306987398
"G19493A",0.0005827505827505828,1,0.0004807692307692308
"C19512T",0.0011655011655011655,2,0.0008741258741258741
"G19518T",0.0029086678301337987,5,0.0023518344308560675
"A19520G",0.0005817335660267597,1,0.0005773672055427252
"C19524T",0.004659289458357601,8,0.0013831258644536654
"C19536T",0.0005813953488372093,1,0.0005333333333333334
"G19542T",0.0005817335660267597,1,0.0005564830272676684
"C19545T",0.0005817335660267597,1,0.0004103405826836274
"G19549T",0.0005899705014749262,1,0.000552791597567717
"C19554T",0.002359882005899705,4,0.0015355086372360845
"C19586T",0.0005896226415094339,1,0.00040257648953301127
"C19594A",0.0005813953488372093,1,0.0005757052389176742
"C19596T",0.0005813953488372093,1,0.0005512679162072767
"C19602T",0.0011634671320535194,2,0.000671366230278617
"G19648T",0.0005834305717619603,1,0.0004833252779120348
"A19654G",0.0011682242990654205,2,0.001142857142857143
"G19656T",0.0029291154071470417,5,0.0024962556165751375
"C19660T",0.0005858230814294083,1,0.0005178663904712584
"A19682C",0.0011695906432748538,2,0.0011527377521613833
"T19695C",0.0058445353594389245,10,0.005652911249293386
"C19716T",0.0030102347983142685,5,0.00021366608264604078
"C19718T",0.0005844535359438924,1,0.00038387715930902113
"G19723T",0.0035067212156633548,6,0.0030241935483870967
"G19816T",0.0012746972594008922,2,0.0010498687664041995
"G19825T",0.0006365372374283895,1,0.0005662514156285391
"T19839C",0.0006385696040868455,1,0.0004952947003467063
"C19862T",0.0006377551020408163,1,0.0004065040650406504
"G19872T",0.0006389776357827476,1,0.0005184033177812338
"C19881T",0.0006406149903907751,1,0.0004957858205255329
"C19884T",0.000641025641025641,1,0.00013736263736263736
"A19953T",0.0006397952655150352,1,0.000574052812858783
"C19955T",0.9980830670926517,1562,0.002213351810995059
"A19963C",0.0012779552715654952,2,0.0011547344110854503
"C19983T",0.0006377551020408163,1,0.00018281535648994517
"T19992C",0.0006357279084551812,1,0.0005586592178770949
"T20001C",0.0006349206349206349,1,0.0005530973451327434
"G20002T",0.0012706480304955528,2,0.0010245901639344263
"G20014A",0.003178639542275906,5,0.0027901785714285715
"A20055G",0.994578313253012,1651,0.002302746279481708
"G20060T",0.001199040767386091,2,0.00015604275571506592
"T20070C",0.0017985611510791368,3,0.001654715940430226
"A20094C",0.0006020469596628537,1,0.0005773672055427252
"T20106C",0.0006002400960384153,1,0.0005767012687427913
"A20118G",0.0005998800239952009,1,0.00051440329218107
"G20131A",0.0005998800239952009,1,0.0005385029617662897
"C20132T",0.0005998800239952009,1,0.0003846153846153846
"C20148T",0.0023952095808383233,4,0.0012338062924120913
"T20151C",0.0017974835230677051,3,0.0017191977077363897
"G20173A",0.0006027727546714888,1,0.0003916960438699569
"C20178T",0.005428226779252111,9,0.0004909983633387888
"A20223C",0.012106537530266344,20,0.011507479861910242
"C20233T",0.004830917874396135,8,0.002380952380952381
"C20234A",0.0006045949214026602,1,0.0005659309564233164
"G20237T",0.0012091898428053204,2,0.0011049723756906078
"A20262G",0.0006031363088057901,1,0.0004154549231408392
"A20289G",0.0006045949214026602,1,0.0005636978579481398
"G20326A",0.0012040939193257074,2,0.0009852216748768472
"T20354C",0.0030102347983142685,5,0.002886836027713626
"A20388G",0.0006009615384615385,1,0.0005672149744753262
"G20397A",0.0005934718100890207,1,0.0004697040864255519
"A20412G",0.0005998800239952009,1,0.0005621135469364812
"C20428T",0.0005980861244019139,1,0.0005037783375314861
"C20429T",0.0005988023952095808,1,0.00031338138514572234
"G20433T",0.0005995203836930455,1,0.0005012531328320802
"C20436T",0.010797840431913617,18,0.007039499413375049
"T20455G",0.0006027727546714888,1,0.0005750431282346176
"T20466C",0.0006027727546714888,1,0.0005694760820045558
"C20468T",0.0048250904704463205,8,0.004171011470281543
"C20544T",0.0006045949214026602,1,0.00041288191577208916
"G20578T",0.0012113870381586917,2,0.00070298769771529
"G20626A",0.0006038647342995169,1,0.0005521811154058532
"C20629T",0.0006038647342995169,1,0.0004302925989672978
"G20635C",0.0024154589371980675,4,0.002099737532808399
"A20638G",0.0006042296072507553,1,0.0005733944954128441
"A20640G",0.0012077294685990338,2,0.001128668171557562
"T20664C",0.0005896226415094339,1,0.0005662514156285391
"G20670A",0.0005903187721369539,1,0.00047080979284369113
"T20682C",0.000588235294117647,1,0.0005672149744753262
"C20703T",0.0005885815185403178,1,0.0003355704697986577
"C20719T",0.0005885815185403178,1,0.0004
"G20730A",0.010059171597633136,17,0.009753298909925417
"C20740A",0.000591715976331361,1,0.0005586592178770949
"G20758T",0.0005920663114268798,1,0.0005694760820045558
"C20762T",0.0005920663114268798,1,0.0002755580049600441
"A20779C",0.0005931198102016608,1,0.0005773672055427252
"C20823T",0.0029691211401425177,5,0.0017397355601948504
"A20826G",0.002967359050445104,5,0.0026455026455026454
"A20856G",0.0005931198102016608,1,0.0005574136008918618
"T20901C",0.0005927682276229994,1,0.0005688282138794084
"C20930T",0.002372479240806643,4,0.0010311936065996391
"G20931T",0.0011869436201780415,2,0.0009905894006934125
"G20944C",0.0005938242280285036,1,0.000578368999421631
"C20946T",0.0005941770647653001,1,0.0003595828838547285
"T20955C",0.0005941770647653001,1,0.0005485463521667581
"T20976C",0.0005938242280285036,1,0.0005461496450027307
"A21012G",0.0005924170616113745,1,0.0005467468562055768
"G21019A",0.0005896226415094339,1,0.0005491488193300384
"C21034T",0.0005892751915144372,1,0.0004210526315789474
"T21045A",0.0005913660555884093,1,0.0005777007510109763
"G21055A",0.003552397868561279,6,0.0033632286995515697
"A21071G",0.0005924170616113745,1,0.0005711022272986865
"C21077T",0.0029655990510083037,5,0.0014092446448703494
"G21100A",0.0011876484560570072,2,0.0011448196908986834
"G21123T",0.0017804154302670622,3,0.0005453553899291038
"A21137G",0.013040901007705987,22,0.000801369613521291
"C21139T",0.0005927682276229994,1,0.0005263157894736842
"T21144C",0.0005931198102016608,1,0.0005589714924538849
"C21145T",0.0005934718100890207,1,0.00039308176100628933
"A21171G",0.0005931198102016608,1,0.0005675368898978433
"G21204T",0.0005913660555884093,1,0.0005608524957936063
"G21210A",0.0005913660555884093,1,0.0005681818181818182
"C21219T",0.0005913660555884093,1,0.00043975373790677223
"T21294A",0.0005906674542232723,1,0.0004426737494466578
"T21294C",0.0005906674542232723,1,0.0005694760820045558
"G21295A",0.0005906674542232723,1,0.00043706293706293706
"G21296A",0.0005906674542232723,1,0.0004306632213608958
"C21301T",0.0005906674542232723,1,0.0005543237250554324
"C21304A",0.0035460992907801418,6,0.0017167381974248926
"G21305A",0.0035502958579881655,6,0.00176522506619594
"C21306T",0.000591715976331361,1,0.0002853067047075606
"A21371C",0.0005878894767783657,1,0.0005393743257820927
"C21396T",0.0005970149253731343,1,0.0005376344086021505
"C21411A",0.0005970149253731343,1,0.0004987531172069825
"T21462C",0.000594883997620464,1,0.000536480686695279
"G21468T",0.001189767995240928,2,0.0011037527593818985
"A21488G",0.004761904761904762,8,0.004338394793926247
"T21498C",0.0005955926146515784,1,0.0005608524957936063
"A21562-",0.012552301255230125,21,0.010427010923535254
"C21575T",0.0023584905660377358,4,0.0004344048653344917
"G21586T",0.0005889281507656066,1,0.0004921259842519685
"C21590T",0.000588235294117647,1,0.0004601932811780948
"T21610C",0.03636363636363636,56,0.007608695652173913
"C21614T",0.0013440860215053765,2,0.0006734006734006734
"C21618T",0.9993252361673415,1481,0.0020478032781445048
"C21622A",0.0006729475100942127,1,0.0003599712023038157
"C21622T",0.9986541049798116,1484,0.005837004405286343
"G21624C",0.9993243243243243,1479,0.005951949776650972
"C21627T",0.016666666666666666,24,0.011811023622047244
"A21631G",0.0013440860215053765,2,0.0011435105774728416
"T21632-",0.002688172043010753,4,0.0007068386640749249
"T21633-",0.9950634696755994,1411,0.001976799574098462
"A21634-",0.9971731448763251,1411,0.00197674141672539
"C21635-",1,1415,0.0019772124518272795
"C21636-",1,1415,0.0019772124518272795
"C21637-",1,1415,0.001977248368944764
"C21638-",1,1415,0.0019773063916603785
"C21639-",1,1415,0.001977311917810899
"T21640-",0.9992937853107344,1415,0.001977546807764282
"G21641-",0.9400399733510992,1411,0.0019825240017478808
"G21641C",0.002664890073284477,4,0.0020629190304280558
"G21641T",0.056628914057295136,85,0.008837596173840716
"C21642-",0.0023391812865497076,4,0.0011296243998870376
"A21643-",0.002336448598130841,4,0.0011309018942606728
"C21646T",0.0005837711617046118,1,0.00036403349108117945
"A21650T",0.0005837711617046118,1,0.0005701254275940707
"A21651-",0.0011695906432748538,2,0.0010357327809425167
"T21652-",0.0011750881316098707,2,0.0010357327809425167
"T21653-",0.09010600706713781,153,0.0018882594690658669
"T21653C",0.0017667844522968198,3,0.0000784149720319933
"C21654-",0.0901591043017089,153,0.0018887023503851472
"C21654T",0.015910430170889805,27,0.004976958525345622
"T21655-",0.08942139099941554,153,0.0018878400888395336
"T21656-",0.0011689070718877848,2,0.0009045680687471732
"C21658T",0.0035046728971962616,6,0.002045687009887487
"G21665T",0.0005841121495327102,1,0.0005720823798627002
"G21666T",0.0035087719298245615,6,0.0032626427406199023
"T21671-",0.0005841121495327102,1,0.0005763688760806917
"A21672-",0.0005841121495327102,1,0.0005763688760806917
"T21673-",0.0005841121495327102,1,0.0005763688760806917
"C21691T",0.0005844535359438924,1,0.00026946914578280785
"C21711T",0.9938875305623472,1626,0.0060627754535895655
"G21718T",0.0006101281269066504,1,0.000014756880395484394
"C21721T",0.003658536585365854,6,0.00210896309314587
"G21724C",0.001829268292682927,3,0.0016339869281045752
"C21736T",0.0006112469437652812,1,0.00042158516020236085
"T21737C",0.002449479485609308,4,0.0009072352007257881
"T21738C",0.0018927444794952682,3,0.00008946144211844694
"C21741T",0.000612369871402327,1,0.0005238344683080147
"C21742T",0.0006119951040391676,1,0.00034083162917518747
"G21746T",0.001838235294117647,3,0.0014388489208633094
"T21763C",0.0006161429451632779,1,0.00046728971962616824
"A21764-",0.0012330456226880395,2,0.0006193868070610096
"T21765-",0.9959486833220796,1475,0.004482737661074642
"A21766-",0.9959486833220796,1475,0.004481498248417803
"A21766T",0.0027008777852802163,4,0.0016306563391765185
"C21767-",0.9993243243243243,1479,0.00447197982620054
"A21768-",0.9979729729729729,1477,0.004482916657814146
"T21769-",0.9993234100135318,1477,0.004483107154456245
"G21770-",0.9986477349560514,1477,0.00451771758912322
"T21771-",0.0024600246002460025,4,0.0015606710885680843
"C21772-",0.002457002457002457,4,0.0015723270440251573
"C21774T",0.0006138735420503376,1,0.0004391743522178305
"G21776A",0.0006134969325153375,1,0.00042283298097251583
"G21776T",0.0006134969325153375,1,0.0005530973451327434
"G21777A",0.0018427518427518428,3,0.001374885426214482
"C21781T",0.0024479804161566705,4,0.001999000499750125
"G21785A",0.000612369871402327,1,0.0005324813631522897
"G21800A",0.002443494196701283,4,0.0022396416573348264
"C21846T",0.0006112469437652812,1,0.0002554931016862545
"T21847G",0.0006112469437652812,1,0.0005763688760806917
"A21849C",0.0006097560975609756,1,0.0005567928730512249
"C21855T",0.0006097560975609756,1,0.0002883506343713956
"C21859T",0.0018281535648994515,3,0.0010619469026548673
"T21864C",0.0012195121951219512,2,0.0007955449482895784
"G21867A",0.0006101281269066504,1,0.0005624296962879641
"T21883C",0.0011976047904191617,2,0.0009813542688910696
"G21893A",0.0005973715651135006,1,0.0004585052728106373
"A21900G",0.0005803830528148578,1,0.0005711022272986865
"C21904T",0.0005803830528148578,1,0.000501002004008016
"C21928T",0.0011757789535567313,2,0.0008764241893076249
"C21930T",0.0005865102639296188,1,0.0005446623093681918
"G21941T",1,1696,0.0060307797343043265
"C21952T",0.0005858230814294083,1,0.0002998500749625187
"A21964C",0.00117096018735363,2,0.0011554015020219526
"A21975C",0.000585480093676815,1,0.0005777007510109763
"G21985T",0.0005851375073142189,1,0.0005583472920156337
"G21987A",0.9976567076742824,1703,0.002288098929712503
"T21992-",0.9963636363636363,1644,0.0026010106603466115
"A21993-",0.9963636363636363,1644,0.0026015869047129234
"T21994-",0.9642228739002933,1644,0.0026030987008257398
"C21998T",0.002927400468384075,5,0.0018882175226586104
"C22000A",0.000585480093676815,1,0.000002758392408904091
"C22000T",0.00117096018735363,2,0.0007099751508697196
"A22002T",0.0005858230814294083,1,0.0003109452736318408
"A22011G",0.002927400468384075,5,0.002523977788995457
"T22016A",0.000585480093676815,1,0.0004938271604938272
"G22021T",0.00117096018735363,2,0.0006918021445866483
"G22026T",0.0011723329425556857,2,0.0010746910263299302
"T22032C",0.997651203758074,1699,0.006044865066799495
"C22033A",0.998825601879037,1701,0.0049783714491421745
"A22034G",0.998825601879037,1701,0.006067091113370071
"T22039A",0.0005858230814294083,1,0.0005777007510109763
"A22071T",0.001763668430335097,3,0.0017281105990783411
"C22075T",0.0005878894767783657,1,0.00047281323877068556
"C22088T",0.0017626321974148062,3,0.000658906215681968
"G22103A",0.000585480093676815,1,0.0004904364884747426
"G22103C",0.000585480093676815,1,0.0005341880341880342
"G22104T",0.001756440281030445,3,0.001
"A22106G",0.0011723329425556857,2,0.0006317119393556538
"A22107C",0.0005858230814294083,1,0.0005494505494505495
"A22107G",0.0005858230814294083,1,0.000025827780360555812
"A22110G",0.000585480093676815,1,0.0005485463521667581
"G22111T",0.0005868544600938967,1,0.00006125949522175937
"G22112A",0.001756440281030445,3,0.0002995506739890165
"G22113T",0.000585480093676815,1,0.00022002200220022002
"T22119C",0.0005868544600938967,1,0.00038182512409316535
"C22120A",0.004151838671411625,7,0.00041130501204536107
"C22120T",0.0011862396204033216,2,0.0007590132827324478
"T22126C",0.0005871990604815032,1,0.000517063081695967
"G22132A",0.0035629453681710215,6,0.0028503562945368173
"G22132T",0.0059382422802850355,10,0.0001814519787338281
"G22180A",0.0005865102639296188,1,0.0005238344683080147
"C22183T",0.0005871990604815032,1,0.000547945205479452
"A22193-",0.0005830903790087463,1,0.0005213764337851929
"A22194-",0.994026284348865,1664,0.005967686983341403
"T22195-",0.9952153110047847,1664,0.005967494369611683
"T22196-",0.9970113568439928,1668,0.005967671534779217
"T22197-",0.00234192037470726,4,0.0016266775111834079
"A22198-",0.000585480093676815,1,0.0005567928730512249
"T22200A",0.007033997655334115,12,0.00003350850836874997
"T22200G",0.9906213364595545,1690,0.004275320522550419
"G22203T",0.0005858230814294083,1,0.00039184952978056425
"G22205T",0.0011702750146284377,2,0.000998003992015968
"C22208T",1,1710,0.006044132772984494
"G22216T",0.0035067212156633548,6,0.0030706243602865915
"C22224T",0.0011695906432748538,2,0.0007968127490039841
"G22226T",0.003510825043885313,6,0.0029910269192422734
"C22227T",0.0005851375073142189,1,0.0003223726627981947
"C22264T",0.0017835909631391202,3,0.0009410288582183187
"G22272T",0.0011926058437686344,2,0.00099601593625498
"G22273A",0.0011890606420927466,2,0.0011123470522803114
"A22278G",0.001784651992861392,3,0.001525940996948118
"C22281T",0.0005945303210463733,1,0.0004332755632582322
"T22292C",0.0005959475566150178,1,0.0004904364884747426
"C22295A",0.9982100238663485,1673,0.006007353891673729
"C22326T",0.0005966587112171838,1,0.0002653927813163482
"T22333C",0.0005952380952380953,1,0.0005461496450027307
"G22335T",0.0005952380952380953,1,0.0004675081813931744
"C22353A",0.9857227840571089,1657,0.005995498853003539
"T22358C",0.0005934718100890207,1,0.0005567928730512249
"G22361T",0.0005927682276229994,1,0.0005558643690939411
"A22368T",0.0005931198102016608,1,0.0005757052389176742
"T22369C",0.0005931198102016608,1,0.0005208333333333333
"C22376T",0.0005931198102016608,1,0.000513083632632119
"T22385C",0.0017835909631391202,3,0.0017241379310344827
"C22450T",0.001199040767386091,2,0.0005317734645041213
"A22459T",0.0017985611510791368,3,0.0016797312430011197
"A22474T",0.0005988023952095808,1,0.00051440329218107
"C22480T",0.0012004801920768306,2,0.000029811590746482232
"C22482T",0.0005995203836930455,1,0.00029036004645760743
"G22484T",0.0012004801920768306,2,0.001026694045174538
"G22487C",0.0006002400960384153,1,0.0005035246727089627
"C22498T",0.0023752969121140144,4,0.001402524544179523
"T22501C",0.0005941770647653001,1,0.00039308176100628933
"C22513T",0.0005938242280285036,1,0.0004464285714285714
"A22519G",0.0018226002430133657,3,0.0016901408450704226
"A22531G",0.00297441998810232,5,0.0026666666666666666
"T22540A",0.0017835909631391202,3,0.001729106628242075
"A22556G",0.9952352590827874,1671,0.006035694032573243
"T22558A",0.000594883997620464,1,0.0005678591709256105
"C22564A",0.000594883997620464,1,0.0005621135469364812
"C22564T",0.001784651992861392,3,0.0012024048096192384
"C22570T",0.0005959475566150178,1,0.00008474576271186441
"G22577C",0.9952181709503886,1665,0.0025335832932626466
"G22577T",0.0005977286312014345,1,0.00041135335252982314
"G22578A",0.9958183990442055,1667,0.0022496565461361776
"G22592A",0.0005899705014749262,1,0.0003749531308586427
"C22594T",0.0070838252656434475,12,0.004362050163576881
"G22599C",0.017323775388291517,29,0.000052995623292490154
"A22629C",0.9934679334916865,1673,0.005896721028348671
"G22630C",0.0005903187721369539,1,0.0005473453749315818
"C22639T",0.005319148936170213,9,0.00505902192242833
"T22660C",0.0005899705014749262,1,0.0005611672278338945
"T22662C",0.0005899705014749262,1,0.0005627462014631402
"T22672C",0.0005903187721369539,1,0.000500751126690035
"C22674T",0.9952746603662138,1685,0.0022887242637370997
"C22675T",0.0029533372711163615,5,0.0024642681123706258
"T22679C",0.9964580873671782,1688,0.002290869906275192
"C22686T",0.9958628841607565,1685,0.0022890787171377957
"C22687T",0.0005906674542232723,1,0.0004675081813931744
"A22688G",0.9958579881656805,1683,0.0022924532927965477
"T22691C",0.0005899705014749262,1,0.0005707762557077625
"T22702C",0.00648202710665881,11,0.005497251374312844
"T22711A",0.0005889281507656066,1,0.0005750431282346176
"C22712T",0.001177856301531213,2,0.001037344398340249
"T22741C",0.0029498525073746312,5,0.002807411566535654
"G22745T",0.0005906674542232723,1,0.0005717552887364208
"C22747T",0.001182033096926714,2,0.0008123476848090983
"G22770A",0.9892008639308856,1374,0.005630916765706324
"G22775A",0.9964871194379391,1702,0.0022819357035789656
"C22783T",0.009324009324009324,16,0.008434370057986295
"A22784G",0.0005827505827505828,1,0.0005189413596263622
"A22786C",0.9894859813084113,1694,0.0023476976209812657
"A22786T",0.0005841121495327102,1,0.00032981530343007914
"G22813T",0.9959136018680678,1706,0.0024377348784704856
"G22844T",0.0005920663114268798,1,0.0005668934240362812
"C22851T",0.0005934718100890207,1,0.0004714757190004715
"C22858T",0.04189435336976321,69,0.008165680473372782
"G22865T",0.003605769230769231,6,0.00040997608472839085
"A22881G",0.001195457262402869,2,0.0007707129094412332
"T22882G",0.997606223818073,1667,0.002260513693939735
"T22888C",0.004186602870813397,7,0.0037981551817688553
"G22895C",0.9975961538461539,1660,0.0026815281479686615
"T22896A",0.9883934025656689,1618,0.007286154954630401
"T22896G",0.00794135613927917,13,0.00028100209670795233
"G22898A",0.9981949458483754,1659,0.002535375285974744
"A22910G",0.9993997599039616,1665,0.005988950117261125
"C22915T",0.0011997600479904018,2,0.0009583133684714902
"C22916T",0.9993993993993994,1664,0.006057362935782488
"T22917G",0.9994001199760048,1666,0.004142897641084812
"T22926C",0.9994011976047904,1669,0.006233193904989543
"G22927T",0.0005984440454817474,1,0.00003324136555529701
"T22928C",0.9994008388256441,1668,0.007892383471418499
"T22942A",0.9994033412887828,1675,0.004931155185661673
"A22947G",0.0005966587112171838,1,0.0005711022272986865
"G22973C",0.0005966587112171838,1,0.0004807692307692308
"C22978T",0.00892325996430696,15,0.005605381165919282
"T22981C",0.0005945303210463733,1,0.00048756704046806434
"G22984A",0.0005945303210463733,1,0.0005434782608695652
"C22986T",0.000594883997620464,1,0.00008522969402539845
"C22987T",0.000594883997620464,1,0.00037835792659856227
"G22992A",0.9988073941562313,1675,0.0022318870705116418
"C22993T",0.0029815146094215863,5,0.0009036688957166094
"C22995A",1,1676,0.0025004140005281303
"T23005A",0.999400479616307,1667,0.006015661650608062
"G23006A",0.0011968880909634949,2,0.0010111223458038423
"T23008A",0.0013080444735120995,2,0.0011013215859030838
"G23009-",0.9960732984293194,1522,0.006132991626572536
"T23010-",0.9960732984293194,1522,0.006134252262055902
"T23010G",0.0013089005235602095,2,0.0011061946902654867
"T23011-",0.9102333931777379,1521,0.006131185604411551
"G23012A",0.9988016776512882,1667,0.006020223907547851
"G23016T",0.0005977286312014345,1,0.0005549389567147614
"T23018C",0.9988038277511961,1670,0.0026548222381900153
"T23019C",0.9988038277511961,1670,0.0025386883950016723
"C23029T",0.000594883997620464,1,0.0004050222762251924
"C23039G",1,1665,0.012478733689583068
"A23055G",1,1676,0.002232490732366187
"A23063T",1,1676,0.002230847455822299
"T23075C",0.9964243146603099,1672,0.002228652851329394
"A23076G",0.0005955926146515784,1,0.0005767012687427913
"C23086T",0.005353955978584176,9,0.0019569471624266144
"G23090A",0.0005913660555884093,1,0.0005611672278338945
"T23107C",0.006539833531510107,11,0.006242905788876277
"C23114T",0.0005837711617046118,1,0.00038402457757296467
"C23127T",0.0011655011655011655,2,0.0010615711252653928
"T23137C",0.0017482517482517483,3,0.0015764582238570678
"C23185T",0.0011627906976744186,2,0.0006901311249137336
"G23222A",1,1721,0.005952133914366743
"C23248T",0.0005810575246949448,1,0.0003372681281618887
"A23251G",0.0011614401858304297,2,0.001135718341851221
"C23271T",1,1724,0.006050693864371802
"C23277G",0.0011655011655011655,2,0.001129305477131564
"C23277T",0.00641025641025641,11,0.0001959910913140312
"G23285T",0.0005803830528148578,1,0.00038402457757296467
"G23342A",0.0017391304347826088,3,0.0015424164524421595
"A23362G",0.0017391304347826088,3,0.0016844469399213925
"T23371C",0.0052173913043478265,9,0.004329004329004329
"A23403G",0.9994206257242179,1725,0.0022459913936213843
"C23422T",0.0005793742757821553,1,0.00042211903756859433
"C23423T",1,1726,0.0060110050846277074
"G23463A",0.0012714558169103624,2,0.0011376564277588168
"A23474T",0.0019907100199071004,3,0.0017281105990783411
"G23486A",0.0006613756613756613,1,0.0005678591709256105
"C23525T",0.9993390614672836,1512,0.002066491270031093
"A23539T",0.0006640106241699867,1,0.0003898635477582846
"G23564T",0.001336898395721925,2,0.0011098779134295228
"C23575T",0.0006480881399870382,1,0.00042122999157540015
"C23585A",0.0006472491909385113,1,0.0004496402877697842
"A23598G",0.0023432923257176333,4,0.0002724424465331699
"A23598T",0.0011716461628588166,2,0.0011154489682097045
"T23599C",0.0023710729104919974,4,0.002002002002002002
"T23599G",0.9851807943094251,1662,0.002199716233958748
"T23600C",0.0005858230814294083,1,0.0002149151085321298
"C23601A",0.002347417840375587,4,0.0018717828731867104
"C23601T",0.00528169014084507,9,0.002288329519450801
"C23604A",0.0011841326228537595,2,0.0000041857116546955315
"C23604G",0.9881586737714624,1669,0.005974220290871864
"G23608T",0.002925687536571094,5,0.002064409578860446
"C23609T",0.001756440281030445,3,0.0013979496738117428
"G23610A",0.004799040191961607,8,0.003629764065335753
"G23611T",0.0005991611743559018,1,0.0004526935264825713
"G23621A",0.0012012012012012011,2,0.0010559662090813093
"C23625T",0.002999400119976005,5,0.001103996467211305
"A23631T",0.0005988023952095808,1,0.0005737234652897303
"A23632G",0.0005988023952095808,1,0.0005707762557077625
"C23635T",0.0017974835230677051,3,0.0005078720162519045
"C23643T",0.0005980861244019139,1,0.0005327650506126798
"C23657A",0.0005970149253731343,1,0.0005608524957936063
"A23669C",0.0011940298507462687,2,0.0011500862564692352
"T23672C",0.0005973715651135006,1,0.0005720823798627002
"T23677C",0.0005973715651135006,1,0.0005561735261401557
"C23679T",0.0005973715651135006,1,0.0003862495171881035
"C23692T",0.0005970149253731343,1,0.0005491488193300384
"A23702G",0.0011933174224343676,2,0.0011280315848843769
"C23707T",0.0005963029218843172,1,0.0003402517863218782
"G23749A",0.0005959475566150178,1,0.0005549389567147614
"G23755T",0.0005963029218843172,1,0.0005431830526887561
"C23758T",0.0005963029218843172,1,0.0003419972640218878
"A23796G",0.0011883541295306002,2,0.0010770059235325794
"C23854A",0.9988158673771462,1687,0.0022457580864596897
"G23856T",0.0005934718100890207,1,0.0003819709702062643
"A23911G",0.001184834123222749,2,0.0008609556607834697
"C23929T",0.0012763241863433313,2,0.0006718172657037286
"A23938G",0.012836970474967908,20,0.011487650775416428
"A23942G",0.0006464124111182935,1,0.000554016620498615
"G23948T",0.9993523316062176,1543,0.002132502629349483
"T23965C",0.0006485084306095979,1,0.0005186721991701245
"G23984A",0.0012961762799740765,2,0.0011299435028248588
"C24023T",0.0025974025974025974,4,0.001113275814082939
"A24032G",0.0006476683937823834,1,0.0005720823798627002
"G24075T",0.0006476683937823834,1,0.0005773672055427252
"C24082T",0.0006485084306095979,1,0.00048449612403100775
"A24092G",0.0006485084306095979,1,0.0005305039787798408
"G24095T",0.0013020833333333333,2,0.0005403944879762226
"C24096T",0.0006489292667099286,1,0.0005128205128205128
"A24123G",0.000649772579597141,1,0.0005681818181818182
"T24136C",0.0006480881399870382,1,0.0005186721991701245
"G24154A",0.0006510416666666666,1,0.0005521811154058532
"A24166G",0.0006514657980456026,1,0.0005737234652897303
"C24183T",0.0006501950585175553,1,0.0005640157924421884
"G24197A",0.0012232415902140672,2,0.0011204481792717086
"T24226G",0.0012828736369467607,2,0.001154068090017311
"G24257T",0.0006422607578676942,1,0.0005149330587023687
"G24268T",0.000641025641025641,1,0.000578368999421631
"T24295A",0.0006402048655569782,1,0.0005773672055427252
"A24335G",0.0012861736334405145,2,0.0011554015020219526
"C24337T",0.0006430868167202572,1,0.00034317089910775565
"T24364C",0.0006414368184733803,1,0.0003835826620636747
"G24368T",0.0006430868167202572,1,0.0005117707267144319
"C24370A",0.0006435006435006435,1,0.000564652738565782
"C24370T",0.0006435006435006435,1,0.0003096934035305048
"C24378T",0.9839331619537275,1531,0.005858022353080723
"C24382T",0.0006426735218508997,1,0.0002961208172934557
"C24387T",0.0019267822736030828,3,0.0016853932584269663
"A24424T",1,1555,0.0021154419096930774
"A24430G",0.0006455777921239509,1,0.0005724098454493417
"T24469A",0.993167701863354,1599,0.002126547532127625
"C24517T",0.005963029218843173,10,0.005213764337851929
"A24520G",0.0005966587112171838,1,0.0005659309564233164
"A24580G",0.0006027727546714888,1,0.0005558643690939411
"C24621T",0.0006020469596628537,1,0.00044169611307420494
"T24637C",0.0006020469596628537,1,0.0005608524957936063
"C24715G",0.0017709563164108619,3,0.0017142857142857142
"C24715T",0.0023612750885478157,4,0.0018399264029438822
"G24751A",0.0005903187721369539,1,0.0005518763796909492
"T24769C",0.001176470588235294,2,0.0011235955056179776
"T24793A",0.0005803830528148578,1,0.0005420054200542005
"T24799A",0.0029036004645760743,5,0.0027593818984547464
"A24813G",0.0011627906976744186,2,0.0006317119393556538
"A24819G",0.001791044776119403,3,0.00012498958420131655
"T24850A",0.0005945303210463733,1,0.0005773672055427252
"G24872T",0.9976004799040192,1663,0.01361853365325559
"C24912T",0.001189767995240928,2,0.0005866823115283074
"C24916G",0.0005945303210463733,1,0.0005777007510109763
"T24934C",0.007142857142857143,12,0.006604292790313704
"A24952G",0.0011883541295306002,2,0.001092896174863388
"T24976C",0.0005934718100890207,1,0.000343878954607978
"C24989T",0.0005938242280285036,1,0.00035385704175513094
"C24990T",0.9994061757719715,1683,0.0060393580984096
"G24992C",0.0005938242280285036,1,0.00035829451809387314
"G24998C",0.0005938242280285036,1,0.0005344735435595938
"C25000T",0.9994058229352347,1682,0.002229491856124873
"C25006T",0.006184291898577613,10,0.0003214400514304082
"G25012A",0.0005938242280285036,1,0.0005491488193300384
"C25100A",0.0005920663114268798,1,0.000552791597567717
"A25103G",0.0005920663114268798,1,0.0005720823798627002
"C25117T",0.000591715976331361,1,0.0005200208008320333
"G25157A",0.0006289308176100629,1,0.0004935834155972359
"C25163A",0.022741629816803537,36,0.014240506329113924
"A25165G",0.006309148264984227,10,0.005681818181818182
"A25167G",0.0006329113924050633,1,0.0005770340450086555
"C25207T",0.9987373737373737,1582,0.005948352359036833
"T25224C",0.0006289308176100629,1,0.0005688282138794084
"G25234T",0.0038412291933418692,6,0.0018714909544603868
"T25248C",0.0006218905472636816,1,0.0005428881650380022
"A25259T",0.0006199628022318661,1,0.0005730659025787965
"G25266T",0.0018645121193287756,3,0.0014312977099236641
"G25273T",0.0006191950464396285,1,0.0005243838489774515
"G25290T",0.0006195786864931846,1,0.0003940110323089047
"G25302T",0.001238390092879257,2,0.0009970089730807576
"C25318T",0.0012445550715619166,2,0.0010432968179447052
"A25341G",0.0012406947890818859,2,0.0011500862564692352
"G25352T",0.0012492192379762648,2,0.00033046926635822867
"A25372C",0.0006265664160401002,1,0.0005773672055427252
"C25378T",0.0012515644555694619,2,0.0008499787505312367
"C25380T",0.0012360939431396785,2,0.0010793308148947653
"A25381C",0.0006180469715698393,1,0.0005608524957936063
"C25413T",0.0011621150493898896,2,0.00040192926045016077
"C25416T",0.011614401858304297,20,0.00005014416447285947
"G25429T",0.0005824111822947001,1,0.00036114120621162876
"C25433T",0.0034944670937682005,6,0.0026749888542131075
"G25440T",0.0011648223645894002,2,0.0009086778736937755
"A25450G",0.0005824111822947001,1,0.0005555555555555556
"C25452T",0.0011648223645894002,2,0.0005461496450027307
"G25455T",0.0011648223645894002,2,0.00070298769771529
"G25456T",0.0005824111822947001,1,0.0005047955577990914
"G25459T",0.0023296447291788003,4,0.0016299918500407497
"C25463T",0.0023296447291788003,4,0.001564945226917058
"C25465T",0.0017472335468841002,3,0.0015463917525773195
"T25468C",0.0005824111822947001,1,0.00055005500550055
"C25469T",0.0005827505827505828,1,0.0002608242044861763
"A25470T",0.0005824111822947001,1,0.0005353319057815846
"G25471T",0.0005824111822947001,1,0.00048756704046806434
"C25482T",0.0005820721769499418,1,0.0004962779156327543
"C25487T",0.0005820721769499418,1,0.0004450378282153983
"C25490T",0.0005820721769499418,1,0.0005730659025787965
"A25492G",0.0005820721769499418,1,0.000468384074941452
"G25494A",0.002910360884749709,5,0.00248015873015873
"T25496C",0.005824111822947,10,0.0032541490400260333
"A25505T",0.0011641443538998836,2,0.0011396011396011395
"T25510C",0.0234192037470726,40,0.009849790691947797
"C25511T",0.0011648223645894002,2,0.0006455777921239509
"C25513T",0.0005820721769499418,1,0.00037439161362785476
"C25521A",0.0005827505827505828,1,0.0005583472920156337
"C25521T",0.0017482517482517483,3,0.0005544261689151728
"G25522A",0.0005824111822947001,1,0.0004589261128958238
"A25524T",0.0005824111822947001,1,0.0005714285714285715
"G25527T",0.0005827505827505828,1,0.00046948356807511736
"A25531G",0.0005824111822947001,1,0.00046511627906976747
"C25544A",0.0005824111822947001,1,0.0005750431282346176
"C25546G",0.0005824111822947001,1,0.0005767012687427913
"C25549T",0.0005824111822947001,1,0.0002965599051008304
"G25555T",0.0005824111822947001,1,0.0005238344683080147
"T25556G",0.0029120559114735,5,0.00277623542476402
"T25577C",0.0017472335468841002,3,0.0015831134564643799
"C25578T",0.0005824111822947001,1,0.0003368137420006736
"C25583T",0.0005824111822947001,1,0.00039077764751856197
"C25584T",0.9994175888177053,1716,0.0022444722024210478
"C25585T",0.0005824111822947001,1,0.0004608294930875576
"C25587T",0.009918319719953326,17,0.004715672676837725
"A25590C",0.0017472335468841002,3,0.0016997167138810198
"G25593T",0.0005824111822947001,1,0.00008572653236176597
"G25595T",0.0005844535359438924,1,0.00020721094073767094
"G25599T",0.0005824111822947001,1,0.0004187604690117253
"A25601T",0.0110658124635993,19,0.01076487252124646
"C25603T",0.0017472335468841002,3,0.0008573878250928837
"G25606A",0.0011648223645894002,2,0.0005011275369581559
"C25611T",0.0005820721769499418,1,0.0004347826086956522
"C25613T",0.007566938300349243,13,0.0034201525914233097
"C25614T",0.0011641443538998836,2,0.0004278990158322636
"T25620C",0.014551804423748545,25,0.014188422247446084
"G25621A",0.015133876600698487,26,0.012676743052169674
"T25622C",0.014551804423748545,25,0.013781697905181918
"T25623G",0.013969732246798603,24,0.013753581661891117
"C25624T",0.0005830903790087463,1,0.0001779042874933286
"G25630A",0.0064065230052417,11,0.0061624649859943975
"C25658T",0.0023323615160349854,4,0.0005775339301183945
"T25663C",0.0005820721769499418,1,0.0005313496280552603
"C25665T",0.0005817335660267597,1,0.0003913894324853229
"C25669T",0.0011634671320535194,2,0.0008442380751371887
"C25671T",0.0005817335660267597,1,0.000104942806170637
"C25685T",0.0011580775911986102,2,0.0010723860589812334
"C25688T",0.0005790387955993051,1,0.00033875338753387534
"T25689C",0.015063731170336037,26,0.014161220043572984
"G25691T",0.0005790387955993051,1,0.0005608524957936063
"C25692T",0.0005790387955993051,1,0.0004464285714285714
"C25702T",0.0005793742757821553,1,0.000423728813559322
"C25708T",0.0017371163867979154,3,0.000911854103343465
"C25710T",0.002317497103128621,4,0.001008318628686665
"T25711C",0.0005790387955993051,1,0.00045045045045045046
"T25713C",0.002318840579710145,4,0.0020865936358894104
"G25720T",0.000580046403712297,1,0.0004175365344467641
"C25728T",0.0017401392111368909,3,0.0008012820512820513
"A25744T",0.0005803830528148578,1,0.000564334085778781
"T25754C",0.0005945303210463733,1,0.0005530973451327434
"A25762G",0.0005941770647653001,1,0.0005564830272676684
"G25767T",0.0005952380952380953,1,0.0005370569280343716
"G25776T",0.0006009615384615385,1,0.000550357732526142
"G25784T",0.006016847172081829,10,0.005555555555555556
"C25791T",0.0006016847172081829,1,0.0004361098996947231
"C25797T",0.011432009626955475,19,0.008695652173913044
"C25803T",0.0006006006006006006,1,0.00031635558367605187
"T25807C",0.0006009615384615385,1,0.0005580357142857143
"T25815C",0.0006002400960384153,1,0.0005271481286241434
"T25818C",0.0006009615384615385,1,0.0005518763796909492
"A25823G",0.0006009615384615385,1,0.0005605381165919282
"C25824T",0.0006002400960384153,1,0.00035739814152966406
"T25827-",0.0005998800239952009,1,0.000576036866359447
"T25828-",0.0005998800239952009,1,0.0005694760820045558
"T25829-",0.0005998800239952009,1,0.0005701254275940707
"T25830-",0.0005998800239952009,1,0.0005720823798627002
"C25831-",0.0006006006006006006,1,0.0005720823798627002
"T25832-",0.0006009615384615385,1,0.0005711022272986865
"T25833-",0.0006009615384615385,1,0.000572737686139748
"T25834-",0.0006006006006006006,1,0.0005750431282346176
"G25855T",0.0005998800239952009,1,0.0002477700693756194
"A25859G",0.0005984440454817474,1,0.0005698005698005698
"A25864G",0.0005984440454817474,1,0.0005656108597285068
"C25868T",0.0005984440454817474,1,0.0005757052389176742
"C25886T",0.0005991611743559018,1,0.000510986203372509
"C25889T",0.0005991611743559018,1,0.0003946329913180742
"G25906T",0.0005998800239952009,1,0.0002378686964795433
"T25911C",0.0005998800239952009,1,0.0005617977528089888
"C25916T",0.004199160167966407,7,0.001972942502818489
"C25919T",0.0023995200959808036,4,0.001488095238095238
"C25925T",0.001226993865030675,2,0.0001155268022181146
"A25968G",0.0005988023952095808,1,0.0005524861878453039
"G25972A",0.0005988023952095808,1,0.00048123195380173246
"G25981T",0.0005977286312014345,1,0.0005202913631633715
"T25999C",0.0005995203836930455,1,0.0005458515283842794
"T25999G",0.0005995203836930455,1,0.0005777007510109763
"C26010T",0.0006006006006006006,1,0.0003363605785401951
"C26022G",0.007172743574417215,12,0.006864988558352402
"C26022T",0.001195457262402869,2,0.0007692307692307692
"C26028T",0.0005963029218843172,1,0.000390015600624025
"C26029A",0.007159904534606206,12,0.0033566433566433566
"A26050C",0.0005938242280285036,1,0.0005724098454493417
"C26058T",0.0005934718100890207,1,0.00037397157816005983
"C26060T",0.9982174688057041,1680,0.002225722730590837
"G26062T",0.0005941770647653001,1,0.0005376344086021505
"A26070G",0.0005934718100890207,1,0.0005694760820045558
"T26076C",0.0035608308605341245,6,0.00322061191626409
"C26079T",0.0005931198102016608,1,0.0005411255411255411
"T26084A",0.0005931198102016608,1,0.0005780346820809249
"G26101A",0.0005927682276229994,1,0.000547945205479452
"G26109T",0.0005927682276229994,1,0.00045330915684496827
"C26110T",0.0011855364552459987,2,0.0006837606837606838
"C26111T",0.0017783046828689982,3,0.0004980906524987548
"C26135T",0.0005941770647653001,1,0.0005733944954128441
"G26143T",0.0023767082590612004,4,0.002205071664829107
"G26144T",0.0011883541295306002,2,0.0011448196908986834
"A26148G",0.000594883997620464,1,0.0005452562704471102
"C26151T",0.0005945303210463733,1,0.0002770083102493075
"G26152A",0.0011890606420927466,2,0.0010582010582010583
"G26152T",0.0011890606420927466,2,0.0011135857461024498
"G26155-",0.0005945303210463733,1,0.00036101083032490973
"T26156-",0.0005945303210463733,1,0.000361271676300578
"T26157-",0.0005945303210463733,1,0.000362844702467344
"G26158-",0.0011890606420927466,2,0.0009354536950420954
"T26159-",0.002972651605231867,5,0.0020652622883106154
"T26160-",0.002972651605231867,5,0.002071251035625518
"A26161-",0.002972651605231867,5,0.002010454362685967
"T26171C",0.0005945303210463733,1,0.0005060728744939271
"T26187C",0.0005945303210463733,1,0.0005060728744939271
"C26195T",0.0017835909631391202,3,0.0012067578439259854
"C26198T",0.0005945303210463733,1,0.0003933910306845004
"G26257A",0.0005934718100890207,1,0.000546448087431694
"G26262A",0.0005934718100890207,1,0.0004551661356395084
"C26270T",0.9994065281899109,1684,0.0022247117386571405
"A26271G",0.0005934718100890207,1,0.0005753739930955121
"G26277T",0.0011869436201780415,2,0.0011547344110854503
"T26294C",0.0011876484560570072,2,0.0011507479861910242
"A26295T",0.0011876484560570072,2,0.001081665765278529
"C26305T",0.0005934718100890207,1,0.0004399472063352398
"A26319G",0.0005934718100890207,1,0.0004095004095004095
"C26335T",0.0005934718100890207,1,0.0005555555555555556
"C26340T",0.000594883997620464,1,0.00045578851412944393
"G26416A",0.0005837711617046118,1,0.0005473453749315818
"C26421T",0.0005841121495327102,1,0.0005452562704471102
"G26428T",0.0005841121495327102,1,0.00020202020202020202
"T26436C",0.0005841121495327102,1,0.0005353319057815846
"C26455T",0.0011743981209630064,2,0.0006510416666666666
"T26479C",0.0005871990604815032,1,0.0005733944954128441
"T26515-",0.0005834305717619603,1,0.0005571030640668524
"C26527T",0.0005841121495327102,1,0.0004098360655737705
"G26529C",0.9994152046783625,1709,0.006086941036097804
"A26530G",0.0005837711617046118,1,0.0005285412262156448
"C26533T",0.0011668611435239206,2,0.0010162601626016261
"C26537T",0.0011655011655011655,2,0.0008492569002123143
"T26546C",0.0005827505827505828,1,0.0005324813631522897
"A26555G",0.0005827505827505828,1,0.0005138746145940391
"C26577G",0.9959159859976663,1707,0.0022998138053497955
"C26586T",0.0005830903790087463,1,0.0003904724716907458
"C26601T",0.0023296447291788003,4,0.001999000499750125
"A26610G",0.9875328083989501,1505,0.005883985784603115
"T26621C",0.0052478134110787176,9,0.00510783200908059
"C26625T",0.0034802784222737818,6,0.002288329519450801
"C26645T",0.0011574074074074073,2,0.00041399296211964395
"C26681T",0.9982638888888888,1725,0.006039704492139631
"A26699G",0.0005790387955993051,1,0.000552791597567717
"G26709A",0.9982618771726536,1723,0.0022625474209191747
"G26730T",0.0005790387955993051,1,0.0005405405405405405
"C26735T",0.008134805345729227,14,0.002976190476190476
"A26741C",0.002901915264074289,5,0.0028835063437139563
"C26753T",0.003486345148169669,6,0.0018575851393188853
"C26801T",0.0005810575246949448,1,0.00019241870309794111
"G26803C",0.0005807200929152149,1,0.0005730659025787965
"C26804T",0.0005807200929152149,1,0.0005330490405117271
"C26810T",0.0005807200929152149,1,0.0005387931034482759
"T26819C",0.0005810575246949448,1,0.0004336513443191674
"G26832T",0.0029036004645760743,5,0.0015787811809283233
"C26833T",0.9988385598141696,1720,0.006035807780577332
"G26834T",0.0005807200929152149,1,0.0005197505197505198
"T26843C",0.0011614401858304297,2,0.0011019283746556473
"C26858T",0.9982537834691502,1715,0.0025286183570320656
"C26873T",0.0005824111822947001,1,0.00022055580061755624
"C26882T",0.009900990099009901,17,0.004709141274238227
"C26885T",0.0005824111822947001,1,0.00026595744680851064
"G26886T",0.0017482517482517483,3,0.0017271157167530224
"C26894T",0.0005820721769499418,1,0.00009302325581395348
"C26895T",0.0005817335660267597,1,0.00037593984962406017
"C26907T",0.0011641443538998836,2,0.0005648121999435188
"T26921C",0.0005817335660267597,1,0.000499001996007984
"A26927G",0.0005813953488372093,1,0.00043975373790677223
"C26936T",0.0017441860465116279,3,0.0012185215272136475
"C27002T",0.0011737089201877935,2,0.0006961364427427776
"C27059T",0.0011792452830188679,2,0.000267022696929239
"C27110T",0.0017657445556209534,3,0.0012636899747262005
"C27131T",0.0011792452830188679,2,0.0006474587245063128
"T27138C",0.0005896226415094339,1,0.0005279831045406547
"C27143T",0.02592810842663524,44,0.014152460598263108
"C27145T",0.0005889281507656066,1,0.0005213764337851929
"C27155T",0.00589622641509434,10,0.0053590568060021436
"T27207C",0.0005824111822947001,1,0.0005672149744753262
"T27220-",0.0011594202898550724,2,0.0011154489682097045
"C27247T",0.004055619930475087,7,0.002324809033543673
"T27257A",0.0005790387955993051,1,0.0005254860746190226
"G27258A",0.0005790387955993051,1,0.0005379236148466917
"A27259C",0.9988412514484357,1724,0.002554285985207662
"A27259T",0.0005793742757821553,1,0.0005675368898978433
"T27265-",0.0005787037037037037,1,0.0004916420845624386
"T27266-",0.0005787037037037037,1,0.000474158368895211
"T27267-",0.0005787037037037037,1,0.00047080979284369113
"A27268-",0.0005787037037037037,1,0.00046125461254612545
"A27269-",0.0005787037037037037,1,0.00046382189239332097
"A27270-",0.0005787037037037037,1,0.0004640371229698376
"G27271-",0.0005787037037037037,1,0.0004636068613815484
"T27272-",0.0005790387955993051,1,0.0004640371229698376
"T27273-",0.0005790387955993051,1,0.0004640371229698376
"T27274-",0.0005790387955993051,1,0.000462962962962963
"C27275-",0.0005790387955993051,1,0.000462962962962963
"C27276-",0.0005790387955993051,1,0.00046274872744099955
"A27277-",0.0005790387955993051,1,0.00046253469010175765
"T27278-",0.0005790387955993051,1,0.00046274872744099955
"T27279-",0.0005790387955993051,1,0.000462962962962963
"T27280-",0.0005790387955993051,1,0.00046253469010175765
"G27281-",0.0005790387955993051,1,0.0004640371229698376
"G27281T",0.0005790387955993051,1,0.0004716981132075472
"G27282-",0.0005790387955993051,1,0.00046468401486988845
"A27283-",0.0005790387955993051,1,0.00046468401486988845
"A27284-",0.0005790387955993051,1,0.00046490004649000463
"T27285-",0.0005790387955993051,1,0.00046490004649000463
"C27286-",0.0005790387955993051,1,0.0004636068613815484
"T27287-",0.0005790387955993051,1,0.00046382189239332097
"T27288-",0.0005790387955993051,1,0.0004666355576294914
"G27289-",0.0005793742757821553,1,0.00046125461254612545
"G27289T",0.0005793742757821553,1,0.0005767012687427913
"A27290-",0.0005793742757821553,1,0.00046125461254612545
"T27291-",0.0005793742757821553,1,0.0004716981132075472
"C27294T",0.000580046403712297,1,0.0002958579881656805
"T27296C",0.0017381228273464658,3,0.0015353121801432957
"T27305C",0.000580046403712297,1,0.0005605381165919282
"C27335T",0.0011607661056297156,2,0.001088139281828074
"A27354C",0.0005865102639296188,1,0.0005717552887364208
"G27358T",0.0011723329425556857,2,0.0010940919037199124
"C27371T",0.0005868544600938967,1,0.00045998160073597056
"G27382C",0.9988228369629194,1697,0.0025475087106183224
"A27383T",0.9982321744254566,1694,0.0025613615435907747
"T27384C",0.9970536240424278,1692,0.002547452321840188
"A27403G",0.0005878894767783657,1,0.0005446623093681918
"C27406T",0.0005878894767783657,1,0.0004892367906066536
"C27434T",0.003527336860670194,6,0.0019588638589618022
"G27441A",0.0005878894767783657,1,0.000555247084952804
"G27459A",0.005878894767783657,10,0.005305039787798408
"G27467A",0.000588235294117647,1,0.0005473453749315818
"C27476T",0.00648202710665881,11,0.0011107745127739068
"C27481T",0.0005878894767783657,1,0.0005630630630630631
"C27494T",0.0005875440658049354,1,0.0003756574004507889
"T27499A",0.0005875440658049354,1,0.0005753739930955121
"C27500A",0.0005871990604815032,1,0.0005724098454493417
"T27502G",0.0005871990604815032,1,0.0005694760820045558
"C27503A",0.0005871990604815032,1,0.0005271481286241434
"C27513T",0.0005875440658049354,1,0.0000809257910496075
"T27546C",0.001177856301531213,2,0.001006036217303823
"C27549T",0.0005899705014749262,1,0.0003247807729782397
"C27557T",0.0005889281507656066,1,0.0004965243296921549
"T27560A",0.0005844535359438924,1,0.0005711022272986865
"C27577T",0.0005834305717619603,1,0.00041425020712510354
"A27579-",0.0011668611435239206,2,0.00044943820224719103
"T27580-",0.0011668611435239206,2,0.00043677658877484165
"T27581-",0.0011668611435239206,2,0.00044414834554741284
"G27589T",0.0005868544600938967,1,0.0005515719801434088
"C27600T",0.0005885815185403178,1,0.0002188183807439825
"G27601A",0.0017657445556209534,3,0.001669449081803005
"C27610T",0.0005878894767783657,1,0.00043554006968641115
"C27619T",0.0011757789535567313,2,0.0010515247108307045
"A27620T",0.0005878894767783657,1,0.0005701254275940707
"T27627G",0.0005871990604815032,1,0.0005737234652897303
"C27630A",0.0017626321974148062,3,0.0014170996693434106
"C27630T",0.0011750881316098707,2,0.0005574136008918618
"G27637A",0.0005871990604815032,1,0.0005574136008918618
"T27645C",0.0023501762632197414,4,0.0021691973969631237
"C27654T",0.0099882491186839,17,0.006756756756756757
"A27655G",0.0005885815185403178,1,0.0005534034311012728
"G27666A",0.000588235294117647,1,0.0005691519635742744
"A27674T",0.000588235294117647,1,0.0005636978579481398
"C27679T",0.0017657445556209534,3,0.0012062726176115801
"C27684T",0.0011771630370806356,2,0.0007399186089530152
"C27689T",0.000588235294117647,1,0.00037425149700598805
"T27694-",0.0005885815185403178,1,0.00037821482602118004
"T27695-",0.0005885815185403178,1,0.0003901677721420211
"T27696-",0.000588235294117647,1,0.0004014452027298274
"C27697-",0.000588235294117647,1,0.0003913894324853229
"T27698-",0.000588235294117647,1,0.0003990422984836393
"T27699-",0.000588235294117647,1,0.0004035512510088781
"A27700-",0.000588235294117647,1,0.0003875968992248062
"T27701-",0.0005885815185403178,1,0.00039984006397441024
"T27702-",0.0005885815185403178,1,0.00041050903119868636
"G27703-",0.0005885815185403178,1,0.00045641259698767686
"T27704-",0.0005885815185403178,1,0.0004677268475210477
"T27705-",0.0005885815185403178,1,0.00046860356138706655
"G27706-",0.0005885815185403178,1,0.0004904364884747426
"C27707-",0.0005889281507656066,1,0.0004916420845624386
"G27708-",0.0005889281507656066,1,0.0004923682914820286
"G27709-",0.0005889281507656066,1,0.0004938271604938272
"G27709A",0.0005889281507656066,1,0.0005376344086021505
"C27710-",0.0005885815185403178,1,0.0004967709885742673
"A27711-",0.0005889281507656066,1,0.0004967709885742673
"A27712-",0.0005889281507656066,1,0.0004930966469428008
"T27713-",0.0005889281507656066,1,0.0004930966469428008
"A27714-",0.0005889281507656066,1,0.0004923682914820286
"G27715-",0.0005889281507656066,1,0.00048262548262548264
"T27716-",0.0005889281507656066,1,0.0004828585224529213
"G27717-",0.0005885815185403178,1,0.0004833252779120348
"T27718-",0.0005892751915144372,1,0.00048146364949446316
"T27719-",0.000588235294117647,1,0.00048146364949446316
"T27720-",0.0005885815185403178,1,0.0004798464491362764
"A27721-",0.000588235294117647,1,0.00043233895373973193
"T27722-",0.000588235294117647,1,0.0004336513443191674
"A27723-",0.000588235294117647,1,0.0004621072088724584
"A27724-",0.000588235294117647,1,0.00048123195380173246
"C27725-",0.0005878894767783657,1,0.0004816955684007707
"A27726-",0.0005878894767783657,1,0.0004828585224529213
"C27727-",0.0005875440658049354,1,0.0004938271604938272
"T27728-",0.0005878894767783657,1,0.0004950495049504951
"T27729-",0.0005875440658049354,1,0.0004957858205255329
"T27730-",0.0005875440658049354,1,0.0004967709885742673
"G27731-",0.0005875440658049354,1,0.0004967709885742673
"C27732-",0.0005875440658049354,1,0.0004970178926441351
"T27733-",0.0005875440658049354,1,0.0004975124378109452
"T27734-",0.0005871990604815032,1,0.0004987531172069825
"C27735-",0.0005871990604815032,1,0.0005002501250625312
"A27736-",0.0005871990604815032,1,0.0005005005005005005
"A27736G",0.005284791544333529,9,0.005013927576601671
"C27737-",0.0005885815185403178,1,0.0005012531328320802
"A27738-",0.0005871990604815032,1,0.0005022601707684581
"C27739-",0.0005875440658049354,1,0.0005015045135406219
"T27740-",0.0005875440658049354,1,0.0005035246727089627
"C27741-",0.0005878894767783657,1,0.0005040322580645161
"A27742-",0.0005871990604815032,1,0.0005053057099545225
"A27743-",0.0005871990604815032,1,0.0005068423720223011
"A27744-",0.0005875440658049354,1,0.0005068423720223011
"A27745-",0.0005871990604815032,1,0.0005065856129685917
"G27746-",0.0005875440658049354,1,0.0005083884087442806
"A27747-",0.0005875440658049354,1,0.0005104645227156713
"A27748-",0.0005871990604815032,1,0.0005053057099545225
"A27749-",0.0005868544600938967,1,0.0005053057099545225
"A27749G",0.0005868544600938967,1,0.0005285412262156448
"G27750-",0.0005868544600938967,1,0.0005068423720223011
"A27751-",0.0005875440658049354,1,0.0005025125628140704
"C27752-",0.0005875440658049354,1,0.0005032712632108706
"A27753-",0.0005871990604815032,1,0.0005073566717402334
"G27754-",0.0005875440658049354,1,0.0005063291139240507
"A27755-",0.0005871990604815032,1,0.0005081300813008131
"A27756-",0.0005871990604815032,1,0.0005091649694501018
"T27757-",0.0005875440658049354,1,0.000514668039114771
"G27758-",0.0005871990604815032,1,0.0005165289256198347
"A27759-",0.0005871990604815032,1,0.000474158368895211
"T27760-",0.0005871990604815032,1,0.00047505938242280285
"G27762T",0.0005871990604815032,1,0.0004219409282700422
"C27791A",0.0005875440658049354,1,0.0005753739930955121
"T27792-",0.000588235294117647,1,0.00017953321364452425
"T27793-",0.0005878894767783657,1,0.00020911752404851526
"T27794-",0.0005868544600938967,1,0.0004452359750667854
"T27794C",0.0005868544600938967,1,0.0005
"T27795G",0.0005868544600938967,1,0.0005763688760806917
"C27804T",0.005878894767783657,10,0.0025451768897938407
"C27807T",1,1700,0.0022500612149006995
"T27810C",1,1700,0.006212292299315552
"C27813T",0.0005871990604815032,1,0.0005428881650380022
"T27819-",0.0005865102639296188,1,0.0005491488193300384
"T27820-",0.0005861664712778429,1,0.0005649717514124294
"G27842T",0.0005858230814294083,1,0.0005672149744753262
"C27847T",0.004100761570005858,7,0.0026070763500931097
"C27849T",0.000585480093676815,1,0.0003862495171881035
"T27863G",0.000580046403712297,1,0.0005750431282346176
"C27864A",0.0005797101449275362,1,0.0005543237250554324
"C27864T",0.0011594202898550724,2,0.0010893246187363835
"C27879-",0.002320185614849188,4,0.001444043321299639
"C27879T",0.000580046403712297,1,0.00038446751249519417
"A27880-",0.002320185614849188,4,0.001443522194153735
"C27881A",0.000580046403712297,1,0.0005141388174807198
"C27881T",0.002900232018561485,5,0.001585791309863622
"G27882C",0.0023215322112594312,4,0.001941747572815534
"C27883T",0.003482298316889147,6,0.00196078431372549
"C27893T",0.0011607661056297156,2,0.000887705281846427
"C27923T",0.0005803830528148578,1,0.00041254125412541255
"G27933-",0.0005889281507656066,1,0.0005605381165919282
"C27934-",0.0005889281507656066,1,0.0005602240896358543
"T27935-",0.0005889281507656066,1,0.0005605381165919282
"T27935C",0.0005889281507656066,1,0.0005675368898978433
"G27936-",0.0005889281507656066,1,0.0005605381165919282
"C27937-",0.0005889281507656066,1,0.0005608524957936063
"A27938-",0.0005889281507656066,1,0.0005608524957936063
"T27939-",0.0005899705014749262,1,0.0005595970900951316
"T27940-",0.0005892751915144372,1,0.0005605381165919282
"T27941-",0.0005896226415094339,1,0.0005602240896358543
"C27942-",0.0005896226415094339,1,0.00055005500550055
"C27942T",0.0005896226415094339,1,0.0003650967506389193
"A27943-",0.0005896226415094339,1,0.0005530973451327434
"C27944-",0.0005896226415094339,1,0.0005530973451327434
"C27945-",0.0005913660555884093,1,0.0005537098560354374
"C27945T",0.0005913660555884093,1,0.000243842965130456
"A27946-",0.0005931198102016608,1,0.0005605381165919282
"A27946G",0.0005931198102016608,1,0.0005649717514124294
"T27956C",0.0005924170616113745,1,0.0005681818181818182
"C27960T",0.0017761989342806395,3,0.0016348773841961854
"C27970T",0.000591715976331361,1,0.0004269854824935952
"C27972T",0.000591715976331361,1,0.00042625745950554135
"C27981T",0.0011827321111768185,2,0.001076426264800861
"T27984C",0.0005913660555884093,1,0.0005107252298263534
"G27987C",0.000591016548463357,1,0.0005636978579481398
"A27994G",0.0005927682276229994,1,0.0005428881650380022
"G28001T",0.0017772511848341231,3,0.0012024048096192384
"C28005T",0.0005931198102016608,1,0.0001509433962264151
"T28009C",0.0035545023696682463,6,0.0023510971786833857
"T28022C",0.002967359050445104,5,0.00282326369282891
"G28041T",0.0011904761904761906,2,0.0009891196834817012
"C28045T",0.001786777843954735,3,0.0009071666162685213
"G28048T",0.0005952380952380953,1,0.0004257130693912303
"A28049G",0.0005959475566150178,1,0.000547645125958379
"A28050T",0.0005955926146515784,1,0.0005770340450086555
"C28054T",0.003575685339690107,6,0.0021208907741251328
"T28067A",0.0005963029218843172,1,0.0005630630630630631
"G28073T",0.0005963029218843172,1,0.0005611672278338945
"G28077T",0.0017899761336515514,3,0.000716674629718108
"G28079T",0.002386634844868735,4,0.00043285358727410453
"C28087T",0.0005984440454817474,1,0.00009961151509114453
"G28090-",0.0005998800239952009,1,0.000273000273000273
"T28091-",0.0006002400960384153,1,0.0002727024815925825
"T28092-",0.0005998800239952009,1,0.00027041644131963225
"C28093-",0.0006016847172081829,1,0.0002681684097613301
"C28093T",0.0006016847172081829,1,0.00015082956259426848
"T28094-",0.0006013229104028864,1,0.00027122321670735016
"A28095-",0.0006013229104028864,1,0.0002718868950516585
"A28097G",0.0006013229104028864,1,0.0005602240896358543
"C28099T",0.0006020469596628537,1,0.0005053057099545225
"T28124C",0.0005995203836930455,1,0.0005750431282346176
"C28153T",0.002379535990481856,4,0.0012841091492776886
"C28185T",0.0005878894767783657,1,0.0005656108597285068
"T28208C",0.0005847953216374269,1,0.0005558643690939411
"T28235C",0.0017699115044247787,3,0.0017113519680547634
"T28246G",0.0005899705014749262,1,0.0005767012687427913
"C28253T",0.002359882005899705,4,0.0006423638991488678
"A28254-",0.07733491969066032,130,0.00890106128038343
"A28254T",0.000594883997620464,1,0.0005714285714285715
"C28256T",0.002355712603062426,4,0.0017406440382941688
"A28271T",0.9988221436984688,1696,0.0022356501840193194
"T28282A",0.0005885815185403178,1,0.0005691519635742744
"C28289T",0.0011799410029498525,2,0.0009955201592832255
"C28291A",0.0012330456226880395,2,0.00007126567844925884
"T28297C",0.0005903187721369539,1,0.000004850530890605977
"G28300A",0.0005896226415094339,1,0.0005076142131979696
"G28300T",0.0005896226415094339,1,0.0005122950819672131
"T28306C",0.001177856301531213,2,0.0011318619128466328
"C28310T",0.0005889281507656066,1,0.00034129692832764505
"C28311T",0.9994110718492344,1697,0.002234756053397106
"C28312G",0.0005885815185403178,1,0.0005665722379603399
"C28312T",0.0005885815185403178,1,0.000014488134218075396
"G28326T",0.0005889281507656066,1,0.0005319148936170213
"G28328C",0.0005892751915144372,1,0.000578368999421631
"C28333T",0.0005892751915144372,1,0.00048520135856380397
"T28334A",0.0005896226415094339,1,0.0005720823798627002
"T28340C",0.020624631703005304,35,0.014912654452492544
"A28352T",0.0005885815185403178,1,0.0005688282138794084
"G28361-",0.0011785503830288745,2,0.000735023888276369
"G28362-",0.9911336288790373,1565,0.00214248262398677
"A28363-",0.9949141767323586,1565,0.0021429256069340416
"A28363T",0.0019071837253655435,3,0.0013227513227513227
"G28364-",0.9949141767323586,1565,0.00214300190063044
"A28365-",0.9968152866242038,1565,0.0021431574392212875
"A28366-",0.9968152866242038,1565,0.0021431603741286992
"C28367-",0.9968152866242038,1565,0.002143169178899164
"G28368-",0.9968152866242038,1565,0.002143233749426531
"C28369-",0.9968152866242038,1565,0.0021446494080630597
"A28370-",0.9936020473448497,1553,0.0021647767269077703
"G28378T",0.0005896226415094339,1,0.0003123048094940662
"T28382G",0.000588235294117647,1,0.0005688282138794084
"G28392A",0.0005889281507656066,1,0.00048567265662943174
"C28419G",0.0011757789535567313,2,0.001152073732718894
"C28422T",0.000588235294117647,1,0.00041736227045075126
"G28423A",0.0017720023626698169,3,0.0007004436142890498
"C28453T",0.000588235294117647,1,0.00039077764751856197
"C28462T",0.0005889281507656066,1,0.00043878894251864854
"T28465C",0.0005889281507656066,1,0.0005393743257820927
"A28468G",0.0005885815185403178,1,0.0004764173415912339
"C28473T",0.0011792452830188679,2,0.0009004952723998199
"A28483G",0.019388954171562868,33,0.018333333333333333
"G28487A",0.0005837711617046118,1,0.00047664442326024784
"T28516C",0.0011655011655011655,2,0.0009573958831977022
"C28531T",0.0011655011655011655,2,0.0006485084306095979
"T28600C",0.007001166861143524,12,0.006279434850863423
"C28603T",0.0011675423234092236,2,0.000315059861373661
"T28618C",0.0005834305717619603,1,0.00046189376443418013
"C28638T",0.0005834305717619603,1,0.0005414185165132648
"C28639T",0.0005834305717619603,1,0.0005543237250554324
"C28651T",0.004084014002333722,7,0.0018243419338024498
"C28657T",0.001750291715285881,3,0.000359496704613541
"G28658A",0.0011668611435239206,2,0.0011185682326621924
"A28675G",0.0005834305717619603,1,0.000546448087431694
"A28676G",0.0011668611435239206,2,0.000998502246630055
"C28677T",0.0011668611435239206,2,0.0005157297576070139
"G28681A",0.0005834305717619603,1,0.00038446751249519417
"C28687T",0.0005834305717619603,1,0.0005186721991701245
"G28690C",0.002333722287047841,4,0.002258610954263128
"T28693C",0.0011668611435239206,2,0.0005963029218843172
"C28695T",0.001750291715285881,3,0.0012695725772323319
"C28697T",0.0005834305717619603,1,0.0003969829297340214
"G28703A",0.0005837711617046118,1,0.0005128205128205128
"T28705C",0.18038528896672504,309,0.1330749354005168
"C28714T",0.0011689070718877848,2,0.00022182786157941438
"C28720T",0.0005834305717619603,1,0.0003307972213033411
"C28725T",0.001750291715285881,3,0.0013736263736263737
"G28727T",0.0017533606078316774,3,0.0012200081333875558
"C28737T",0.0005834305717619603,1,0.0004106776180698152
"A28741T",0.0005834305717619603,1,0.0005238344683080147
"A28742C",0.0005834305717619603,1,0.0005763688760806917
"C28744T",0.11878291398478642,203,0.05615491009681881
"G28747A",0.0029171528588098016,5,0.0027233115468409588
"G28747T",0.0005834305717619603,1,0.0005422993492407809
"C28748T",0.005837711617046118,10,0.004205214465937763
"C28754T",0.0005834305717619603,1,0.0003167564143173899
"C28775T",0.0011675423234092236,2,0.0009523809523809524
"C28789T",0.0005841121495327102,1,0.0004677268475210477
"G28790A",0.0005837711617046118,1,0.0005733944954128441
"A28792T",0.0005841121495327102,1,0.0003803727653100038
"C28810T",0.0005841121495327102,1,0.0005263157894736842
"G28817T",0.0005837711617046118,1,0.0005271481286241434
"C28831T",0.0005793742757821553,1,0.0005580357142857143
"C28846T",0.0005793742757821553,1,0.0002577319587628866
"G28851A",0.0005810575246949448,1,0.0005060728744939271
"C28854T",0.0005810575246949448,1,0.000517063081695967
"G28857C",0.0005810575246949448,1,0.000531632110579479
"C28863T",0.0005803830528148578,1,0.0005382131324004305
"G28872A",0.0005817335660267597,1,0.00042426813746287653
"A28877T",0.02097902097902098,36,0.003575330221471844
"G28878C",0.020954598370197905,36,0.0036159100040176776
"A28880G",0.0005817335660267597,1,0.0005599104143337066
"G28881A",0.99533527696793,1707,0.002242402825926748
"G28882A",0.9953325554259043,1706,0.0022634700348940573
"G28883C",0.99533527696793,1707,0.0022619188014878044
"G28884C",0.015789473684210527,27,0.0009339005914703746
"T28888C",0.002325581395348837,4,0.002097535395909806
"G28895T",0.0005820721769499418,1,0.0004892367906066536
"C28896T",0.002328288707799767,4,0.0016326530612244899
"G28904A",0.0005830903790087463,1,0.00046598322460391424
"G28904T",0.0005830903790087463,1,0.00043252595155709344
"C28905T",0.0005827505827505828,1,0.00042301184433164127
"G28916A",0.0005824111822947001,1,0.00049800796812749
"T28924C",0.0005844535359438924,1,0.000513083632632119
"G28950A",0.0005830903790087463,1,0.0005668934240362812
"A28956G",0.00816326530612245,14,0.007927519818799546
"C28957T",0.0005830903790087463,1,0.00037965072133637056
"C28958A",0.9988338192419826,1713,0.006268456817907367
"T28978A",0.0034944670937682005,6,0.0033802816901408453
"A28992T",0.0005820721769499418,1,0.0005367686527106817
"A28993C",0.0011648223645894002,2,0.0011154489682097045
"C29002T",0.0011634671320535194,2,0.0009685230024213075
"A29004G",0.0017441860465116279,3,0.0016731734523145567
"C29007T",0.0005817335660267597,1,0.0005370569280343716
"T29014C",0.0005817335660267597,1,0.0005595970900951316
"C29095T",0.0017452006980802793,3,0.0004950495049504951
"G29100A",0.0005817335660267597,1,0.0005624296962879641
"C29109T",0.0005813953488372093,1,0.0005356186395286556
"T29128C",0.0011634671320535194,2,0.0010905125408942203
"G29134T",0.0005820721769499418,1,0.00044033465433729633
"C29137T",0.0005820721769499418,1,0.0004219409282700422
"C29144T",0.0017441860465116279,3,0.000980392156862745
"C29149T",0.002328288707799767,4,0.0014503263234227702
"C29167T",0.005226480836236934,9,0.0031746031746031746
"C29171T",0.0005813953488372093,1,0.0002570694087403599
"T29173G",0.0005810575246949448,1,0.0005488474204171241
"C29200G",0.0005797101449275362,1,0.0005678591709256105
"C29200T",0.002318840579710145,4,0.0012791813239526704
"G29202A",0.0005797101449275362,1,0.0005614823133071309
"G29204A",0.0005830903790087463,1,0.0005356186395286556
"G29212T",0.001749271137026239,3,0.001610305958132045
"C29218T",0.0005827505827505828,1,0.0002933411557641537
"A29237T",0.0005824111822947001,1,0.0005580357142857143
"T29238C",0.0005824111822947001,1,0.0005707762557077625
"C29245T",0.0005820721769499418,1,0.000531632110579479
"C29253T",0.034924330616996506,60,0.018650917003419334
"G29254A",0.0005824111822947001,1,0.0003935458480913026
"G29260C",0.005820721769499418,10,0.005605381165919282
"G29260T",0.0005820721769499418,1,0.0004897159647404506
"C29268T",0.0005817335660267597,1,0.0005288207297726071
"C29269T",0.0005817335660267597,1,0.0005141388174807198
"C29272T",0.0011641443538998836,2,0.0004988775255674732
"A29275T",0.0005817335660267597,1,0.000572737686139748
"C29284T",0.0017482517482517483,3,0.0009096422073984233
"C29296T",0.0011641443538998836,2,0.000429000429000429
"A29298G",0.008144269924374637,14,0.007799442896935933
"G29300T",0.0005820721769499418,1,0.0005675368898978433
"C29311T",0.0011627906976744186,2,0.00039549139806209217
"A29350T",0.0005817335660267597,1,0.0005393743257820927
"A29354G",0.0005817335660267597,1,0.0005773672055427252
"C29367T",0.0005813953488372093,1,0.0003443526170798898
"C29370T",0.004072134962187318,7,0.0019875070982396364
"C29375-",0.0017441860465116279,3,0.0017331022530329288
"C29376-",0.0017452006980802793,3,0.0017321016166281756
"T29377-",0.0017441860465116279,3,0.0017311021350259665
"T29377C",0.0011627906976744186,2,0.0010887316276537834
"A29378-",0.0017441860465116279,3,0.0017301038062283738
"A29379-",0.0017441860465116279,3,0.0017311021350259665
"A29380-",0.0017441860465116279,3,0.0017311021350259665
"A29380T",0.0005813953488372093,1,0.0005763688760806917
"A29381-",0.0017441860465116279,3,0.0017311021350259665
"A29382-",0.0017441860465116279,3,0.0017311021350259665
"G29383-",0.0017441860465116279,3,0.0017311021350259665
"G29384-",0.0017441860465116279,3,0.0017271157167530224
"A29385-",0.0017441860465116279,3,0.0017281105990783411
"C29386-",0.0017441860465116279,3,0.0017281105990783411
"C29409T",0.0017452006980802793,3,0.00008202323991797676
"C29420T",0.002325581395348837,4,0.0014049877063575693
"G29425T",0.0005813953488372093,1,0.0005497526113249038
"G29427T",0.0005813953488372093,1,0.0005518763796909492
"A29433G",0.0005813953488372093,1,0.0004830917874396135
"G29434A",0.0011627906976744186,2,0.0010626992561105207
"G29440T",0.0017462165308498253,3,0.001403180542563143
"G29449T",0.0011634671320535194,2,0.0006476683937823834
"G29465T",0.0005813953488372093,1,0.0005564830272676684
"G29477T",0.0005813953488372093,1,0.0005636978579481398
"A29499G",0.0005803830528148578,1,0.0004987531172069825
"C29503T",0.0005793742757821553,1,0.0004492362982929021
"A29510C",0.9982618771726536,1723,0.0022664342793251996
"A29510T",0.0005793742757821553,1,0.0005688282138794084
"T29515C",0.0005810575246949448,1,0.0005344735435595938
"C29530A",0.0005820721769499418,1,0.0005417118093174431
"C29530T",0.0011641443538998836,2,0.0007451564828614009
"C29535T",0.0011627906976744186,2,0.0009095043201455207
"T29536A",0.0011621150493898896,2,0.0011554015020219526
"C29541T",0.0017482517482517483,3,0.000723589001447178
"G29543A",0.0005824111822947001,1,0.0005425935973955507
"G29543T",0.0005824111822947001,1,0.000357653791130186
"C29545T",0.0005830903790087463,1,0.0004253509145044662
"G29554A",0.0011730205278592375,2,0.0010438413361169101
"G29554T",0.01466275659824047,25,0.012013455069678039
"C29555T",0.0005868544600938967,1,0.00024832381425378696
"A29567G",0.0005885815185403178,1,0.00045662100456621003
"A29569-",0.0005885815185403178,1,0.0005717552887364208
"T29581-",0.0017678255745433118,3,0.0013083296990841692
"T29582-",0.0005892751915144372,1,0.0005307855626326964
"G29587T",0.0005892751915144372,1,0.0005608524957936063
"C29632T",0.002944640753828033,5,0.0016874789065136687
"C29635T",0.0005889281507656066,1,0.00043497172683775554
"C29640T",0.001177856301531213,2,0.0006784260515603799
"C29642A",0.0005889281507656066,1,0.000578368999421631
"C29642T",0.0017667844522968198,3,0.0009823182711198428
"C29659T",0.0005892751915144372,1,0.0004764173415912339
"C29675T",0.002955082742316785,5,0.0019755037534571317
"T29682-",0.0006042296072507553,1,0.0005162622612287042
"A29683-",0.0006045949214026602,1,0.0004861448711716091
"A29683G",0.08101571946795647,134,0.0768348623853211
"A29683T",0.003022974607013301,5,0.0026014568158168575
"A29684-",0.0006042296072507553,1,0.0005577244841048522
"T29685-",0.0006042296072507553,1,0.0005621135469364812
"C29686-",0.0006042296072507553,1,0.0005621135469364812
"C29686T",0.0006042296072507553,1,0.00039077764751856197
"A29687-",0.0006042296072507553,1,0.000564652738565782
"G29688-",0.0006042296072507553,1,0.0005621135469364812
"T29689-",0.0006042296072507553,1,0.0005624296962879641
"G29690-",0.0006042296072507553,1,0.0005662514156285391
"G29692T",0.004833836858006042,8,0.0038186157517899762
"A29700G",0.0036407766990291263,6,0.000831831415499792
"G29702T",0.0006176652254478073,1,0.0005549389567147614
"G29703T",0.0012360939431396785,2,0.0011013215859030838
"G29706C",0.001238390092879257,2,0.0010309278350515464
"G29711A",0.0006188118811881188,1,0.0005396654074473826
"A29716T",0.0006195786864931846,1,0.00034578146611341634
"C29722T",0.001260239445494644,2,0.0010520778537611783
"A29725-",0.02147820593809223,34,0.017745302713987474
"T29726-",0.021505376344086023,34,0.015518028297581013
"T29726C",0.001265022137887413,2,0.0011117287381878821
"T29727-",0.022137887413029727,35,0.017508754377188594
"T29728-",0.022799240025332488,36,0.01072066706372841
"T29729-",0.022813688212927757,36,0.010126582278481013
"C29730-",0.022813688212927757,36,0.010050251256281407
"A29731-",0.022813688212927757,36,0.009988901220865706
"C29732-",0.022813688212927757,36,0.009753454348415064
"C29732G",0.0006337135614702154,1,0.0005753739930955121
"C29733-",0.03135423615743829,47,0.008747440908244928
"G29734-",0.9657643312101911,1213,0.002147533611645191
"A29735-",0.9657643312101911,1213,0.0021480470126563
"G29736-",0.9657643312101911,1213,0.0021479671341549794
"G29737-",0.9657643312101911,1213,0.0021479975633597304
"C29738-",0.9657643312101911,1213,0.002148031797245632
"C29739-",0.9665338645418327,1213,0.002148031797245632
"A29740-",0.9665338645418327,1213,0.0021480241896211297
"C29741-",0.9665338645418327,1213,0.0021480241896211297
"G29742-",0.9665338645418327,1213,0.0021479747413753413
"C29743-",0.9665338645418327,1213,0.0021480051707956295
"G29744-",0.9665338645418327,1213,0.0021480089745337864
"G29745-",0.9665338645418327,1213,0.0021480127782854148
"A29746-",0.9665338645418327,1213,0.0021480165820505145
"G29747-",0.9665338645418327,1213,0.0021480279934266446
"T29748-",0.9665338645418327,1213,0.0021482486371992363
"A29749-",0.9665338645418327,1213,0.0021482676603363907
"C29750-",0.9665338645418327,1213,0.0021482790743803993
"G29751-",0.9665338645418327,1213,0.002148138309647142
"A29752-",0.9665338645418327,1213,0.0021481573308303964
"T29753-",0.9657370517928286,1212,0.002146466211752788
"C29754-",0.9665071770334929,1212,0.002146470013176351
"G29755-",0.9665071770334929,1212,0.0021464472048369444
"A29756-",0.9665071770334929,1212,0.0021466372891442496
"G29757-",0.9665071770334929,1212,0.002146686716578904
"T29758-",0.9665071770334929,1212,0.0021472762190930415
"G29759-",0.9584664536741214,1200,0.0021329238119614366
"G29759A",0.005591054313099041,7,0.0034398034398034397
"G29759T",0.0023961661341853034,3,0.001013856032443393
"T29760-",0.025089605734767026,35,0.008969759097898513
"A29761-",0.025089605734767026,35,0.009164702801780571
"C29762-",0.025107604017216643,35,0.009738452977184196
"C29762T",0.00430416068866571,6,0.0007354743809757293
"A29763-",0.025071633237822348,35,0.009762900976290097
"A29763G",0.002148997134670487,3,0.0016216216216216215
"G29764-",0.025071633237822348,35,0.009787472035794184
"T29765-",0.013034033309196235,18,0.005046257359125316
"T29765C",0.000724112961622013,1,0.000543773790103317
"G29766-",0.0007137758743754461,1,0.00028653295128939826
"G29766A",0.0007137758743754461,1,0.0005659309564233164
"A29767-",0.0007137758743754461,1,0.00030003000300030005
"A29768-",0.0007137758743754461,1,0.00030111412225233364
"C29769-",0.0007267441860465116,1,0.0003009328919650918
"C29769G",0.0007267441860465116,1,0.0005675368898978433
"C29769T",0.002180232558139535,3,0.0006074104069649726
"A29770-",0.0007267441860465116,1,0.0002315886984715146
"A29771-",0.0007267441860465116,1,0.00023540489642184556
"T29772-",0.0007267441860465116,1,0.00024467824810374357
"G29773-",0.0007267441860465116,1,0.00024515812699190976
"C29774-",0.000727802037845706,1,0.00024648755237860487
"C29774T",0.028384279475982533,39,0.008922443376801648
"T29775-",0.0007267441860465116,1,0.0002473410833539451
"A29776-",0.000725689404934688,1,0.00034223134839151266
"A29776T",0.000725689404934688,1,0.0005321979776476849
"G29779T",0.002180232558139535,3,0.0006459948320413437
"G29781T",0.0014534883720930232,2,0.00041025641025641023
"C29803T",0.0015278838808250573,2,0.0010741138560687433
"G29810T",0.0007645259938837921,1,0.0003059975520195838
"C29835T",0.0009191176470588235,1,0.00047505938242280285
"C29837T",0.000931098696461825,1,0.0004805382027871216
"C29870A",0.04032258064516129,5,0.0012742099898063201
"A29884C",0.006369426751592357,1,0.0005777007510109763