mutation,proportion,count,jaccard
"G7A",0.002702702702702703,1,0.0004714757190004715
"G8A",0.0025,1,0.0004675081813931744
"T10A",0.004545454545454545,2,0.0008771929824561404
"T13A",0.0016750418760469012,1,0.00046253469010175765
"T13C",0.0016750418760469012,1,0.0004415011037527594
"C19T",0.001594896331738437,1,0.0004666355576294914
"C21T",0.00949367088607595,6,0.00012741829301960117
"G23-",0.001567398119122257,1,0.0004692632566870014
"G24-",0.0015527950310559005,1,0.00046948356807511736
"T25-",0.0015408320493066256,1,0.00046948356807511736
"A26-",0.0015384615384615385,1,0.00046992481203007516
"A27-",0.0015337423312883436,1,0.00047036688617121356
"C28-",0.0015313935681470138,1,0.00047058823529411766
"A29-",0.0015220700152207,1,0.00047058823529411766
"A30-",0.0015151515151515152,1,0.0004701457451810061
"A31-",0.0015151515151515152,1,0.00046992481203007516
"C32-",0.0014992503748125937,1,0.00046992481203007516
"C33-",0.0014970059880239522,1,0.00046992481203007516
"A34-",0.0014903129657228018,1,0.00046992481203007516
"A35-",0.001488095238095238,1,0.0004701457451810061
"C36-",0.0014858841010401188,1,0.00046992481203007516
"C36T",0.004457652303120356,3,0.0012432656444260257
"C37-",0.0029717682020802376,2,0.0009402914903620122
"C37T",0.0475482912332838,32,0.012578616352201259
"A38-",0.002962962962962963,2,0.0009398496240601503
"A39-",0.002898550724637681,2,0.0009394081728511038
"C40-",0.0014104372355430183,1,0.0004679457182966776
"C40T",0.0028208744710860366,2,0.0009195402298850574
"T41-",0.0014104372355430183,1,0.0004701457451810061
"T42-",0.0014084507042253522,1,0.0004697040864255519
"T43-",0.0013698630136986301,1,0.0004679457182966776
"C44-",0.00410958904109589,3,0.0013876040703052729
"C44T",0.9232876712328767,674,0.005083492978142488
"G45-",0.01540436456996149,12,0.005597014925373134
"A46-",0.012690355329949238,10,0.004686035613870665
"A46G",0.0012690355329949238,1,0.00047058823529411766
"T47-",0.0012547051442910915,1,0.0004697040864255519
"C48-",0.0012547051442910915,1,0.00046948356807511736
"T49-",0.0012285012285012285,1,0.0004697040864255519
"C50-",0.0012239902080783353,1,0.00046992481203007516
"T51-",0.0012195121951219512,1,0.0004701457451810061
"T52-",0.001218026796589525,1,0.0004701457451810061
"G53-",0.001215066828675577,1,0.00046992481203007516
"T54-",0.0012135922330097086,1,0.0004701457451810061
"G61A",0.001001001001001001,1,0.0004677268475210477
"C66T",0.0009970089730807576,1,0.00038774718883288094
"C71G",0.0009970089730807576,1,0.0004730368968779565
"A82G",0.0004965243296921549,1,0.0004608294930875576
"C84T",0.0019831432821021317,4,0.0017985611510791368
"G91A",0.012826837691169216,26,0.011732851985559567
"G91T",0.000493339911198816,1,0.00046125461254612545
"C96T",0.0004923682914820286,1,0.00046125461254612545
"C98T",0.0004923682914820286,1,0.0004317789291882556
"C100T",0.008853910477127398,18,0.006603081438004402
"C106T",0.0014727540500736377,3,0.0007338551859099804
"C110T",0.0024521824423737125,5,0.002166377816291161
"C119T",0.0004894762604013706,1,0.000441306266548985
"C123T",0.0014677103718199608,3,0.001374255611543747
"G124A",0.0004892367906066536,1,0.000449842555105713
"G127T",0.0004887585532746823,1,0.00045454545454545455
"A129G",0.0004885197850512946,1,0.00044802867383512545
"C140T",0.0039005363237445147,8,0.0023148148148148147
"T145C",0.00048756704046806434,1,0.00046425255338904364
"A146G",0.0009751340809361287,2,0.0009411764705882353
"C147T",0.00048756704046806434,1,0.0003624501631025734
"A156G",0.0004878048780487805,1,0.0004636068613815484
"G174A",0.004381694255111977,9,0.003532182103610675
"C176T",0.0009732360097323601,2,0.000869187309865276
"C183T",0.00048638132295719845,1,0.00045599635202918376
"T184A",0.00048638132295719845,1,0.0004701457451810061
"C186T",0.00341130604288499,7,0.0016670635865682305
"T191-",0.00048756704046806434,1,0.0004679457182966776
"G192A",0.0004873294346978557,1,0.0004510599909788002
"C203T",0.0019408054342552159,4,0.0007048458149779736
"G204A",0.00048520135856380397,1,0.00039541320680110717
"C206T",0.002911208151382824,6,0.002338269680436477
"C207T",0.0004854368932038835,1,0.00037105751391465676
"G208T",0.00048520135856380397,1,0.0004675081813931744
"T209C",0.002911208151382824,6,0.002791996277338297
"G213T",0.00048520135856380397,1,0.00045045045045045046
"G216A",0.00048520135856380397,1,0.0004286326618088298
"C217A",0.00048520135856380397,1,0.0004679457182966776
"C217T",0.00048520135856380397,1,0.0004098360655737705
"C218T",0.00048520135856380397,1,0.00030120481927710846
"G219A",0.001455604075691412,3,0.0012453300124533001
"G219T",0.0009704027171276079,2,0.0008322929671244278
"C222A",0.0004854368932038835,1,0.00047058823529411766
"C222T",0.0033980582524271844,7,0.0013757861635220125
"C230T",0.00048638132295719845,1,0.0004380201489268506
"T240-",0.00048661800486618007,1,0.0004697040864255519
"C241-",0.00048638132295719845,1,0.00041186161449752884
"C241A",0.0009727626459143969,2,0.0007358351729212656
"C241T",0.9965953307392996,2049,0.0028792647968073747
"G242-",0.0004861448711716091,1,0.0004631773969430292
"G256A",0.00048638132295719845,1,0.0004399472063352398
"A259G",0.0004837929366231253,1,0.00045330915684496827
"A264G",0.001451378809869376,3,0.001266891891891892
"T277A",0.0004837929366231253,1,0.0004623208506703652
"G284A",0.0004837929366231253,1,0.0004562043795620438
"C292T",0.0009675858732462506,2,0.0008514261387824606
"G295A",0.0004837929366231253,1,0.0004405286343612335
"C304T",0.0009675858732462506,2,0.0008904719501335708
"C307T",0.0004837929366231253,1,0.00044072278536800354
"A310C",0.002902757619738752,6,0.002823529411764706
"T312C",0.0004837929366231253,1,0.0004692632566870014
"C313T",0.0004837929366231253,1,0.0003190810465858328
"G323A",0.0004837929366231253,1,0.0004508566275924256
"T324G",0.0004837929366231253,1,0.00046882325363338024
"G331A",0.0004837929366231253,1,0.0004522840343735866
"G332T",0.0004837929366231253,1,0.0004710315591144607
"C335T",0.002902757619738752,6,0.0012557555462536626
"C337T",0.002904162633107454,6,0.0015224562293834052
"C344T",0.0009675858732462506,2,0.0007380073800738007
"C346T",0.001929570670525808,4,0.0009952724558347848
"G347A",0.000964785335262904,2,0.0006525285481239804
"T348C",0.000482392667631452,1,0.00046707146193367583
"T352C",0.0019305019305019305,4,0.001841620626151013
"C355T",0.0014478764478764478,3,0.0012335526315789473
"C366T",0.001932367149758454,4,0.0018181818181818182
"C367T",0.00048192771084337347,1,0.00039936102236421724
"G368A",0.00048192771084337347,1,0.0004332755632582322
"G370A",0.00963855421686747,20,0.00552944429084877
"G370T",0.00048192771084337347,1,0.00042069835927639884
"G373A",0.0019286403085824494,4,0.0016025641025641025
"C379T",0.0024096385542168677,5,0.002101723413198823
"A385G",0.00048216007714561236,1,0.0003850596842510589
"C390T",0.0004830917874396135,1,0.00045413260672116256
"C398T",0.000966183574879227,2,0.0007301935012778386
"T400C",0.000966183574879227,2,0.0008908685968819599
"T400G",0.0004830917874396135,1,0.0004723665564478035
"A405G",0.9966068831798351,2056,0.0057170822859430965
"G407A",0.0004837929366231253,1,0.00039108330074305825
"G410T",0.001452081316553727,3,0.001272264631043257
"C412T",0.000484027105517909,1,0.000441306266548985
"T416A",0.00048449612403100775,1,0.0004701457451810061
"C421T",0.0005537098560354374,1,0.00044365572315882877
"G425-",0.000554016620498615,1,0.0003935458480913026
"T426-",0.0005537098560354374,1,0.0003933910306845004
"A427-",0.0005537098560354374,1,0.0003933910306845004
"G428-",0.0005537098560354374,1,0.0004589261128958238
"A429-",0.0005534034311012728,1,0.0004589261128958238
"A430-",0.0005534034311012728,1,0.00045871559633027525
"G431-",0.0005534034311012728,1,0.0004585052728106373
"T432-",0.0005530973451327434,1,0.0004585052728106373
"T433-",0.0005521811154058532,1,0.00045871559633027525
"T451C",0.000552791597567717,1,0.0004399472063352398
"A476G",0.0005512679162072767,1,0.0004528985507246377
"T477C",0.0005509641873278236,1,0.0004640371229698376
"T508C",0.0011025358324145535,2,0.0008503401360544217
"G509-",0.003305785123966942,6,0.0004765687053216839
"G510-",0.006053935057787562,11,0.0005825037068417708
"T511-",0.006053935057787562,11,0.0005828123344283141
"C512-",0.006057268722466961,11,0.0005851375073142189
"A513-",0.006607929515418502,12,0.0006316121901152693
"T514-",0.006582556226001097,12,0.0006317784563546383
"G515-",0.012630422844590884,23,0.0008342401160681901
"T516-",0.013721185510428101,25,0.0008470269354565475
"T517-",0.013721185510428101,25,0.0008476012883539584
"A518-",0.015916575192096598,29,0.0008738098107749789
"T519-",0.011525795828759604,21,0.0008213391739674593
"G520-",0.011532125205930808,21,0.0008240464605242505
"G520A",0.0005491488193300384,1,0.0004616805170821791
"G521-",0.005494505494505495,10,0.0006967670011148272
"T522-",0.00550357732526142,10,0.0007127075760815337
"T523-",0.005506607929515419,10,0.0007157171485828801
"C527T",0.0011031439602868175,2,0.0008654262224145391
"G529A",0.0005512679162072767,1,0.0004472271914132379
"G529T",0.0005512679162072767,1,0.0004280821917808219
"C541T",0.9988913525498891,1802,0.2179223606240174
"G553A",0.0005509641873278236,1,0.0004440497335701599
"C556T",0.003305785123966942,6,0.0019678583142013774
"C560T",0.0005506607929515419,1,0.0003866976024748647
"T565C",0.0005509641873278236,1,0.0004610419548178884
"T580C",0.0016492578339747114,3,0.0013921113689095127
"C583T",0.0016483516483516484,3,0.0005973715651135006
"T586A",0.001100715465052284,2,0.0009099181073703367
"C593T",0.0005509641873278236,1,0.00017930787161556393
"G596T",0.0005509641873278236,1,0.0004701457451810061
"T597C",0.0011025358324145535,2,0.0009389671361502347
"G598A",0.0005512679162072767,1,0.0004420866489832007
"G598T",0.0005512679162072767,1,0.00043821209465381246
"C601A",0.0005515719801434088,1,0.00046728971962616824
"A605G",0.006060606060606061,11,0.004581424406497293
"T606C",0.004955947136563877,9,0.003171247357293869
"G613T",0.0005509641873278236,1,0.0004692632566870014
"C619T",0.00387382401770891,7,0.002943650126156434
"G621A",0.0005530973451327434,1,0.0004405286343612335
"C622T",0.0005530973451327434,1,0.00043233895373973193
"G625A",0.0005521811154058532,1,0.0004580852038479157
"C632T",0.0005558643690939411,1,0.0004553734061930783
"G656T",0.0005602240896358543,1,0.00046816479400749064
"G659A",0.0011229646266142617,2,0.0009208103130755065
"C664T",0.0009537434430138292,2,0.0007199424046076314
"A668G",0.0004764173415912339,1,0.00045454545454545455
"T670A",0.0004764173415912339,1,0.00040666937779585197
"T670G",0.9890424011434016,2076,0.0027577521928513643
"C673T",0.005714285714285714,12,0.0036957191253464737
"G675A",0.0014285714285714286,3,0.0013398838767306833
"G675T",0.0009523809523809524,2,0.0008944543828264759
"C676T",0.00047664442326024784,1,0.00038387715930902113
"C678T",0.0004761904761904762,1,0.00035486160397445
"C679T",0.00047664442326024784,1,0.00036075036075036075
"T682C",0.00047596382674916705,1,0.00042087542087542086
"C683T",0.0019065776930409914,4,0.0006023189278723084
"A686-",0.015230842455973346,32,0.002522266887365019
"A687-",0.015230842455973346,32,0.0025232613152499604
"G688-",0.015230842455973346,32,0.0025244556642473968
"G688A",0.00047596382674916705,1,0.00044742729306487697
"T689-",0.015223596574690771,32,0.002523062366947883
"C690-",0.015223596574690771,32,0.0025232613152499604
"A691-",0.015223596574690771,32,0.002520478890989288
"A691G",0.0004757373929590866,1,0.0004506534474988734
"A691T",0.0004757373929590866,1,0.00047058823529411766
"T692-",0.015223596574690771,32,0.002522266887365019
"T693-",0.015223596574690771,32,0.0025314452970492843
"T694-",0.015223596574690771,32,0.0025678061306371367
"C703T",0.0004757373929590866,1,0.0003604902667627974
"C706T",0.0014272121788772598,3,0.001185302252074279
"G707A",0.0004757373929590866,1,0.0004409171075837742
"G709A",0.0004757373929590866,1,0.00042498937526561835
"C745T",0.01379638439581351,29,0.008107352530053118
"C751T",0.0009514747859181732,2,0.0008488964346349745
"T760C",0.0009519276534983341,2,0.0009350163627863488
"A761G",0.007136060894386299,15,0.005374417771408097
"C763T",0.0004757373929590866,1,0.00044822949350067237
"C774T",0.00047551117451260106,1,0.00004202033784351626
"T795C",0.00047596382674916705,1,0.00047281323877068556
"C799T",0.00047596382674916705,1,0.00038714672861014324
"G805A",0.004755111745126011,10,0.0043159257660768235
"G806A",0.0009510223490252021,2,0.0005282620179609086
"T809C",0.00047551117451260106,1,0.00042122999157540015
"T814G",0.00047551117451260106,1,0.0004692632566870014
"C823T",0.9976110845676063,2088,0.22844638949671772
"T826C",0.0004757373929590866,1,0.00034164673727365904
"C829T",0.003805899143672693,8,0.001635322976287817
"A830T",0.00047596382674916705,1,0.00046882325363338024
"C832T",0.00475963826749167,10,0.0022603978300180833
"C835T",0.00809138505473584,17,0.005242059821153253
"T838C",0.0009519276534983341,2,0.0008908685968819599
"C842T",0.00047596382674916705,1,0.0004306632213608958
"C850T",0.0019020446980504042,4,0.001718213058419244
"C854T",0.00047551117451260106,1,0.00039824771007566706
"C855A",0.00047551117451260106,1,0.0004716981132075472
"T856C",0.00047551117451260106,1,0.0004510599909788002
"G862T",0.0004752851711026616,1,0.00044682752457551384
"A866G",0.0004752851711026616,1,0.00045310376076121433
"G872A",0.0004752851711026616,1,0.0003721622627465575
"C874T",0.0004752851711026616,1,0.0003756574004507889
"G885T",0.0004752851711026616,1,0.00046728971962616824
"G891A",0.0004752851711026616,1,0.00045167118337850043
"C897A",0.0009528346831824678,2,0.000007363011177050967
"C906T",0.00047551117451260106,1,0.0004580852038479157
"C913T",0.0028517110266159697,6,0.0022658610271903325
"C920T",0.0009501187648456057,2,0.00042078687144961075
"C925T",0.0023752969121140144,5,0.0016539861065167053
"A929G",0.00047505938242280285,1,0.0003819709702062643
"T931C",0.00047505938242280285,1,0.00041476565740356696
"A933C",0.011876484560570071,25,0.011770244821092278
"C934T",0.0019002375296912114,4,0.0012172854534388314
"G940A",0.00047505938242280285,1,0.00041736227045075126
"G944A",0.00047505938242280285,1,0.0004268032437046522
"A949G",0.0028503562945368173,6,0.002306805074971165
"C952T",0.00047505938242280285,1,0.00038925652004671076
"C955T",0.00047505938242280285,1,0.00040032025620496394
"C958T",0.0019002375296912114,4,0.0015564202334630351
"C959T",0.00047505938242280285,1,0.0004317789291882556
"G960A",0.00047505938242280285,1,0.0004063388866314506
"G970A",0.0019002375296912114,4,0.0017241379310344827
"A1002G",0.00047505938242280285,1,0.00046511627906976747
"C1009T",0.00047505938242280285,1,0.0004246284501061571
"A1039G",0.0004830917874396135,1,0.00046707146193367583
"A1051G",0.0009732360097323601,2,0.0008726003490401396
"G1055T",0.0004870920603994155,1,0.0004633920296570899
"C1063T",0.00048661800486618007,1,0.0003109452736318408
"A1065G",0.0009737098344693282,2,0.0009115770282588879
"G1069T",0.0014634146341463415,3,0.0014044943820224719
"C1076T",0.0009760858955588092,2,0.0008528784648187633
"C1091T",0.0004878048780487805,1,0.00043649061545176777
"T1094C",0.0009775171065493646,2,0.0009324009324009324
"C1102T",0.00244140625,5,0.0014632718759145448
"A1103G",0.00146484375,3,0.001364256480218281
"A1110G",0.0004878048780487805,1,0.0004677268475210477
"A1123G",0.0004885197850512946,1,0.00045829514207149406
"G1126A",0.00048828125,1,0.0004178854993731718
"T1128C",0.00048828125,1,0.00046992481203007516
"T1147C",0.00048828125,1,0.00045372050816696913
"C1150T",0.0009765625,2,0.0006956521739130435
"G1158A",0.0004870920603994155,1,0.0004578754578754579
"G1167A",0.0004868549172346641,1,0.0004351610095735422
"C1170T",0.9975609756097561,2045,0.22177638000216895
"C1174T",0.00048638132295719845,1,0.0004415011037527594
"C1178T",0.0004861448711716091,1,0.0004411116012351125
"C1185T",0.0024330900243309003,5,0.002073828287017835
"G1186A",0.0024330900243309003,5,0.002055921052631579
"A1189G",0.00048638132295719845,1,0.0004631773969430292
"C1201T",0.0004873294346978557,1,0.00045248868778280545
"C1204T",0.0004868549172346641,1,0.0004366812227074236
"A1208G",0.00048638132295719845,1,0.0004679457182966776
"C1213T",0.0009746588693957114,2,0.0008084074373484236
"C1218T",0.0014612761811982464,3,0.001053001053001053
"C1221T",0.00048756704046806434,1,0.0004286326618088298
"C1223T",0.0004870920603994155,1,0.0004476275738585497
"T1237C",0.0004870920603994155,1,0.0004470272686633885
"G1261T",0.000975609756097561,2,0.0009385265133740028
"C1263T",0.00048756704046806434,1,0.00032862306933946765
"G1264A",0.0004878048780487805,1,0.0004374453193350831
"A1269G",0.0004880429477794046,1,0.00034722222222222224
"G1274T",0.002440214738897023,5,0.0020627062706270625
"C1281T",0.00634765625,13,0.0058903488898957865
"C1282T",0.0014641288433382138,3,0.0013345195729537367
"C1284T",0.00048828125,1,0.00038211692777990065
"C1288T",0.00048828125,1,0.00019193857965451057
"G1298T",0.0009779951100244498,2,0.0009009009009009009
"C1302T",0.0014684287812041115,3,0.0010121457489878543
"G1312A",0.0029411764705882353,6,0.002810304449648712
"C1314T",0.0004904364884747426,1,0.0003536067892503536
"G1319A",0.0004909180166912126,1,0.00045934772622875517
"G1322A",0.00048426150121065375,1,0.00045829514207149406
"G1325A",0.00048520135856380397,1,0.0004522840343735866
"C1342T",0.0005246589716684155,1,0.0004050222762251924
"C1348A",0.0005230125523012552,1,0.00046468401486988845
"C1348T",0.0005230125523012552,1,0.00027434842249657066
"T1368C",0.0036382536382536385,7,0.002514367816091954
"C1376T",0.0005200208008320333,1,0.0004123711340206186
"C1385T",0.0005184033177812338,1,0.00029770765108663293
"C1387T",0.0025906735751295338,5,0.0013646288209606986
"C1392T",0.0015527950310559005,3,0.0010319917440660474
"C1403T",0.0005157297576070139,1,0.0004297378599054577
"T1405C",0.0025799793601651187,5,0.0022967386311437757
"G1413A",0.000514668039114771,1,0.0004551661356395084
"A1431T",0.0005154639175257732,1,0.00047281323877068556
"G1433A",0.008260196179659268,16,0.007483629560336763
"G1444T",0.0010314595152140279,2,0.0009420631182289214
"A1445C",0.0020629190304280558,4,0.001885902876001886
"C1450T",0.0015471892728210418,3,0.0013309671694764862
"T1456C",0.0005154639175257732,1,0.000462962962962963
"G1458A",0.0005151983513652757,1,0.00045045045045045046
"G1463A",0.0020607934054611026,4,0.0016122531237404273
"G1466A",0.0015487867836861124,3,0.0009615384615384616
"C1471T",0.003092783505154639,6,0.0011855364552459987
"C1480T",0.0005159958720330237,1,0.00042918454935622315
"A1486G",0.0010325245224574084,2,0.0009272137227630969
"G1495A",0.0010314595152140279,2,0.0008936550491510277
"C1498T",0.0015463917525773195,3,0.0012903225806451613
"C1513T",0.0005154639175257732,1,0.0003736920777279522
"C1514T",0.002061855670103093,4,0.0011341083073433513
"T1516C",0.0005154639175257732,1,0.00044662795891022776
"C1519T",0.0005154639175257732,1,0.00031857279388340236
"A1521G",0.0005154639175257732,1,0.00045433893684688776
"C1528A",0.0010309278350515464,2,0.0009332711152589828
"G1535A",0.001544799176107106,3,0.0013363028953229399
"T1543C",0.0005154639175257732,1,0.00046533271288971617
"C1549T",0.0005157297576070139,1,0.00017289073305670817
"C1567T",0.0005157297576070139,1,0.00041254125412541255
"G1577A",0.0010335917312661498,2,0.0008869179600886918
"G1590A",0.0005154639175257732,1,0.00039385584875935406
"C1593T",0.0010303967027305513,2,0.0006891798759476223
"C1594T",0.0077279752704791345,15,0.0040192926045016075
"G1595A",0.0005151983513652757,1,0.0004422821760283061
"A1597G",0.0004764173415912339,1,0.00046125461254612545
"G1598A",0.00047664442326024784,1,0.0003027550711474417
"C1601T",0.0009532888465204957,2,0.0007595898214963919
"C1609T",0.0004761904761904762,1,0.0003671071953010279
"T1623C",0.0004757373929590866,1,0.0004116920543433512
"C1625T",0.0004757373929590866,1,0.00041203131437989287
"C1627T",0.005233111322549952,11,0.0005672149744753262
"C1628A",0.0004761904761904762,1,0.0004399472063352398
"A1632G",0.0004757373929590866,1,0.0004664179104477612
"A1639C",0.0009514747859181732,2,0.000946521533364884
"T1641C",0.00047551117451260106,1,0.0004701457451810061
"C1648T",0.0023730422401518746,5,0.002207505518763797
"C1670T",0.0009541984732824427,2,0.0005535566011624688
"A1677C",0.0004768717215069146,1,0.0004664179104477612
"C1684T",0.0057251908396946565,12,0.0018212171801487327
"A1691G",0.00047709923664122136,1,0.0004640371229698376
"T1703C",0.0009537434430138292,2,0.0009319664492078285
"G1721A",0.001430615164520744,3,0.001366742596810934
"C1722T",0.00667302192564347,14,0.003134796238244514
"T1728C",0.00047664442326024784,1,0.00045998160073597056
"G1729A",0.0009532888465204957,2,0.0007713073659853452
"A1732G",0.0004768717215069146,1,0.0004470272686633885
"C1734T",0.0009528346831824678,2,0.0009246417013407304
"G1736A",0.0004764173415912339,1,0.00046446818392940084
"C1758T",0.00047664442326024784,1,0.000277623542476402
"C1766A",0.0009532888465204957,2,0.0009376465072667605
"A1768G",0.00047664442326024784,1,0.00046882325363338024
"A1777G",0.0009528346831824678,2,0.0006349206349206349
"T1778G",0.0004764173415912339,1,0.00047281323877068556
"T1798C",0.00047664442326024784,1,0.00046904315196998124
"C1812T",0.00047664442326024784,1,0.0003572704537334762
"T1813A",0.008579599618684462,18,0.00789127575624726
"G1820A",0.01859799713876967,39,0.003062426383981154
"C1824T",0.0023832221163012394,5,0.002107037505267594
"C1825T",0.00047664442326024784,1,0.0004051863857374392
"T1851C",0.00047664442326024784,1,0.0004462293618920125
"C1853T",0.0004768717215069146,1,0.00041186161449752884
"T1854C",0.0004768717215069146,1,0.00046882325363338024
"G1857A",0.0004768717215069146,1,0.0004284490145672665
"C1862T",0.0004768717215069146,1,0.0004526935264825713
"C1875T",0.0009532888465204957,2,0.0008646779074794639
"A1876G",0.00047664442326024784,1,0.00045871559633027525
"C1878T",0.0009532888465204957,2,0.000757002271006813
"A1879C",0.00047664442326024784,1,0.0004730368968779565
"G1883T",0.00047664442326024784,1,0.0004692632566870014
"C1884T",0.00047664442326024784,1,0.00022655188038060717
"C1887A",0.0023832221163012394,5,0.002364066193853428
"G1892A",0.0004764173415912339,1,0.00045248868778280545
"A1900G",0.0004764173415912339,1,0.00044802867383512545
"T1908C",0.002379819133745835,5,0.0021710811984368217
"C1909T",0.0019038553069966682,4,0.001443522194153735
"C1911T",0.003371868978805395,7,0.00301854247520483
"C1912T",0.010952380952380953,23,0.003465943339361061
"G1914A",0.014285714285714285,30,0.01013856032443393
"C1919T",0.005714285714285714,12,0.004516371847948814
"T1921A",0.0004761904761904762,1,0.0004692632566870014
"C1938T",0.0014265335235378032,3,0.0012760527435133986
"T1939A",0.00047551117451260106,1,0.0004714757190004715
"C1943T",0.00047505938242280285,1,0.0003295978905735003
"T1945C",0.00047505938242280285,1,0.00046040515653775324
"G1946T",0.006666666666666667,14,0.006520726595249185
"C1959T",0.0019047619047619048,4,0.001762114537444934
"C1960T",0.0009523809523809524,2,0.0006443298969072165
"T1965C",0.0009523809523809524,2,0.0009045680687471732
"C1968T",0.0009523809523809524,2,0.0005936479667557139
"C1973T",0.0009523809523809524,2,0.0002362111727884729
"A1982C",0.0004761904761904762,1,0.0004725897920604915
"A1982G",0.0019047619047619048,4,0.0017628911414720142
"T1991C",0.0004761904761904762,1,0.00046707146193367583
"A1992G",0.0004761904761904762,1,0.00042140750105351877
"C2003T",0.0014285714285714286,3,0.0009973404255319148
"C2005T",0.0004761904761904762,1,0.0003669724770642202
"A2006G",0.0004761904761904762,1,0.0004476275738585497
"G2035A",0.00047596382674916705,1,0.00045662100456621003
"C2040T",0.009043312708234174,19,0.007011070110701107
"T2041C",0.00047596382674916705,1,0.0004655493482309125
"G2054A",0.0009519276534983341,2,0.0009041591320072332
"C2061T",0.002379819133745835,5,0.0016302575806977503
"C2062T",0.004283674440742504,9,0.0024265300620113237
"C2065T",0.0028557829604950024,6,0.0008614501076812635
"A2066G",0.0014278914802475012,3,0.0013882461823229986
"A2069G",0.00047596382674916705,1,0.00040535062829347385
"A2085G",0.0014285714285714286,3,0.0013882461823229986
"C2091T",0.004285714285714286,9,0.002575107296137339
"G2095A",0.9990467111534795,2096,0.2595344229816741
"G2101T",0.0004761904761904762,1,0.0004730368968779565
"C2102T",0.0019047619047619048,4,0.0016985138004246285
"C2110T",0.008095238095238095,17,0.005043013942450311
"C2113T",0.005238095238095238,11,0.0033042955842595375
"C2119T",0.0004761904761904762,1,0.00042735042735042735
"T2125C",0.0019047619047619048,4,0.001863932898415657
"T2128C",0.0004761904761904762,1,0.00007137249304118193
"C2135T",0.0009523809523809524,2,0.00088261253309797
"A2138G",0.0014285714285714286,3,0.0013704888076747374
"C2143T",0.0009528346831824678,2,0.0006786562606040041
"G2144A",0.0014292520247737017,3,0.0006175380815150268
"G2144T",0.0014292520247737017,3,0.0011131725417439704
"T2153A",0.0004764173415912339,1,0.0004633920296570899
"C2156T",0.0014292520247737017,3,0.00129366106080207
"G2164T",0.0004764173415912339,1,0.0004508566275924256
"G2167T",0.0009528346831824678,2,0.0008680555555555555
"A2172G",0.0004764173415912339,1,0.0004428697962798937
"G2177A",0.0004764173415912339,1,0.0004621072088724584
"G2178A",0.0004764173415912339,1,0.0004597701149425287
"T2188C",0.00047596382674916705,1,0.00046882325363338024
"C2189T",0.0014278914802475012,3,0.0009404388714733542
"C2197T",0.0004761904761904762,1,0.0003071253071253071
"G2202T",0.0004761904761904762,1,0.0003661662394727206
"A2206C",0.0004761904761904762,1,0.0004725897920604915
"A2206G",0.0004761904761904762,1,0.0004666355576294914
"A2219G",0.007619047619047619,16,0.0068995256576110395
"C2221A",0.0004761904761904762,1,0.0004679457182966776
"T2228A",0.0004761904761904762,1,0.0004714757190004715
"G2229A",0.0004761904761904762,1,0.00044943820224719103
"C2232T",0.0004761904761904762,1,0.00023923444976076556
"G2246A",0.002859866539561487,6,0.0014402304368698992
"A2255G",0.0018948365703458077,4,0.0018223234624145787
"C2263T",0.003833253473885961,8,0.0033030553261767133
"G2265A",0.0014360938247965534,3,0.0012453300124533001
"G2267A",0.0004786979415988511,1,0.00045558086560364467
"T2287C",0.0004775549188156638,1,0.0004608294930875576
"T2290C",0.0004775549188156638,1,0.00045599635202918376
"C2295T",0.00047732696897374703,1,0.00039824771007566706
"A2296C",0.00047732696897374703,1,0.0004725897920604915
"C2299T",0.00047732696897374703,1,0.0003996802557953637
"T2302C",0.00047732696897374703,1,0.00046816479400749064
"A2304G",0.00047732696897374703,1,0.00045330915684496827
"C2306T",0.00047732696897374703,1,0.00027285129604365623
"T2314C",0.0009541984732824427,2,0.0009199632014719411
"A2317C",0.00047709923664122136,1,0.00047281323877068556
"G2324A",0.0009541984732824427,2,0.0008699434536755111
"C2325T",0.0019083969465648854,4,0.0017873100983020554
"G2329T",0.00047709923664122136,1,0.000437636761487965
"T2332C",0.002385496183206107,5,0.0023507287259050304
"C2334T",0.0009541984732824427,2,0.000028568571714257145
"A2342G",0.0014312977099236641,3,0.0013704888076747374
"A2385G",0.0009537434430138292,2,0.000944733112895607
"A2386C",0.0004768717215069146,1,0.000471253534401508
"C2388T",0.0019065776930409914,4,0.001234186979327368
"C2395T",0.0009532888465204957,2,0.0008048289738430583
"G2398T",0.00047664442326024784,1,0.00046382189239332097
"G2407T",0.0004768717215069146,1,0.0004697040864255519
"G2413A",0.0004768717215069146,1,0.0004585052728106373
"C2416T",0.0004768717215069146,1,0.0003772161448509996
"T2428C",0.0004768717215069146,1,0.0004610419548178884
"T2432C",0.0009537434430138292,2,0.000847816871555744
"C2433T",0.0004768717215069146,1,0.0003248862897985705
"A2435-",0.0004768717215069146,1,0.0004723665564478035
"G2436C",0.0004768717215069146,1,0.0004725897920604915
"G2436T",0.0004768717215069146,1,0.00045599635202918376
"A2437G",0.0004768717215069146,1,0.00045955882352941176
"A2442G",0.0004768717215069146,1,0.000468384074941452
"A2443C",0.0009537434430138292,2,0.0009372071227741331
"C2445T",0.007633587786259542,16,0.004498172617374192
"G2447T",0.00047709923664122136,1,0.0004210526315789474
"G2448A",0.00047709923664122136,1,0.0004476275738585497
"C2449T",0.0004768717215069146,1,0.0004278990158322636
"C2453T",0.0009532888465204957,2,0.0007809449433814916
"C2455T",0.0014299332697807435,3,0.000813228517213337
"A2456G",0.00047664442326024784,1,0.0004675081813931744
"C2459T",0.00047664442326024784,1,0.0004589261128958238
"C2462T",0.0009532888465204957,2,0.0007468259895444362
"A2479G",0.0004768717215069146,1,0.00046816479400749064
"A2483G",0.0004768717215069146,1,0.00042140750105351877
"C2485T",0.018615751789976133,39,0.006896551724137931
"C2488T",0.0014312977099236641,3,0.0009983361064891847
"T2489C",0.00047709923664122136,1,0.0004633920296570899
"G2494T",0.00047709923664122136,1,0.00041203131437989287
"T2506C",0.0009546539379474941,2,0.0008837825894829872
"C2508T",0.003341288782816229,7,0.0025289017341040463
"C2509T",0.00715648854961832,15,0.004212299915754001
"A2510G",0.00047709923664122136,1,0.000429553264604811
"A2512G",0.00047709923664122136,1,0.000449842555105713
"G2516A",0.0009541984732824427,2,0.0008992805755395684
"T2533A",0.00047709923664122136,1,0.00047214353163361664
"T2533C",0.0009541984732824427,2,0.0009140767824497258
"T2535G",0.0009541984732824427,2,0.0009420631182289214
"C2536T",0.0009541984732824427,2,0.0005659309564233164
"A2560G",0.0009541984732824427,2,0.0009090909090909091
"T2562C",0.00047709923664122136,1,0.0004723665564478035
"G2564A",0.0004761904761904762,1,0.00045998160073597056
"C2574T",0.019980970504281638,42,0.01696969696969697
"T2575C",0.002378686964795433,5,0.002320185614849188
"T2593G",0.0004757373929590866,1,0.00046598322460391424
"T2597C",0.0004757373929590866,1,0.00044822949350067237
"C2607T",0.0005128205128205128,1,0.00041459369817578774
"C2610T",0.0005128205128205128,1,0.00044583147570218456
"C2623T",0.003076923076923077,6,0.0021937842778793418
"G2625A",0.000513347022587269,1,0.0004701457451810061
"G2626T",0.000513347022587269,1,0.00046948356807511736
"C2627T",0.000513083632632119,1,0.0004336513443191674
"T2629C",0.004106776180698152,8,0.0037576326914044154
"G2632A",0.000513347022587269,1,0.00046948356807511736
"C2644T",0.002566735112936345,5,0.0013329778725673154
"G2648T",0.008726899383983572,17,0.007969995311767463
"C2650T",0.001027221366204417,2,0.0007000350017500875
"C2668T",0.0020693222969477496,4,0.001678556441460344
"A2674G",0.0005173305742369374,1,0.0004701457451810061
"C2675T",0.0025786487880350697,5,0.0018573551263001485
"C2676T",0.0010319917440660474,2,0.0008302200083022001
"C2695T",0.008767405879319236,17,0.003938832252085264
"T2698C",0.0005159958720330237,1,0.000299311583358276
"C2704T",0.0005165289256198347,1,0.0004035512510088781
"C2706T",0.0010335917312661498,2,0.0006906077348066298
"C2716T",0.0015432098765432098,3,0.0012101653892698668
"A2722G",0.0005154639175257732,1,0.00047058823529411766
"T2737G",0.0015432098765432098,3,0.0014044943820224719
"G2744A",0.001541623843782117,3,0.0013895321908290875
"T2770C",0.0010240655401945725,2,0.0009394081728511038
"C2773T",0.009216589861751152,18,0.005497861942577886
"G2778T",0.0005138746145940391,1,0.00046728971962616824
"G2782T",0.0005138746145940391,1,0.00021824530772588389
"C2788T",0.0015424164524421595,3,0.000931098696461825
"C2790T",0.999482936918304,1933,0.002669753065105789
"A2810C",0.0005136106831022085,1,0.0004730368968779565
"A2821G",0.0005138746145940391,1,0.000462962962962963
"G2840A",0.00102880658436214,2,0.0009107468123861566
"C2841T",0.002056555269922879,4,0.0016666666666666668
"C2855A",0.0010395010395010396,2,0.0009280742459396752
"C2857T",0.003125,6,0.002177858439201452
"G2859A",0.0005235602094240838,1,0.0004710315591144607
"C2862T",0.001571503404924044,3,0.0011976047904191617
"G2867T",0.0005230125523012552,1,0.00042069835927639884
"T2872C",0.0010476689366160294,2,0.0008833922261484099
"G2875T",0.0005263157894736842,1,0.00046425255338904364
"C2878T",0.005274261603375527,10,0.003738317757009346
"G2885A",0.002863961813842482,6,0.002728512960436562
"C2892T",0.0009541984732824427,2,0.0009057971014492754
"G2894A",0.00047709923664122136,1,0.0004589261128958238
"C2902T",0.0014312977099236641,3,0.0009914077990746861
"C2910T",0.0033444816053511705,7,0.0027744748315497426
"C2918T",0.00047709923664122136,1,0.00044943820224719103
"C2937T",0.0023832221163012394,5,0.0015403573629081946
"C2939T",0.00047664442326024784,1,0.0003351206434316354
"C2940T",0.00047664442326024784,1,0.00042936882782310007
"C2942T",0.00047664442326024784,1,0.00043346337234503684
"T2943A",0.0019065776930409914,4,0.001827318410232983
"G2944A",0.0009532888465204957,2,0.0008298755186721991
"T2959C",0.0004761904761904762,1,0.00043233895373973193
"A2969G",0.0004764173415912339,1,0.0003816793893129771
"G2972T",0.0009528346831824678,2,0.000944733112895607
"C2973T",0.0004761904761904762,1,0.0004042037186742118
"C2983T",0.0009523809523809524,2,0.000882223202470225
"T2987G",0.0004761904761904762,1,0.00047080979284369113
"G2995T",0.0004761904761904762,1,0.0004578754578754579
"C2997T",0.006190476190476191,13,0.005378568473314025
"G2999T",0.0014285714285714286,3,0.0014184397163120568
"G3004T",0.0009523809523809524,2,0.0008771929824561404
"A3010G",0.0004761904761904762,1,0.00045351473922902497
"A3019C",0.0004761904761904762,1,0.0004734848484848485
"A3019G",0.0014285714285714286,3,0.0013452914798206279
"T3034C",0.003811338732729871,8,0.003734827264239029
"C3037T",1,2100,0.0027507145308459887
"C3040T",0.0019047619047619048,4,0.0011997600479904018
"G3047T",0.0014285714285714286,3,0.0012458471760797341
"T3049G",0.0009523809523809524,2,0.0009438414346389807
"A3051C",0.0004761904761904762,1,0.0004701457451810061
"A3054G",0.004761904761904762,10,0.004492362982929021
"T3055C",0.0004761904761904762,1,0.0003904724716907458
"G3062A",0.0009523809523809524,2,0.0009324009324009324
"G3065T",0.0004764173415912339,1,0.00044464206313917296
"G3066T",0.0009528346831824678,2,0.0009358914365933552
"G3068T",0.0009528346831824678,2,0.0009212344541685859
"A3069G",0.0004761904761904762,1,0.0004068348250610252
"A3075G",0.0004764173415912339,1,0.00046146746654360867
"A3078C",0.0019056693663649356,4,0.0018788163457022077
"T3095C",0.0004764173415912339,1,0.0003980891719745223
"C3096T",0.004766444232602479,10,0.0016406890894175555
"G3125T",0.0004764173415912339,1,0.0004701457451810061
"A3126C",0.0004764173415912339,1,0.00047281323877068556
"C3130T",0.0004764173415912339,1,0.0003862495171881035
"A3137G",0.0004761904761904762,1,0.00046446818392940084
"G3152T",0.0004764173415912339,1,0.000407000407000407
"C3156T",0.003811338732729871,8,0.0030303030303030303
"C3157T",0.004287756074321105,9,0.0033507073715562173
"C3159T",0.0028585040495474035,6,0.002583979328165375
"T3160C",0.0004764173415912339,1,0.0004512635379061372
"G3164T",0.0033349213911386373,7,0.0029940119760479044
"G3167A",0.00047664442326024784,1,0.0004434589800443459
"C3168A",0.0014299332697807435,3,0.0014012143858010276
"C3170T",0.013822688274547188,29,0.010943396226415094
"A3174G",0.0009532888465204957,2,0.0009191176470588235
"C3176T",0.00047664442326024784,1,0.00032
"C3177T",0.004768717215069146,10,0.002488181139586962
"G3182A",0.0019083969465648854,4,0.0017985611510791368
"G3185A",0.00047709923664122136,1,0.00046490004649000463
"C3218A",0.00047709923664122136,1,0.0004329004329004329
"A3234G",0.0015831134564643799,3,0.0013972985561248254
"A3237G",0.0005291005291005291,1,0.0004399472063352398
"C3241T",0.0005279831045406547,1,0.0002701972439881113
"G3250T",0.0015822784810126582,3,0.001199040767386091
"G3251A",0.0031645569620253164,6,0.0026678523788350376
"C3253T",0.0005268703898840885,1,0.00042069835927639884
"T3256C",0.00105318588730911,2,0.000882223202470225
"G3259T",0.006305832895428271,12,0.0026252461168234523
"C3261T",0.004206098843322818,8,0.0023128071697022263
"A3262G",0.0005254860746190226,1,0.0004697040864255519
"C3264T",0.0005235602094240838,1,0.0003672420124862284
"C3267T",0.0010449320794148381,2,0.0006572461386789353
"T3268C",0.0005230125523012552,1,0.00046425255338904364
"T3270G",0.0005230125523012552,1,0.00047214353163361664
"A3274G",0.0005232862375719519,1,0.00046533271288971617
"T3282C",0.0005219206680584551,1,0.00046948356807511736
"T3283C",0.0005216484089723526,1,0.00046948356807511736
"A3285G",0.0005224660397074191,1,0.00046948356807511736
"A3303G",0.0005238344683080147,1,0.00046816479400749064
"C3315T",0.003666841278156103,7,0.0027548209366391185
"C3317T",0.0005241090146750524,1,0.0004342162396873643
"C3318T",0.0005241090146750524,1,0.00039231071008238524
"A3319G",0.0005243838489774515,1,0.0004710315591144607
"T3325C",0.0005243838489774515,1,0.00046904315196998124
"G3328T",0.0005230125523012552,1,0.0004452359750667854
"A3332G",0.0015657620041753654,3,0.0013717421124828531
"G3345A",0.0005213764337851929,1,0.0004589261128958238
"T3346C",0.0005221932114882506,1,0.0004666355576294914
"A3372G",0.0005252100840336134,1,0.0004714757190004715
"A3383G",0.000526592943654555,1,0.00046860356138706655
"T3391C",0.0010565240359218173,2,0.0009195402298850574
"C3393T",0.0005288207297726071,1,0.0003940110323089047
"C3397T",0.0015814443858724301,3,0.0011773940345368916
"G3403A",0.0015772870662460567,3,0.0013434841021047917
"A3414G",0.0010498687664041995,2,0.000942507068803016
"T3420C",0.0005241090146750524,1,0.0004697040864255519
"C3429T",0.0005257623554153522,1,0.00038654812524159255
"G3431T",0.002631578947368421,5,0.000020691595901408685
"A3445G",0.0005282620179609086,1,0.0004591368227731864
"C3457T",0.002105263157894737,4,0.0017028522775649213
"G3476A",0.0005260389268805891,1,0.0004338394793926247
"G3483A",0.001053740779768177,2,0.0008760402978537013
"G3485A",0.0010554089709762533,2,0.0008745080891998251
"C3486A",0.0005277044854881266,1,0.00047080979284369113
"C3486T",0.0015831134564643799,3,0.001258917331095258
"C3487T",0.0010554089709762533,2,0.0008669267446900737
"G3518A",0.0005277044854881266,1,0.0004576659038901602
"G3518T",0.0005277044854881266,1,0.00046125461254612545
"A3536G",0.0005313496280552603,1,0.00046189376443418013
"A3542G",0.00047596382674916705,1,0.0004374453193350831
"C3543T",0.00047596382674916705,1,0.00044822949350067237
"A3546G",0.0009519276534983341,2,0.0009174311926605505
"T3547C",0.0019038553069966682,4,0.0017520805957074025
"C3552T",0.0014278914802475012,3,0.0013309671694764862
"C3554G",0.00047596382674916705,1,0.0004734848484848485
"G3560T",0.0009519276534983341,2,0.000942951438000943
"G3563A",0.0004780114722753346,1,0.0004180602006688963
"T3565C",0.0009573958831977022,2,0.000007618205988671728
"A3581G",0.0004775549188156638,1,0.00046816479400749064
"C3587T",0.0009541984732824427,2,0.0007639419404125286
"A3591G",0.001430615164520744,3,0.0013908205841446453
"C3593T",0.00047664442326024784,1,0.0004288164665523156
"T3628C",0.0004764173415912339,1,0.00045641259698767686
"T3658A",0.00047664442326024784,1,0.0004716981132075472
"A3660G",0.00047664442326024784,1,0.0004631773969430292
"G3663A",0.0009532888465204957,2,0.0009358914365933552
"T3679C",0.0004768717215069146,1,0.0004692632566870014
"C3686T",0.9990426041168023,2087,0.26531909483854565
"G3692T",0.00047664442326024784,1,0.00038446751249519417
"C3695T",0.0009532888465204957,2,0.0005998800239952009
"A3712G",0.0004764173415912339,1,0.0004621072088724584
"T3718C",0.00047664442326024784,1,0.0004472271914132379
"T3727C",0.00047664442326024784,1,0.0004679457182966776
"C3736T",0.0014299332697807435,3,0.0011021307861866275
"C3737T",0.00047664442326024784,1,0.00022512381809995497
"T3741C",0.00047664442326024784,1,0.00041562759767248546
"A3752G",0.0004768717215069146,1,0.00046598322460391424
"A3763G",0.001430615164520744,3,0.0012453300124533001
"T3766C",0.0023832221163012394,5,0.00195160031225605
"C3768T",0.0023832221163012394,5,0.0013137151865475565
"G3774A",0.00047709923664122136,1,0.00038804811796662784
"C3777T",0.0004768717215069146,1,0.0004344048653344917
"T3781C",0.002861230329041488,6,0.0027842227378190253
"C3787T",0.0023820867079561697,5,0.0010656436487638534
"A3790G",0.0004764173415912339,1,0.00046125461254612545
"A3801G",0.0004768717215069146,1,0.00045934772622875517
"T3808C",0.00047709923664122136,1,0.00042498937526561835
"C3809T",0.00047709923664122136,1,0.0004137360364087712
"C3817T",0.0033428844317096467,7,0.002213088839709137
"C3821T",0.0004775549188156638,1,0.0004572473708276177
"C3828T",0.0004768717215069146,1,0.00035536602700781805
"G3831A",0.0009537434430138292,2,0.0009242144177449168
"G3860T",0.0004761904761904762,1,0.0004621072088724584
"A3864C",0.0004761904761904762,1,0.0004657661853749418
"A3870T",0.0004764173415912339,1,0.0004452359750667854
"G3871A",0.0004764173415912339,1,0.0004405286343612335
"G3871T",0.0019056693663649356,4,0.0015917230401910067
"A3872G",0.00047664442326024784,1,0.0004399472063352398
"T3873C",0.00047664442326024784,1,0.0004288164665523156
"C3874T",0.00047709923664122136,1,0.00020234722784297855
"C3876A",0.00047664442326024784,1,0.000468384074941452
"A3879G",0.0004768717215069146,1,0.0004631773969430292
"G3880T",0.0004768717215069146,1,0.00043840420868040335
"T3883C",0.001430615164520744,3,0.001388888888888889
"C3885T",0.000974184120798831,2,0.000839278220730172
"A3888G",0.003896736483195324,8,0.0036215482118605704
"A3899-",0.000974184120798831,2,0.0008896797153024911
"A3900-",0.000974184120798831,2,0.0008904719501335708
"G3901-",0.000974184120798831,2,0.0008904719501335708
"C3902-",0.000974184120798831,2,0.0009033423667570009
"C3903-",0.000974184120798831,2,0.0009033423667570009
"C3903T",0.000974184120798831,2,0.0007074637424831977
"A3904-",0.0009713453132588635,2,0.0009029345372460496
"T3905-",0.000970873786407767,2,0.0009053870529651426
"T3906-",0.000970873786407767,2,0.0009057971014492754
"T3907-",0.000970873786407767,2,0.0009062075215224287
"T3907C",0.0004854368932038835,1,0.00046860356138706655
"T3909C",0.00048496605237633366,1,0.0004344048653344917
"G3914A",0.0004847309743092584,1,0.00046598322460391424
"A3915G",0.0004847309743092584,1,0.0004677268475210477
"G3918A",0.00048449612403100775,1,0.0004621072088724584
"T3925G",0.002421307506053269,5,0.0023507287259050304
"G3929T",0.02363724071394115,49,0.02281191806331471
"A3933G",0.000482392667631452,1,0.00046511627906976747
"A3938G",0.000482392667631452,1,0.00046882325363338024
"G3939A",0.000482392667631452,1,0.00041684035014589413
"G3939T",0.000482392667631452,1,0.00034352456200618345
"A3940C",0.002894356005788712,6,0.002827521206409048
"G3947A",0.002413127413127413,5,0.002281021897810219
"T3952C",0.0043499275012083135,9,0.004050405040504051
"T3960C",0.0004830917874396135,1,0.00045045045045045046
"C3961T",0.0004830917874396135,1,0.0004038772213247173
"C3992T",0.0014492753623188406,3,0.0012728044123886295
"G3994A",0.0009675858732462506,2,0.0008695652173913044
"A3996C",0.0004837929366231253,1,0.00046816479400749064
"G4006A",0.004352030947775629,9,0.003808717731696995
"C4009T",0.0019342359767891683,4,0.0015255530129672007
"C4012T",0.0014506769825918763,3,0.00117096018735363
"A4015T",0.0009675858732462506,2,0.0009302325581395349
"G4016C",0.0009675858732462506,2,0.0009302325581395349
"G4024A",0.007242877836793819,15,0.0068775790921595595
"C4039T",0.0019305019305019305,4,0.001763668430335097
"T4072C",0.000482392667631452,1,0.0004664179104477612
"C4084T",0.000964785335262904,2,0.0004664179104477612
"C4090T",0.0009652509652509653,2,0.0008254230293025176
"C4099T",0.0014506769825918763,3,0.0011942675159235668
"A4110G",0.0004791566842357451,1,0.0004655493482309125
"T4111C",0.0019166267369429804,4,0.001775410563692854
"T4122C",0.0004786979415988511,1,0.0004675081813931744
"A4123G",0.0019147917663954045,4,0.0018841262364578427
"A4140G",0.0004789272030651341,1,0.0004578754578754579
"G4142A",0.0004789272030651341,1,0.0004633920296570899
"G4144A",0.0009578544061302681,2,0.0009045680687471732
"G4144T",0.0014367816091954023,3,0.0013831258644536654
"T4150C",0.000964785335262904,2,0.0009186954524575103
"G4180T",0.00048216007714561236,1,0.0004484304932735426
"G4184A",1,2074,0.002718491905474078
"G4185A",0.0014464802314368371,3,0.00130718954248366
"T4195C",0.0004789272030651341,1,0.000437636761487965
"C4202T",0.0004789272030651341,1,0.0002954209748892171
"G4205A",0.0004789272030651341,1,0.0004091653027823241
"T4214C",0.0004789272030651341,1,0.000030908079371947826
"G4232A",0.0004789272030651341,1,0.00044822949350067237
"A4233G",0.007662835249042145,16,0.0071588366890380315
"C4234T",0.0014367816091954023,3,0.00015834476934445266
"G4255A",0.012464046021093002,26,0.005857175039423294
"G4261A",0.00047938638542665386,1,0.0003946329913180742
"C4276T",0.0019175455417066154,4,0.0008321198252548367
"G4285A",0.004791566842357451,10,0.004151100041511001
"G4300T",0.00047938638542665386,1,0.0003518648838845883
"C4320T",0.0009587727708533077,2,0.000711997152011392
"C4321T",0.9990412272291467,2084,0.0027687214193284388
"C4345T",0.00047961630695443646,1,0.0003672420124862284
"A4364C",0.00048007681228996637,1,0.00018005041411595248
"T4369C",0.00048007681228996637,1,0.00045045045045045046
"G4392T",0.0019351717464925011,4,0.0018867924528301887
"C4438T",0.0023912003825920613,5,0.0017047391749062393
"G4444A",0.00047824007651841227,1,0.00045392646391284613
"C4449T",0.0009564801530368245,2,0.0009124087591240876
"T4450C",0.00047824007651841227,1,0.0004640371229698376
"C4455T",0.00047824007651841227,1,0.00038714672861014324
"C4456T",0.0009564801530368245,2,0.00039471087428458656
"G4460A",0.00048216007714561236,1,0.0004488330341113106
"G4486A",0.0004786979415988511,1,0.00045998160073597056
"A4501G",0.00047824007651841227,1,0.000445632798573975
"G4510T",0.0004784688995215311,1,0.0004
"C4524T",0.0009569377990430622,2,0.0008768084173608067
"C4540T",0.0019120458891013384,4,0.0013458950201884253
"C4543T",0.008604206500956023,18,0.005159071367153913
"A4548G",0.00047824007651841227,1,0.000444247001332741
"C4551T",0.0019111323459149545,4,0.0012763241863433313
"G4561A",0.0009564801530368245,2,0.0008481764206955047
"C4570A",0.00047824007651841227,1,0.0004405286343612335
"C4570T",0.00047824007651841227,1,0.00037893141341417203
"T4579A",0.0014347202295552368,3,0.00031699070160608623
"C4582T",0.00430416068866571,9,0.0024443237370994023
"T4597G",0.00047824007651841227,1,0.00047080979284369113
"C4613A",0.00047824007651841227,1,0.0004610419548178884
"A4645G",0.0004784688995215311,1,0.0004152823920265781
"G4665A",0.000474158368895211,1,0.0004422821760283061
"T4669C",0.002844950213371266,6,0.002797202797202797
"C4672T",0.000474158368895211,1,0.0004149377593360996
"G4678A",0.000474158368895211,1,0.0004528985507246377
"C4683T",0.9990485252140818,2100,0.2228353140916808
"C4686T",0.000474158368895211,1,0.00036656891495601173
"T4690C",0.000474158368895211,1,0.0004657661853749418
"A4702G",0.000474158368895211,1,0.00045934772622875517
"T4705A",0.000474158368895211,1,0.0004608294930875576
"T4705C",0.001422475106685633,3,0.0013895321908290875
"T4708C",0.000474158368895211,1,0.00045829514207149406
"G4720A",0.000948316737790422,2,0.0008525149190110827
"G4720T",0.006164058795637743,13,0.005726872246696035
"T4732C",0.000474158368895211,1,0.0004103405826836274
"C4755T",0.0019011406844106464,4,0.0014550745725718443
"C4763T",0.000948316737790422,2,0.0008071025020177562
"A4764G",0.000948316737790422,2,0.000877963125548727
"C4780T",0.00047664442326024784,1,0.0004014452027298274
"C4784T",0.00047664442326024784,1,0.0001635858007524947
"T4786A",0.00047664442326024784,1,0.00046882325363338024
"T4786C",0.00667302192564347,14,0.0065237651444548
"C4794T",0.0019065776930409914,4,0.0014199503017394391
"C4795T",0.0019065776930409914,4,0.0010723860589812334
"C4832A",0.00047551117451260106,1,0.0004710315591144607
"C4832T",0.0019020446980504042,4,0.001248829222603809
"A4838G",0.0004757373929590866,1,0.0004038772213247173
"A4840G",0.0014272121788772598,3,0.0014018691588785046
"A4855G",0.0009514747859181732,2,0.0009372071227741331
"G4856A",0.0004757373929590866,1,0.0004610419548178884
"A4870G",0.009039010466222646,19,0.007390120575651498
"C4876T",0.0004757373929590866,1,0.0004046944556859571
"G4881A",0.00047596382674916705,1,0.00045682960255824577
"G4881T",0.0019038553069966682,4,0.0018018018018018018
"T4885C",0.0009519276534983341,2,0.0006313131313131314
"C4893T",0.0009519276534983341,2,0.0004780114722753346
"C4898T",0.005235602094240838,11,0.004612159329140462
"C4900T",0.002379819133745835,5,0.0017705382436260624
"C4901T",0.00047596382674916705,1,0.0003904724716907458
"G4904C",0.00047596382674916705,1,0.0004734848484848485
"C4927T",0.01285102332222751,27,0.007495835646862854
"C4940T",0.00047596382674916705,1,0.0004361098996947231
"A4957C",0.00047596382674916705,1,0.0004701457451810061
"A4957G",0.00047596382674916705,1,0.0004657661853749418
"T4978C",0.0009519276534983341,2,0.0009442870632672333
"C4993T",0.0009510223490252021,2,0.0005971931919976113
"C4999T",0.0009514747859181732,2,0.00008665886736860349
"C5000A",0.0004757373929590866,1,0.0004679457182966776
"C5002T",0.0014265335235378032,3,0.0012733446519524619
"C5007T",0.005708848715509039,12,0.005141388174807198
"T5028C",0.00047551117451260106,1,0.00044603033006244426
"C5031T",0.0023775558725630053,5,0.0013513513513513514
"G5036A",0.00047551117451260106,1,0.00044863167339614175
"G5037T",0.00047551117451260106,1,0.00047214353163361664
"C5051T",0.0009510223490252021,2,0.0008492569002123143
"C5055T",0.0033285782215882074,7,0.00202487706103558
"T5065C",0.0014204545454545455,3,0.001286449399656947
"A5068G",0.0004734848484848485,1,0.00046189376443418013
"A5084G",0.0004734848484848485,1,0.0004664179104477612
"T5098C",0.000970873786407767,2,0.0008517887563884157
"C5100T",0.0004854368932038835,1,0.0003872966692486445
"T5104C",0.0004854368932038835,1,0.0004464285714285714
"G5109T",0.0009713453132588635,2,0.0009394081728511038
"T5120C",0.00048567265662943174,1,0.000445632798573975
"C5129T",0.0014577259475218659,3,0.0014005602240896359
"A5133G",0.00048567265662943174,1,0.00046992481203007516
"C5142T",0.0004854368932038835,1,0.00043084877208099956
"C5144T",0.0004854368932038835,1,0.00022634676324128565
"A5146G",0.000970873786407767,2,0.0009376465072667605
"C5147T",0.0004854368932038835,1,0.00043271311120726956
"G5155A",0.0014570179698882952,3,0.0013297872340425532
"C5157T",0.0004854368932038835,1,0.0004434589800443459
"C5170T",0.0009704027171276079,2,0.0008385744234800838
"C5171T",0.00048520135856380397,1,0.0004415011037527594
"C5178A",0.0014570179698882952,3,0.0010741138560687433
"C5178T",0.0024283632831471587,5,0.0013635124079629125
"C5183T",0.0014563106796116505,3,0.0000828363154406892
"T5188C",0.003883495145631068,8,0.003420265070542967
"C5192T",0.000970873786407767,2,0.0006027727546714888
"T5197G",0.002912621359223301,6,0.002838221381267739
"G5200A",0.00048520135856380397,1,0.00045998160073597056
"C5203T",0.002911208151382824,6,0.0023538642604943117
"A5215G",0.0004854368932038835,1,0.00047036688617121356
"T5218C",0.0004854368932038835,1,0.00040584415584415587
"C5219T",0.0009713453132588635,2,0.0009411764705882353
"C5221T",0.00048567265662943174,1,0.00030759766225776686
"T5224C",0.00048567265662943174,1,0.0004662004662004662
"G5230T",0.0009713453132588635,2,0.000693000693000693
"C5239T",0.0014584346135148275,3,0.0000807297973682086
"C5241T",0.0004861448711716091,1,0.0004180602006688963
"A5257G",0.0014591439688715954,3,0.0013799448022079118
"C5259T",0.0014591439688715954,3,0.0011909487892020642
"A5268G",0.0019464720194647203,4,0.0018527095877721167
"A5275T",0.0009732360097323601,2,0.0009212344541685859
"A5277C",0.0019455252918287938,4,0.0018674136321195146
"C5284T",0.00048638132295719845,1,0.00025075225677031093
"C5298A",0.0019455252918287938,4,0.0018674136321195146
"G5300A",0.00048638132295719845,1,0.00042589437819420784
"C5301T",0.0024319066147859923,5,0.0014463407578825572
"G5305A",0.00048638132295719845,1,0.00038153376573826786
"T5306C",0.0024319066147859923,5,0.002300966405890474
"C5310T",0.0009732360097323601,2,0.0006743088334457181
"C5312T",0.0009727626459143969,2,0.000894054537326777
"G5332A",0.00048638132295719845,1,0.00045351473922902497
"T5338C",0.00048661800486618007,1,0.0002440214738897023
"C5343T",0.00048661800486618007,1,0.0004657661853749418
"T5347C",0.00048661800486618007,1,0.0004476275738585497
"T5356C",0.00048661800486618007,1,0.00045433893684688776
"C5365T",0.005363237445148708,11,0.00291932059447983
"G5374A",0.0004734848484848485,1,0.00045024763619990995
"C5392T",0.0014204545454545455,3,0.001015572105619499
"T5406C",0.000946969696969697,2,0.000721240533717995
"C5407A",0.000946969696969697,2,0.0009385265133740028
"T5408G",0.0014204545454545455,3,0.0014177693761814746
"A5410G",0.0004734848484848485,1,0.000468384074941452
"G5411T",0.0004734848484848485,1,0.0004664179104477612
"T5430A",0.0004737091425864519,1,0.0004725897920604915
"T5434C",0.0004737091425864519,1,0.00046468401486988845
"G5437T",0.0004737091425864519,1,0.00046189376443418013
"A5440G",0.0047370914258645196,10,0.004636068613815485
"C5467T",0.0047370914258645196,10,0.0034831069313827935
"G5470A",0.0028422548555187117,6,0.0027447392497712718
"C5482T",0.004263382283278067,9,0.003923278116826504
"G5489T",0.0004737091425864519,1,0.000473260766682442
"A5490G",0.0023685457129322598,5,0.0023540489642184556
"C5497T",0.0004737091425864519,1,0.0003097893432465923
"G5504A",0.009000473709142587,19,0.008640291041382447
"T5508C",0.0009474182851729038,2,0.000931098696461825
"C5512T",0.008526764566556135,18,0.0034529061960483407
"G5513A",0.0004737091425864519,1,0.00044365572315882877
"C5526T",0.005208333333333333,11,0.00347661188369153
"A5533C",0.0004737091425864519,1,0.0004701457451810061
"G5542A",0.0014211274277593558,3,0.0013654984069185253
"A5560G",0.0004737091425864519,1,0.0004329004329004329
"A5563T",0.0018948365703458077,4,0.001875293014533521
"G5567A",0.0004737091425864519,1,0.00040816326530612246
"C5575T",0.0028422548555187117,6,0.001768867924528302
"T5577C",0.00047393364928909954,1,0.0004608294930875576
"G5578A",0.0009478672985781991,2,0.0009041591320072332
"C5581A",0.0009478672985781991,2,0.0005162622612287042
"A5584G",0.00047393364928909954,1,0.0003741114852225963
"A5598G",0.0018957345971563982,4,0.0018700327255726976
"T5602C",0.0004737091425864519,1,0.0004716981132075472
"G5612A",0.0004737091425864519,1,0.0004512635379061372
"T5619C",0.0023674242424242425,5,0.0018782870022539444
"C5621A",0.003787878787878788,8,0.0037682524729156855
"C5621T",0.0004734848484848485,1,0.00040225261464199515
"C5622T",0.000946969696969697,2,0.00046307015512850195
"C5628T",0.0023674242424242425,5,0.00142571998859424
"G5629T",0.0023674242424242425,5,0.0021404109589041095
"C5654T",0.0014218009478672985,3,0.000945179584120983
"A5662G",0.0009478672985781991,2,0.0009242144177449168
"G5678A",0.0004734848484848485,1,0.0004520795660036166
"G5690A",0.0004737091425864519,1,0.000419639110365086
"C5691T",0.000946969696969697,2,0.0009078529278256923
"C5694T",0.0028422548555187117,6,0.002559726962457338
"G5699A",0.0004734848484848485,1,0.000384172109104879
"A5703T",0.0004734848484848485,1,0.000449034575662326
"G5704A",0.004734848484848485,10,0.004539264639128461
"T5705A",0.0004734848484848485,1,0.00046274872744099955
"T5707C",0.0004734848484848485,1,0.000434593654932638
"A5725G",0.00048146364949446316,1,0.00046253469010175765
"C5730T",0.0009624639076034649,2,0.0005474952094169176
"C5746T",0.0004791566842357451,1,0.00043956043956043956
"C5748T",0.0004805382027871216,1,0.000449842555105713
"A5780G",0.0004798464491362764,1,0.00046189376443418013
"C5784T",0.0023969319271332696,5,0.0014766686355581807
"T5801C",0.0004780114722753346,1,0.00047192071731949034
"C5806T",0.005265677357587362,11,0.003449357165255566
"A5807G",0.0004786979415988511,1,0.00046860356138706655
"C5812T",0.0038314176245210726,8,0.0017156337122024449
"C5822T",0.0014360938247965534,3,0.0008055853920515575
"C5826T",0.004310344827586207,9,0.002477291494632535
"T5831A",0.0004789272030651341,1,0.0004734848484848485
"T5831C",0.0014367816091954023,3,0.0014071294559099437
"C5842T",0.0009578544061302681,2,0.000859106529209622
"C5849T",0.0014388489208633094,3,0.0011677695601401323
"C5850T",0.0009601536245799327,2,0.0008003201280512205
"G5857T",0.0004798464491362764,1,0.00046904315196998124
"C5866A",0.00048007681228996637,1,0.00047036688617121356
"C5866T",0.00048007681228996637,1,0.0004409171075837742
"C5869T",0.007677543186180422,16,0.003337505214851898
"C5878T",0.9995189995189995,2078,0.2707844670315351
"A5898G",0.00047938638542665386,1,0.00046598322460391424
"C5901T",0.0009587727708533077,2,0.0009254974548819991
"T5905C",0.0004791566842357451,1,0.00046040515653775324
"C5907T",0.0023969319271332696,5,0.0013812154696132596
"A5914G",0.0019184652278177458,4,0.001876172607879925
"T5920C",0.0009592326139088729,2,0.00088261253309797
"A5939G",0.0004757373929590866,1,0.00046490004649000463
"T5947C",0.0009519276534983341,2,0.00034614053305642093
"G5950T",0.0009519276534983341,2,0.0008748906386701663
"C5956T",0.0004757373929590866,1,0.00038550501156515033
"A5957G",0.0009514747859181732,2,0.0009237875288683603
"A5971G",0.00047596382674916705,1,0.0004675081813931744
"C5974T",0.0009519276534983341,2,0.0006798096532970768
"C5979T",0.002379819133745835,5,0.002071251035625518
"C5986T",0.00047551117451260106,1,0.00023430178069353328
"G5992A",0.0009510223490252021,2,0.0009025270758122744
"T6004C",0.002376425855513308,5,0.0021222410865874364
"A6013G",0.0014272121788772598,3,0.0014097744360902255
"C6016T",0.002378686964795433,5,0.0015128593040847202
"A6018G",0.0004757373929590866,1,0.0004585052728106373
"C6026T",0.002379819133745835,5,0.0011668611435239206
"C6027T",0.0014278914802475012,3,0.0008638065073423554
"C6031T",0.00809138505473584,17,0.004749930148086058
"A6035G",0.00047709923664122136,1,0.0004589261128958238
"C6037T",0.00047709923664122136,1,0.0004152823920265781
"C6040T",0.004770992366412214,10,0.0014320492624946299
"A6051G",0.00047664442326024784,1,0.0004679457182966776
"T6053C",0.00047664442326024784,1,0.00047192071731949034
"A6063G",0.00047664442326024784,1,0.00045998160073597056
"C6070T",0.00047664442326024784,1,0.0001632386549134835
"T6076C",0.00047664442326024784,1,0.0004591368227731864
"C6091T",0.0004764173415912339,1,0.00035486160397445
"C6113A",0.0009523809523809524,2,0.000946521533364884
"G6123A",0.0014285714285714286,3,0.0013786764705882354
"G6127A",0.0004761904761904762,1,0.000468384074941452
"T6130C",0.0009523809523809524,2,0.0009170105456212746
"A6131G",0.005238095238095238,11,0.005154639175257732
"A6154G",0.00047732696897374703,1,0.00046253469010175765
"A6156G",0.0019093078758949881,4,0.001869158878504673
"G6166A",0.0004784688995215311,1,0.0004472271914132379
"T6181C",0.0004786979415988511,1,0.00043840420868040335
"A6183G",0.0004798464491362764,1,0.0000036513274400908452
"A6184G",0.0004786979415988511,1,0.00045998160073597056
"C6185T",0.0004789272030651341,1,0.0004570383912248629
"C6187T",0.0009573958831977022,2,0.0008833922261484099
"C6190T",0.0004786979415988511,1,0.0004329004329004329
"C6196T",0.0009583133684714902,2,0.00046882325363338024
"C6198T",0.00047824007651841227,1,0.0003589375448671931
"A6217G",0.00047709923664122136,1,0.00046904315196998124
"T6218C",0.00047709923664122136,1,0.00045682960255824577
"T6238C",0.0004757373929590866,1,0.00045045045045045046
"C6258T",0.00047961630695443646,1,0.00041339396444811904
"A6261C",0.0004789272030651341,1,0.00046904315196998124
"C6267T",0.0009569377990430622,2,0.0008737439930100481
"C6268T",0.0014354066985645933,3,0.0012552301255230125
"C6278T",0.007159904534606206,15,0.006890215893431328
"C6285A",0.00047709923664122136,1,0.0004675081813931744
"C6285T",0.005248091603053435,11,0.0030649205906937865
"C6286T",0.00047709923664122136,1,0.00026295030239284776
"T6292C",0.0009528346831824678,2,0.0009319664492078285
"A6293G",0.0004764173415912339,1,0.0003355704697986577
"T6294C",0.0023820867079561697,5,0.002051702913418137
"G6309T",0.0004764173415912339,1,0.0004389815627743635
"C6310T",0.0004764173415912339,1,0.00021987686895338611
"C6312A",0.0004761904761904762,1,0.00042589437819420784
"C6312T",0.005714285714285714,12,0.0031512605042016808
"C6318T",0.00047596382674916705,1,0.00038595137012736397
"T6329C",0.0009523809523809524,2,0.0009074410163339383
"C6330T",0.0019047619047619048,4,0.0017467248908296944
"C6336T",0.00047596382674916705,1,0.00030349013657056146
"G6352A",0.0004757373929590866,1,0.00036088054853843375
"C6354T",0.0009519276534983341,2,0.00043318171973142733
"A6366G",0.00047596382674916705,1,0.0004508566275924256
"G6367T",0.00047551117451260106,1,0.00046061722708429296
"G6368A",0.0023775558725630053,5,0.0021777003484320556
"T6376C",0.0004757373929590866,1,0.0004347826086956522
"T6379C",0.00047596382674916705,1,0.0004608294930875576
"G6383C",0.0004764173415912339,1,0.0004710315591144607
"C6384T",0.0004764173415912339,1,0.00043554006968641115
"G6392A",0.0004764173415912339,1,0.0004591368227731864
"A6399G",0.005711565920990005,12,0.005338078291814947
"C6401A",0.00047596382674916705,1,0.00045641259698767686
"C6401T",0.0019038553069966682,4,0.001210287443267776
"C6408T",0.0028530670470756064,6,0.002586206896551724
"T6409C",0.0023775558725630053,5,0.002221235006663705
"G6410A",0.00047551117451260106,1,0.00046685340802987864
"A6411G",0.0033285782215882074,7,0.0032407407407407406
"G6416T",0.0004752851711026616,1,0.00046598322460391424
"G6419A",0.0009505703422053232,2,0.0009216589861751152
"C6432T",0.00332541567695962,7,0.003003003003003003
"C6433T",0.0023752969121140144,5,0.0021514629948364886
"A6442C",0.00047505938242280285,1,0.00046274872744099955
"C6445T",0.00047505938242280285,1,0.00038182512409316535
"G6446A",0.0014251781472684087,3,0.001287001287001287
"G6446T",0.0028503562945368173,6,0.002582866982350409
"C6449T",0.0009501187648456057,2,0.0005633802816901409
"A6459G",0.00047505938242280285,1,0.00041186161449752884
"G6463T",0.0019002375296912114,4,0.001813236627379873
"T6469C",0.00047505938242280285,1,0.0004329004329004329
"C6471T",0.00047505938242280285,1,0.0004280821917808219
"C6472T",0.0019002375296912114,4,0.0016122531237404273
"G6479A",0.00047505938242280285,1,0.0004631773969430292
"A6486G",0.00047505938242280285,1,0.0004623208506703652
"C6501A",1,2095,0.23814936910310333
"G6503T",0.00047596382674916705,1,0.00047036688617121356
"T6511C",0.00047596382674916705,1,0.00045558086560364467
"G6513-",0.0009519276534983341,2,0.0007858546168958742
"T6514-",0.0009519276534983341,2,0.0007861635220125787
"T6514G",0.00047596382674916705,1,0.000473260766682442
"T6515-",0.0009519276534983341,2,0.0007864726700747149
"A6520T",0.0004764173415912339,1,0.000473260766682442
"T6522A",0.0004764173415912339,1,0.0004616805170821791
"C6525T",0.0014292520247737017,3,0.0006858710562414266
"G6536T",0.0004764173415912339,1,0.000449842555105713
"C6538T",0.010481181515007145,22,0.008205893323386795
"C6539T",0.00047664442326024784,1,0.00018083182640144665
"C6541T",0.00047664442326024784,1,0.00003522367030644593
"C6543T",0.0019002375296912114,4,0.0007900454276120877
"A6544G",0.0004752851711026616,1,0.00047058823529411766
"C6555T",0.016722408026755852,35,0.011800404585300068
"G6566T",0.0004935834155972359,1,0.0004580852038479157
"A6567G",0.0009861932938856016,2,0.0009372071227741331
"C6568T",0.003942828979793002,8,0.0026926960619320095
"A6569C",0.0014792899408284023,3,0.001266891891891892
"C6573T",0.0009847365829640572,2,0.0004521817770743839
"T6579A",0.0004923682914820286,1,0.00047192071731949034
"T6583C",0.0004918839153959665,1,0.00045248868778280545
"A6584G",0.0004921259842519685,1,0.00047036688617121356
"T6585C",0.0004921259842519685,1,0.0004664179104477612
"A6591G",0.0009823182711198428,2,0.0009380863039399625
"C6593T",0.0004906771344455348,1,0.0004389815627743635
"A6604G",0.0004926108374384236,1,0.00045024763619990995
"A6613G",0.0034448818897637795,7,0.002340354396522902
"A6616G",0.001968503937007874,4,0.0015521924718665113
"C6628T",0.0004923682914820286,1,0.00029726516052318666
"C6633T",0.000983767830791933,2,0.0006025911419102139
"C6636T",0.004923682914820286,10,0.0029205607476635513
"C6638G",0.0004921259842519685,1,0.0004723665564478035
"C6638T",0.0004921259842519685,1,0.00033932813030200206
"A6646G",0.0009852216748768472,2,0.0008035355564483728
"G6650A",0.0004928536224741252,1,0.00045662100456621003
"C6651T",0.0024606299212598425,5,0.0019004180919802356
"A6659G",0.000983767830791933,2,0.0008107012565869477
"T6661C",0.0004928536224741252,1,0.00044802867383512545
"C6664T",0.007885657959586003,16,0.006702974444909929
"C6666T",0.0004928536224741252,1,0.0004374453193350831
"C6675T",0.0004926108374384236,1,0.00045558086560364467
"C6690T",0.0004928536224741252,1,0.00043159257660768235
"C6695T",0.006899950714637753,14,0.005335365853658537
"T6697G",0.0004935834155972359,1,0.0004725897920604915
"C6701T",0.003453379378391712,7,0.0013655872024970737
"C6706T",0.006413418845584608,13,0.004445964432284542
"A6709C",0.0004930966469428008,1,0.00046685340802987864
"A6716G",0.000493339911198816,1,0.00043956043956043956
"C6720T",0.02073050345508391,42,0.01305158483530143
"C6723T",0.0009857072449482504,2,0.0007827788649706458
"C6726T",0.0004928536224741252,1,0.00034698126301179735
"C6730T",0.0009861932938856016,2,0.000666000666000666
"A6731G",0.0004930966469428008,1,0.00046860356138706655
"G6753A",0.0004950495049504951,1,0.0004640371229698376
"G6755A",0.0004935834155972359,1,0.00046511627906976747
"C6762T",0.0004918839153959665,1,0.00038153376573826786
"T6778C",0.0004868549172346641,1,0.0004608294930875576
"C6781T",0.0038929440389294406,8,0.0024074631357207344
"T6784C",0.0004868549172346641,1,0.0004666355576294914
"C6786T",0.0004868549172346641,1,0.0003562522265764161
"A6806G",0.0004873294346978557,1,0.00045024763619990995
"C6807A",0.0004873294346978557,1,0.00046948356807511736
"G6816A",0.00048828125,1,0.00046125461254612545
"A6817G",0.00048828125,1,0.00046061722708429296
"C6843T",0.0014619883040935672,3,0.001002673796791444
"C6848T",0.0004873294346978557,1,0.00046253469010175765
"C6855T",0.0009501187648456057,2,0.0008547008547008547
"G6877A",0.0014245014245014246,3,0.0013934045517882026
"G6879A",0.002849002849002849,6,0.002810304449648712
"G6884A",0.0038186157517899762,8,0.0031885213232363493
"G6884T",0.003341288782816229,7,0.003173164097914778
"G6894T",0.0004775549188156638,1,0.00035486160397445
"C6896T",0.0019102196752626551,4,0.0004679457182966776
"C6906T",0.0038186157517899762,8,0.0033250207813798837
"G6961T",0.00047732696897374703,1,0.0004636068613815484
"A6967G",0.00047732696897374703,1,0.00046511627906976747
"C6968T",0.00954653937947494,20,0.00649772579597141
"A6970G",0.0052531041069723014,11,0.0050784856879039705
"T6979A",0.00047732696897374703,1,0.00046948356807511736
"G6981A",0.0009546539379474941,2,0.0008944543828264759
"C6983T",0.001431980906921241,3,0.0011682242990654205
"C6990T",0.0009551098376313276,2,0.0005107252298263534
"C7000T",0.0009546539379474941,2,0.0007064641469445425
"C7002T",0.00047732696897374703,1,0.0003365870077415012
"C7006T",0.001431980906921241,3,0.0007058823529411765
"T7009A",0.001431980906921241,3,0.0013992537313432835
"T7026C",0.0004775549188156638,1,0.00046511627906976747
"A7032G",0.00047732696897374703,1,0.00046533271288971617
"G7042A",0.00047732696897374703,1,0.0004506534474988734
"G7042T",0.00047732696897374703,1,0.0004177109440267335
"G7058A",0.0033444816053511705,7,0.0030527692978630614
"G7065A",0.0009555661729574773,2,0.0009263547938860583
"G7067A",0.00047778308647873863,1,0.000462962962962963
"G7071T",0.00047778308647873863,1,0.0004574565416285453
"T7077C",0.00047778308647873863,1,0.00045662100456621003
"C7081T",0.0033444816053511705,7,0.0025519504192489974
"C7086T",0.0009551098376313276,2,0.00023823704586063132
"G7100C",0.0019111323459149545,4,0.001892147587511826
"C7101T",0.00047778308647873863,1,0.0004182350480970305
"A7112G",0.00047778308647873863,1,0.0004610419548178884
"C7113T",1,2088,0.01870984507029633
"C7119T",0.00047778308647873863,1,0.0002208968411751712
"T7122C",0.00047778308647873863,1,0.00044662795891022776
"C7125A",0.004297994269340974,9,0.004193849021435228
"C7125T",0.0004775549188156638,1,0.00045413260672116256
"G7133A",0.0004775549188156638,1,0.0004585052728106373
"G7145A",0.0004775549188156638,1,0.00030111412225233364
"G7145T",0.0009551098376313276,2,0.0009433962264150943
"G7146A",0.0004775549188156638,1,0.0004666355576294914
"A7150G",0.00047824007651841227,1,0.00043649061545176777
"A7159G",0.0014354066985645933,3,0.001415762151958471
"G7160A",0.0004784688995215311,1,0.0004422821760283061
"C7162T",0.0004784688995215311,1,0.00027662517289073305
"C7164A",0.0004784688995215311,1,0.00046446818392940084
"C7164T",0.0004784688995215311,1,0.0002100840336134454
"C7165T",0.0014354066985645933,3,0.0009502692429521698
"C7173T",0.0004784688995215311,1,0.0003259452411994785
"A7180G",0.0014326647564469914,3,0.0013992537313432835
"T7185G",0.00047732696897374703,1,0.000473260766682442
"A7201G",0.0005104645227156713,1,0.00044444444444444447
"T7222C",0.001017293997965412,2,0.0009376465072667605
"G7223A",0.0005078720162519045,1,0.00046146746654360867
"G7252A",0.0005060728744939271,1,0.00046728971962616824
"T7265C",0.0005070993914807302,1,0.0004633920296570899
"C7267T",0.0015236160487557136,3,0.0008620689655172414
"C7279T",0.0015205271160669033,3,0.0009196811771919068
"G7295A",0.001010611419909045,2,0.0009298000929800093
"C7303T",0.006057546693589096,12,0.004602991944764097
"G7320A",0.005070993914807302,10,0.004543389368468878
"C7334T",0.0005053057099545225,1,0.00042643923240938164
"T7336C",0.00810126582278481,16,0.007380073800738007
"T7351C",0.0015113350125944584,3,0.001405152224824356
"G7360T",0.0010080645161290322,2,0.0008602150537634409
"T7375C",0.0005017561465127947,1,0.00045351473922902497
"C7376T",0.0005017561465127947,1,0.0004692632566870014
"C7382A",0.0005015045135406219,1,0.0004574565416285453
"A7385G",0.000502008032128514,1,0.00046728971962616824
"G7387A",0.0005025125628140704,1,0.000432152117545376
"G7393T",0.0025150905432595573,5,0.001515610791148833
"T7396C",0.0005025125628140704,1,0.00045024763619990995
"C7420T",0.0025037556334501754,5,0.0012416190712689348
"C7423T",0.019066733567486203,38,0.014803272302298403
"G7427T",0.0025037556334501754,5,0.002360717658168083
"T7441C",0.0005002501250625312,1,0.0004601932811780948
"A7451G",0.0005012531328320802,1,0.00042936882782310007
"T7465C",0.0010075566750629723,2,0.0009394081728511038
"A7468G",0.0010080645161290322,2,0.0009306654257794323
"C7521T",0.0011689070718877848,2,0.0008703220191470844
"C7528T",0.002333722287047841,4,0.0004336983627886805
"T7540C",0.0005767012687427913,1,0.0004572473708276177
"G7560A",0.000574052812858783,1,0.00045998160073597056
"C7564A",0.001146131805157593,2,0.0009394081728511038
"C7564T",0.0028653295128939827,5,0.000628614533568016
"T7574C",0.0005720823798627002,1,0.0004710315591144607
"C7594T",0.0005701254275940707,1,0.0003009328919650918
"A7606G",0.0005698005698005698,1,0.0004679457182966776
"G7622A",0.0005688282138794084,1,0.00046382189239332097
"A7636G",0.0005675368898978433,1,0.000427715996578272
"C7639T",0.0005685048322910744,1,0.0003951007506914263
"T7666C",0.0005704506560182544,1,0.0004506534474988734
"T7672A",0.0011389521640091116,2,0.0009407337723424271
"G7675A",0.0005701254275940707,1,0.0004570383912248629
"G7675T",0.0005701254275940707,1,0.0003961965134706815
"G7684A",0.002826455624646693,5,0.0021249468763280916
"C7688T",0.0005652911249293386,1,0.00042426813746287653
"C7703T",0.0005659309564233164,1,0.0004608294930875576
"C7704A",0.0005665722379603399,1,0.0004734848484848485
"C7712T",0.0011299435028248588,2,0.000864304235090752
"C7728T",0.001129305477131564,2,0.0006811989100817438
"C7732T",0.0005652911249293386,1,0.00030321406913280777
"C7735T",0.0011363636363636363,2,0.0004786979415988511
"G7736A",0.0028296547821165816,5,0.0021767522855899
"T7744C",0.0005662514156285391,1,0.00046707146193367583
"C7764T",0.0034285714285714284,6,0.0012618296529968455
"C7765T",0.0005720823798627002,1,0.00024789291026276647
"T7767C",0.0005717552887364208,1,0.0004187604690117253
"T7771C",0.0005672149744753262,1,0.00044583147570218456
"C7772T",0.0005681818181818182,1,0.0004434589800443459
"C7777T",0.0005688282138794084,1,0.0004278990158322636
"T7780C",0.0005694760820045558,1,0.00046728971962616824
"T7783C",0.0005701254275940707,1,0.000333889816360601
"C7788T",0.0005704506560182544,1,0.00044543429844097997
"T7792C",0.0005724098454493417,1,0.00046816479400749064
"A7795G",0.000572737686139748,1,0.00047192071731949034
"G7798T",0.00047551117451260106,1,0.00038880248833592535
"C7819T",0.00047505938242280285,1,0.000407000407000407
"A7833G",0.00047961630695443646,1,0.00046904315196998124
"C7834T",0.004796163069544364,10,0.0023957834211787254
"A7842G",0.0004807692307692308,1,0.0000036170813047535684
"C7851T",0.00047961630695443646,1,0.00027586206896551725
"T7855C",0.00047961630695443646,1,0.00042607584149978694
"C7858T",0.0052732502396931925,11,0.004694835680751174
"A7859G",0.0004791566842357451,1,0.0004666355576294914
"A7863G",0.0004789272030651341,1,0.00044742729306487697
"G7865T",0.0019157088122605363,4,0.0017857142857142857
"C7869T",0.0009587727708533077,2,0.00005365958360163125
"C7874T",0.0004791566842357451,1,0.00045578851412944393
"T7876C",0.0009573958831977022,2,0.000944733112895607
"A7921G",0.0014354066985645933,3,0.0013940520446096654
"C7926T",0.0009573958831977022,2,0.0007283321194464676
"T7931G",0.0004786979415988511,1,0.00046598322460391424
"G7936A",0.003829583532790809,8,0.003256003256003256
"C7945T",0.006220095693779904,13,0.003485254691689008
"G7954T",0.0004786979415988511,1,0.00045934772622875517
"C7955T",0.0004784688995215311,1,0.00044682752457551384
"A7958G",0.0009573958831977022,2,0.0009358914365933552
"A7981G",0.0023946360153256703,5,0.002175805047867711
"G7982A",0.0004791566842357451,1,0.00046992481203007516
"G7987A",0.0004791566842357451,1,0.0004440497335701599
"A8001G",0.0004791566842357451,1,0.0002720348204570185
"T8004C",0.0004791566842357451,1,0.00047214353163361664
"G8015A",0.0004789272030651341,1,0.0004426737494466578
"G8017A",0.0028735632183908046,6,0.00262582056892779
"G8017T",0.0004789272030651341,1,0.00037439161362785476
"A8026C",0.0004789272030651341,1,0.0004730368968779565
"C8043T",0.0004789272030651341,1,0.00042283298097251583
"T8082C",0.0023957834211787254,5,0.0023105360443622922
"A8088G",0.0004791566842357451,1,0.0004623208506703652
"C8092T",0.0009583133684714902,2,0.0005205622071837585
"C8097T",0.0004786979415988511,1,0.00043159257660768235
"G8102T",0.0004786979415988511,1,0.0004526935264825713
"C8106T",0.0004786979415988511,1,0.0004014452027298274
"G8114A",0.00047551117451260106,1,0.0004610419548178884
"C8123T",0.00047551117451260106,1,0.00044802867383512545
"C8140T",0.007139457401237506,15,0.0036936715094804235
"T8141C",0.00047596382674916705,1,0.0004679457182966776
"G8144A",0.00047596382674916705,1,0.0004496402877697842
"C8146T",0.0019047619047619048,4,0.0016266775111834079
"G8171A",0.0009514747859181732,2,0.0008492569002123143
"G8179A",0.0009510223490252021,2,0.0008853474988933156
"C8240T",0.0009505703422053232,2,0.0006609385327164573
"C8247T",0.0004752851711026616,1,0.0003714710252600297
"T8248C",0.0028517110266159697,6,0.0027945971122496508
"G8264A",0.009510223490252021,20,0.00919963201471941
"C8266T",0.0009510223490252021,2,0.0008003201280512205
"T8284C",0.001899335232668566,4,0.0018018018018018018
"G8287T",0.0004748338081671415,1,0.000449034575662326
"C8290T",0.000949667616334283,2,0.000552944429084877
"C8293T",0.0014258555133079848,3,0.000010784190376907454
"C8299T",0.9995244888254874,2102,0.24286539572501445
"C8311T",0.00047460844803037496,1,0.0003869969040247678
"C8318A",0.0023730422401518746,5,0.0017624250969333803
"C8320A",0.00047460844803037496,1,0.0004697040864255519
"C8334T",0.00047460844803037496,1,0.0004342162396873643
"T8338C",0.0014238253440911248,3,0.0013704888076747374
"C8344T",0.0023730422401518746,5,0.001514692517418964
"A8348G",0.00047460844803037496,1,0.0004623208506703652
"T8350C",0.0004748338081671415,1,0.00003016955288722621
"G8353A",0.0009492168960607499,2,0.000864304235090752
"C8367T",0.0009492168960607499,2,0.0009004952723998199
"G8368A",0.00047460844803037496,1,0.00043233895373973193
"G8372A",0.00047460844803037496,1,0.00046904315196998124
"A8374G",0.00047460844803037496,1,0.0003479471120389701
"C8386T",0.0028476506881822496,6,0.0025167785234899327
"C8389T",0.00047460844803037496,1,0.00030759766225776686
"A8390G",0.9980988593155894,2100,0.2742230347349177
"G8393A",0.0019002375296912114,4,0.000014391336415477883
"T8410C",0.0014238253440911248,3,0.0014044943820224719
"C8438T",0.0004737091425864519,1,0.00041339396444811904
"C8480T",0.0009528346831824678,2,0.0008521516829995739
"C8481T",0.0004761904761904762,1,0.00041288191577208916
"T8515C",0.0019047619047619048,4,0.0018779342723004694
"G8516A",0.0004761904761904762,1,0.0004608294930875576
"G8572T",0.0014285714285714286,3,0.0013422818791946308
"A8585G",0.0004761904761904762,1,0.0004701457451810061
"A8590G",0.0004764173415912339,1,0.00042498937526561835
"C8605T",0.0009523809523809524,2,0.0007178750897343862
"C8619T",0.0004761904761904762,1,0.0003862495171881035
"C8626T",0.0004764173415912339,1,0.0002931691586045148
"A8633G",0.0004761904761904762,1,0.00045829514207149406
"C8637T",0.0009523809523809524,2,0.0007713073659853452
"T8641C",0.0004761904761904762,1,0.0004662004662004662
"T8643C",0.0009523809523809524,2,0.0009438414346389807
"T8644C",0.0004761904761904762,1,0.00046533271288971617
"T8647C",0.0004761904761904762,1,0.00045248868778280545
"T8649C",0.0004761904761904762,1,0.00045955882352941176
"G8653A",0.0004761904761904762,1,0.00046685340802987864
"C8655T",0.006666666666666667,14,0.003877042370534478
"C8660T",0.0004761904761904762,1,0.0003965107057890563
"A8661G",0.0004761904761904762,1,0.00047036688617121356
"T8662C",0.002380952380952381,5,0.002180549498473615
"C8668A",0.0014285714285714286,3,0.0013895321908290875
"T8671C",0.0009523809523809524,2,0.0009389671361502347
"C8673T",0.0004761904761904762,1,0.00042265426880811494
"C8683T",0.008095238095238095,17,0.004975124378109453
"G8695A",0.008099094807050978,17,0.00783410138248848
"G8705A",0.0009528346831824678,2,0.0008936550491510277
"T8707C",0.0004764173415912339,1,0.0004616805170821791
"C8713T",0.0033349213911386373,7,0.003034243606415258
"C8722T",0.0009528346831824678,2,0.0008587376556462001
"T8737C",0.0004764173415912339,1,0.0001313370107696349
"C8752T",0.0009528346831824678,2,0.0007499062617172854
"G8759T",0.0004764173415912339,1,0.0004714757190004715
"C8760T",0.0004764173415912339,1,0.0004091653027823241
"G8762T",0.00047393364928909954,1,0.00047192071731949034
"T8764A",0.0004737091425864519,1,0.0004714757190004715
"C8772T",0.0009478672985781991,2,0.0008061265618702137
"C8782T",0.0009633911368015414,2,0.0006805035726437564
"A8795G",0.0004807692307692308,1,0.00045248868778280545
"C8802T",0.0028873917228103944,6,0.0018088634308109737
"C8809T",0.0004807692307692308,1,0.0004139072847682119
"C8818T",0.00048123195380173246,1,0.000027087791532356366
"A8821G",0.0004803073967339097,1,0.0004492362982929021
"A8833G",0.00048007681228996637,1,0.0004640371229698376
"G8834T",0.00048007681228996637,1,0.00046533271288971617
"C8836T",0.0009596928982725527,2,0.0008435259384226065
"C8841T",0.0014388489208633094,3,0.0012396694214876034
"G8844T",0.00047961630695443646,1,0.00046948356807511736
"G8849A",0.0004798464491362764,1,0.0004286326618088298
"G8853A",0.00047938638542665386,1,0.00047080979284369113
"T8854C",0.0009583133684714902,2,0.0009153318077803204
"T8857C",0.00047938638542665386,1,0.0004636068613815484
"G8861A",0.0009592326139088729,2,0.000851063829787234
"T8866A",0.00048007681228996637,1,0.0004578754578754579
"G8876A",0.0004798464491362764,1,0.00047080979284369113
"C8878T",0.00047938638542665386,1,0.0004580852038479157
"G8881A",0.000484027105517909,1,0.00045310376076121433
"G8889A",0.0019147917663954045,4,0.001443522194153735
"C8890T",0.0004786979415988511,1,0.0004478280340349306
"C8892T",0.0004786979415988511,1,0.0003863987635239567
"T8899C",0.0009573958831977022,2,0.0008892841262783459
"C8917T",0.0014374700527072352,3,0.0008344923504867872
"A8938G",0.0004791566842357451,1,0.0004623208506703652
"G8939T",0.0019166267369429804,4,0.0017785682525566918
"C8950T",0.0009573958831977022,2,0.0006188118811881188
"T8971C",0.0009573958831977022,2,0.0009354536950420954
"T8983C",0.0004784688995215311,1,0.0004591368227731864
"C8991T",0.0009569377990430622,2,0.0006383657835939994
"A8992G",0.0004784688995215311,1,0.00045829514207149406
"C8994T",0.0014360938247965534,3,0.001266891891891892
"T9001C",0.005265677357587362,11,0.0051162790697674414
"T9007C",0.0009578544061302681,2,0.0009017132551848512
"T9013C",0.0009583133684714902,2,0.0009385265133740028
"T9043C",0.0004803073967339097,1,0.00047036688617121356
"T9064C",0.0004748338081671415,1,0.0004623208506703652
"A9071G",0.0019002375296912114,4,0.0018885741265344666
"C9072T",0.0004748338081671415,1,0.0004506534474988734
"C9073T",0.0014245014245014246,3,0.0008818342151675485
"T9076C",0.0004748338081671415,1,0.00046253469010175765
"G9092T",0.000949667616334283,2,0.0009332711152589828
"G9105A",0.00047505938242280285,1,0.0004662004662004662
"C9112T",0.0004798464491362764,1,0.0003946329913180742
"G9123A",0.00047961630695443646,1,0.00047080979284369113
"T9145C",0.00047961630695443646,1,0.00046707146193367583
"T9151A",0.00047961630695443646,1,0.00046882325363338024
"C9163T",0.00047961630695443646,1,0.0004014452027298274
"C9166T",0.00047961630695443646,1,0.00033057851239669424
"T9167A",0.0014388489208633094,3,0.0014177693761814746
"C9169T",0.00047961630695443646,1,0.00040666937779585197
"T9172A",0.00047961630695443646,1,0.00046992481203007516
"T9172C",0.00047961630695443646,1,0.00045599635202918376
"G9190T",0.00047961630695443646,1,0.00041407867494824016
"T9205C",0.00047961630695443646,1,0.000437636761487965
"C9207T",0.0009592326139088729,2,0.0009017132551848512
"T9208G",0.00047961630695443646,1,0.000462962962962963
"C9223T",0.00671462829736211,14,0.0037604082728982004
"T9232C",0.00047961630695443646,1,0.0004572473708276177
"A9238G",0.0014388489208633094,3,0.0013717421124828531
"G9242A",0.00047961630695443646,1,0.00045475216007276033
"C9246T",0.00527831094049904,11,0.003937007874015748
"A9259G",0.0019184652278177458,4,0.001678556441460344
"G9278A",0.00047961630695443646,1,0.0004432624113475177
"C9286T",0.0009592326139088729,2,0.0004398504508467121
"A9291C",0.00047961630695443646,1,0.0003096934035305048
"C9298T",0.00047961630695443646,1,0.00033003300330033004
"A9301G",0.002398081534772182,5,0.0018712574850299401
"C9303T",0.00047961630695443646,1,0.0004692632566870014
"C9319T",0.0014395393474088292,3,0.0009894459102902375
"T9327C",0.0014245014245014246,3,0.001419782300047326
"T9331C",0.00047460844803037496,1,0.0004597701149425287
"C9333T",0.0004748338081671415,1,0.0004578754578754579
"C9344T",0.9947643979057592,2090,0.0027698885285530445
"T9349C",0.00047505938242280285,1,0.0004657661853749418
"T9376C",0.0004752851711026616,1,0.0004420866489832007
"T9382C",0.0004757373929590866,1,0.000471253534401508
"T9385G",0.0009514747859181732,2,0.000942951438000943
"G9389A",0.00047551117451260106,1,0.0004520795660036166
"A9419G",0.0009652509652509653,2,0.0007390983000739098
"A9424G",0.9884169884169884,2048,0.002746799535941094
"G9425T",0.00048262548262548264,1,0.0004589261128958238
"C9430T",0.006274131274131274,13,0.0028508771929824563
"C9438T",0.00048216007714561236,1,0.0004440497335701599
"C9443T",0.00048216007714561236,1,0.0004411116012351125
"C9447T",0.0009643201542912247,2,0.0008768084173608067
"C9448T",0.0014464802314368371,3,0.0011325028312570782
"C9451T",0.00048216007714561236,1,0.0003705075954057058
"T9485C",0.00048496605237633366,1,0.00046274872744099955
"C9487T",0.008240426563257392,17,0.0061818181818181816
"T9493C",0.0004847309743092584,1,0.0004631773969430292
"G9500A",0.018904507998061076,39,0.018097447795823667
"C9502T",0.0004847309743092584,1,0.0004246284501061571
"C9510T",0.00048449612403100775,1,0.00042087542087542086
"A9529C",0.0058167716917111,12,0.005681818181818182
"C9532T",0.0009694619486185168,2,0.00033277870216306157
"C9534T",0.9995152690256908,2062,0.002740195694092101
"G9536A",0.0004847309743092584,1,0.00043975373790677223
"C9565T",0.0009638554216867469,2,0.0005729017473503294
"T9566C",0.00048192771084337347,1,0.0004677268475210477
"G9575A",0.00048216007714561236,1,0.00045372050816696913
"G9584A",0.00048192771084337347,1,0.0004409171075837742
"A9587G",0.00048192771084337347,1,0.000429000429000429
"T9608C",0.0004752851711026616,1,0.000471253534401508
"T9613C",0.0004752851711026616,1,0.00047036688617121356
"T9616G",0.0004752851711026616,1,0.000473260766682442
"T9619C",0.0004752851711026616,1,0.00043346337234503684
"G9646A",0.0009519276534983341,2,0.000819672131147541
"C9665T",0.00047596382674916705,1,0.0004269854824935952
"C9693T",0.009685230024213076,20,0.00030021915998679037
"T9694C",0.00048426150121065375,1,0.00046728971962616824
"C9700T",0.00436046511627907,9,0.0035419126328217238
"C9711T",0.001454192922927775,3,0.001254180602006689
"C9712T",0.0004847309743092584,1,0.00042211903756859433
"C9714T",0.00048426150121065375,1,0.00042426813746287653
"T9721C",0.003391472868217054,7,0.003125
"C9724T",0.0014534883720930232,3,0.0008968609865470852
"C9733T",0.00048520135856380397,1,0.0004180602006688963
"C9745T",0.00048661800486618007,1,0.00041649312786339027
"G9773A",0.001953125,4,0.0018323408153916628
"A9793C",0.0004868549172346641,1,0.0004675081813931744
"G9802T",0.0009727626459143969,2,0.000892458723784025
"C9803T",0.0024319066147859923,5,0.0010799136069114472
"G9805T",0.0014605647517039922,3,0.0012853470437017994
"C9811T",0.009727626459143969,20,0.00858000858000858
"A9830C",0.00048661800486618007,1,0.000473260766682442
"A9848G",0.0004870920603994155,1,0.000445632798573975
"G9856T",0.0029211295034079843,6,0.002577319587628866
"C9857T",0.010710808179162609,22,0.006140106056377337
"C9866T",0.9990191270230505,2037,0.005092640047601309
"C9870T",0.0024437927663734115,5,0.0021949078138718174
"T9892C",0.0004901960784313725,1,0.0004585052728106373
"T9901C",0.0004904364884747426,1,0.0004452359750667854
"G9923A",0.0009881422924901185,2,0.000899685110211426
"C9924T",0.0009881422924901185,2,0.0009242144177449168
"T9931C",0.0023832221163012394,5,0.001869158878504673
"A9935G",0.0009523809523809524,2,0.0007855459544383347
"C9943T",0.0009532888465204957,2,0.0005975500448162533
"A9949G",0.00047732696897374703,1,0.00045662100456621003
"T9964C",0.0004911591355599214,1,0.000429553264604811
"C9967T",0.0004909180166912126,1,0.0002641310089804543
"C9985T",0.000980392156862745,2,0.0007399186089530152
"T10009C",0.0014691478942213516,3,0.0013908205841446453
"C10015T",0.0004897159647404506,1,0.0003444712366517396
"A10021G",0.0004899559039686428,1,0.0004675081813931744
"C10029T",1,2043,0.002716231577687813
"C10030T",0.0004892367906066536,1,0.0002832058906825262
"A10042G",0.998038254046101,2035,0.21561771561771562
"T10048C",0.0004889975550122249,1,0.00045871559633027525
"G10065A",0.0004885197850512946,1,0.00045413260672116256
"G10073T",0.0004885197850512946,1,0.00047058823529411766
"C10074T",0.0004885197850512946,1,0.00047058823529411766
"C10078T",0.0009775171065493646,2,0.0006020469596628537
"T10087C",0.003421309872922776,7,0.003234750462107209
"C10116T",0.0004892367906066536,1,0.0004222972972972973
"C10138T",0.012242899118511263,25,0.005297732570459843
"C10142A",0.0004894762604013706,1,0.00032776138970829236
"A10164G",0.0004894762604013706,1,0.0004725897920604915
"C10165T",0.0009789525208027412,2,0.0008100445524503848
"G10180T",0.0009789525208027412,2,0.0009119927040583675
"C10183T",0.005873715124816446,12,0.0044069041498347415
"C10186T",0.0004899559039686428,1,0.0003633720930232558
"C10189T",0.0004894762604013706,1,0.00030165912518853697
"T10190G",0.0004894762604013706,1,0.0004714757190004715
"T10192C",0.0004894762604013706,1,0.00045351473922902497
"A10197G",0.0004897159647404506,1,0.0004725897920604915
"C10198T",1,2042,0.0027291219497852254
"T10222C",0.0014727540500736377,3,0.0013895321908290875
"A10225G",0.0004911591355599214,1,0.0004585052728106373
"C10228T",0.004413928396272682,9,0.0022360248447204968
"T10249C",0.0033285782215882074,7,0.003125
"C10252T",0.006660323501427212,14,0.003878116343490305
"G10262T",0.0004748338081671415,1,0.0004701457451810061
"C10263T",0.0009501187648456057,2,0.0008695652173913044
"T10264C",0.00665083135391924,14,0.006466512702078522
"G10271A",0.0009537434430138292,2,0.0009086778736937755
"T10273A",0.0004768717215069146,1,0.0004730368968779565
"C10277T",0.0009541984732824427,2,0.0007183908045977011
"C10279T",0.003816793893129771,8,0.0018591680223100163
"A10286G",0.0009537434430138292,2,0.0008028904054596548
"T10297G",0.0014299332697807435,3,0.0014204545454545455
"T10309C",0.00047709923664122136,1,0.0004666355576294914
"C10319T",0.0004768717215069146,1,0.00040404040404040404
"A10323G",0.006205250596658711,13,0.0015619368016340262
"C10332T",0.0004768717215069146,1,0.00027901785714285713
"A10333G",0.0009537434430138292,2,0.000899685110211426
"C10335T",0.0004768717215069146,1,0.0003745318352059925
"C10336T",0.0004768717215069146,1,0.0003965107057890563
"T10339C",0.0009537434430138292,2,0.0008470986869970351
"C10340T",0.0004768717215069146,1,0.00033886818027787193
"A10344G",0.0004768717215069146,1,0.0004585052728106373
"G10345A",0.0004768717215069146,1,0.0004562043795620438
"T10363C",0.0004768717215069146,1,0.00045599635202918376
"C10369T",0.003816793893129771,8,0.0012791813239526704
"A10370G",0.0009537434430138292,2,0.0009153318077803204
"G10384A",0.00047551117451260106,1,0.0004510599909788002
"G10396T",0.00047551117451260106,1,0.000432152117545376
"A10399G",0.00047551117451260106,1,0.00045578851412944393
"C10432T",0.0014265335235378032,3,0.0009135200974421437
"T10438C",0.0004757373929590866,1,0.00046992481203007516
"A10445C",0.0014272121788772598,3,0.0014005602240896359
"G10447A",1,2102,0.0027454909034389167
"C10449A",1,2102,0.0027451287676957636
"C10456T",0.0019029495718363464,4,0.0012311480455524776
"A10464G",0.0009514747859181732,2,0.0009456264775413711
"T10504C",0.0004752851711026616,1,0.00047192071731949034
"C10507T",0.0042775665399239545,9,0.0023828435266084196
"C10525T",0.0004752851711026616,1,0.0003883495145631068
"T10528C",0.0004752851711026616,1,0.0004633920296570899
"C10543T",0.0028517110266159697,6,0.0021897810218978104
"C10582T",0.0004743833017077799,1,0.0002891844997108155
"C10594T",0.006175771971496437,13,0.004358028830036876
"G10610T",0.0004764173415912339,1,0.0004679457182966776
"C10615T",0.0014299332697807435,3,0.00024822108224391857
"G10618A",0.002859866539561487,6,0.0026642984014209592
"C10626T",0.0004764173415912339,1,0.0004149377593360996
"C10681T",0.0023741690408357074,5,0.0010670081092616305
"G10688A",0.0004748338081671415,1,0.00044444444444444447
"A10691G",0.0004748338081671415,1,0.00046146746654360867
"C10702T",0.00047505938242280285,1,0.00025025025025025025
"C10712T",0.0004748338081671415,1,0.000445632798573975
"T10717C",0.000949667616334283,2,0.0008737439930100481
"C10726T",0.0004748338081671415,1,0.0004203446826397646
"T10732C",0.0004748338081671415,1,0.00046511627906976747
"T10735A",0.0004748338081671415,1,0.00046860356138706655
"C10741T",0.000949667616334283,2,0.0006267627702914447
"G10754A",0.0004748338081671415,1,0.00046511627906976747
"C10765T",0.000949667616334283,2,0.000777302759424796
"C10775A",0.000949667616334283,2,0.0009358914365933552
"A10785G",0.00047505938242280285,1,0.00046816479400749064
"C10789T",0.0004748338081671415,1,0.00029708853238265005
"G10793A",0.0004748338081671415,1,0.0004640371229698376
"C10798T",0.00047505938242280285,1,0.00040241448692152917
"T10816C",0.0014265335235378032,3,0.0013844023996308261
"C10833T",0.00047505938242280285,1,0.00035075412136092597
"T10843C",0.00047505938242280285,1,0.00042753313381787086
"G10846A",0.0014251781472684087,3,0.0013605442176870747
"A10855G",0.00047505938242280285,1,0.00046189376443418013
"T10856C",0.00047505938242280285,1,0.00046533271288971617
"A10864C",0.00047505938242280285,1,0.00047080979284369113
"G10870T",0.0009487666034155598,2,0.0007465472191116088
"A10873G",0.0004743833017077799,1,0.00045829514207149406
"G10877A",0.0009487666034155598,2,0.000944733112895607
"T10879C",0.0004743833017077799,1,0.0004714757190004715
"C10889T",0.00047460844803037496,1,0.00044863167339614175
"G10901A",0.00048262548262548264,1,0.0004409171075837742
"A10912G",0.0009652509652509653,2,0.0007415647015202076
"C10969T",0.0009643201542912247,2,0.0005656108597285068
"C10977T",0.00048216007714561236,1,0.00042936882782310007
"G10997A",0.0028929604628736743,6,0.00255863539445629
"A11000G",0.006750241080038573,14,0.006424965580541533
"A11002G",0.00048216007714561236,1,0.0004657661853749418
"C11003T",0.00048216007714561236,1,0.00026946914578280785
"C11008A",0.00723589001447178,15,0.006967022758941012
"C11020T",0.008683068017366137,18,0.0028476506881822496
"G11029T",0.0014457831325301205,3,0.0011695906432748538
"G11042T",0.0009652509652509653,2,0.000007276722855094979
"T11044C",0.0009643201542912247,2,0.0009345794392523365
"C11050T",0.00048216007714561236,1,0.00038226299694189603
"G11071A",0.00048216007714561236,1,0.0004329004329004329
"T11075-",0.005794302269435055,12,0.005529953917050691
"T11076-",0.0057859209257473485,12,0.005604857543204111
"T11077-",0.0057859209257473485,12,0.005604857543204111
"G11083T",0.007736943907156673,16,0.0011659258179698316
"C11094T",0.0009643201542912247,2,0.0007815552950371239
"C11095A",0.00048216007714561236,1,0.00046816479400749064
"T11096C",0.00048216007714561236,1,0.00046882325363338024
"C11103T",0.00048216007714561236,1,0.00046882325363338024
"T11107A",0.00048216007714561236,1,0.00047080979284369113
"C11109T",0.0014464802314368371,3,0.0010207553589656345
"T11112C",0.00048216007714561236,1,0.0004484304932735426
"A11120G",0.0009633911368015414,2,0.0008900756564307966
"C11124T",0.001445086705202312,3,0.000945179584120983
"T11131C",0.00048192771084337347,1,0.0004701457451810061
"T11134A",0.0004816955684007707,1,0.000473260766682442
"A11140G",0.00048192771084337347,1,0.0004697040864255519
"G11150A",0.0019286403085824494,4,0.0018018018018018018
"C11152T",0.0024108003857280617,5,0.0017199862401100791
"C11173T",0.00048216007714561236,1,0.00027495188342040145
"G11179A",0.00048216007714561236,1,0.00044072278536800354
"C11195A",0.00047460844803037496,1,0.0004725897920604915
"C11195T",0.0009492168960607499,2,0.0007024938531787847
"C11200T",0.0014245014245014246,3,0.0010968921389396709
"C11208T",0.0004764173415912339,1,0.00038387715930902113
"T11210C",0.0004764173415912339,1,0.000473260766682442
"G11243A",0.0004764173415912339,1,0.00046274872744099955
"A11246G",0.0004761904761904762,1,0.0004347826086956522
"C11249T",0.0033333333333333335,7,0.003060778312199388
"A11252G",0.0014278914802475012,3,0.0013398838767306833
"T11269C",0.0009519276534983341,2,0.0008413967185527977
"G11273T",0.0014278914802475012,3,0.0013979496738117428
"T11275C",0.00047596382674916705,1,0.00047036688617121356
"T11285-",0.00047596382674916705,1,0.00013802622498274673
"T11286-",0.0004761904761904762,1,0.00013802622498274673
"G11287-",0.0004761904761904762,1,0.00013810247203424942
"T11288-",1,2091,0.0028164878356280996
"C11289-",1,2082,0.0028142170677804587
"T11290-",1,2075,0.0028150746910540316
"G11291-",1,2073,0.0028155355629441293
"G11292-",1,2070,0.00281636101666551
"T11293-",1,2069,0.0028169397605124677
"T11294-",0.9995159728944821,2065,0.0028338680858421873
"T11295-",0.9995147986414362,2060,0.0028323509475313862
"T11296-",0.9995136186770428,2055,0.0028279180880796716
"T11296A",0.00048638132295719845,1,0.00046707146193367583
"A11326G",0.00047596382674916705,1,0.00046125461254612545
"C11328T",0.0014278914802475012,3,0.0012116316639741518
"G11333A",0.0038077106139933364,8,0.0037243947858473
"C11339T",0.0009519276534983341,2,0.0007215007215007215
"C11344T",0.0019038553069966682,4,0.0016339869281045752
"A11351G",0.0009519276534983341,2,0.0008745080891998251
"T11362C",0.0004761904761904762,1,0.0004677268475210477
"C11379T",0.0028557829604950024,6,0.002578427159432746
"C11394T",0.0009528346831824678,2,0.0009199632014719411
"A11395G",0.0004764173415912339,1,0.00046382189239332097
"C11396T",0.005714285714285714,12,0.005145797598627788
"T11398C",0.002380952380952381,5,0.0023062730627306273
"G11401T",0.0004764173415912339,1,0.0004589261128958238
"C11416T",0.003811338732729871,8,0.003274662300450266
"T11422C",0.0004764173415912339,1,0.00044802867383512545
"G11426T",0.0004764173415912339,1,0.00045998160073597056
"T11437C",0.0009528346831824678,2,0.0009416195856873823
"C11442T",0.004285714285714286,9,0.003837953091684435
"A11446G",0.0004761904761904762,1,0.000468384074941452
"T11449C",0.002385496183206107,5,0.0016286644951140066
"C11454T",0.0019083969465648854,4,0.0016535758577924762
"C11455A",0.00047709923664122136,1,0.00046882325363338024
"G11466T",0.00047732696897374703,1,0.0004710315591144607
"C11471T",0.0009546539379474941,2,0.000772499034376207
"T11475C",0.0042959427207637235,9,0.0038860103626943004
"C11479A",0.00047732696897374703,1,0.00046425255338904364
"C11479T",0.00047732696897374703,1,0.00037383177570093456
"G11483A",0.00047732696897374703,1,0.0004591368227731864
"A11506G",0.0004761904761904762,1,0.0004434589800443459
"A11512G",0.0004761904761904762,1,0.0004692632566870014
"C11514T",0.006676204101096805,14,0.00395703787450537
"G11516A",0.0005417118093174431,1,0.00044365572315882877
"G11516T",0.0005417118093174431,1,0.00045934772622875517
"C11518T",0.0010834236186348862,2,0.00040958427196395656
"G11521T",0.00866738894907909,16,0.0070859167404783
"T11522G",0.0010834236186348862,2,0.0008849557522123894
"G11527T",0.0005422993492407809,1,0.0004063388866314506
"C11530T",0.0010863661053775121,2,0.0007927070947284979
"A11537G",0.0016008537886872999,3,0.0010302197802197802
"A11559G",0.0005268703898840885,1,0.0003763643206624012
"C11563T",0.006329113924050633,12,0.00450281425891182
"C11572T",0.9962765957446809,1873,0.21698331788693234
"T11574C",0.0015889830508474577,3,0.0013999066728884741
"T11574G",0.0005296610169491525,1,0.0004710315591144607
"C11575T",0.00211864406779661,4,0.0010149708195889369
"A11579C",0.0005291005291005291,1,0.0004725897920604915
"A11585G",0.0021019442984760903,4,0.0018596001859600185
"A11600G",0.001041124414367517,2,0.0008200082000820008
"T11601C",0.0005208333333333333,1,0.0004438526409232135
"C11620T",0.0026055237102657635,5,0.0010550749103186326
"C11650T",0.0020953378732320588,4,0.0016877637130801688
"C11665A",0.0005241090146750524,1,0.0004716981132075472
"C11665T",0.0005241090146750524,1,0.000407000407000407
"C11668T",0.0005235602094240838,1,0.00040766408479412964
"C11669A",0.0005252100840336134,1,0.00046860356138706655
"C11669T",0.0015756302521008404,3,0.001203852327447833
"C11671T",0.001567398119122257,3,0.0012526096033402922
"C11674T",0.0005211047420531526,1,0.0002960331557134399
"C11681A",0.0005221932114882506,1,0.00046511627906976747
"C11704T",0.0015600624024961,3,0.0008944543828264759
"A11716T",0.0005194805194805195,1,0.000473260766682442
"G11719A",0.0005192107995846313,1,0.0004520795660036166
"G11727A",0.0015568240788790867,3,0.000012112843247695532
"A11746C",0.000517063081695967,1,0.00047192071731949034
"C11747T",0.007246376811594203,14,0.0014404774153719518
"C11750T",0.003105590062111801,6,0.00005383966547621184
"C11752T",0.0010346611484738748,2,0.0006740815638692282
"C11758T",0.004665629860031105,9,0.0026970332634102486
"C11767T",0.0010357327809425167,2,0.0007911392405063291
"C11776A",0.0005189413596263622,1,0.00046816479400749064
"A11782G",0.0010400416016640667,2,0.0005151983513652757
"C11788T",0.0026001040041601664,5,0.0022281639928698753
"C11812A",0.0004854368932038835,1,0.0004095004095004095
"C11824T",0.002420135527589545,5,0.0010981770261366132
"C11833A",0.00048567265662943174,1,0.00045998160073597056
"C11833T",0.00048567265662943174,1,0.00035714285714285714
"A11847G",0.0009606147934678194,2,0.0009250693802035153
"T11857C",0.009108341323106424,19,0.008448199199644287
"A11869G",0.0009564801530368245,2,0.0009233610341643582
"C11878T",0.008141762452107279,17,0.007200338839474798
"C11884A",0.004314477468839885,9,0.004223369310183012
"A11887G",0.00048146364949446316,1,0.0004574565416285453
"C11902A",0.0004805382027871216,1,0.0004725897920604915
"A11917G",0.00048146364949446316,1,0.0004553734061930783
"T11920C",0.004819277108433735,10,0.004601932811780948
"T11938C",0.0009629272989889263,2,0.000925925925925926
"C11941A",0.0009629272989889263,2,0.0009345794392523365
"C11941T",0.0009629272989889263,2,0.0005402485143165856
"T11953C",0.00048146364949446316,1,0.0004570383912248629
"C11956T",0.0019258545979778526,4,0.000051994644551611185
"C11962T",0.003370245546461242,7,0.0022243406418811567
"T11974C",0.00048007681228996637,1,0.00043271311120726956
"A11982C",0.0004798464491362764,1,0.0004526935264825713
"C12025T",0.0028763183125599234,6,0.0017523364485981308
"A12030G",0.0014374700527072352,3,0.0010291595197255575
"A12044C",0.004786979415988511,10,0.004728132387706856
"C12049T",0.0009560229445506692,2,0.0006121824303642485
"C12068T",0.00047778308647873863,1,0.00032981530343007914
"G12070A",0.00047778308647873863,1,0.00044543429844097997
"G12071A",0.0009555661729574773,2,0.0008227067050596463
"C12073T",0.0004775549188156638,1,0.00032530904359141186
"A12075G",0.0004775549188156638,1,0.00046061722708429296
"C12076T",0.0028653295128939827,6,0.0015906680805938495
"A12082G",0.0009560229445506692,2,0.0009328358208955224
"C12084T",0.005255613951266125,11,0.004543577034283354
"T12094C",0.0004780114722753346,1,0.00045558086560364467
"G12104T",0.0004784688995215311,1,0.000473260766682442
"G12106A",0.0009569377990430622,2,0.0009182736455463728
"C12115T",0.0028735632183908046,6,0.0016176867080075492
"C12119T",0.0019166267369429804,4,0.001394700139470014
"T12127C",0.003355704697986577,7,0.0031517334533993696
"T12136C",0.00048007681228996637,1,0.00046728971962616824
"T12139C",0.000474158368895211,1,0.00034746351633078526
"A12148G",0.000474158368895211,1,0.00045330915684496827
"T12169C",0.002384358607534573,5,0.002326663564448581
"T12181C",0.0009537434430138292,2,0.0009237875288683603
"A12199G",0.0019074868860276585,4,0.0018700327255726976
"G12202A",0.0004768717215069146,1,0.00046882325363338024
"G12211A",0.0004768717215069146,1,0.0004576659038901602
"A12235C",0.0004768717215069146,1,0.00046707146193367583
"C12249T",0.002861230329041488,6,0.0026030368763557484
"G12268A",0.0004768717215069146,1,0.0004224757076468103
"C12295T",0.0004768717215069146,1,0.0003898635477582846
"T12304C",0.008587786259541985,18,0.0068415051311288486
"T12319C",0.0009541984732824427,2,0.0009140767824497258
"G12322A",0.00047709923664122136,1,0.0004137360364087712
"C12325T",0.0009541984732824427,2,0.0006990562740300594
"G12328A",0.00047709923664122136,1,0.00046533271288971617
"T12340C",0.00047709923664122136,1,0.0004623208506703652
"C12369T",0.0004775549188156638,1,0.0004597701149425287
"T12370C",0.0004775549188156638,1,0.00046490004649000463
"T12383C",0.0014326647564469914,3,0.0014144271570014145
"G12385A",0.0057306590257879654,12,0.005532503457814661
"A12387G",0.0009551098376313276,2,0.000944733112895607
"A12390G",0.0004775549188156638,1,0.0004576659038901602
"T12391C",0.0004775549188156638,1,0.00046146746654360867
"C12400T",0.0014326647564469914,3,0.0008600917431192661
"A12424G",0.00047778308647873863,1,0.0004580852038479157
"C12439T",0.005738880918220947,12,0.0021470746108427268
"C12459T",0.0009505703422053232,2,0.000667779632721202
"A12463G",0.0004752851711026616,1,0.00045495905368516835
"C12473T",0.9995229007633588,2095,0.1939276127001759
"G12478T",0.00715307582260372,15,0.007082152974504249
"C12484T",0.0004768717215069146,1,0.00032637075718015666
"A12485G",0.0009537434430138292,2,0.0009037505648441031
"C12493T",0.0009523809523809524,2,0.0008654262224145391
"C12501T",0.0014285714285714286,3,0.0014005602240896359
"C12513T",0.0014285714285714286,3,0.0002799813345776948
"T12517C",0.0004761904761904762,1,0.0004723665564478035
"C12525T",0.002380952380952381,5,0.0013838915029061722
"C12528T",0.0004761904761904762,1,0.0004470272686633885
"A12533G",0.0004761904761904762,1,0.00045433893684688776
"C12534T",0.0014285714285714286,3,0.0009096422073984233
"G12554A",0.0004761904761904762,1,0.00045392646391284613
"A12562G",0.0009528346831824678,2,0.0009319664492078285
"A12611G",0.0014278914802475012,3,0.0013440860215053765
"T12612C",0.00047596382674916705,1,0.0004597701149425287
"C12623T",0.0038077106139933364,8,0.0029336266960029336
"C12624T",0.007615421227986673,16,0.007011393514460999
"C12664T",0.0004757373929590866,1,0.0004042037186742118
"C12676T",0.0009514747859181732,2,0.0007307270734380709
"G12704A",0.0004757373929590866,1,0.0004385964912280702
"C12733T",0.0004757373929590866,1,0.000315059861373661
"C12747T",0.0014278914802475012,3,0.0008156606851549756
"T12770C",0.0004764173415912339,1,0.0004714757190004715
"T12775G",0.0004734848484848485,1,0.00046882325363338024
"C12781T",0.001893939393939394,4,0.0009449562957713206
"C12786T",0.002840909090909091,6,0.0019537609899055682
"A12787G",0.000946969696969697,2,0.0009242144177449168
"C12789T",0.008534850640113799,18,0.00004580595579216311
"G12793A",0.000946969696969697,2,0.0008561643835616438
"T12805C",0.002379819133745835,5,0.002352941176470588
"T12811C",0.00047596382674916705,1,0.00046125461254612545
"C12815T",0.005245588936576061,11,0.00003971750025274773
"G12817T",0.00047596382674916705,1,0.0004589261128958238
"A12820G",0.004283674440742504,9,0.0034575489819439107
"C12823T",0.0009519276534983341,2,0.0007285974499089253
"T12826C",0.006663493574488339,14,0.006419073819348923
"C12854T",0.9990453460620525,2093,0.2461194731890875
"T12871A",0.00047551117451260106,1,0.00046904315196998124
"C12880T",1,2103,0.002749785234320144
"C12885T",0.0014265335235378032,3,0.0012285012285012285
"C12890T",0.0019020446980504042,4,0.0012368583797155227
"G12892A",0.0014278914802475012,3,0.00007745133474466877
"T12901G",0.0004791566842357451,1,0.0004580852038479157
"C12915T",0.0004805382027871216,1,0.0004063388866314506
"A12916G",0.0004805382027871216,1,0.00046125461254612545
"C12923T",0.0004798464491362764,1,0.00044583147570218456
"C12924T",0.9985542168674699,2072,0.21389491070506864
"G12943A",0.003835091083413231,8,0.00375234521575985
"T12947C",0.00047938638542665386,1,0.0004520795660036166
"C12970T",0.0019193857965451055,4,0.000254323499491353
"C12973T",0.0004798464491362764,1,0.00041981528127623844
"C12974A",0.0004798464491362764,1,0.0004710315591144607
"C12974T",0.0004798464491362764,1,0.00040112314480545525
"A12986G",0.0004798464491362764,1,0.00045248868778280545
"A13015G",0.00048007681228996637,1,0.00041220115416323167
"T13018C",0.0004798464491362764,1,0.00045934772622875517
"C13019T",0.0023992322456813818,5,0.00107342206955775
"C13035T",0.0004798464491362764,1,0.0004351610095735422
"C13038T",0.0004798464491362764,1,0.00041718815185648727
"C13050T",0.0009596928982725527,2,0.0009208103130755065
"C13051T",0.0009596928982725527,2,0.0008431703204047217
"T13069C",0.0009606147934678194,2,0.0009144947416552355
"C13072T",0.0004803073967339097,1,0.0004091653027823241
"G13085A",0.0004803073967339097,1,0.0004562043795620438
"T13090C",0.0004805382027871216,1,0.00045413260672116256
"C13115T",0.0019147917663954045,4,0.001224739742804654
"G13126A",0.0015657620041753654,3,0.0013404825737265416
"A13135G",0.0015625,3,0.0014044943820224719
"G13159A",0.00102880658436214,2,0.0009033423667570009
"C13168T",0.0005117707267144319,1,0.00041203131437989287
"C13176A",0.001021972406745018,2,0.0009438414346389807
"C13176T",0.000510986203372509,1,0.0004450378282153983
"T13177C",0.0005112474437627812,1,0.00046882325363338024
"T13180C",0.0005107252298263534,1,0.00045495905368516835
"G13193T",0.0005104645227156713,1,0.00047080979284369113
"T13195C",0.0010209290454313426,2,0.0008565310492505353
"G13201T",0.0005104645227156713,1,0.000441306266548985
"G13205T",0.009183673469387756,18,0.008
"A13222G",0.0005107252298263534,1,0.00043047783039173483
"C13225T",0.0005102040816326531,1,0.00038153376573826786
"A13237G",0.0005104645227156713,1,0.0004470272686633885
"T13246C",0.0005107252298263534,1,0.00046146746654360867
"C13247T",0.001021972406745018,2,0.0008213552361396304
"G13249A",0.0015337423312883436,3,0.001321003963011889
"C13255T",0.0010224948875255625,2,0.0006932409012131716
"C13261T",0.001021972406745018,2,0.0008309098462816784
"T13270C",0.0010240655401945725,2,0.0008449514152936206
"A13288G",0.0005120327700972862,1,0.0004405286343612335
"C13297T",0.004610655737704918,9,0.0018999366687777073
"A13302G",0.0005122950819672131,1,0.00046948356807511736
"A13308G",0.0010224948875255625,2,0.0007012622720897616
"A13315G",0.0010230179028132991,2,0.0009115770282588879
"C13326T",0.0025575447570332483,5,0.001996805111821086
"C13329T",0.0005112474437627812,1,0.00037105751391465676
"C13335T",0.0020470829068577278,4,0.0011280315848843769
"A13338G",0.0005120327700972862,1,0.00045024763619990995
"T13339C",0.000513083632632119,1,0.0000037956570092500163
"C13342T",0.0005117707267144319,1,0.00039761431411530816
"A13367G",0.0010240655401945725,2,0.0009385265133740028
"C13372T",0.0005117707267144319,1,0.00042498937526561835
"A13376G",0.0005117707267144319,1,0.0004578754578754579
"C13378T",0.0035842293906810036,7,0.0022551546391752575
"G13379A",0.0005125576627370579,1,0.00037023324694557573
"T13402C",0.00102880658436214,2,0.000888494002665482
"C13426T",0.0005165289256198347,1,0.0003045994517209869
"G13427A",0.09016906700062617,144,0.014178810555336747
"C13430T",0.0005165289256198347,1,0.0004484304932735426
"C13436T",0.00047596382674916705,1,0.0003883495145631068
"C13452T",0.0033317467872441696,7,0.0030381944444444445
"C13458T",0.00047596382674916705,1,0.00033211557622052476
"A13482G",0.0014278914802475012,3,0.0013711151736745886
"C13487T",0.00047596382674916705,1,0.000375234521575985
"A13498G",0.00047596382674916705,1,0.00043252595155709344
"C13517T",0.0009519276534983341,2,0.000598623166716552
"C13536T",0.0004752851711026616,1,0.00031387319522912746
"T13545C",0.00665083135391924,14,0.006563525550867323
"C13548T",0.0014251781472684087,3,0.0011928429423459245
"C13551T",0.0009501187648456057,2,0.0007293946024799417
"T13578C",0.00047505938242280285,1,0.00043346337234503684
"T13593C",0.0042775665399239545,9,0.003879310344827586
"C13605T",0.0009505703422053232,2,0.0008873114463176575
"C13608T",0.0004752851711026616,1,0.00007219174126479931
"C13620T",0.0014258555133079848,3,0.0007974481658692185
"T13638C",0.0004752851711026616,1,0.00046468401486988845
"C13643T",0.0004752851711026616,1,0.0004526935264825713
"T13644A",0.0004752851711026616,1,0.000473260766682442
"G13651A",0.00047551117451260106,1,0.00045998160073597056
"C13665T",0.0038040893961008085,8,0.00224278104850014
"T13668C",0.0004752851711026616,1,0.0004562043795620438
"T13668G",0.0004752851711026616,1,0.00047058823529411766
"T13674C",0.003326996197718631,7,0.003231763619575254
"C13680T",0.0019011406844106464,4,0.0017130620985010706
"A13682G",0.002376425855513308,5,0.002346316283435007
"T13686C",0.004752851711026616,10,0.004297378599054577
"C13694T",0.0004752851711026616,1,0.0003687315634218289
"A13711G",0.00047505938242280285,1,0.0004336513443191674
"A13712G",0.00047505938242280285,1,0.0002966478789676654
"C13721T",0.0023752969121140144,5,0.0018135654697134566
"C13724T",0.00047505938242280285,1,0.0004219409282700422
"T13728C",0.00047505938242280285,1,0.0004027386226339106
"C13761T",0.0014251781472684087,3,0.0011890606420927466
"T13764C",0.0009501187648456057,2,0.000864304235090752
"A13773G",0.010895310279488394,23,0.010454545454545454
"T13788G",0.0009487666034155598,2,0.0009363295880149813
"C13821T",0.0004743833017077799,1,0.0003935458480913026
"G13822A",0.0004743833017077799,1,0.00037993920972644377
"A13833G",0.0004743833017077799,1,0.00046511627906976747
"T13839C",0.0014231499051233396,3,0.0013921113689095127
"C13860T",0.003795066413662239,8,0.0020090406830738324
"A13904C",0.0004743833017077799,1,0.0004725897920604915
"A13919G",0.0009487666034155598,2,0.0009272137227630969
"G13920A",0.0018975332068311196,4,0.0017211703958691911
"T13929C",0.0004743833017077799,1,0.00044863167339614175
"T13935C",0.0004743833017077799,1,0.0004664179104477612
"A13947G",0.0004743833017077799,1,0.00046490004649000463
"A13951G",0.014231499051233396,30,0.013256738842244807
"C13965T",0.0014231499051233396,3,0.0008865248226950354
"C13968A",0.0009492168960607499,2,0.0008028904054596548
"C13968T",0.009017560512577124,19,0.00671615411806292
"G13975T",0.0004743833017077799,1,0.00045558086560364467
"G13984A",0.0009487666034155598,2,0.0009280742459396752
"A13991G",0.007590132827324478,16,0.007494145199063232
"T13995A",0.0004743833017077799,1,0.000473260766682442
"T14009G",0.0004743833017077799,1,0.0004734848484848485
"G14030A",0.0004743833017077799,1,0.000444247001332741
"A14033G",0.0009487666034155598,2,0.0009021199819576004
"T14034C",0.0018975332068311196,4,0.0016877637130801688
"A14041G",0.0004743833017077799,1,0.0004187604690117253
"C14053T",0.0004743833017077799,1,0.000427715996578272
"A14061G",0.0004743833017077799,1,0.00046189376443418013
"T14064C",0.0009487666034155598,2,0.0008536064874093043
"T14073C",0.0023719165085388993,5,0.002126754572522331
"C14085T",0.0004743833017077799,1,0.00013515339910798757
"T14103C",0.0004734848484848485,1,0.0004488330341113106
"T14105A",0.0014204545454545455,3,0.00141643059490085
"C14114T",0.000946969696969697,2,0.0009111617312072893
"G14118A",0.002840909090909091,6,0.00234009360374415
"C14119A",0.000946969696969697,2,0.0009280742459396752
"C14120T",0.00946969696969697,20,0.004547521600727604
"A14121G",0.00047596382674916705,1,0.00045495905368516835
"A14172G",0.00047596382674916705,1,0.0004572473708276177
"C14177T",0.00047596382674916705,1,0.0004512635379061372
"C14178T",0.0009519276534983341,2,0.0005973715651135006
"C14183T",0.00047596382674916705,1,0.00033818058843422386
"C14184T",0.0009519276534983341,2,0.0004749465685110425
"A14185G",0.0009519276534983341,2,0.0009144947416552355
"G14186T",0.00047596382674916705,1,0.00045413260672116256
"G14187A",0.0019038553069966682,4,0.001669449081803005
"G14187T",0.0009519276534983341,2,0.0009124087591240876
"A14193G",0.00047596382674916705,1,0.0004701457451810061
"A14199G",0.004283674440742504,9,0.003952569169960474
"G14209T",0.00047596382674916705,1,0.00014637002341920375
"T14211C",0.00047596382674916705,1,0.00045829514207149406
"C14216G",0.00047596382674916705,1,0.0004730368968779565
"C14220T",0.00047596382674916705,1,0.0002719608376393799
"A14226T",0.0009519276534983341,2,0.000946073793755913
"G14229A",0.00047596382674916705,1,0.0004476275738585497
"C14230T",0.00047596382674916705,1,0.00043252595155709344
"G14241A",0.0019038553069966682,4,0.0017953321364452424
"A14246G",0.00047596382674916705,1,0.00045351473922902497
"C14262T",0.00047596382674916705,1,0.0003772161448509996
"C14267T",0.0009519276534983341,2,0.000735023888276369
"G14268A",0.00047596382674916705,1,0.0002501876407305479
"C14286T",0.0009519276534983341,2,0.0009182736455463728
"G14290T",1,2094,0.27596204533473906
"A14291G",0.0014278914802475012,3,0.0014071294559099437
"T14305C",0.00047596382674916705,1,0.00042643923240938164
"T14313C",0.0009519276534983341,2,0.0008406893652795292
"A14319G",0.00047596382674916705,1,0.00041425020712510354
"C14322T",0.0019038553069966682,4,0.0013025073266037122
"C14325T",0.00047596382674916705,1,0.0004570383912248629
"C14340T",0.00047596382674916705,1,0.0004210526315789474
"T14370C",0.00047596382674916705,1,0.000471253534401508
"T14379C",0.0004757373929590866,1,0.0004723665564478035
"T14382C",0.0004757373929590866,1,0.00046533271288971617
"T14389C",0.0004757373929590866,1,0.00046511627906976747
"C14396T",0.0004757373929590866,1,0.00035816618911174784
"A14406G",0.00047596382674916705,1,0.00046253469010175765
"C14408T",1,2106,0.0027434127481414227
"T14409C",0.0014245014245014246,3,0.0012396694214876034
"A14412G",0.0004748338081671415,1,0.0004621072088724584
"G14414T",0.0004748338081671415,1,0.00046425255338904364
"T14418C",0.002849002849002849,6,0.002135231316725979
"G14430T",0.0004833252779120348,1,0.000445632798573975
"A14436G",0.00048355899419729207,1,0.00046511627906976747
"G14449T",0.0009671179883945841,2,0.000946073793755913
"T14514C",0.000484027105517909,1,0.00045495905368516835
"G14515A",0.000484027105517909,1,0.00046860356138706655
"C14524T",0.000484027105517909,1,0.0004522840343735866
"T14556A",0.0009675858732462506,2,0.0009380863039399625
"C14571T",0.000484027105517909,1,0.00037425149700598805
"C14583T",0.000484027105517909,1,0.0003505082369435682
"G14584A",0.0009689922480620155,2,0.0008714596949891067
"T14589G",0.0004847309743092584,1,0.0004710315591144607
"C14599T",0.0067862336403296175,14,0.0026360384108454153
"A14607G",0.003877847794474067,8,0.0037825059101654845
"T14610C",0.0014534883720930232,3,0.0012842465753424657
"A14631G",0.0004833252779120348,1,0.00046707146193367583
"T14646C",0.0004833252779120348,1,0.0004636068613815484
"C14649T",0.0028999516674722086,6,0.0017426662794074934
"T14655C",0.0009675858732462506,2,0.0009354536950420954
"T14658G",0.001451378809869376,3,0.001413760603204524
"C14670A",0.000484027105517909,1,0.00045578851412944393
"C14670T",0.000484027105517909,1,0.00041476565740356696
"C14676T",0.000484027105517909,1,0.00025700334104343357
"C14697T",0.0004847309743092584,1,0.00038895371450797355
"G14718A",0.000975609756097561,2,0.0009037505648441031
"C14724T",0.006416584402764067,13,0.00327538422776518
"T14740C",0.00047460844803037496,1,0.0004562043795620438
"G14772T",0.0009532888465204957,2,0.0009086778736937755
"G14785A",0.00047664442326024784,1,0.00046992481203007516
"T14787C",0.00047664442326024784,1,0.0004415011037527594
"C14790T",0.00047664442326024784,1,0.00034602076124567473
"C14793T",0.00047664442326024784,1,0.0004178854993731718
"C14805T",0.002859866539561487,6,0.001541623843782117
"A14820G",0.00047664442326024784,1,0.00047214353163361664
"C14821T",0.001430615164520744,3,0.0013458950201884253
"G14829T",0.00047664442326024784,1,0.0004393673110720562
"C14838T",0.00047664442326024784,1,0.00042265426880811494
"A14847G",0.00047664442326024784,1,0.0004616805170821791
"A14856G",0.0023832221163012394,5,0.00011086474501108647
"C14877T",0.0009537434430138292,2,0.0006015037593984962
"C14889T",0.00047664442326024784,1,0.0003727171077152441
"C14898T",0.00047664442326024784,1,0.0003996802557953637
"T14907C",0.00047664442326024784,1,0.00044863167339614175
"C14925A",0.0004768717215069146,1,0.0004679457182966776
"C14925T",0.005245588936576061,11,0.002577319587628866
"C14931T",0.0004768717215069146,1,0.00037750094375235937
"C14937T",0.0009537434430138292,2,0.0006611570247933885
"A14940G",0.0014312977099236641,3,0.0013315579227696406
"G14967T",0.0004768717215069146,1,0.0004730368968779565
"A15002G",0.00047938638542665386,1,0.00043010752688172043
"T15009C",0.0004803073967339097,1,0.00044033465433729633
"C15017T",0.00047938638542665386,1,0.0004084967320261438
"G15025A",0.00047961630695443646,1,0.0004440497335701599
"C15026T",0.0019184652278177458,4,0.0007523039307880384
"T15030C",0.00047961630695443646,1,0.0003635041802980734
"A15046G",0.0004734848484848485,1,0.0004576659038901602
"C15048T",0.0004734848484848485,1,0.00044682752457551384
"T15069C",0.00047732696897374703,1,0.00046511627906976747
"A15082G",0.00047732696897374703,1,0.00042158516020236085
"C15101T",0.00047732696897374703,1,0.00044943820224719103
"T15102C",0.0014312977099236641,3,0.0013163668275559457
"C15105A",0.00047709923664122136,1,0.0004679457182966776
"C15105T",0.00047709923664122136,1,0.00045372050816696913
"T15135C",0.003336510962821735,7,0.0032664489034064394
"C15141T",0.004768717215069146,10,0.0036509675063891934
"C15180T",0.004287756074321105,9,0.002770935960591133
"C15182T",0.0004761904761904762,1,0.0004177109440267335
"A15192G",0.0009519276534983341,2,0.0009267840593141798
"T15195C",0.0033317467872441696,7,0.003127792672028597
"A15201G",0.0009510223490252021,2,0.0009136592051164915
"A15205G",0.00047551117451260106,1,0.0004723665564478035
"C15212T",0.0009510223490252021,2,0.0008861320336730173
"A15213C",0.0009510223490252021,2,0.000942951438000943
"C15222T",0.0009510223490252021,2,0.0007084661707403471
"C15237T",0.004755111745126011,10,0.002446183953033268
"C15240T",0.0019029495718363464,4,0.0008539709649871904
"G15243T",0.0004757373929590866,1,0.00045413260672116256
"C15251T",0.00047551117451260106,1,0.00044483985765124553
"C15273T",0.0042796005706134095,9,0.003968253968253968
"C15279T",0.0004757373929590866,1,0.0002413709872073377
"T15282C",0.0009514747859181732,2,0.0009178522257916476
"C15315T",0.0009514747859181732,2,0.0008385744234800838
"C15324T",0.0019038553069966682,4,0.0015390534821085034
"G15327T",0.00047596382674916705,1,0.00045475216007276033
"T15338C",0.0004761904761904762,1,0.00043591979075850045
"C15352T",0.0004764173415912339,1,0.0004522840343735866
"C15360T",0.00047664442326024784,1,0.00033311125916055963
"T15366C",0.0009532888465204957,2,0.0007207207207207207
"G15380A",0.0033175355450236967,7,0.0032497678737233053
"C15390T",0.00047596382674916705,1,0.00046382189239332097
"T15411C",0.00047596382674916705,1,0.00044444444444444447
"T15420C",0.0009519276534983341,2,0.0009216589861751152
"T15420G",0.00047596382674916705,1,0.00046882325363338024
"G15439A",0.00047596382674916705,1,0.0004470272686633885
"G15451A",0.9995231282784931,2096,0.00535865399610884
"A15459G",0.0019029495718363464,4,0.0018544274455261937
"T15513C",0.00047596382674916705,1,0.000462962962962963
"T15537C",0.0009519276534983341,2,0.0008920606601248885
"G15538A",0.00047596382674916705,1,0.00043535045711797995
"C15540T",0.00047596382674916705,1,0.00024372410431391665
"G15543T",0.0009514747859181732,2,0.0006720430107526882
"G15544T",0.0004757373929590866,1,0.0004716981132075472
"C15546T",0.0009514747859181732,2,0.000814663951120163
"T15552A",0.0004757373929590866,1,0.00046533271288971617
"T15562C",0.00047551117451260106,1,0.0004666355576294914
"T15567C",0.0009510223490252021,2,0.0008964589870013447
"T15570C",0.0009510223490252021,2,0.0008972633467922835
"T15573C",0.995706106870229,2087,0.2760216902526121
"C15579T",0.002378686964795433,5,0.0012732365673542145
"C15587T",0.0004757373929590866,1,0.000449034575662326
"C15615T",0.0004757373929590866,1,0.0004123711340206186
"T15621G",0.0004757373929590866,1,0.00046904315196998124
"G15649A",0.0014278914802475012,3,0.0013805798435342844
"C15654T",0.00047596382674916705,1,0.0002925687536571094
"C15656T",0.002379819133745835,5,0.001504664459825459
"G15672T",0.0004757373929590866,1,0.00044742729306487697
"C15714T",1,2107,0.002754885770956156
"C15720T",0.0014485755673587638,3,0.0005547337278106509
"T15723C",0.0004828585224529213,1,0.0004616805170821791
"T15736-",0.0009633911368015414,2,0.000946969696969697
"T15737-",0.0009633911368015414,2,0.000946969696969697
"C15738-",0.0009671179883945841,2,0.000946969696969697
"C15738T",0.9975822050290135,2063,0.005583583236800225
"A15758G",0.0004805382027871216,1,0.00046382189239332097
"G15768T",0.00048007681228996637,1,0.0004572473708276177
"T15798C",0.00047938638542665386,1,0.0004636068613815484
"C15810T",0.0023969319271332696,5,0.0015959144589849984
"T15825A",0.0028776978417266188,6,0.0025564550489987218
"C15848A",0.004796163069544364,10,0.004593477262287551
"C15848T",0.0019184652278177458,4,0.001530221882172915
"T15849A",0.00047938638542665386,1,0.0004585052728106373
"C15857T",0.0014381591562799617,3,0.001125703564727955
"T15888C",0.004789272030651341,10,0.004205214465937763
"G15919A",0.00047961630695443646,1,0.0004640371229698376
"C15933T",0.006229036895064686,13,0.005132254243979471
"A15936T",0.0004791566842357451,1,0.0004528985507246377
"T15939C",0.9995180722891567,2074,0.0056329153460277625
"A15942G",0.0004791566842357451,1,0.0003979307600477517
"A15942T",0.0004791566842357451,1,0.00046425255338904364
"C15951T",0.004314477468839885,9,0.0027472527472527475
"C15952T",0.0023969319271332696,5,0.0016688918558077437
"C15960T",0.9980759980759981,2075,0.21334567139625746
"C15963T",0.00048007681228996637,1,0.0004123711340206186
"C15981T",0.0043206913106096975,9,0.0017482517482517483
"A15987G",0.0009606147934678194,2,0.000942951438000943
"T16002C",0.0004803073967339097,1,0.000471253534401508
"A16006C",0.00048123195380173246,1,0.000473260766682442
"T16008A",0.002888781896966779,6,0.0028182245185533112
"C16012A",0.00048216007714561236,1,0.00046816479400749064
"G16020A",0.0028422548555187117,6,0.0027842227378190253
"A16026T",0.0004737091425864519,1,0.0004580852038479157
"A16030G",0.00047393364928909954,1,0.0004574565416285453
"T16056C",0.00047393364928909954,1,0.0004520795660036166
"C16057T",0.005687203791469194,12,0.005547850208044383
"C16063G",0.00047393364928909954,1,0.0004716981132075472
"G16068T",0.000474158368895211,1,0.00046468401486988845
"C16092T",0.001422475106685633,3,0.0008187772925764192
"C16111T",0.001422475106685633,3,0.0008207934336525308
"T16145C",0.000474158368895211,1,0.00047080979284369113
"G16146A",0.000474158368895211,1,0.00046882325363338024
"T16164C",0.000474158368895211,1,0.00046948356807511736
"T16170C",0.000474158368895211,1,0.0004434589800443459
"C16173T",0.002844950213371266,6,0.002175489485134155
"C16178T",0.000474158368895211,1,0.0004103405826836274
"A16179G",0.000474158368895211,1,0.0004662004662004662
"C16193A",0.000474158368895211,1,0.00047058823529411766
"G16207A",0.00047393364928909954,1,0.0004488330341113106
"C16222T",0.00047393364928909954,1,0.000445632798573975
"T16224C",0.00047393364928909954,1,0.00020329335230737954
"A16227G",0.00047393364928909954,1,0.000462962962962963
"G16236T",0.00047393364928909954,1,0.00046860356138706655
"T16263C",0.00047393364928909954,1,0.00044072278536800354
"T16276C",0.00047393364928909954,1,0.00044583147570218456
"C16293T",0.00047393364928909954,1,0.0002632964718272775
"A16311G",0.00047393364928909954,1,0.0004178854993731718
"C16323T",1,2104,0.24292806835238426
"C16329T",0.002369668246445498,5,0.0016307893020221786
"C16338T",0.0033175355450236967,7,0.0022271714922048997
"T16342C",1,2103,0.005951572369761598
"A16356G",0.0004737091425864519,1,0.00046490004649000463
"C16362T",0.004263382283278067,9,0.0030354131534569982
"C16376T",0.0014218009478672985,3,0.0010359116022099447
"G16377A",0.0023685457129322598,5,0.001864975755315181
"G16377T",0.0004737091425864519,1,0.000333555703802535
"T16380C",0.0004737091425864519,1,0.00045433893684688776
"T16392C",0.00343811394891945,7,0.00267379679144385
"C16393T",0.0009828009828009828,2,0.0006828269033799932
"C16394T",0.005405405405405406,11,0.004482477587612062
"G16396T",0.0004921259842519685,1,0.0004248088360237893
"A16403G",0.0004921259842519685,1,0.0004597701149425287
"C16428T",0.0004943153732081067,1,0.0003211303789338471
"T16437C",0.0004948045522018803,1,0.00047192071731949034
"A16464G",0.0019821605550049554,4,0.0018770530267480056
"A16474G",0.001488833746898263,3,0.0009554140127388535
"A16482G",0.0009910802775024777,2,0.0008948545861297539
"T16494C",0.0004965243296921549,1,0.00043725404459991256
"T16510C",0.0009871668311944718,2,0.0009398496240601503
"A16512G",0.004440059200789344,9,0.004034065441506051
"T16515C",0.0014800197335964479,3,0.0013882461823229986
"T16521C",0.026095519448547513,53,0.020167427701674276
"G16528T",0.0004923682914820286,1,0.00045955882352941176
"T16530G",0.0004923682914820286,1,0.0004725897920604915
"C16536T",0.0009852216748768472,2,0.0008952551477170994
"A16538G",0.008374384236453201,17,0.00783410138248848
"T16542C",0.001477832512315271,3,0.0013410818059901655
"A16560C",0.0004926108374384236,1,0.0004725897920604915
"C16575T",0.003942828979793002,8,0.0022081148219707425
"A16579G",0.000493339911198816,1,0.0004697040864255519
"T16605C",0.0004950495049504951,1,0.000449842555105713
"C16611A",0.0004950495049504951,1,0.00046992481203007516
"C16616T",0.00248015873015873,5,0.0015688735487919673
"C16667T",0.0009492168960607499,2,0.0009302325581395349
"A16668G",0.00047460844803037496,1,0.0004366812227074236
"A16687G",0.0023719165085388993,5,0.0020601565718994645
"T16689C",0.0004743833017077799,1,0.0004666355576294914
"T16692C",0.0018975332068311196,4,0.0016240357287860333
"C16694T",0.0004743833017077799,1,0.00039478878799842083
"T16695C",0.0018975332068311196,4,0.0018190086402910413
"G16700A",0.0004743833017077799,1,0.00046882325363338024
"T16723C",0.0004743833017077799,1,0.00044543429844097997
"C16726T",0.006641366223908918,14,0.003399708596406022
"T16728C",0.0004743833017077799,1,0.00044306601683650863
"C16733T",0.0009487666034155598,2,0.0007246376811594203
"G16741T",0.0009487666034155598,2,0.0004097520999795124
"C16759T",0.0004743833017077799,1,0.00047192071731949034
"C16768A",0.0009487666034155598,2,0.00076103500761035
"T16820C",0.0004743833017077799,1,0.0004631773969430292
"A16821T",0.00047460844803037496,1,0.00047192071731949034
"C16830T",0.0023719165085388993,5,0.002188183807439825
"G16852A",0.0004743833017077799,1,0.00046860356138706655
"G16853T",0.0004743833017077799,1,0.0004623208506703652
"C16859T",0.0018975332068311196,4,0.0017474879860200961
"C16877T",0.0009487666034155598,2,0.0007987220447284345
"C16887T",0.026578073089700997,56,0.0034815045073049427
"A16893G",0.0009487666034155598,2,0.0009062075215224287
"G16897A",0.0004743833017077799,1,0.000468384074941452
"T16909C",0.0004743833017077799,1,0.00047192071731949034
"G16914T",0.009487666034155597,20,0.008257638315441783
"A16941G",0.0004743833017077799,1,0.0004657661853749418
"C16954T",0.0014231499051233396,3,0.0010416666666666667
"T16974C",0.001422475106685633,3,0.0013692377909630307
"T16986A",0.000474158368895211,1,0.0004701457451810061
"C16989T",0.003319108582266477,7,0.0027944111776447107
"C17004T",0.000946969696969697,2,0.0006657789613848203
"A17008G",0.0004737091425864519,1,0.00043956043956043956
"C17012T",0.00047393364928909954,1,0.00038226299694189603
"A17013G",0.0028422548555187117,6,0.0027359781121751026
"G17019A",0.005210800568450971,11,0.00467687074829932
"G17019T",0.0009474182851729038,2,0.0008428150021070375
"G17027T",0.00047393364928909954,1,0.0004714757190004715
"T17031C",0.0014211274277593558,3,0.001388888888888889
"G17032A",0.0028422548555187117,6,0.0028208744710860366
"G17035A",0.0018948365703458077,4,0.0018814675446848542
"G17049A",0.0004737091425864519,1,0.0004655493482309125
"G17050T",0.0004737091425864519,1,0.0004723665564478035
"G17100A",0.0023685457129322598,5,0.002276867030965392
"C17118T",0.0004737091425864519,1,0.000427715996578272
"T17124A",0.0004737091425864519,1,0.00047080979284369113
"G17144A",0.0004737091425864519,1,0.0004488330341113106
"T17154C",0.0009474182851729038,2,0.0007818608287724785
"T17166G",0.0028422548555187117,6,0.002779064381658175
"T17169C",0.0009510223490252021,2,0.000882223202470225
"C17172T",0.0009474182851729038,2,0.0006784260515603799
"T17181C",0.0028422548555187117,6,0.0027611596870685687
"A17187G",0.003320683111954459,7,0.003234750462107209
"T17190C",0.0004737091425864519,1,0.0004657661853749418
"C17213T",0.001893939393939394,4,0.0018648018648018648
"A17219G",0.000946969696969697,2,0.000936768149882904
"T17220C",0.0004734848484848485,1,0.00044464206313917296
"C17249T",0.0004734848484848485,1,0.00046728971962616824
"A17256G",0.0004734848484848485,1,0.0004591368227731864
"G17266A",0.0004734848484848485,1,0.00046882325363338024
"G17278T",0.0004734848484848485,1,0.0004528985507246377
"C17285T",0.0014204545454545455,3,0.0012345679012345679
"A17286G",0.000946969696969697,2,0.0008837825894829872
"C17288T",0.000946969696969697,2,0.0006971070059254096
"C17327T",0.0004734848484848485,1,0.00046598322460391424
"G17331T",0.0004734848484848485,1,0.00042826552462526765
"C17333T",0.000946969696969697,2,0.0008449514152936206
"G17334A",0.0009478672985781991,2,0.0009099181073703367
"G17334T",0.0009478672985781991,2,0.000019596507902291812
"C17352T",0.00047393364928909954,1,0.000462962962962963
"A17361G",0.0033175355450236967,7,0.003297220913801225
"A17362G",0.004739336492890996,10,0.0046168051708217915
"C17373T",0.0009478672985781991,2,0.0007259528130671506
"T17407C",0.002369668246445498,5,0.002276867030965392
"A17409G",0.00047393364928909954,1,0.0004496402877697842
"C17410T",0.999526066350711,2109,0.0027565852848798226
"G17427A",0.00047393364928909954,1,0.00045829514207149406
"C17430T",0.0009478672985781991,2,0.0005408328826392645
"A17457G",0.00047393364928909954,1,0.00046728971962616824
"A17460G",0.00047393364928909954,1,0.00045413260672116256
"C17463T",0.00047393364928909954,1,0.0004361098996947231
"T17467C",0.00047393364928909954,1,0.0004692632566870014
"T17475C",0.00047393364928909954,1,0.00046882325363338024
"C17483T",0.0009478672985781991,2,0.0009157509157509158
"C17491T",0.002843601895734597,6,0.0026052974381241857
"C17502T",0.0009478672985781991,2,0.0005446623093681918
"T17505C",0.00047393364928909954,1,0.00043497172683775554
"C17528T",0.004261363636363636,9,0.0037862852334875894
"A17538T",0.0004734848484848485,1,0.0004664179104477612
"C17550T",0.003787878787878788,8,0.0019235393123346958
"C17560-",0.011837121212121212,25,0.011633317822242903
"G17561-",0.011842728564661297,25,0.011633317822242903
"G17562-",0.011842728564661297,25,0.011633317822242903
"G17562T",0.0009474182851729038,2,0.0002737850787132101
"T17580C",0.0009474182851729038,2,0.0009254974548819991
"C17586T",0.0028422548555187117,6,0.0023781212841854932
"A17622G",0.0004737091425864519,1,0.00036859565057132326
"C17626T",0.0004737091425864519,1,0.0004488330341113106
"T17628C",0.0009474182851729038,2,0.0009090909090909091
"A17633G",0.0004737091425864519,1,0.00046860356138706655
"A17640G",0.00047393364928909954,1,0.00046707146193367583
"T17652C",0.0004737091425864519,1,0.00045310376076121433
"A17674G",0.0004737091425864519,1,0.00023758612497030174
"C17676T",0.001422475106685633,3,0.0005457522284882663
"C17678T",0.0014211274277593558,3,0.0009279307145066501
"C17690T",0.000474158368895211,1,0.0004576659038901602
"G17719A",0.00047393364928909954,1,0.0004714757190004715
"G17721T",0.000474158368895211,1,0.00033909799932180403
"C17745T",0.0014218009478672985,3,0.0011714174150722373
"C17747A",0.00047393364928909954,1,0.0004415011037527594
"C17747T",0.0009478672985781991,2,0.0005715918833952558
"T17748C",0.002369668246445498,5,0.0022935779816513763
"C17762T",0.0009478672985781991,2,0.0007742934572202865
"C17766T",0.0014218009478672985,3,0.0005738332058148432
"T17784C",0.00047393364928909954,1,0.00045955882352941176
"T17796C",0.0018957345971563982,4,0.0018231540565177757
"A17799G",0.0009478672985781991,2,0.0008806693086745927
"C17821T",0.00047393364928909954,1,0.00046882325363338024
"C17825T",0.00047393364928909954,1,0.0004476275738585497
"A17841G",0.0004737091425864519,1,0.0004422821760283061
"T17859C",0.9957142857142857,2091,0.0056806759216495965
"T17863C",0.0014238253440911248,3,0.0013327410039982231
"A17869G",0.000474158368895211,1,0.000444247001332741
"C17874T",0.001422475106685633,3,0.001266891891891892
"C17894T",0.000474158368895211,1,0.0004697040864255519
"A17910T",0.000474158368895211,1,0.0004730368968779565
"T17922C",0.000474158368895211,1,0.0004514672686230248
"A17943G",0.000474158368895211,1,0.00046490004649000463
"A17959G",0.000474158368895211,1,0.00046468401486988845
"A17961G",0.000474158368895211,1,0.00044742729306487697
"A17969C",0.003319108582266477,7,0.0033003300330033004
"C17976T",0.000474158368895211,1,0.00040933278755628325
"C17977T",0.000474158368895211,1,0.0002920560747663551
"G17988A",0.000948316737790422,2,0.0009237875288683603
"G17991A",0.000474158368895211,1,0.0004633920296570899
"C17999T",0.000948316737790422,2,0.0006163328197226503
"T18006C",0.000474158368895211,1,0.0004697040864255519
"C18029T",0.000474158368895211,1,0.00034129692832764505
"C18032T",0.002844950213371266,6,0.002103049421661409
"T18048C",0.000474158368895211,1,0.0004597701149425287
"G18049A",0.005689900426742532,12,0.005522319374137137
"G18055A",0.000474158368895211,1,0.00046425255338904364
"C18060T",0.004269449715370019,9,0.00259665320253895
"A18081G",0.000474158368895211,1,0.00046490004649000463
"C18086T",0.004267425320056899,9,0.00264861683343143
"T18087C",0.000948316737790422,2,0.0008992805755395684
"G18088A",0.002844950213371266,6,0.002631578947368421
"T18099C",0.000474158368895211,1,0.0004048582995951417
"G18105A",0.0004743833017077799,1,0.00042625745950554135
"G18105T",0.0009487666034155598,2,0.0005227391531625719
"C18115T",0.000948316737790422,2,0.0005755395683453237
"A18121T",0.000948316737790422,2,0.0009433962264150943
"C18129T",0.000474158368895211,1,0.0003026634382566586
"C18131T",0.002370791844476055,5,0.0006211180124223603
"T18137G",0.0004743833017077799,1,0.0004730368968779565
"C18138T",0.0004743833017077799,1,0.00044014084507042255
"A18147C",0.036070242050308496,76,0.03574788334901223
"T18151C",0.00047460844803037496,1,0.0004640371229698376
"A18153G",0.0009492168960607499,2,0.00088261253309797
"G18155T",0.00047393364928909954,1,0.000397456279809221
"C18162T",0.0009478672985781991,2,0.000608457560085184
"A18163G",0.9981006647673314,2102,0.002788009173107251
"A18165G",0.002369668246445498,5,0.002066115702479339
"C18167T",0.00047393364928909954,1,0.00042589437819420784
"T18168A",0.00047393364928909954,1,0.0004666355576294914
"C18171T",0.0009478672985781991,2,0.0007377351530800443
"C18175T",0.0071090047393364926,15,0.004231311706629055
"C18201A",0.0004757373929590866,1,0.0004716981132075472
"G18210T",0.0009510223490252021,2,0.0008787346221441124
"G18225T",0.0009510223490252021,2,0.0008830022075055188
"C18252T",0.0004757373929590866,1,0.0002603488674824265
"G18255T",0.0004757373929590866,1,0.00042589437819420784
"C18261T",0.0004757373929590866,1,0.00043308791684711995
"A18273G",0.0009505703422053232,2,0.0009161704076958314
"A18298G",0.0019020446980504042,4,0.0016778523489932886
"C18306T",0.0004752851711026616,1,0.00041511000415110004
"T18311C",0.0004752851711026616,1,0.0004655493482309125
"C18312T",0.003326996197718631,7,0.0025858884373845584
"G18313-",0.009980988593155894,21,0.009790209790209791
"A18314-",0.009980988593155894,21,0.009790209790209791
"G18315-",0.009980988593155894,21,0.009790209790209791
"G18318A",0.0004752851711026616,1,0.0004484304932735426
"G18318T",0.0004752851711026616,1,0.0003598416696653472
"G18325T",0.0004752851711026616,1,0.00046904315196998124
"C18326T",0.0004752851711026616,1,0.00034916201117318437
"C18348A",0.0004752851711026616,1,0.0004492362982929021
"C18348T",0.004752851711026616,10,0.002849814762040467
"T18357C",0.0004752851711026616,1,0.00046040515653775324
"T18358C",0.0004752851711026616,1,0.00045495905368516835
"A18360G",0.0004752851711026616,1,0.0004591368227731864
"A18366G",0.0004752851711026616,1,0.0003862495171881035
"T18375C",0.0004752851711026616,1,0.0004336513443191674
"C18377T",0.0038022813688212928,8,0.0026657780739753416
"C18395T",0.00903041825095057,19,0.003544114903935833
"G18397A",0.0009505703422053232,2,0.0008499787505312367
"C18404T",0.0019011406844106464,4,0.001784121320249777
"A18410G",0.00047551117451260106,1,0.0004374453193350831
"T18411C",0.0009510223490252021,2,0.0009017132551848512
"T18417C",0.0019029495718363464,4,0.0014771048744460858
"T18426C",0.00047551117451260106,1,0.0004428697962798937
"A18428G",0.00047551117451260106,1,0.00045372050816696913
"T18429C",0.00047551117451260106,1,0.0004182350480970305
"C18431T",0.0014265335235378032,3,0.001040943789035392
"C18440T",0.00047551117451260106,1,0.00044943820224719103
"G18445A",0.0009510223490252021,2,0.0008932559178204555
"G18449T",0.0009510223490252021,2,0.0008378718056137411
"C18457T",0.0009510223490252021,2,0.0007178750897343862
"C18463T",0.002378686964795433,5,0.0022593764121102574
"C18483T",0.0004757373929590866,1,0.00039385584875935406
"C18486T",0.001422475106685633,3,0.0009603072983354673
"C18490T",0.000474158368895211,1,0.00027925160569673273
"C18491T",0.0009487666034155598,2,0.0007668711656441718
"C18501T",0.000948316737790422,2,0.0004946821667078902
"C18508A",0.0004752851711026616,1,0.00046274872744099955
"C18508T",0.0004752851711026616,1,0.00022977941176470588
"T18521C",0.0004752851711026616,1,0.0004725897920604915
"C18526T",0.0009505703422053232,2,0.0006706908115358819
"T18536C",0.0004752851711026616,1,0.0004666355576294914
"C18555T",0.002849002849002849,6,0.0007905138339920949
"C18568T",0.001899335232668566,4,0.0012957563977972141
"C18570T",0.001899335232668566,4,0.0010403120936280884
"A18585G",0.0004748338081671415,1,0.0003654970760233918
"A18594G",0.002849002849002849,6,0.00263042525208242
"C18599T",0.0004748338081671415,1,0.00046061722708429296
"C18606T",0.001899335232668566,4,0.0017474879860200961
"T18630C",0.0014238253440911248,3,0.0013386880856760374
"A18642G",0.00047460844803037496,1,0.0004716981132075472
"C18646T",0.0014238253440911248,3,0.0010334137099552187
"C18647T",0.0023730422401518746,5,0.0014624159110851126
"C18654T",0.00047460844803037496,1,0.00041118421052631577
"C18664T",0.000474158368895211,1,0.00042265426880811494
"A18671G",0.000474158368895211,1,0.0004492362982929021
"G18674A",0.002370791844476055,5,0.0016339869281045752
"C18681T",0.003795066413662239,8,0.0026437541308658294
"G18686T",0.000474158368895211,1,0.0004697040864255519
"C18687T",0.001896633475580844,4,0.0012957563977972141
"C18698T",0.0004743833017077799,1,0.00041459369817578774
"C18705T",0.000948316737790422,2,0.0008016032064128256
"T18741C",0.000474158368895211,1,0.0004662004662004662
"T18742C",0.000474158368895211,1,0.0004621072088724584
"C18744T",0.000948316737790422,2,0.00046860356138706655
"G18745A",0.000474158368895211,1,0.0004597701149425287
"T18750C",0.001896633475580844,4,0.0017414018284719198
"T18761C",0.000474158368895211,1,0.0004496402877697842
"G18762T",0.000474158368895211,1,0.00045351473922902497
"G18781A",0.000474158368895211,1,0.00043591979075850045
"T18784C",0.000474158368895211,1,0.00046860356138706655
"C18795T",0.000474158368895211,1,0.0004154549231408392
"C18804T",0.001422475106685633,3,0.0011115227862171174
"T18813C",0.000474158368895211,1,0.00043878894251864854
"C18814A",0.000474158368895211,1,0.000449034575662326
"C18814T",0.003793266951161688,8,0.0030452988199467074
"G18816A",0.000474158368895211,1,0.0004415011037527594
"G18816C",0.000474158368895211,1,0.00047058823529411766
"C18828T",0.000474158368895211,1,0.0002516989680342311
"T18834C",0.000474158368895211,1,0.00046685340802987864
"G18854A",0.0004803073967339097,1,0.00043878894251864854
"T18858C",0.0004803073967339097,1,0.00044583147570218456
"G18859T",0.0009606147934678194,2,0.0008583690987124463
"A18862G",0.0004798464491362764,1,0.0004679457182966776
"C18864T",0.010076775431861805,21,0.009532455742169769
"C18877T",0.0019147917663954045,4,0.001305909239307868
"G18883A",0.0004786979415988511,1,0.0004405286343612335
"C18885T",0.0004784688995215311,1,0.00015600624024960998
"C18888T",0.005263157894736842,11,0.0032699167657550534
"T18909A",0.0004786979415988511,1,0.00047281323877068556
"G18951T",0.0004780114722753346,1,0.00045351473922902497
"T18957C",0.0004784688995215311,1,0.00038955979742890534
"C18979T",0.0004780114722753346,1,0.00043010752688172043
"C18981T",0.004780114722753346,10,0.0025906735751295338
"G18985T",0.00047824007651841227,1,0.0004450378282153983
"G18988A",0.00047824007651841227,1,0.0004574565416285453
"T18990C",0.0009564801530368245,2,0.0009053870529651426
"T19016A",0.00047778308647873863,1,0.00047192071731949034
"C19017T",0.00047778308647873863,1,0.0002376425855513308
"C19018T",0.00047778308647873863,1,0.0003624501631025734
"G19021A",0.001433349259436216,3,0.0010204081632653062
"C19029T",0.00047732696897374703,1,0.00023126734505087883
"A19055G",0.00047709923664122136,1,0.00047036688617121356
"T19059C",0.00047732696897374703,1,0.00046468401486988845
"A19073G",0.00047709923664122136,1,0.00044583147570218456
"C19118T",0.000474158368895211,1,0.0004180602006688963
"T19122C",0.000474158368895211,1,0.0004576659038901602
"T19143C",0.0004743833017077799,1,0.0004666355576294914
"A19148G",0.000474158368895211,1,0.000471253534401508
"C19152T",0.000474158368895211,1,0.0003835826620636747
"G19162T",0.000474158368895211,1,0.00045187528242205153
"C19164T",0.001422475106685633,3,0.0009674298613350532
"C19170T",0.004269449715370019,9,0.0019193857965451055
"C19185T",0.00047551117451260106,1,0.0001232589670898558
"C19186T",0.00047551117451260106,1,0.00030111412225233364
"A19212G",0.00047551117451260106,1,0.0004411116012351125
"T19221C",0.0004757373929590866,1,0.0004591368227731864
"G19254A",0.0004757373929590866,1,0.00040567951318458417
"A19257G",0.0004757373929590866,1,0.00046598322460391424
"T19260C",0.0004757373929590866,1,0.00045310376076121433
"C19269T",0.002379819133745835,5,0.001326259946949602
"T19270C",0.0004757373929590866,1,0.0004640371229698376
"A19283C",0.0004757373929590866,1,0.0004710315591144607
"T19284C",0.0004757373929590866,1,0.00040306328093510683
"G19300T",0.0009514747859181732,2,0.0009263547938860583
"A19304G",0.0004757373929590866,1,0.0004701457451810061
"A19308G",0.0004757373929590866,1,0.0004677268475210477
"T19311C",0.0014265335235378032,3,0.001364256480218281
"A19323G",0.00047551117451260106,1,0.0004591368227731864
"A19326G",0.9990384615384615,2078,0.005708069859303494
"T19329C",0.0009510223490252021,2,0.0009389671361502347
"A19365G",0.00047551117451260106,1,0.0004616805170821791
"C19374T",0.0014272121788772598,3,0.0009658725048293626
"G19388A",0.0028530670470756064,6,0.0025412960609911056
"A19397C",0.00047551117451260106,1,0.000471253534401508
"T19404C",0.004755111745126011,10,0.004562043795620438
"G19419A",0.0009510223490252021,2,0.0008988764044943821
"G19419T",0.00047551117451260106,1,0.0004428697962798937
"T19425C",0.00047551117451260106,1,0.000444247001332741
"G19446A",0.00047551117451260106,1,0.0004623208506703652
"G19455T",0.0014204545454545455,3,0.0013914656771799629
"G19480T",0.0004734848484848485,1,0.00046146746654360867
"G19493T",0.0004734848484848485,1,0.00047281323877068556
"C19512T",0.0014204545454545455,3,0.0011235955056179776
"T19521C",0.0004734848484848485,1,0.000449842555105713
"C19524T",0.028409090909090908,60,0.009811937857726901
"C19545T",0.006628787878787879,14,0.004987531172069825
"A19548G",0.000946969696969697,2,0.000925925925925926
"C19554T",0.0004734848484848485,1,0.00033433634236041456
"T19557C",0.0004734848484848485,1,0.00046860356138706655
"C19560T",0.000946969696969697,2,0.0008396305625524769
"T19569C",0.0004734848484848485,1,0.0004631773969430292
"C19572T",0.015151515151515152,32,0.009788926277148976
"C19586T",0.001893939393939394,4,0.0013966480446927375
"T19590C",0.0004734848484848485,1,0.00041135335252982314
"C19602T",0.0004734848484848485,1,0.0002973535533749628
"G19613A",0.0004734848484848485,1,0.00045682960255824577
"A19626G",0.00047393364928909954,1,0.000468384074941452
"T19640A",0.00047393364928909954,1,0.0004734848484848485
"G19656T",0.00047709923664122136,1,0.00041841004184100416
"C19660T",0.0004768717215069146,1,0.000432152117545376
"C19662T",0.0009541984732824427,2,0.0007249003262051468
"G19677T",0.0004752851711026616,1,0.00040257648953301127
"T19680C",0.0014258555133079848,3,0.0013020833333333333
"G19684T",0.014258555133079848,30,0.01236603462489695
"C19687T",0.0004752851711026616,1,0.00044662795891022776
"C19688A",0.0009505703422053232,2,0.0009345794392523365
"A19706G",0.0004748338081671415,1,0.00046860356138706655
"A19727G",0.00047460844803037496,1,0.0004623208506703652
"T19731C",0.0033222591362126247,7,0.003283302063789869
"G19732A",0.00047460844803037496,1,0.0004526935264825713
"T19744C",0.0033222591362126247,7,0.003269500233535731
"T19755C",0.00047505938242280285,1,0.0004144218814753419
"T19776C",0.0005313496280552603,1,0.000437636761487965
"G19800A",0.004214963119072708,8,0.0032989690721649486
"C19803T",0.0005263157894736842,1,0.0004286326618088298
"A19810G",0.0005252100840336134,1,0.00046816479400749064
"G19816T",0.0005238344683080147,1,0.00043687199650502403
"C19854T",0.0005241090146750524,1,0.0004278990158322636
"C19862T",0.0010449320794148381,2,0.0007037297677691766
"T19866C",0.0005221932114882506,1,0.0004415011037527594
"C19868T",0.0005232862375719519,1,0.0004601932811780948
"G19872A",0.0005243838489774515,1,0.00046189376443418013
"C19881T",0.002103049421661409,4,0.001668752607425949
"C19884T",0.0010520778537611783,2,0.00026102845210127906
"G19894A",0.0005288207297726071,1,0.00046061722708429296
"C19895T",0.0010565240359218173,2,0.0008336807002917883
"T19905C",0.0010554089709762533,2,0.0009115770282588879
"A19906G",0.0005282620179609086,1,0.000468384074941452
"T19914C",0.0005279831045406547,1,0.00047080979284369113
"T19935C",0.004221635883905013,8,0.003561887800534283
"C19955T",1,1898,0.0026892842366570127
"T19968C",0.003680336487907466,7,0.003251277287505806
"C19977T",0.0005257623554153522,1,0.0004623208506703652
"C19983T",0.0052603892688058915,10,0.0017111567419575632
"G20002T",0.0021041557075223566,4,0.0017145306472353193
"A20003T",0.0005257623554153522,1,0.0004734848484848485
"C20016T",0.005780346820809248,11,0.00349428208386277
"T20028C",0.0005277044854881266,1,0.00042265426880811494
"T20037C",0.0010587612493382743,2,0.0009225092250922509
"A20050G",0.0005282620179609086,1,0.000468384074941452
"A20055G",0.9980861244019139,2086,0.002909677257371136
"A20055T",0.0014354066985645933,3,0.0012396694214876034
"G20056T",0.0004780114722753346,1,0.0004621072088724584
"G20057T",0.0004780114722753346,1,0.00045024763619990995
"A20059T",0.00047824007651841227,1,0.0004666355576294914
"T20070C",0.014319809069212411,30,0.013831258644536652
"A20075G",0.00047709923664122136,1,0.00046816479400749064
"T20084C",0.0009532888465204957,2,0.0009411764705882353
"A20085G",0.0014299332697807435,3,0.0013761467889908258
"G20102A",0.0004780114722753346,1,0.00045871559633027525
"A20112C",0.0004786979415988511,1,0.0004675081813931744
"C20117T",0.0004784688995215311,1,0.0004139072847682119
"A20127G",0.0014340344168260039,3,0.0013863216266173752
"G20131A",0.0004780114722753346,1,0.0004464285714285714
"G20134A",0.004780114722753346,10,0.004251700680272109
"G20134T",0.0004780114722753346,1,0.0003832886163280951
"G20145A",0.00047778308647873863,1,0.00046511627906976747
"C20148T",0.005733397037744864,12,0.0033176665745092617
"G20173T",0.0004775549188156638,1,0.000468384074941452
"C20178T",0.002866698518872432,6,0.0003205813207950417
"A20222G",0.00047824007651841227,1,0.0004714757190004715
"A20231G",0.0009564801530368245,2,0.0009161704076958314
"C20233A",0.0019120458891013384,4,0.0018630647414997672
"C20233T",0.0019120458891013384,4,0.0010675206832132373
"C20235T",0.0009564801530368245,2,0.0002035623409669211
"G20247A",0.00047824007651841227,1,0.0004574565416285453
"C20259T",0.0004786979415988511,1,0.00044483985765124553
"A20262G",0.0009573958831977022,2,0.0007171029042667623
"G20263A",0.0004784688995215311,1,0.0004520795660036166
"A20264T",0.00047824007651841227,1,0.0004520795660036166
"A20265T",0.00047824007651841227,1,0.0004520795660036166
"C20270T",0.0004786979415988511,1,0.00043159257660768235
"T20273C",0.0004789272030651341,1,0.00046189376443418013
"T20285A",0.0004791566842357451,1,0.000468384074941452
"G20302A",0.0028735632183908046,6,0.0028222013170272815
"T20310C",0.0004786979415988511,1,0.00039840637450199205
"C20313T",0.0004784688995215311,1,0.0004506534474988734
"C20320T",0.0004784688995215311,1,0.0003652300949598247
"A20323G",0.0004789272030651341,1,0.0004675081813931744
"C20325T",0.0014367816091954023,3,0.0013574660633484162
"G20332A",0.0004786979415988511,1,0.00046860356138706655
"A20351G",0.0033492822966507177,7,0.0032725572697522207
"G20352A",0.0004784688995215311,1,0.00045433893684688776
"A20355G",0.006220095693779904,13,0.005681818181818182
"A20364G",0.0004791566842357451,1,0.0004299226139294927
"C20368T",0.00047938638542665386,1,0.0004422821760283061
"C20371T",0.0004798464491362764,1,0.0004591368227731864
"T20376C",0.0009606147934678194,2,0.0009293680297397769
"A20403G",0.00047596382674916705,1,0.0004675081813931744
"T20406C",0.0004761904761904762,1,0.0004675081813931744
"T20407C",0.00047596382674916705,1,0.0004152823920265781
"T20421C",0.0004798464491362764,1,0.00044169611307420494
"C20429A",0.0004786979415988511,1,0.0004657661853749418
"T20430C",0.0004786979415988511,1,0.0004723665564478035
"C20436T",0.00047824007651841227,1,0.00033818058843422386
"T20445C",0.00047778308647873863,1,0.00046189376443418013
"C20451T",0.0014340344168260039,3,0.0008984725965858042
"C20462T",0.0004780114722753346,1,0.0004299226139294927
"A20463G",0.0004780114722753346,1,0.0004570383912248629
"C20474T",0.0004780114722753346,1,0.00042918454935622315
"C20480T",0.0014340344168260039,3,0.001015916017609211
"C20483T",0.001433349259436216,3,0.0010795250089960418
"T20484C",0.0023889154323936935,5,0.002242152466367713
"A20486T",0.00047778308647873863,1,0.0004730368968779565
"T20520C",0.0004784688995215311,1,0.0004440497335701599
"T20526C",0.00047824007651841227,1,0.00045330915684496827
"A20535G",0.0009560229445506692,2,0.0009376465072667605
"G20578A",0.0004775549188156638,1,0.00046882325363338024
"G20578T",0.0004775549188156638,1,0.0003096934035305048
"A20595G",0.0004789272030651341,1,0.00046382189239332097
"C20629T",0.002390057361376673,5,0.001849796522382538
"A20630G",0.0009555661729574773,2,0.0009250693802035153
"A20634G",0.002866698518872432,6,0.002553191489361702
"A20638G",0.00047824007651841227,1,0.0004701457451810061
"C20646T",0.0004780114722753346,1,0.00043821209465381246
"T20653C",0.002390057361376673,5,0.002288329519450801
"A20655G",0.004302103250478011,9,0.004193849021435228
"G20670A",0.007180469123982767,15,0.006016847172081829
"C20703T",0.00048146364949446316,1,0.0002973535533749628
"A20706G",0.0038517091959557053,8,0.0037647058823529413
"A20724G",0.0019258545979778526,4,0.001869158878504673
"C20736T",0.0028971511347175277,6,0.0026490066225165563
"A20742G",0.00048262548262548264,1,0.000468384074941452
"G20758A",0.000482392667631452,1,0.0004692632566870014
"C20759T",0.001447178002894356,3,0.0007087172218284905
"C20762T",0.000482392667631452,1,0.0002492522432701894
"T20777C",0.000964785335262904,2,0.0009385265133740028
"T20799C",0.001929570670525808,4,0.0012303906490310674
"T20802C",0.000964785335262904,2,0.0009341429238673517
"C20823T",0.000964785335262904,2,0.0006134969325153375
"C20844T",0.000482392667631452,1,0.0003429355281207133
"T20865C",0.000482392667631452,1,0.00042283298097251583
"T20874A",0.000482392667631452,1,0.00046904315196998124
"A20882T",0.000482392667631452,1,0.0004734848484848485
"T20910C",0.00048192771084337347,1,0.0004640371229698376
"C20930T",0.0009643201542912247,2,0.00046904315196998124
"G20931A",0.0009643201542912247,2,0.0007107320540156361
"A20935G",0.0014464802314368371,3,0.0012733446519524619
"T20949C",0.0009643201542912247,2,0.0009267840593141798
"C20956T",0.0019286403085824494,4,0.0018099547511312218
"T20976C",0.00048216007714561236,1,0.00045167118337850043
"G20995T",0.006756756756756757,14,0.0055621771950735005
"C21008T",0.005311443746982134,11,0.004629629629629629
"C21013T",0.0004828585224529213,1,0.0004574565416285453
"T21015C",0.0009657170449058426,2,0.00087527352297593
"A21018G",0.00048355899419729207,1,0.0004657661853749418
"T21021C",0.002420135527589545,5,0.0022789425706472195
"A21023G",0.000968054211035818,2,0.0009398496240601503
"A21026G",0.001452081316553727,3,0.0014150943396226414
"T21033C",0.000484027105517909,1,0.0004192872117400419
"C21034T",0.001451378809869376,3,0.0010885341074020319
"C21057T",0.0004830917874396135,1,0.00031084861672365556
"C21077T",0.0043499275012083135,9,0.002291825821237586
"A21078T",0.0004830917874396135,1,0.0004664179104477612
"T21087C",0.0004830917874396135,1,0.0004428697962798937
"G21100-",0.005311443746982134,11,0.005149812734082397
"G21100A",0.0004828585224529213,1,0.0004692632566870014
"G21101-",0.005311443746982134,11,0.005149812734082397
"T21102-",0.005311443746982134,11,0.005149812734082397
"C21108T",0.006277160791887977,13,0.005662020905923345
"C21110T",0.0004828585224529213,1,0.00045392646391284613
"G21123T",0.0004828585224529213,1,0.00016989466530750936
"A21134G",0.005311443746982134,11,0.005123428039124359
"A21137G",0.028985507246376812,60,0.002158428663932657
"T21146G",0.0004830917874396135,1,0.0004692632566870014
"C21156A",0.0004830917874396135,1,0.000468384074941452
"G21157A",0.0004830917874396135,1,0.00044682752457551384
"C21178T",0.00048355899419729207,1,0.0004484304932735426
"C21191T",0.00048355899419729207,1,0.00043497172683775554
"C21196A",0.00048355899419729207,1,0.0004662004662004662
"C21205T",0.0014506769825918763,3,0.0013972985561248254
"C21214T",0.00048355899419729207,1,0.00043346337234503684
"G21255A",0.0009675858732462506,2,0.0008385744234800838
"G21255C",0.0004837929366231253,1,0.0003096934035305048
"G21255T",0.001451378809869376,3,0.0006622516556291391
"T21288C",0.0004837929366231253,1,0.00046511627906976747
"C21302T",0.0004837929366231253,1,0.0003594536304816679
"C21304A",0.0009675858732462506,2,0.0005151983513652757
"G21305A",0.0009675858732462506,2,0.0005282620179609086
"C21306T",0.0009675858732462506,2,0.0005145356315924878
"A21308G",0.0004837929366231253,1,0.0004725897920604915
"A21315T",0.0004837929366231253,1,0.00047281323877068556
"A21343G",0.004837929366231253,10,0.004557885141294439
"C21365T",0.0004833252779120348,1,0.0003913894324853229
"T21368C",0.0004833252779120348,1,0.0004662004662004662
"A21371G",0.0004833252779120348,1,0.0004585052728106373
"G21372T",0.0004833252779120348,1,0.000423908435777872
"T21387C",0.0004923682914820286,1,0.0004675081813931744
"C21411T",0.000493339911198816,1,0.0003650967506389193
"G21422A",0.0004935834155972359,1,0.0004526935264825713
"A21474G",0.0004918839153959665,1,0.0004528985507246377
"A21488G",0.0004921259842519685,1,0.0004476275738585497
"A21512G",0.0004916420845624386,1,0.00045310376076121433
"C21516T",0.0004916420845624386,1,0.0004078303425774878
"A21526G",0.000983767830791933,2,0.000894054537326777
"G21538A",0.0004918839153959665,1,0.00041050903119868636
"G21544A",0.000983767830791933,2,0.0009456264775413711
"A21547-",0.0004918839153959665,1,0.0004591368227731864
"A21548-",0.0004918839153959665,1,0.0004591368227731864
"C21549-",0.0004918839153959665,1,0.0004591368227731864
"A21550C",0.0004918839153959665,1,0.00046948356807511736
"A21551T",0.0004918839153959665,1,0.00044306601683650863
"A21556G",0.0004918839153959665,1,0.0004701457451810061
"G21569A",0.0004828585224529213,1,0.00045475216007276033
"C21575T",0.0028999516674722086,6,0.0006257169673584315
"G21578C",0.0004828585224529213,1,0.0004553734061930783
"C21590T",0.0004837929366231253,1,0.0003912363067292645
"C21595T",0.0019342359767891683,4,0.0012662234884457107
"G21604T",0.001454192922927775,3,0.001055594651653765
"T21610C",0.009504752376188095,19,0.002442159383033419
"A21617T",0.0005047955577990914,1,0.00045578851412944393
"C21618-",0.0005202913631633715,1,0.0004636068613815484
"C21618T",0.9968782518210197,1916,0.0026494754978829086
"C21622T",0.9969450101832994,1958,0.007704142058398813
"G21624C",0.9968602825745683,1905,0.007667631325795844
"G21624T",0.0005232862375719519,1,0.0004510599909788002
"C21627A",0.9969712266532055,1975,0.030862750613348335
"T21628C",0.0010095911155981827,2,0.0008375209380234506
"T21633-",0.9964610717896866,1971,0.002762039957791657
"A21634-",0.9969650986342944,1971,0.002761958678519781
"C21635-",0.9969650986342944,1971,0.0027547901341894473
"C21636-",0.9969650986342944,1971,0.0027547901341894473
"C21637-",0.9964610717896866,1971,0.002754840188519962
"C21638-",0.9964610717896866,1971,0.002754921049357954
"C21639-",0.9964610717896866,1971,0.002754928750637715
"T21640-",0.9969650986342944,1971,0.0027552560948333705
"G21641-",0.9825523429710867,1971,0.002770040278718614
"G21641T",0.013459621136590228,27,0.0026841634357291978
"A21643G",0.0023820867079561697,5,0.0022820629849383844
"A21645T",0.0004764173415912339,1,0.00047281323877068556
"C21648T",0.0004761904761904762,1,0.00035650623885918
"T21649C",0.0004761904761904762,1,0.00042158516020236085
"T21652C",0.0014285714285714286,3,0.0013630168105406633
"C21654T",0.0004761904761904762,1,0.00017140898183064793
"C21658T",0.007619047619047619,16,0.004839685420447671
"C21660T",0.00047596382674916705,1,0.0004286326618088298
"G21663T",0.0014278914802475012,3,0.0014005602240896359
"C21676T",0.0009519276534983341,2,0.0007434944237918215
"C21677T",0.00047596382674916705,1,0.00046468401486988845
"C21682T",0.0004761904761904762,1,0.00034904013961605586
"C21691T",0.0014285714285714286,3,0.0007331378299120235
"C21697T",0.0004962779156327543,1,0.00038955979742890534
"C21707T",0.000496031746031746,1,0.0003594536304816679
"T21709G",0.000496031746031746,1,0.00047192071731949034
"T21710C",0.0004962779156327543,1,0.0004679457182966776
"C21711T",0.9860904123199206,1985,0.007400696448411367
"A21713G",0.0009925558312655087,2,0.0009289363678588017
"T21715C",0.0004970178926441351,1,0.00045495905368516835
"G21718A",0.0004967709885742673,1,0.00043706293706293706
"C21721T",0.0004965243296921549,1,0.0003093102381688834
"G21724A",0.001488833746898263,3,0.0012836970474967907
"C21727T",0.0019851116625310174,4,0.0011019283746556473
"T21738C",0.9990054699154649,2009,0.06295634734104227
"C21742T",0.008933002481389578,18,0.005454545454545455
"G21746A",0.0009925558312655087,2,0.0008572653236176596
"C21758T",0.0004967709885742673,1,0.00046146746654360867
"C21762T",0.0034791252485089465,7,0.001718213058419244
"T21763C",0.0004972650422675286,1,0.00039635354736424893
"A21764-",0.0004972650422675286,1,0.0002767783005812344
"T21765-",0.9969604863221885,1968,0.005983035904295747
"A21766-",0.9969604863221885,1968,0.0059813811276483875
"A21766T",0.00303951367781155,6,0.002117148906139732
"C21767-",1,1974,0.005970709044384085
"A21768-",1,1974,0.005993460023864537
"T21769-",1,1974,0.005993714797552718
"G21770-",0.9994934143870314,1973,0.006036925298786496
"T21771-",0.002982107355864811,6,0.0020380434782608695
"C21772-",0.0029806259314456036,6,0.0020512820512820513
"C21774T",0.0024838549428713363,5,0.0018825301204819277
"G21777T",0.0004967709885742673,1,0.0004420866489832007
"C21781T",0.001487357461576599,3,0.0012578616352201257
"T21790C",0.0019821605550049554,4,0.0018744142455482662
"A21794G",0.0009910802775024777,2,0.0009293680297397769
"G21795T",0.0004957858205255329,1,0.0004068348250610252
"G21796A",0.0004955401387512388,1,0.0004428697962798937
"G21796T",0.0004955401387512388,1,0.00043497172683775554
"G21800T",0.0014858841010401188,3,0.0011367942402425162
"T21802C",0.0004952947003467063,1,0.00034831069313827936
"C21805T",0.000999000999000999,2,0.0009107468123861566
"C21812T",0.0004992511233150275,1,0.00029708853238265005
"C21846T",0.00199501246882793,4,0.0009315323707498836
"T21847A",0.000499001996007984,1,0.00045955882352941176
"A21849G",0.0004950495049504951,1,0.00045433893684688776
"C21859T",0.0004948045522018803,1,0.00031152647975077883
"T21861C",0.0004948045522018803,1,0.00046598322460391424
"T21880C",0.0004952947003467063,1,0.00014812620352540364
"T21890C",0.0004955401387512388,1,0.00045454545454545455
"A21892G",0.0004952947003467063,1,0.00046253469010175765
"G21893A",0.0004952947003467063,1,0.000390015600624025
"G21898A",0.00047505938242280285,1,0.000449034575662326
"G21898T",0.00047505938242280285,1,0.0004422821760283061
"C21904T",0.0009501187648456057,2,0.0008410428931875525
"C21910T",0.00047505938242280285,1,0.0003861003861003861
"C21911T",0.0009501187648456057,2,0.0008485362749257531
"C21914T",0.00047505938242280285,1,0.0004434589800443459
"T21921C",0.00047505938242280285,1,0.0004725897920604915
"T21925C",0.00047505938242280285,1,0.0004432624113475177
"C21928T",0.005738880918220947,12,0.004519774011299435
"G21929T",0.00047824007651841227,1,0.0004476275738585497
"C21930T",0.00047824007651841227,1,0.0004506534474988734
"C21933T",0.0014347202295552368,3,0.0013914656771799629
"G21938-",0.0033460803059273425,7,0.0032817627754336614
"T21939-",0.003350885591191958,7,0.0032802249297094657
"T21940-",0.0033460803059273425,7,0.0032817627754336614
"G21941T",0.991869918699187,2074,0.007374772871929993
"A21944G",0.0004780114722753346,1,0.00043252595155709344
"T21946A",0.0014340344168260039,3,0.001419782300047326
"C21952T",0.0014340344168260039,3,0.0008073196986006459
"T21973C",0.00047778308647873863,1,0.00044863167339614175
"G21974C",0.002866698518872432,6,0.0027063599458728013
"G21974T",0.007644529383659818,16,0.007390300230946882
"T21976C",0.0009555661729574773,2,0.0008714596949891067
"T21980C",0.0009555661729574773,2,0.0009389671361502347
"G21987A",1,2080,0.0027946021185233753
"T21992-",1,2078,0.0032879174571328663
"A21993-",1,2078,0.003288645941972333
"T21994-",0.9928332537028189,2078,0.0032905571461146724
"T21995C",0.00047778308647873863,1,0.00041186161449752884
"C21998T",0.0023889154323936935,5,0.001649620587264929
"A21999C",0.00047778308647873863,1,0.00042517006802721087
"C22000A",0.009555661729574774,20,0.00005511251219364332
"C22000T",0.001433349259436216,3,0.0009377930603313535
"A22001G",0.002866698518872432,6,0.00016628789978382572
"A22002T",0.0009560229445506692,2,0.0005558643690939411
"A22003C",0.0009555661729574773,2,0.0008598452278589854
"A22003T",0.0019111323459149545,4,0.0006157635467980296
"A22004-",0.005255613951266125,11,0.00459674049310489
"A22004T",0.0009555661729574773,2,0.0009078529278256923
"A22005-",0.005255613951266125,11,0.00459674049310489
"A22005C",0.001433349259436216,3,0.000547645125958379
"C22006-",0.005255613951266125,11,0.00459674049310489
"A22010G",0.0009555661729574773,2,0.000643707756678468
"A22011T",0.00047778308647873863,1,0.000429553264604811
"A22012G",0.004300047778308648,9,0.004205607476635514
"A22012T",0.00047778308647873863,1,0.00040032025620496394
"G22014T",0.00047778308647873863,1,0.00042444821731748726
"T22016A",0.00047778308647873863,1,0.0004152823920265781
"A22019G",0.0009555661729574773,2,0.0007575757575757576
"G22021T",0.003822264691829909,8,0.0024479804161566705
"G22030T",0.0004780114722753346,1,0.0004591368227731864
"T22032C",0.9663623258049014,2011,0.007153121620852541
"C22033A",0.9961519961519961,2071,0.006061031750909447
"C22033T",0.000481000481000481,1,0.00045310376076121433
"A22034G",0.9995180722891567,2074,0.007397235844850646
"G22037T",0.00047824007651841227,1,0.0004677268475210477
"C22044A",0.0009560229445506692,2,0.0009433962264150943
"C22050T",0.00047824007651841227,1,0.00045187528242205153
"A22053G",0.00430416068866571,9,0.0040577096483318306
"A22055G",0.00047824007651841227,1,0.0004734848484848485
"A22071T",0.0004830917874396135,1,0.0004714757190004715
"G22073A",0.0004830917874396135,1,0.0004657661853749418
"T22078A",0.0009666505558240696,2,0.000944733112895607
"G22081T",0.0014499758337361043,3,0.0013692377909630307
"C22082T",0.0019333011116481392,4,0.0016590626296142678
"T22085C",0.0004833252779120348,1,0.00044014084507042255
"C22088T",0.001932367149758454,4,0.0008105369807497467
"T22092-",0.0014492753623188406,3,0.001392757660167131
"T22092C",0.0014492753623188406,3,0.0011424219345011425
"G22093-",0.0014492753623188406,3,0.001392757660167131
"G22093C",0.0004830917874396135,1,0.0004083299305839118
"G22094-",0.0014492753623188406,3,0.0013895321908290875
"G22094A",0.0004830917874396135,1,0.0003979307600477517
"A22095-",0.0014492753623188406,3,0.0013901760889712697
"C22096-",0.0014492753623188406,3,0.0013850415512465374
"C22096A",0.0014492753623188406,3,0.001394700139470014
"C22097-",0.0014492753623188406,3,0.0013869625520110957
"T22098-",0.0014492753623188406,3,0.0013869625520110957
"T22099-",0.0014492753623188406,3,0.0013869625520110957
"G22100-",0.0014492753623188406,3,0.0013837638376383763
"A22101-",0.001433349259436216,3,0.00130718954248366
"A22102-",0.0014340344168260039,3,0.0013089005235602095
"G22103-",0.001433349259436216,3,0.0013123359580052493
"G22103A",0.00047778308647873863,1,0.00041288191577208916
"G22103C",0.0019111323459149545,4,0.0017761989342806395
"G22104-",0.001433349259436216,3,0.0013123359580052493
"A22105-",0.001433349259436216,3,0.0013123359580052493
"A22106-",0.001433349259436216,3,0.0013163668275559457
"A22107-",0.0014347202295552368,3,0.0013134851138353765
"A22108-",0.0014340344168260039,3,0.0013134851138353765
"C22109-",0.0014340344168260039,3,0.0013134851138353765
"A22110-",0.0014340344168260039,3,0.001314060446780552
"G22111-",0.0014340344168260039,3,0.001312910284463895
"G22111C",0.0004780114722753346,1,0.00047058823529411766
"G22111T",0.0004780114722753346,1,0.000059855150535703594
"G22112-",0.0014354066985645933,3,0.0013181019332161687
"G22112A",0.9985645933014354,2087,0.2510223719028145
"A22115G",0.00047778308647873863,1,0.00006920415224913495
"C22120T",0.002866698518872432,6,0.0019907100199071004
"A22125G",0.0004780114722753346,1,0.0004677268475210477
"G22131A",0.00047778308647873863,1,0.0004317789291882556
"G22132T",0.00047824007651841227,1,0.00001801704412374106
"A22151G",0.0009560229445506692,2,0.0008760402978537013
"T22165C",0.00047778308647873863,1,0.0004351610095735422
"A22168G",0.0009555661729574773,2,0.000942507068803016
"T22172C",0.00047778308647873863,1,0.0004714757190004715
"T22177C",0.0004775549188156638,1,0.00047080979284369113
"G22180A",0.00047778308647873863,1,0.0004363001745200698
"A22184G",0.0004780114722753346,1,0.0004655493482309125
"C22188T",0.0004780114722753346,1,0.0003480682213713888
"A22190G",0.0009487666034155598,2,0.00006027909219687151
"T22191-",0.0004748338081671415,1,0.00039888312724371757
"T22192-",0.0004748338081671415,1,0.0003990422984836393
"A22193-",0.0014238253440911248,3,0.0013049151805132667
"A22194-",1,2093,0.0075074698069149065
"T22195-",0.9971414959504526,2093,0.007507227455003264
"T22196-",1,2099,0.007510967658825298
"T22197-",0.00332541567695962,7,0.0024656569214512153
"T22200G",1,2105,0.00532560846025401
"G22205T",0.0004748338081671415,1,0.0004187604690117253
"C22208T",1,2106,0.007444168734491315
"C22211T",0.0014245014245014246,3,0.0012552301255230125
"G22216T",0.00047460844803037496,1,0.0004269854824935952
"G22218A",0.000949667616334283,2,0.0008598452278589854
"C22224-",0.001431980906921241,3,0.0013704888076747374
"C22224T",0.00047732696897374703,1,0.0003455425017277125
"G22226T",0.006172839506172839,13,0.0054575986565911
"C22227T",0.0033222591362126247,7,0.002012072434607646
"T22228C",0.0018984337921214998,4,0.0018570102135561746
"A22231G",0.0009492168960607499,2,0.0009276437847866419
"A22252T",0.0019267822736030828,4,0.0018206645425580337
"A22259G",0.0004807692307692308,1,0.00045024763619990995
"A22268T",0.0033653846153846156,7,0.0031746031746031746
"C22281A",0.0004807692307692308,1,0.000471253534401508
"C22281T",0.0009615384615384616,2,0.0007434944237918215
"C22286T",0.005291005291005291,11,0.004970628106642567
"T22292-",0.000962000962000962,2,0.000609942055504727
"T22292C",0.000481000481000481,1,0.00041288191577208916
"T22293-",0.000962000962000962,2,0.0006097560975609756
"A22294-",0.000962000962000962,2,0.0005988023952095808
"C22295-",0.000962000962000962,2,0.0009070294784580499
"C22295A",0.9990379990379991,2077,0.007458586351900198
"A22296-",0.000962000962000962,2,0.0009095043201455207
"T22297-",0.000962000962000962,2,0.0009350163627863488
"A22298-",0.000962000962000962,2,0.0009363295880149813
"G22299-",0.000962000962000962,2,0.0009380863039399625
"A22300-",0.000962000962000962,2,0.0009380863039399625
"A22301-",0.000962000962000962,2,0.0009394081728511038
"G22302-",0.000962000962000962,2,0.0009337068160597573
"T22303-",0.000962000962000962,2,0.0009337068160597573
"T22304-",0.000481000481000481,1,0.00046468401486988845
"A22305-",0.000481000481000481,1,0.0004677268475210477
"T22306-",0.000481000481000481,1,0.00046860356138706655
"C22314T",0.000481000481000481,1,0.00032362459546925567
"G22317T",0.000962000962000962,2,0.00000672879588197692
"G22319T",0.005291005291005291,11,0.004957187922487607
"T22322-",0.00048123195380173246,1,0.0004730368968779565
"C22323-",0.000481000481000481,1,0.0004730368968779565
"T22324-",0.000481000481000481,1,0.0004730368968779565
"C22326T",0.002886002886002886,6,0.001447178002894356
"T22328-",0.000481000481000481,1,0.0004616805170821791
"C22329-",0.000481000481000481,1,0.0004608294930875576
"A22330-",0.0004807692307692308,1,0.00046061722708429296
"G22331-",0.0004807692307692308,1,0.0004591368227731864
"G22331A",0.0004807692307692308,1,0.00002769852920809905
"G22332-",0.0004807692307692308,1,0.00045871559633027525
"T22333-",0.0004807692307692308,1,0.0004589261128958238
"T22333C",0.0004807692307692308,1,0.00045167118337850043
"A22339G",0.000962000962000962,2,0.0009302325581395349
"G22340A",0.000481000481000481,1,0.00044483985765124553
"G22340T",0.000481000481000481,1,0.00045599635202918376
"C22341T",0.0004816955684007707,1,0.000432152117545376
"G22343T",0.0004816955684007707,1,0.0004562043795620438
"G22346T",0.005296100144439095,11,0.004126031507876969
"C22350T",0.0009633911368015414,2,0.0007833920877399138
"C22353A",1,2077,0.007516184948088747
"A22368G",0.00048123195380173246,1,0.00046685340802987864
"C22383T",0.0009624639076034649,2,0.0009195402298850574
"C22388T",0.0009633911368015414,2,0.0005837711617046118
"A22404C",0.0004816955684007707,1,0.00047214353163361664
"C22413T",0.001445086705202312,3,0.001002673796791444
"C22414T",0.0024084778420038534,5,0.0014359563469270534
"T22417C",0.00048192771084337347,1,0.0004562043795620438
"G22421A",0.00048192771084337347,1,0.00046468401486988845
"C22444T",0.002402691013935608,5,0.001856665428889714
"T22447C",0.00048262548262548264,1,0.00045998160073597056
"C22450T",0.0014485755673587638,3,0.000724112961622013
"A22453T",0.000484027105517909,1,0.0004438526409232135
"C22458T",0.00048449612403100775,1,0.00039385584875935406
"A22474G",0.0004854368932038835,1,0.00045558086560364467
"C22480T",0.0009737098344693282,2,0.00002964236486786916
"T22483C",0.0009751340809361287,2,0.0009272137227630969
"T22483G",0.00048756704046806434,1,0.000473260766682442
"G22484T",0.0004870920603994155,1,0.0004288164665523156
"G22487C",0.0009732360097323601,2,0.0008445945945945946
"C22498T",0.0023946360153256703,5,0.0015460729746444033
"A22524T",0.00048520135856380397,1,0.00045392646391284613
"C22530T",0.0004837929366231253,1,0.00022386389075442132
"A22531T",0.0004837929366231253,1,0.0004633920296570899
"A22556G",1,2083,0.007524636592202988
"C22564T",0.0004791566842357451,1,0.00034722222222222224
"C22570T",0.007670182166826462,16,0.0013149243918474688
"G22577C",1,2081,0.003166757717925736
"G22578A",0.9995194617972128,2080,0.0028071236160070825
"G22578T",0.0004805382027871216,1,0.00047080979284369113
"G22580C",0.0009601536245799327,2,0.0008295313148071339
"T22585C",0.0004798464491362764,1,0.0004666355576294914
"G22592-",0.002881844380403458,6,0.002805049088359046
"C22593-",0.0028804608737397984,6,0.002805049088359046
"C22594-",0.002881844380403458,6,0.002805049088359046
"C22594T",0.0009606147934678194,2,0.0006361323155216285
"C22596T",0.00048007681228996637,1,0.00047058823529411766
"C22597T",0.00048007681228996637,1,0.00035932446999640676
"G22599A",0.002881844380403458,6,0.0022641509433962265
"G22599C",0.01729106628242075,36,0.00006574249759400721
"A22600G",0.0009606147934678194,2,0.0009144947416552355
"C22624T",0.00047938638542665386,1,0.00011111111111111112
"A22629C",0.9995189995189995,2078,0.007324767796401064
"A22633G",0.0004803073967339097,1,0.00045955882352941176
"T22657C",0.00047938638542665386,1,0.00045024763619990995
"C22664T",0.0014381591562799617,3,0.0013464991023339318
"C22674T",0.9995206136145733,2085,0.0028321069925197058
"C22675T",0.0009583133684714902,2,0.0008281573498964803
"T22679C",0.9995208433157643,2086,0.0028310734056890188
"C22686T",0.9995206136145733,2085,0.002832545609418452
"A22688G",0.9995196926032661,2081,0.0028346362307647252
"T22690C",0.0004786979415988511,1,0.00046146746654360867
"C22735T",0.0009560229445506692,2,0.0008676789587852494
"T22741C",0.0028680688336520078,6,0.0027739251040221915
"C22747T",0.0023912003825920613,5,0.0017593244194229415
"T22756C",0.0028804608737397984,6,0.0027548209366391185
"G22770A",0.9822389666307858,1825,0.00748128653532397
"G22775A",1,2108,0.0028263623991901694
"T22777C",0.0004743833017077799,1,0.00044444444444444447
"A22786C",0.9957122439256789,2090,0.0028965622379754554
"A22786T",0.004287756074321105,9,0.0026416201937188143
"C22792T",0.008604206500956023,18,0.00046242774566473987
"T22795C",0.001430615164520744,3,0.0012437810945273632
"A22798G",0.0004768717215069146,1,0.00045641259698767686
"G22801T",0.0004768717215069146,1,0.0003800836183960471
"T22807A",0.0009532888465204957,2,0.0009372071227741331
"T22807C",0.00047664442326024784,1,0.0004664179104477612
"G22813T",0.9995226730310263,2094,0.002992176615582467
"T22825C",0.00047664442326024784,1,0.0004389815627743635
"T22831C",0.00047664442326024784,1,0.0004438526409232135
"C22858T",0.0014367816091954023,3,0.0003371165299471851
"A22864T",0.0009578544061302681,2,0.000944733112895607
"G22865T",0.9995210727969349,2087,0.16132024426064775
"T22867A",0.0004789272030651341,1,0.00047192071731949034
"A22881G",0.0009560229445506692,2,0.000671591672263264
"T22882G",0.9995217599234816,2090,0.0028342710837900038
"T22884G",0.0004780114722753346,1,0.0002898550724637681
"A22893G",0.0028708133971291866,6,0.00016410480827088234
"G22895C",0.9990421455938697,2086,0.003369913425857866
"G22895T",0.0004789272030651341,1,0.00039261876717707107
"T22896A",0.9990412272291467,2084,0.009388148588624303
"T22896G",0.00047938638542665386,1,0.0000214325517596125
"G22898A",0.9995210727969349,2087,0.0031896878477019573
"T22909C",0.0033492822966507177,7,0.003115264797507788
"A22910G",1,2090,0.007518796992481203
"C22915T",0.0028721876495931067,6,0.0024330900243309003
"C22916T",0.9990421455938697,2086,0.007594623327071228
"T22917G",0.9995210727969349,2087,0.0051903028132585256
"T22926C",1,2090,0.007806605359290607
"G22927A",0.00047824007651841227,1,0.0004585052728106373
"T22928G",0.0004789272030651341,1,0.0002975304968759298
"T22929C",0.0004780114722753346,1,0.00047192071731949034
"T22930A",0.9995208433157643,2086,0.024078862314156433
"G22936T",0.0004780114722753346,1,0.00046860356138706655
"T22939C",0.0004780114722753346,1,0.00045955882352941176
"T22942A",1,2092,0.006159408555453815
"C22945G",0.0004780114722753346,1,0.00046860356138706655
"T22954C",0.00047824007651841227,1,0.0004675081813931744
"T22966C",0.00047778308647873863,1,0.00047036688617121356
"C22978T",0.003330161750713606,7,0.0022823606129768505
"T22981C",0.0004757373929590866,1,0.0004108463434675431
"G22985T",0.0009514747859181732,2,0.0008948545861297539
"C22986T",0.0014272121788772598,3,0.00024764735017335313
"C22987T",0.0004757373929590866,1,0.00033046926635822867
"G22988A",0.0004757373929590866,1,0.00042176296921130323
"G22992A",1,2102,0.002801015934609204
"C22993T",0.0009519276534983341,2,0.00033789491468153406
"A22994C",0.00047596382674916705,1,0.0004108463434675431
"A22994T",0.004283674440742504,9,0.0042452830188679245
"C22995A",0.004768717215069146,10,0.000014873471378979025
"C22995G",0.001430615164520744,3,0.00004143303041184432
"C22995T",0.9685264663805436,2031,0.29439049137556167
"A23004G",0.0004764173415912339,1,0.0003748125937031484
"T23005A",1,2092,0.007550493019764101
"G23006A",0.0004768717215069146,1,0.0004233700254022015
"T23008C",0.0005045408678102926,1,0.0004597701149425287
"G23009-",0.9934310257705912,1966,0.007924064408214264
"T23010-",0.993427704752275,1965,0.007921630283606458
"T23011-",0.9383659818442427,1964,0.0079188439455519
"G23012A",1,2095,0.007567138032544112
"A23013G",0.00047732696897374703,1,0.000365764447695684
"T23018C",0.9985687022900763,2093,0.0033274828140997512
"T23019C",0.9990458015267175,2094,0.0031834400307702133
"C23029T",0.0004757373929590866,1,0.0003506311360448808
"C23039G",0.9966666666666667,2093,0.01569177250303639
"C23054A",0.0009624639076034649,2,0.0009280742459396752
"A23055G",1,2074,0.002762695879666878
"A23056T",0.0009624639076034649,2,0.0009420631182289214
"A23060G",0.00048146364949446316,1,0.0004432624113475177
"C23061A",0.0004816955684007707,1,0.0004633920296570899
"A23063T",1,2077,0.0027646665761527876
"T23068A",0.00048146364949446316,1,0.00046511627906976747
"T23075C",0.9995178399228544,2073,0.0027632226133714383
"C23077T",0.008180943214629451,17,0.007230965546575925
"A23083G",0.00048123195380173246,1,0.00045475216007276033
"C23086T",0.002405002405002405,5,0.0010028078620136383
"C23099A",0.0004789272030651341,1,0.0004697040864255519
"C23114G",0.00047393364928909954,1,0.0004380201489268506
"C23117T",0.000474158368895211,1,0.00046685340802987864
"G23120T",0.0004743833017077799,1,0.0004329004329004329
"A23147G",0.00047393364928909954,1,0.0004636068613815484
"G23149T",0.00047393364928909954,1,0.00031298904538341156
"A23156G",0.00047393364928909954,1,0.0004616805170821791
"C23185T",0.0014218009478672985,3,0.0009146341463414635
"C23191T",0.002844950213371266,6,0.001218026796589525
"A23200T",0.00047393364928909954,1,0.00047192071731949034
"C23202T",0.0009478672985781991,2,0.00022249415952831238
"C23208T",0.0009478672985781991,2,0.0009203865623561896
"T23212C",0.00047393364928909954,1,0.00046707146193367583
"G23222A",1,2110,0.00729765437478816
"T23227C",0.00047393364928909954,1,0.000427715996578272
"G23236T",0.00047393364928909954,1,0.00040032025620496394
"T23239C",0.0004743833017077799,1,0.00046707146193367583
"C23248T",0.000474158368895211,1,0.0002986857825567503
"A23267G",0.0014211274277593558,3,0.0012376237623762376
"C23271T",0.9995262908574135,2110,0.007405509558722883
"C23277T",0.00047460844803037496,1,0.0000176934781839414
"T23278C",0.0004737091425864519,1,0.0004472271914132379
"T23293C",0.0004737091425864519,1,0.000429000429000429
"A23301T",0.0004737091425864519,1,0.00046511627906976747
"A23312G",0.0004737091425864519,1,0.0004399472063352398
"T23335G",0.0004737091425864519,1,0.00046382189239332097
"T23353C",0.0004737091425864519,1,0.0004640371229698376
"A23370G",0.0004737091425864519,1,0.00046490004649000463
"T23371C",0.0009474182851729038,2,0.0008100445524503848
"T23386C",0.0014211274277593558,3,0.0013992537313432835
"G23401T",0.0004737091425864519,1,0.00009129918743723181
"A23403G",1,2111,0.002748583392358652
"A23416T",0.006158218853623875,13,0.0032556974705735034
"A23419-",0.0009474182851729038,2,0.000944733112895607
"G23420-",0.0009474182851729038,2,0.0009442870632672333
"T23421-",0.0009474182851729038,2,0.0009442870632672333
"C23422-",0.0009478672985781991,2,0.0009438414346389807
"C23422A",0.0018957345971563982,4,0.0018841262364578427
"C23422T",0.002369668246445498,5,0.001819505094614265
"C23423-",0.001896633475580844,4,0.0018717828731867104
"C23423T",0.9981033665244191,2105,0.007330816593764801
"C23424-",0.0018957345971563982,4,0.0018744142455482662
"T23425-",0.0009478672985781991,2,0.0009394081728511038
"G23426-",0.0009478672985781991,2,0.0009289363678588017
"T23427-",0.0009478672985781991,2,0.0009289363678588017
"T23427C",0.00047393364928909954,1,0.00042211903756859433
"T23428-",0.0009478672985781991,2,0.0009293680297397769
"T23434A",0.0004737091425864519,1,0.0004725897920604915
"T23434G",0.0004737091425864519,1,0.00047080979284369113
"T23437C",0.0009474182851729038,2,0.0009049773755656109
"G23438T",0.0004737091425864519,1,0.00045372050816696913
"T23449C",0.0014211274277593558,3,0.001312910284463895
"T23473C",0.0005285412262156448,1,0.00043706293706293706
"T23479C",0.0005288207297726071,1,0.0004366812227074236
"A23484G",0.0010576414595452142,2,0.0009078529278256923
"T23485G",0.0005288207297726071,1,0.0004679457182966776
"G23486T",0.0005288207297726071,1,0.0004601932811780948
"T23487G",0.0005293806246691371,1,0.0003354579000335458
"C23502T",0.001059322033898305,2,0.0009220839096357768
"G23518T",0.0005313496280552603,1,0.00045330915684496827
"G23522A",0.0031847133757961785,6,0.0020435967302452314
"A23523C",0.002122015915119363,4,0.0018805829807240243
"C23525T",1,1884,0.0025748750146920947
"T23527C",0.0005310674455655868,1,0.0004633920296570899
"C23530G",0.0010643959552953698,2,0.000946073793755913
"C23533T",0.0005324813631522897,1,0.0003916960438699569
"C23536A",0.0005330490405117271,1,0.0004551661356395084
"C23536G",0.0005330490405117271,1,0.0004734848484848485
"A23539T",0.0005330490405117271,1,0.00033921302578018993
"T23563C",0.0005399568034557236,1,0.0004591368227731864
"T23569C",0.004326663061114116,8,0.003472222222222222
"C23589T",0.0005497526113249038,1,0.0004286326618088298
"A23592T",0.0009532888465204957,2,0.0008733624454148472
"G23593C",0.009532888465204958,20,0.006662225183211193
"G23593T",0.006196377502383222,13,0.004084197298146403
"C23595T",0.010471204188481676,22,0.006676783004552352
"A23598C",0.0014285714285714286,3,0.0013654984069185253
"A23598G",0.006190476190476191,13,0.0008634431455897981
"T23599A",0.0004761904761904762,1,0.00044014084507042255
"T23599C",0.0014285714285714286,3,0.0012594458438287153
"T23599G",0.9942857142857143,2088,0.0027636997044376706
"T23600C",0.006187529747739172,13,0.0025875796178343948
"T23600G",0.0033317467872441696,7,0.0031559963931469793
"C23601A",0.011434016198189614,24,0.0096
"C23601T",0.0004764173415912339,1,0.00023126734505087883
"C23604A",0.0033349213911386373,7,0.0000146384103522838
"C23604G",0.9947594092424964,2088,0.007475002774486183
"G23607T",0.00047596382674916705,1,0.0004725897920604915
"G23608A",0.0009514747859181732,2,0.0008382229673093043
"G23608C",0.0014272121788772598,3,0.0014084507042253522
"G23608T",0.002378686964795433,5,0.0017825311942959
"G23610A",0.0004775549188156638,1,0.00038550501156515033
"G23610T",0.0009551098376313276,2,0.0008845643520566122
"G23611A",0.0004775549188156638,1,0.00041736227045075126
"G23611T",0.0004775549188156638,1,0.00038580246913580245
"C23613T",0.0004791566842357451,1,0.0003770739064856712
"G23624A",0.0009569377990430622,2,0.000855431993156544
"G23624T",0.0014354066985645933,3,0.0013501350135013501
"C23625T",0.0019138755980861245,4,0.0008141664970486464
"G23628A",0.0004784688995215311,1,0.0004591368227731864
"G23628T",0.0004784688995215311,1,0.00044072278536800354
"A23632T",0.0009564801530368245,2,0.000942507068803016
"T23633C",0.00047824007651841227,1,0.0004462293618920125
"C23634T",0.00047824007651841227,1,0.0004222972972972973
"C23635T",0.0028694404591104736,6,0.0009543502465404804
"C23638T",0.0009564801530368245,2,0.00041177681696520483
"C23649A",0.00047778308647873863,1,0.0004675081813931744
"C23655T",0.0004775549188156638,1,0.00044072278536800354
"A23656T",0.016714422158548233,35,0.016525023607176583
"C23664A",0.0004775549188156638,1,0.00047080979284369113
"G23666C",0.0004775549188156638,1,0.00046274872744099955
"A23669T",0.0019102196752626551,4,0.001838235294117647
"C23673T",0.002386634844868735,5,0.00037015102161681965
"C23679T",0.0004775549188156638,1,0.00033647375504710633
"C23683T",0.0019102196752626551,4,0.0010857763300760044
"T23695C",0.00047732696897374703,1,0.0004621072088724584
"C23707T",0.0009551098376313276,2,0.0006022282445046673
"T23716C",0.0004775549188156638,1,0.00041981528127623844
"T23722C",0.0004775549188156638,1,0.00046860356138706655
"C23731T",0.0019102196752626551,4,0.0018058690744920992
"A23738G",0.0004775549188156638,1,0.00044662795891022776
"A23746G",0.0009551098376313276,2,0.0009337068160597573
"G23755A",0.0004775549188156638,1,0.00047214353163361664
"C23757T",0.00047778308647873863,1,0.00022831050228310502
"C23758T",0.0023889154323936935,5,0.0015137753557372085
"G23761A",0.00047778308647873863,1,0.00042426813746287653
"A23801G",0.0009551098376313276,2,0.0009254974548819991
"T23815C",0.0009551098376313276,2,0.0009000900090009
"C23816G",0.0004775549188156638,1,0.000473260766682442
"T23823C",0.0004775549188156638,1,0.000468384074941452
"G23835T",0.0009551098376313276,2,0.0009358914365933552
"T23839C",0.0009551098376313276,2,0.000882223202470225
"C23854A",1,2097,0.002791656182979284
"G23856A",0.0004768717215069146,1,0.00044072278536800354
"T23857C",0.00047709923664122136,1,0.00046511627906976747
"T23866C",0.00047709923664122136,1,0.0004589261128958238
"G23873T",0.00047709923664122136,1,0.0004506534474988734
"G23876A",0.0014312977099236641,3,0.0012355848434925864
"C23887T",0.0004761904761904762,1,0.000441306266548985
"A23890G",0.0004761904761904762,1,0.00046468401486988845
"A23898G",0.0004768717215069146,1,0.00046511627906976747
"T23905C",0.00047778308647873863,1,0.00046685340802987864
"A23914G",0.0004784688995215311,1,0.0004701457451810061
"C23929T",0.0036726128016789086,7,0.0020864381520119225
"T23943C",0.005246589716684155,10,0.004526935264825713
"G23948T",0.9984110169491526,1885,0.002605016003228285
"T23978C",0.0010559662090813093,2,0.0009328358208955224
"T23986C",0.0015881418740074113,3,0.00024855012427506213
"C23996T",0.0005279831045406547,1,0.00040241448692152917
"C23997T",0.0005288207297726071,1,0.00042052144659377626
"A23998T",0.0005288207297726071,1,0.0004692632566870014
"A24005C",0.0005299417064122947,1,0.00043346337234503684
"G24006T",0.0005299417064122947,1,0.0004725897920604915
"C24023T",0.010554089709762533,20,0.005050505050505051
"C24031T",0.002109704641350211,4,0.00178491744756805
"A24033G",0.0005271481286241434,1,0.00046685340802987864
"C24034T",0.0015831134564643799,3,0.0005384063173007897
"C24054T",0.0005271481286241434,1,0.00043271311120726956
"T24055G",0.0005271481286241434,1,0.0004730368968779565
"A24062G",0.0005277044854881266,1,0.0004110152075626798
"T24076C",0.0010587612493382743,2,0.0009285051067780873
"C24082T",0.0005293806246691371,1,0.0004086636697997548
"G24087T",0.0005296610169491525,1,0.0004623208506703652
"A24092G",0.0005279831045406547,1,0.0004409171075837742
"G24095T",0.0015822784810126582,3,0.0007347538574577516
"C24096T",0.0005277044854881266,1,0.0004286326618088298
"G24098T",0.0005274261603375527,1,0.0004655493482309125
"C24099T",0.0005274261603375527,1,0.00038284839203675346
"A24118G",0.0021119324181626186,4,0.0018613308515588647
"T24136C",0.0005305039787798408,1,0.00043271311120726956
"A24160G",0.0010655301012253596,2,0.000887705281846427
"A24170G",0.0005347593582887701,1,0.0004428697962798937
"A24178G",0.005898123324396783,11,0.005186232909005186
"T24187C",0.001084010840108401,2,0.0009033423667570009
"A24190G",0.000974184120798831,2,0.0009337068160597573
"A24196G",0.0009737098344693282,2,0.0009280742459396752
"G24199A",0.0004870920603994155,1,0.0004144218814753419
"G24199T",0.000974184120798831,2,0.0008699434536755111
"C24208T",0.00048638132295719845,1,0.0004589261128958238
"C24213T",0.0010368066355624676,2,0.0009021199819576004
"A24232G",0.0005175983436853002,1,0.0004576659038901602
"G24236T",0.0005173305742369374,1,0.0004616805170821791
"C24237T",0.0010346611484738748,2,0.0008737439930100481
"G24239C",0.0005167958656330749,1,0.000473260766682442
"A24241G",0.0005173305742369374,1,0.0004585052728106373
"T24242C",0.000517063081695967,1,0.0004616805170821791
"G24257T",0.0005181347150259067,1,0.00043010752688172043
"G24277A",0.0005167958656330749,1,0.000468384074941452
"T24289C",0.002066115702479339,4,0.0018492834026814608
"A24325G",0.0005162622612287042,1,0.00044822949350067237
"G24348C",0.006714876033057851,13,0.005704256252742431
"A24353G",0.0005165289256198347,1,0.0004610419548178884
"C24358A",0.0005165289256198347,1,0.0003551136363636364
"A24362G",0.0005165289256198347,1,0.0003695491500369549
"G24368C",0.0015511892450879006,3,0.001288659793814433
"C24370A",0.0005173305742369374,1,0.00046425255338904364
"C24370T",0.0020693222969477496,4,0.0011083402604599613
"C24378T",1,1932,0.007392866572533893
"C24382T",0.0020693222969477496,4,0.001064679265371307
"A24383T",0.0005175983436853002,1,0.00043687199650502403
"G24386T",0.0005175983436853002,1,0.0003862495171881035
"C24387T",0.0005173305742369374,1,0.00046189376443418013
"T24397A",0.0005173305742369374,1,0.0003541076487252125
"G24398A",0.0015519917227108122,3,0.001075268817204301
"G24410C",0.000517063081695967,1,0.00047058823529411766
"C24421T",0.0005178663904712584,1,0.00043497172683775554
"A24424T",0.9994818652849741,1929,0.0026242041682537957
"A24430G",0.005189413596263622,10,0.004714757190004715
"A24433G",0.0005192107995846313,1,0.0004697040864255519
"C24442T",0.004140786749482402,8,0.002860207365033965
"T24460C",0.0005205622071837585,1,0.0004470272686633885
"C24466A",0.0005208333333333333,1,0.0004374453193350831
"C24466T",0.0005208333333333333,1,0.00044033465433729633
"T24469A",1,2079,0.0027652674954045217
"T24472C",0.0004786979415988511,1,0.0004578754578754579
"T24499C",0.0004775549188156638,1,0.000390625
"T24506A",0.0004775549188156638,1,0.0004716981132075472
"C24507A",0.0004775549188156638,1,0.000473260766682442
"T24523C",0.0004775549188156638,1,0.00046468401486988845
"G24526A",0.00047778308647873863,1,0.0004636068613815484
"T24565C",0.003848003848003848,8,0.0035195776506819184
"A24592G",0.000481000481000481,1,0.00046189376443418013
"G24620T",0.000481000481000481,1,0.00037593984962406017
"T24631G",0.000481000481000481,1,0.00047281323877068556
"T24634C",0.000481000481000481,1,0.00046146746654360867
"T24640C",0.000481000481000481,1,0.0004601932811780948
"A24652T",0.000481000481000481,1,0.0004616805170821791
"A24694G",0.00047938638542665386,1,0.0004655493482309125
"C24718T",0.0009592326139088729,2,0.0008861320336730173
"T24721C",0.00048007681228996637,1,0.0004175365344467641
"T24725G",0.00048007681228996637,1,0.0004725897920604915
"C24734T",0.0009596928982725527,2,0.000691085003455425
"T24736C",0.0009601536245799327,2,0.000931098696461825
"A24742G",0.0004803073967339097,1,0.00039761431411530816
"C24745T",0.0009610764055742432,2,0.000757002271006813
"G24770A",0.00048123195380173246,1,0.00043196544276457883
"C24773G",0.000481000481000481,1,0.000471253534401508
"A24780T",0.000474158368895211,1,0.00046468401486988845
"C24784T",0.0018957345971563982,4,0.001738374619730552
"C24809T",0.0004734848484848485,1,0.0004297378599054577
"T24811C",0.002840909090909091,6,0.0026666666666666666
"A24813G",0.0033143939393939395,7,0.0019751693002257337
"T24814C",0.0004734848484848485,1,0.0004492362982929021
"G24815A",0.0004734848484848485,1,0.0004476275738585497
"G24816C",0.00047824007651841227,1,0.000445632798573975
"A24819T",0.0028694404591104736,6,0.0028328611898017
"C24833T",0.0009573958831977022,2,0.0009420631182289214
"G24836A",0.0004786979415988511,1,0.00047080979284369113
"C24844T",0.00047824007651841227,1,0.0003045994517209869
"C24863T",0.00047778308647873863,1,0.0002631578947368421
"A24864G",0.00047778308647873863,1,0.00046425255338904364
"C24865T",0.0009560229445506692,2,0.0005984440454817474
"T24870C",0.0004775549188156638,1,0.00045433893684688776
"G24872T",0.0004780114722753346,1,0.000008054253451247604
"A24874C",0.00047778308647873863,1,0.0004734848484848485
"C24904T",0.0014340344168260039,3,0.0007276255154014067
"A24905G",0.00047824007651841227,1,0.00045682960255824577
"C24912T",0.001912960306073649,4,0.0010554089709762533
"C24916T",0.0009573958831977022,2,0.0008764241893076249
"G24926T",0.0009578544061302681,2,0.000777302759424796
"G24944A",0.0004807692307692308,1,0.0004570383912248629
"A24950T",0.000481000481000481,1,0.00047214353163361664
"T24951C",0.001924001924001924,4,0.0018527095877721167
"A24955T",0.0009629272989889263,2,0.0009394081728511038
"C24989T",0.006235011990407674,13,0.004066312167657179
"C24990T",1,2085,0.007482424377272091
"G24992C",0.0004786979415988511,1,0.000315059861373661
"A24997G",0.00047778308647873863,1,0.00046707146193367583
"A24999G",0.0009555661729574773,2,0.0008684324793747286
"C25000T",1,2093,0.0027743755335337566
"C25006T",0.001912960306073649,4,0.00012698815835423348
"A25024G",0.0004780114722753346,1,0.0004679457182966776
"T25036C",0.0004775549188156638,1,0.000444247001332741
"C25046T",0.0009551098376313276,2,0.0005041593143433325
"G25049A",0.00047778308647873863,1,0.00046533271288971617
"G25049T",0.00047778308647873863,1,0.00044169611307420494
"A25050C",0.0019111323459149545,4,0.001873536299765808
"T25051C",0.00047778308647873863,1,0.0004597701149425287
"G25052A",0.00047778308647873863,1,0.0004351610095735422
"G25055T",0.0004780114722753346,1,0.0004666355576294914
"T25058A",0.004302103250478011,9,0.004231311706629055
"T25070C",0.0004791566842357451,1,0.00046904315196998124
"T25078C",0.0009601536245799327,2,0.0009220839096357768
"T25081C",0.0009601536245799327,2,0.0009029345372460496
"G25082T",0.00048007681228996637,1,0.00047080979284369113
"C25096T",0.002398081534772182,5,0.001235788433020267
"G25106A",0.0004803073967339097,1,0.0004730368968779565
"C25117T",0.0004805382027871216,1,0.0004336513443191674
"T25123C",0.0010330578512396695,2,0.0008888888888888889
"G25126T",0.0005165289256198347,1,0.0004492362982929021
"C25132T",0.0005159958720330237,1,0.0004399472063352398
"A25158G",0.0005149330587023687,1,0.00046904315196998124
"T25159C",0.0005149330587023687,1,0.0004185851820845542
"C25162A",0.003611971104231166,7,0.0025887573964497044
"C25163A",0.003611971104231166,7,0.002380952380952381
"C25169T",0.0005165289256198347,1,0.00044742729306487697
"C25207T",1,1955,0.007350563605874435
"A25223T",0.0005089058524173028,1,0.0004723665564478035
"G25226C",0.0005125576627370579,1,0.0004710315591144607
"C25227G",0.000513347022587269,1,0.00047080979284369113
"T25228C",0.004018081366147665,8,0.0034393809114359416
"G25234T",0.02050473186119874,39,0.010967379077615299
"G25244C",0.002007024586051179,4,0.0017338534893801473
"T25245C",0.0005015045135406219,1,0.0004623208506703652
"G25249T",0.0025075225677031092,5,0.00108837614279495
"G25252T",0.003510531594784353,7,0.003139013452914798
"C25262T",0.00100150225338007,2,0.0009280742459396752
"C25276G",0.000501002004008016,1,0.0004716981132075472
"C25276T",0.002004008016032064,4,0.001304631441617743
"G25278A",0.000501002004008016,1,0.00046598322460391424
"T25279C",0.0005005005005005005,1,0.00046904315196998124
"G25290T",0.0005005005005005005,1,0.00034234851078397807
"G25302C",0.0004995004995004995,1,0.00045641259698767686
"T25303C",0.0004995004995004995,1,0.00045413260672116256
"G25311A",0.001,2,0.0009289363678588017
"G25314T",0.0005,1,0.00045167118337850043
"A25315G",0.0005,1,0.00043308791684711995
"C25318A",0.0005,1,0.0004576659038901602
"C25321T",0.000500751126690035,1,0.00042918454935622315
"G25340A",0.000500751126690035,1,0.00041476565740356696
"G25348C",0.0005025125628140704,1,0.0004730368968779565
"C25350A",0.0010050251256281408,2,0.0008628127696289905
"C25350G",0.001507537688442211,3,0.0013233348037053375
"C25350T",0.0010050251256281408,2,0.000591016548463357
"G25352T",0.0025150905432595573,5,0.000777363184079602
"A25360G",0.0005040322580645161,1,0.00044822949350067237
"C25378T",0.0005055611729019212,1,0.00036536353671903543
"A25410C",0.00047393364928909954,1,0.00046992481203007516
"A25410G",0.00047393364928909954,1,0.000449842555105713
"C25413T",0.005687203791469194,12,0.002243409983174425
"C25416T",0.0018957345971563982,4,0.000010018810316368983
"C25418A",0.00047393364928909954,1,0.0004286326618088298
"T25422C",0.0009478672985781991,2,0.0009254974548819991
"C25427T",0.00047460844803037496,1,0.0004224757076468103
"G25429C",0.0009492168960607499,2,0.0005330490405117271
"G25429T",0.00047460844803037496,1,0.00031725888324873094
"C25433T",0.0014238253440911248,3,0.0011411182959300114
"G25437T",0.0009487666034155598,2,0.0008368200836820083
"G25440T",0.0004743833017077799,1,0.00038684719535783365
"G25445T",0.0004743833017077799,1,0.00033467202141900936
"G25447-",0.0004743833017077799,1,0.0004636068613815484
"A25448-",0.0004743833017077799,1,0.0004616805170821791
"A25449-",0.0004743833017077799,1,0.0004616805170821791
"A25450-",0.0004743833017077799,1,0.0004621072088724584
"T25451-",0.0004743833017077799,1,0.00046253469010175765
"C25452-",0.0004743833017077799,1,0.00046253469010175765
"C25452T",0.0009487666034155598,2,0.0004944375772558715
"A25453-",0.0004743833017077799,1,0.0004662004662004662
"A25454-",0.0004743833017077799,1,0.0004662004662004662
"G25455-",0.0004743833017077799,1,0.0004664179104477612
"G25455T",0.003795066413662239,8,0.002482929857231533
"G25456-",0.0004743833017077799,1,0.000468384074941452
"G25456A",0.0014231499051233396,3,0.001388888888888889
"G25456T",0.0014231499051233396,3,0.0012701100762066045
"A25457-",0.0004743833017077799,1,0.00046707146193367583
"T25458-",0.0004743833017077799,1,0.00046707146193367583
"G25459-",0.0004743833017077799,1,0.00046707146193367583
"C25460-",0.0004743833017077799,1,0.00046707146193367583
"C25460G",0.0004743833017077799,1,0.0004697040864255519
"C25460T",0.0023719165085388993,5,0.0017076502732240437
"T25461-",0.0004743833017077799,1,0.00046707146193367583
"T25461C",0.0004743833017077799,1,0.00033921302578018993
"A25462-",0.0004743833017077799,1,0.00046728971962616824
"C25463-",0.0004743833017077799,1,0.00046533271288971617
"T25464-",0.0004743833017077799,1,0.0004657661853749418
"C25465-",0.0004743833017077799,1,0.00046533271288971617
"C25466-",0.0004743833017077799,1,0.00046533271288971617
"C25466T",0.0004743833017077799,1,0.0004389815627743635
"T25467-",0.0004743833017077799,1,0.00046533271288971617
"T25468-",0.0004743833017077799,1,0.00046511627906976747
"T25468C",0.0014231499051233396,3,0.001364256480218281
"C25469-",0.0004743833017077799,1,0.00046685340802987864
"C25469T",0.0014231499051233396,3,0.0007117437722419929
"A25470-",0.0004743833017077799,1,0.00046728971962616824
"G25471-",0.0004743833017077799,1,0.0004662004662004662
"G25471C",0.0004743833017077799,1,0.00029761904761904765
"G25471T",0.0004743833017077799,1,0.0004108463434675431
"A25472-",0.0004743833017077799,1,0.0004664179104477612
"T25473-",0.0004743833017077799,1,0.0004666355576294914
"T25473C",0.0004743833017077799,1,0.0004086636697997548
"T25474-",0.0004743833017077799,1,0.0004610419548178884
"T25475-",0.0004743833017077799,1,0.0004621072088724584
"T25476-",0.0004743833017077799,1,0.0004657661853749418
"G25477T",0.00047460844803037496,1,0.0004464285714285714
"C25482T",0.0009487666034155598,2,0.0008343763037129745
"G25483T",0.0004743833017077799,1,0.0004418912947414936
"C25493T",0.0004743833017077799,1,0.0003883495145631068
"G25494A",0.0014231499051233396,3,0.0012494793835901709
"T25496C",0.0023719165085388993,5,0.001444669170759896
"G25500A",0.0009487666034155598,2,0.000819000819000819
"T25502C",0.0004743833017077799,1,0.00035285815102328866
"A25503G",0.0014231499051233396,3,0.0014071294559099437
"A25505G",0.004269449715370019,9,0.004197761194029851
"G25507A",0.0004743833017077799,1,0.0003734129947722181
"C25509T",0.0004743833017077799,1,0.00041631973355537054
"C25511T",0.0014231499051233396,3,0.0008620689655172414
"C25513T",0.012339819648789748,26,0.008583690987124463
"C25517T",0.0014231499051233396,3,0.0008678044547295343
"C25521T",0.0014231499051233396,3,0.0005177770107007249
"G25523A",0.0009487666034155598,2,0.0006851661527920521
"G25527T",0.0004743833017077799,1,0.0003979307600477517
"T25533A",0.0004743833017077799,1,0.000471253534401508
"G25537A",0.0004743833017077799,1,0.0004616805170821791
"G25537T",0.0018975332068311196,4,0.0017145306472353193
"G25538T",0.0018975332068311196,4,0.0015729453401494297
"A25545G",0.0009487666034155598,2,0.0009306654257794323
"C25546T",0.012333965844402278,26,0.008132624335314358
"C25549T",0.0004743833017077799,1,0.0002663115845539281
"C25553T",0.0009487666034155598,2,0.0003763643206624012
"G25555A",0.00047460844803037496,1,0.0004332755632582322
"T25556C",0.0004743833017077799,1,0.00045310376076121433
"G25563A",0.0004743833017077799,1,0.00045495905368516835
"G25563T",0.0023719165085388993,5,0.0020885547201336674
"G25565A",0.004269449715370019,9,0.0038809831824062097
"C25571T",0.0014231499051233396,3,0.000952078705172961
"C25572T",0.0018975332068311196,4,0.00017987229067362173
"C25578T",0.004269449715370019,9,0.0026913875598086126
"A25579G",0.0004743833017077799,1,0.00046904315196998124
"C25584T",1,2106,0.0027546047416871365
"C25585T",0.0004743833017077799,1,0.0003916960438699569
"C25587T",0.0018975332068311196,4,0.000999750062484379
"A25589G",0.0004743833017077799,1,0.00046816479400749064
"C25603T",0.0004743833017077799,1,0.00025746652935118434
"C25609T",0.0004743833017077799,1,0.0002955956251847473
"C25611T",0.0014231499051233396,3,0.0011189854531891085
"C25613T",0.005218216318785579,11,0.0026278069756330625
"C25614T",0.007590132827324478,16,0.003172714653975808
"G25618A",0.0004743833017077799,1,0.0003944773175542406
"T25622C",0.004743833017077799,10,0.0045207956600361665
"T25623C",0.0014231499051233396,3,0.0013704888076747374
"C25624T",0.0004743833017077799,1,0.00016655562958027982
"C25642A",0.0009487666034155598,2,0.000942507068803016
"G25644C",0.0004743833017077799,1,0.0004714757190004715
"G25644T",0.0014231499051233396,3,0.0012412081092263137
"G25647T",0.003320683111954459,7,0.002217997465145754
"G25650A",0.0004743833017077799,1,0.0004570383912248629
"G25650T",0.0004743833017077799,1,0.00045599635202918376
"T25652C",0.0009487666034155598,2,0.0007751937984496124
"G25654T",0.0028462998102466793,6,0.002591792656587473
"C25658T",0.0056925996204933585,12,0.0016436104643199562
"C25665T",0.0009487666034155598,2,0.0006809669731018045
"C25667T",0.0018984337921214998,4,0.0015278838808250573
"C25669-",0.0023719165085388993,5,0.002347417840375587
"C25669T",0.0004743833017077799,1,0.0003632401017072285
"A25670-",0.0023719165085388993,5,0.002347417840375587
"C25671-",0.0023820867079561697,5,0.002347417840375587
"C25671T",0.9961886612672701,2091,0.26732293531066226
"C25672T",0.0004743833017077799,1,0.00039184952978056425
"T25674C",0.0014231499051233396,3,0.0012417218543046358
"T25676C",0.0009492168960607499,2,0.0008833922261484099
"G25677A",0.0004743833017077799,1,0.0004426737494466578
"C25678T",0.0028462998102466793,6,0.002717391304347826
"C25680T",0.0009492168960607499,2,0.00027739251040221914
"C25685T",0.00047460844803037496,1,0.00044464206313917296
"T25686C",0.0009492168960607499,2,0.0009203865623561896
"G25687T",0.0018984337921214998,4,0.0017226528854435831
"G25690T",0.00047460844803037496,1,0.0003904724716907458
"C25692T",0.0009492168960607499,2,0.0007627765064836003
"C25693T",0.0014251781472684087,3,0.0007147962830593281
"T25695A",0.0004748338081671415,1,0.0004266211604095563
"G25696A",0.001899335232668566,4,0.0018467220683287165
"G25699A",0.001899335232668566,4,0.0012574662055957245
"C25702T",0.0014245014245014246,3,0.0010944910616563297
"C25708T",0.0028503562945368173,6,0.0016348773841961854
"C25710G",0.0004748338081671415,1,0.00046468401486988845
"C25710T",0.004273504273504274,9,0.0020713463751438435
"T25711C",0.0023752969121140144,5,0.001923816852635629
"C25714T",0.002387774594078319,5,0.001287001287001287
"G25720T",0.0038204393505253103,8,0.00288704438830747
"C25721T",0.0038204393505253103,8,0.0007841599686336013
"C25728T",0.0023889154323936935,5,0.0012121212121212121
"C25731T",0.0019093078758949881,4,0.0013545546901456147
"T25733C",0.00047732696897374703,1,0.00046904315196998124
"A25739T",0.0009564801530368245,2,0.0009416195856873823
"G25742T",0.0009564801530368245,2,0.0009099181073703367
"A25744G",0.00047824007651841227,1,0.00036231884057971015
"G25767A",0.0004977600796416127,1,0.00046061722708429296
"G25775T",0.0004987531172069825,1,0.0004091653027823241
"C25782T",0.0009970089730807576,2,0.0006861063464837049
"G25785T",0.0004987531172069825,1,0.0004100041000410004
"A25788G",0.0004985044865403788,1,0.00045829514207149406
"G25793A",0.998997995991984,1994,0.25933151255039666
"C25803T",0.000997506234413965,2,0.0005644933672029354
"T25812C",0.0024925224327018943,5,0.0023331777881474567
"A25822T",0.003,6,0.0027881040892193307
"A25823G",0.0005,1,0.00046146746654360867
"C25836T",0.000500751126690035,1,0.00035549235691432633
"A25847G",0.0014962593516209476,3,0.0014058106841611997
"C25854T",0.000499001996007984,1,0.0003278688524590164
"G25855C",0.0024962556165751375,5,0.002002402883460152
"G25855T",0.000998502246630055,2,0.0004526935264825713
"T25860C",0.000994530084535057,2,0.0009433962264150943
"G25879A",0.000997506234413965,2,0.0009233610341643582
"T25880C",0.0004992511233150275,1,0.00047058823529411766
"C25886T",0.0004987531172069825,1,0.00042735042735042735
"T25893C",0.000499001996007984,1,0.00045372050816696913
"T25902A",0.0004982561036372695,1,0.00047058823529411766
"C25904T",0.018435475834578975,37,0.01080607476635514
"A25905T",0.0029910269192422734,6,0.002740977615349475
"G25906C",0.0014947683109118087,3,0.001403180542563143
"T25911C",0.0004987531172069825,1,0.0004623208506703652
"G25912A",0.0014955134596211367,3,0.0014044943820224719
"G25913A",0.000996512207274539,2,0.000855431993156544
"G25913T",0.0004982561036372695,1,0.0004621072088724584
"C25916T",0.009965122072745391,20,0.005104645227156712
"C25919A",0.000996512207274539,2,0.0009420631182289214
"C25919T",0.000996512207274539,2,0.0006508298080052066
"C25924T",0.00049800796812749,1,0.00043782837127845885
"C25925T",0.00049800796812749,1,0.00005650994575045208
"A25934T",0.0004977600796416127,1,0.00046533271288971617
"A25935G",0.0009955201592832255,2,0.0009420631182289214
"C25944T",0.001991040318566451,4,0.0018148820326678765
"G25947T",0.0009970089730807576,2,0.0008350730688935282
"A25966C",0.0009970089730807576,2,0.0009420631182289214
"T25969C",0.0074850299401197605,15,0.0035046728971962616
"G25971T",0.0004985044865403788,1,0.0004585052728106373
"T25977C",0.0004992511233150275,1,0.0004701457451810061
"A25980G",0.0009930486593843098,2,0.0009285051067780873
"T25990C",0.00049800796812749,1,0.00046882325363338024
"C26010T",0.000500751126690035,1,0.0002979737783075089
"T26011C",0.000500751126690035,1,0.00045433893684688776
"C26013T",0.001001001001001001,2,0.0005772005772005772
"A26014T",0.001001001001001001,2,0.000946521533364884
"C26022T",0.000501002004008016,1,0.0003351206434316354
"C26028T",0.0020100502512562816,4,0.001358695652173913
"C26029A",0.007530120481927711,15,0.0037926675094816687
"A26053G",0.0004784688995215311,1,0.0004389815627743635
"C26054T",0.0004780114722753346,1,0.00044822949350067237
"A26055G",0.00047778308647873863,1,0.00041981528127623844
"C26058T",0.00047732696897374703,1,0.00032711808963035657
"C26060T",1,2096,0.002776975481532318
"C26085T",0.001430615164520744,3,0.0013856812933025404
"A26086T",0.0019074868860276585,4,0.0018779342723004694
"T26106C",0.0009532888465204957,2,0.0006018657839301836
"G26109T",0.00047664442326024784,1,0.0003862495171881035
"C26111T",0.0023832221163012394,5,0.0007807620237351655
"T26112C",0.0019065776930409914,4,0.001838235294117647
"A26115G",0.00047664442326024784,1,0.00046189376443418013
"T26130C",0.00047664442326024784,1,0.0004514672686230248
"C26133A",0.00047664442326024784,1,0.000471253534401508
"G26143A",0.0004764173415912339,1,0.00044583147570218456
"C26151T",0.005238095238095238,11,0.0027617373838814963
"G26152A",0.0004761904761904762,1,0.00043975373790677223
"G26152C",0.0004761904761904762,1,0.00046040515653775324
"G26155-",0.00047664442326024784,1,0.0003171582619727244
"T26156-",0.00047664442326024784,1,0.00031735956839098697
"T26157-",0.00047664442326024784,1,0.00031857279388340236
"G26158A",0.00047664442326024784,1,0.00042735042735042735
"T26159C",0.0023832221163012394,5,0.0023386342376052385
"T26160C",0.0009532888465204957,2,0.0008543357539513029
"A26161C",0.0004768717215069146,1,0.000471253534401508
"T26163C",0.0004764173415912339,1,0.0004178854993731718
"G26167T",0.0004761904761904762,1,0.0004288164665523156
"A26169G",0.0009523809523809524,2,0.0009420631182289214
"G26173T",0.0009528346831824678,2,0.000944733112895607
"A26178T",0.0004764173415912339,1,0.00047058823529411766
"T26187G",0.00047596382674916705,1,0.00047214353163361664
"C26192T",0.00047596382674916705,1,0.00042444821731748726
"C26201T",0.0014278914802475012,3,0.001279863481228669
"T26202C",0.0014278914802475012,3,0.0014018691588785046
"C26204T",0.00047596382674916705,1,0.00043308791684711995
"C26208T",0.00047596382674916705,1,0.00038580246913580245
"G26209C",0.00047596382674916705,1,0.0004633920296570899
"G26209T",0.0009519276534983341,2,0.0009298000929800093
"C26213T",0.0009523809523809524,2,0.0009341429238673517
"C26228T",0.0004761904761904762,1,0.0004095004095004095
"A26231C",0.0004761904761904762,1,0.0004714757190004715
"C26256T",0.0019038553069966682,4,0.0013306719893546241
"C26270T",1,2100,0.002774405187345013
"C26296A",0.0004764173415912339,1,0.00046253469010175765
"C26305T",0.0004764173415912339,1,0.00037650602409638556
"C26326T",0.0004764173415912339,1,0.00044543429844097997
"C26340T",0.0023820867079561697,5,0.00194325689856199
"G26428T",0.0004807692307692308,1,0.00018751171948246765
"A26435G",0.0004807692307692308,1,0.0004621072088724584
"T26445C",0.00048007681228996637,1,0.0004666355576294914
"T26446C",0.00048007681228996637,1,0.00046040515653775324
"C26461T",0.0004807692307692308,1,0.00043402777777777775
"T26462A",0.0004807692307692308,1,0.0004723665564478035
"C26464T",0.0009615384615384616,2,0.0008410428931875525
"C26474T",0.000481000481000481,1,0.0004723665564478035
"T26491C",0.001924001924001924,4,0.0016611295681063123
"A26492T",0.001924001924001924,4,0.0016508460586050352
"T26494-",0.001924001924001924,4,0.0016638935108153079
"T26497C",0.0038461538461538464,8,0.0030627871362940277
"C26499T",0.0004807692307692308,1,0.00043649061545176777
"T26510A",0.0004807692307692308,1,0.00047214353163361664
"G26526A",0.0004803073967339097,1,0.00045351473922902497
"G26526T",0.0009606147934678194,2,0.000736105999263894
"C26527T",0.0004803073967339097,1,0.00035423308537017357
"G26529C",1,2076,0.007393662676605611
"T26531G",0.0004803073967339097,1,0.00047192071731949034
"T26532C",0.004803073967339097,10,0.004644681839294009
"C26533T",0.0004803073967339097,1,0.00042517006802721087
"C26534T",0.0009606147934678194,2,0.0008421052631578948
"C26537T",0.0024015369836695487,5,0.0018281535648994515
"C26542T",0.0004805382027871216,1,0.00043782837127845885
"C26549A",0.0024015369836695487,5,0.0023073373327180432
"A26555G",0.0009610764055742432,2,0.000859106529209622
"C26571T",0.0009610764055742432,2,0.0008237232289950577
"C26577G",0.9990384615384615,2078,0.0027996109106684305
"C26585T",0.0019230769230769232,4,0.001796138302649304
"A26588T",0.0004807692307692308,1,0.0004640371229698376
"G26589A",0.0004805382027871216,1,0.00046533271288971617
"A26603T",0.0004805382027871216,1,0.0004616805170821791
"C26607T",0.000962000962000962,2,0.000666000666000666
"A26610G",0.9837067209775967,1932,0.007554695290046337
"T26624G",0.004750593824228029,10,0.00471253534401508
"C26625T",0.005700712589073635,12,0.0040013337779259755
"G26640T",0.0019020446980504042,4,0.0016611295681063123
"C26645T",0.0028530670470756064,6,0.0011516314779270633
"G26648A",0.005230622919638612,11,0.0050621260929590425
"T26651C",0.00047551117451260106,1,0.0004677268475210477
"C26681T",1,2105,0.007370112704953906
"G26690A",0.011876484560570071,25,0.011384335154826957
"G26690T",0.00047505938242280285,1,0.000392156862745098
"T26705C",0.00047505938242280285,1,0.00046189376443418013
"G26709A",1,2102,0.0027602145666318686
"G26720T",0.0009501187648456057,2,0.0009289363678588017
"T26723A",0.00047551117451260106,1,0.000462962962962963
"G26724T",0.00047551117451260106,1,0.0004636068613815484
"T26726C",0.0009510223490252021,2,0.0009350163627863488
"G26727T",0.00047551117451260106,1,0.00043122035360068997
"C26728T",0.0009510223490252021,2,0.0008992805755395684
"G26730C",0.00047551117451260106,1,0.0004692632566870014
"G26730T",0.00047551117451260106,1,0.0004478280340349306
"T26731C",0.0004757373929590866,1,0.000471253534401508
"C26735T",0.0038040893961008085,8,0.0015707834282348322
"A26741T",0.007608178792201617,16,0.007329363261566651
"A26748G",0.0033285782215882074,7,0.0031418312387791743
"C26750T",0.002378686964795433,5,0.0014092446448703494
"C26753T",0.0019020446980504042,4,0.0011065006915629322
"G26769A",0.0004748338081671415,1,0.0004506534474988734
"G26769T",0.004273504273504274,9,0.00411522633744856
"A26772T",0.0004748338081671415,1,0.00046598322460391424
"G26774T",0.0004748338081671415,1,0.00046511627906976747
"A26786C",0.0004748338081671415,1,0.00046992481203007516
"C26801T",0.007597340930674264,16,0.002875112309074573
"G26814T",0.00047460844803037496,1,0.00046125461254612545
"C26826T",0.00047505938242280285,1,0.00044603033006244426
"G26828A",0.00047505938242280285,1,0.0004440497335701599
"G26828T",0.0009501187648456057,2,0.0007473841554559044
"G26832A",0.00047505938242280285,1,0.00047214353163361664
"G26832T",0.0028503562945368173,6,0.0016906170752324597
"C26833T",1,2105,0.007386897994132592
"G26834T",0.0014245014245014246,3,0.0013015184381778742
"G26840T",0.0023752969121140144,5,0.0021008403361344537
"C26858T",0.9990476190476191,2098,0.003093318549885291
"C26873T",0.0023832221163012394,5,0.0010177081213108082
"C26882T",0.0014292520247737017,3,0.0007486897928624906
"C26885T",0.0009523809523809524,2,0.0004828585224529213
"G26888A",0.0033381020505484026,7,0.0029888983774551663
"C26889T",0.0004768717215069146,1,0.00046511627906976747
"C26894T",0.0019047619047619048,4,0.00035938903863432165
"C26895T",0.0009523809523809524,2,0.0006574621959237344
"G26898A",0.0004761904761904762,1,0.00047036688617121356
"C26900T",0.0004761904761904762,1,0.00045871559633027525
"C26912T",0.00047664442326024784,1,0.00043271311120726956
"C26942T",0.00047732696897374703,1,0.0004182350480970305
"G26949T",0.00047732696897374703,1,0.0004701457451810061
"G26951C",0.00047732696897374703,1,0.00035587188612099647
"T26960C",0.0004798464491362764,1,0.00044662795891022776
"C26964T",0.00048007681228996637,1,0.0004038772213247173
"T26972C",0.0009610764055742432,2,0.0008382229673093043
"C26985A",0.00048007681228996637,1,0.00044943820224719103
"T26987C",0.00048007681228996637,1,0.00044072278536800354
"C26996A",0.0014443909484833895,3,0.001415762151958471
"C26996T",0.006740491092922484,14,0.0059447983014862
"C27005T",0.00048146364949446316,1,0.00034002040122407346
"G27047T",0.000962000962000962,2,0.0005651313930488839
"C27059T",0.0009615384615384616,2,0.00025403277022735933
"A27062G",0.0009610764055742432,2,0.0009398496240601503
"G27065A",0.0004805382027871216,1,0.00042087542087542086
"A27068G",0.0004807692307692308,1,0.0004585052728106373
"A27083C",0.0009615384615384616,2,0.000946521533364884
"C27119T",0.0004807692307692308,1,0.0004374453193350831
"C27128T",0.0004807692307692308,1,0.00034916201117318437
"C27131T",0.002403846153846154,5,0.0014413375612568463
"C27143T",0.0033653846153846156,7,0.0019835647492207425
"G27147T",0.000481000481000481,1,0.0004464285714285714
"C27175T",0.0004784688995215311,1,0.00047281323877068556
"C27196T",0.00047460844803037496,1,0.0004472271914132379
"C27213T",0.0004743833017077799,1,0.00033523298692591353
"T27242G",0.0004734848484848485,1,0.000473260766682442
"C27247T",0.016098484848484848,34,0.010098010098010098
"T27257A",0.0004737091425864519,1,0.0004374453193350831
"G27258A",0.0004734848484848485,1,0.00044603033006244426
"A27259C",1,2112,0.003129171673291957
"T27267C",0.0004734848484848485,1,0.00046728971962616824
"C27276T",0.0004734848484848485,1,0.00045310376076121433
"C27294T",0.0004737091425864519,1,0.00026574541589157585
"C27297T",0.0028422548555187117,6,0.0016277807921866521
"T27299C",0.0014204545454545455,3,0.001325088339222615
"C27303T",0.0004734848484848485,1,0.00042936882782310007
"C27304T",0.0004734848484848485,1,0.0004434589800443459
"A27307G",0.0004734848484848485,1,0.00046511627906976747
"T27311C",0.001893939393939394,4,0.0018841262364578427
"T27322C",0.0004734848484848485,1,0.0004488330341113106
"C27323T",0.0004734848484848485,1,0.00033967391304347825
"G27337A",0.0004734848484848485,1,0.00046904315196998124
"T27346C",0.000946969696969697,2,0.0004873294346978557
"A27353G",0.00048192771084337347,1,0.00047192071731949034
"A27357G",0.00048192771084337347,1,0.00045372050816696913
"A27359G",0.00048192771084337347,1,0.00046816479400749064
"G27361T",0.00048192771084337347,1,0.00046511627906976747
"C27371T",0.00048192771084337347,1,0.00039108330074305825
"A27372T",0.00048192771084337347,1,0.0003198976327575176
"A27373T",0.00048192771084337347,1,0.0004621072088724584
"T27374C",0.00048192771084337347,1,0.0004655493482309125
"G27382-",0.00048216007714561236,1,0.0004655493482309125
"G27382A",0.0019286403085824494,4,0.0016722408026755853
"G27382C",0.9971070395371263,2068,0.0031043919339851355
"G27382T",0.00048216007714561236,1,0.00041459369817578774
"A27383C",0.0009638554216867469,2,0.0008699434536755111
"A27383T",0.9990361445783132,2073,0.003134398091237747
"T27384C",0.9975903614457832,2070,0.003116540549655374
"A27399T",0.00048192771084337347,1,0.00046882325363338024
"A27400G",0.0024096385542168677,5,0.0022655188038060714
"C27411A",0.00048192771084337347,1,0.00046490004649000463
"G27415A",0.00048216007714561236,1,0.0003957261574990107
"T27419G",0.00048216007714561236,1,0.000473260766682442
"G27420A",0.0024108003857280617,5,0.0023452157598499064
"C27427A",0.00048216007714561236,1,0.00044682752457551384
"C27427T",0.00048216007714561236,1,0.00045413260672116256
"G27430A",0.000964785335262904,2,0.00045045045045045046
"C27431T",0.00048216007714561236,1,0.000059941257567583765
"C27434T",0.00048192771084337347,1,0.0002897710808461316
"T27447C",0.0004816955684007707,1,0.0004284490145672665
"A27455G",0.000482392667631452,1,0.0004675081813931744
"T27465C",0.00048262548262548264,1,0.0004675081813931744
"C27476T",0.0033849129593810446,7,0.0006802721088435374
"A27477T",0.00048355899419729207,1,0.0004578754578754579
"T27484C",0.000966183574879227,2,0.0004828585224529213
"A27489G",0.000966183574879227,2,0.0009178522257916476
"C27493T",0.0004828585224529213,1,0.00035803795202291446
"C27494T",0.0004828585224529213,1,0.0003284072249589491
"T27504C",0.0009643201542912247,2,0.0009144947416552355
"G27505T",0.0009643201542912247,2,0.0009280742459396752
"C27509T",0.0028957528957528956,6,0.0013464991023339318
"A27512G",0.00048192771084337347,1,0.00047214353163361664
"C27513T",0.0014464802314368371,3,0.00023551577955723034
"C27524T",0.0019286403085824494,4,0.001716001716001716
"C27526A",0.00048216007714561236,1,0.0004716981132075472
"C27549T",0.007718282682103232,16,0.004641717435451117
"T27555-",0.00048262548262548264,1,0.00036900369003690036
"G27556-",0.00048262548262548264,1,0.00035398230088495576
"C27557-",0.00048262548262548264,1,0.00035435861091424523
"A27558-",0.00048262548262548264,1,0.00035373187124159886
"C27559-",0.0004764173415912339,1,0.00035323207347227127
"C27559T",0.0004764173415912339,1,0.00043572984749455336
"T27560-",0.0004764173415912339,1,0.00035310734463276836
"G27561-",0.0004764173415912339,1,0.00035310734463276836
"A27562-",0.0004764173415912339,1,0.00035248501938667606
"A27562G",0.0004764173415912339,1,0.0004664179104477612
"C27563-",0.0004764173415912339,1,0.00035236081747709656
"T27564-",0.0004764173415912339,1,0.00035211267605633805
"T27565-",0.0004764173415912339,1,0.00032981530343007914
"G27566-",0.0004764173415912339,1,0.00032711808963035657
"C27567-",0.0004764173415912339,1,0.00032690421706440013
"T27568-",0.0004764173415912339,1,0.00029682398337785694
"T27569-",0.0004764173415912339,1,0.0002983293556085919
"T27570-",0.0009532888465204957,2,0.0005950609937518596
"A27571-",0.0014299332697807435,3,0.0008205689277899343
"G27572-",0.0014299332697807435,3,0.000800854244527496
"C27573-",0.0014299332697807435,3,0.0008010680907877169
"A27574-",0.0014299332697807435,3,0.000791765637371338
"C27575-",0.0014299332697807435,3,0.0007913479293062516
"T27576-",0.001430615164520744,3,0.000791765637371338
"C27577-",0.001430615164520744,3,0.0007790184367696703
"A27578-",0.001431980906921241,3,0.0007400098667982239
"A27578T",0.00047732696897374703,1,0.0004399472063352398
"A27579-",0.0019083969465648854,4,0.0008279859242392879
"A27579G",0.00047709923664122136,1,0.00045558086560364467
"A27579T",0.003816793893129771,8,0.0035778175313059034
"T27580-",0.003814973772055317,8,0.0016142050040355124
"T27581-",0.0038131553860819827,8,0.001639344262295082
"T27582-",0.0033381020505484026,7,0.0018358248098610018
"G27583-",0.0033381020505484026,7,0.0018671645772205922
"G27583T",0.001430615164520744,3,0.0013015184381778742
"C27584-",0.003357314148681055,7,0.0018746652383502945
"T27585-",0.003357314148681055,7,0.0019021739130434783
"T27585C",0.0009592326139088729,2,0.0009380863039399625
"T27586-",0.003357314148681055,7,0.001954215522054718
"T27586C",0.00047961630695443646,1,0.0004553734061930783
"T27587-",0.003357314148681055,7,0.002034292356873002
"T27588-",0.003357314148681055,7,0.002064896755162242
"G27589-",0.0033589251439539347,7,0.0020515826494724504
"C27590-",0.0033589251439539347,7,0.002053388090349076
"T27591-",0.0033589251439539347,7,0.0020600353148911123
"T27592-",0.0033589251439539347,7,0.0020759193357058124
"G27593-",0.0033589251439539347,7,0.0020995800839832034
"G27593A",0.0009596928982725527,2,0.0009350163627863488
"T27594-",0.0023992322456813818,5,0.0015060240963855422
"C27595-",0.0023992322456813818,5,0.0014961101137043686
"C27596-",0.0023992322456813818,5,0.001497454327643007
"T27597-",0.0023992322456813818,5,0.0014992503748125937
"G27598-",0.0023992322456813818,5,0.0014956625785222854
"A27599-",0.0023992322456813818,5,0.0014970059880239522
"C27600-",0.0023992322456813818,5,0.001498800959232614
"C27600T",0.0028790786948176585,6,0.0012126111560226355
"G27601-",0.0023992322456813818,5,0.0014801657785671995
"G27602-",0.0023992322456813818,5,0.001479727730097662
"C27603-",0.0023992322456813818,5,0.001481042654028436
"G27604-",0.0023992322456813818,5,0.0014792899408284023
"G27604A",0.006238003838771593,13,0.005489864864864865
"T27605-",0.0023992322456813818,5,0.0014757969303423849
"A27606-",0.0023992322456813818,5,0.001485001485001485
"A27607-",0.0019193857965451055,4,0.0012022843402464682
"A27608-",0.0014395393474088292,3,0.000907715582450832
"A27609-",0.0014395393474088292,3,0.0009085402786190188
"A27609G",0.0014395393474088292,3,0.0013972985561248254
"C27610-",0.0014395393474088292,3,0.0009082652134423251
"A27611-",0.0014395393474088292,3,0.0009129640900791236
"C27612-",0.0014395393474088292,3,0.0009129640900791236
"C27612T",0.0009596928982725527,2,0.000777000777000777
"G27613-",0.0014395393474088292,3,0.0009129640900791236
"T27614-",0.0014395393474088292,3,0.0009135200974421437
"C27615-",0.0009596928982725527,2,0.0006110601894286587
"T27616-",0.0009596928982725527,2,0.0006079027355623101
"A27617-",0.0009596928982725527,2,0.0006190034045187249
"T27618-",0.0009596928982725527,2,0.0006172839506172839
"T27618C",0.0004798464491362764,1,0.0004434589800443459
"C27619-",0.0009596928982725527,2,0.0006275494195167869
"A27620-",0.0009596928982725527,2,0.0006311139160618492
"G27621-",0.0009596928982725527,2,0.000630119722747322
"T27622-",0.0009592326139088729,2,0.0006449532408900354
"T27623-",0.0009592326139088729,2,0.0006555227794165847
"A27624-",0.0009587727708533077,2,0.0007027406886858749
"C27625T",0.0014381591562799617,3,0.001188118811881188
"C27630T",0.0009587727708533077,2,0.000503651473180559
"A27633G",0.00047938638542665386,1,0.0004177109440267335
"T27634C",0.00047938638542665386,1,0.00044464206313917296
"T27640C",0.00047938638542665386,1,0.00046816479400749064
"C27641-",0.0004791566842357451,1,0.0004088307440719542
"A27642-",0.0004791566842357451,1,0.0004127115146512588
"C27643-",0.0004791566842357451,1,0.0004139072847682119
"C27644-",0.0004791566842357451,1,0.00041459369817578774
"T27645-",0.0004791566842357451,1,0.0004161464835622139
"A27646-",0.0004791566842357451,1,0.0004180602006688963
"A27647-",0.0004791566842357451,1,0.000432152117545376
"A27648-",0.0004791566842357451,1,0.00043252595155709344
"C27649-",0.0004791566842357451,1,0.00043233895373973193
"T27650-",0.0004791566842357451,1,0.00043252595155709344
"G27651-",0.0004791566842357451,1,0.0004329004329004329
"T27652-",0.0004791566842357451,1,0.00043497172683775554
"T27653-",0.0004791566842357451,1,0.00043725404459991256
"C27654-",0.0004791566842357451,1,0.00043782837127845885
"C27654T",0.0019166267369429804,4,0.0013736263736263737
"A27655-",0.00047938638542665386,1,0.00043782837127845885
"T27656-",0.00047938638542665386,1,0.00043840420868040335
"C27657-",0.00047938638542665386,1,0.00043840420868040335
"A27658-",0.00047938638542665386,1,0.0004389815627743635
"G27659-",0.00047938638542665386,1,0.0004393673110720562
"A27660-",0.00047938638542665386,1,0.0004405286343612335
"C27661-",0.00047938638542665386,1,0.0004405286343612335
"C27661G",0.00047938638542665386,1,0.0004692632566870014
"A27662-",0.00047938638542665386,1,0.0004428697962798937
"A27663-",0.00047938638542665386,1,0.00044365572315882877
"G27664-",0.00047938638542665386,1,0.00044543429844097997
"A27665-",0.00047938638542665386,1,0.0004452359750667854
"G27666-",0.00047938638542665386,1,0.0004452359750667854
"G27667-",0.00047938638542665386,1,0.0004432624113475177
"A27668-",0.00047938638542665386,1,0.0003588087549336204
"A27668G",0.0023969319271332696,5,0.0023452157598499064
"A27669-",0.00047938638542665386,1,0.0003589375448671931
"G27670-",0.00047938638542665386,1,0.00035816618911174784
"T27671-",0.00047938638542665386,1,0.00035829451809387314
"T27672-",0.00047938638542665386,1,0.00035829451809387314
"C27673-",0.00047938638542665386,1,0.0003502626970227671
"C27673A",0.00047938638542665386,1,0.0004182350480970305
"A27674-",0.00047938638542665386,1,0.0003495281370150297
"A27675-",0.00047938638542665386,1,0.0003495281370150297
"G27676-",0.00047938638542665386,1,0.0003502626970227671
"A27677-",0.00047938638542665386,1,0.0003484320557491289
"A27678-",0.00047938638542665386,1,0.0004266211604095563
"C27679-",0.00047938638542665386,1,0.0004246284501061571
"T27680-",0.00047938638542665386,1,0.0004248088360237893
"T27681-",0.00047938638542665386,1,0.00042517006802721087
"T27682-",0.0009587727708533077,2,0.0007207207207207207
"A27683-",0.0009587727708533077,2,0.0007334066740007334
"C27684-",0.0009587727708533077,2,0.0007374631268436578
"C27684T",0.0014381591562799617,3,0.0009724473257698541
"T27685-",0.0009587727708533077,2,0.0007552870090634441
"C27686-",0.0009587727708533077,2,0.0007513148009015778
"T27687-",0.0009587727708533077,2,0.0007547169811320754
"C27688-",0.0009592326139088729,2,0.0007473841554559044
"C27688T",0.00047961630695443646,1,0.0004106776180698152
"C27689-",0.0009587727708533077,2,0.0007499062617172854
"A27690-",0.0009587727708533077,2,0.0007501875468867217
"A27691-",0.0009587727708533077,2,0.0007217610970768675
"T27692-",0.0009587727708533077,2,0.000724112961622013
"T27693-",0.0009587727708533077,2,0.000727802037845706
"T27694-",0.0014381591562799617,3,0.0009917355371900827
"T27695-",0.0009592326139088729,2,0.0006791171477079797
"T27696-",0.0009592326139088729,2,0.0006961364427427776
"C27697-",0.0009592326139088729,2,0.0006809669731018045
"T27698-",0.0009587727708533077,2,0.0006925207756232687
"T27699-",0.0009587727708533077,2,0.0006993006993006993
"A27700-",0.0014381591562799617,3,0.0010131712259371835
"A27700G",0.00047938638542665386,1,0.00046253469010175765
"T27701-",0.0009592326139088729,2,0.000693721817551162
"T27702-",0.0009592326139088729,2,0.0007097232079489
"G27703-",0.00047961630695443646,1,0.0003885003885003885
"T27704-",0.00047961630695443646,1,0.0003966679888932963
"T27705-",0.00047961630695443646,1,0.0003972983710766786
"G27706-",0.00047961630695443646,1,0.00041288191577208916
"G27706A",0.00047961630695443646,1,0.0004476275738585497
"C27707-",0.00047961630695443646,1,0.0004137360364087712
"C27707T",0.00047961630695443646,1,0.00036927621861152144
"G27708-",0.00047961630695443646,1,0.00041425020712510354
"G27708A",0.0028776978417266188,6,0.002474226804123711
"G27709-",0.00047961630695443646,1,0.0004152823920265781
"C27710-",0.00047961630695443646,1,0.00041736227045075126
"A27711-",0.00047961630695443646,1,0.00041736227045075126
"A27712-",0.00047938638542665386,1,0.00041476565740356696
"T27713-",0.00047938638542665386,1,0.00041476565740356696
"A27714-",0.00047938638542665386,1,0.00041425020712510354
"A27714G",0.00047938638542665386,1,0.0004636068613815484
"G27715-",0.00047938638542665386,1,0.0004073319755600815
"T27716-",0.00047938638542665386,1,0.00040749796251018743
"G27717-",0.00047938638542665386,1,0.0004078303425774878
"T27718-",0.00047938638542665386,1,0.0004065040650406504
"T27719-",0.00047938638542665386,1,0.0004065040650406504
"T27720-",0.00047938638542665386,1,0.00040535062829347385
"T27720C",0.00047938638542665386,1,0.00045248868778280545
"A27721-",0.0009587727708533077,2,0.0007421150278293135
"T27722-",0.0009587727708533077,2,0.000744047619047619
"A27723-",0.00047938638542665386,1,0.00039261876717707107
"A27724-",0.00047938638542665386,1,0.0004063388866314506
"C27725-",0.00047938638542665386,1,0.00040666937779585197
"A27726-",0.00047938638542665386,1,0.00040749796251018743
"C27727-",0.00047938638542665386,1,0.0004152823920265781
"T27728-",0.00047938638542665386,1,0.0004161464835622139
"T27729-",0.00047938638542665386,1,0.0004166666666666667
"T27730-",0.00047938638542665386,1,0.00041736227045075126
"G27731-",0.00047938638542665386,1,0.00041736227045075126
"C27732-",0.00047938638542665386,1,0.0004175365344467641
"T27733-",0.00047938638542665386,1,0.0004178854993731718
"T27734-",0.00047938638542665386,1,0.0004187604690117253
"C27735-",0.00047938638542665386,1,0.00041981528127623844
"C27735T",0.00047938638542665386,1,0.00042319085907744394
"A27736-",0.00047938638542665386,1,0.00041999160016799666
"C27737-",0.00047938638542665386,1,0.00042052144659377626
"A27738-",0.00047938638542665386,1,0.00042122999157540015
"C27739-",0.00047938638542665386,1,0.00042069835927639884
"T27740-",0.00047938638542665386,1,0.00042211903756859433
"C27741-",0.00047961630695443646,1,0.0004224757076468103
"C27741A",0.00047961630695443646,1,0.00047058823529411766
"C27741T",0.012470023980815348,26,0.004916792738275341
"A27742-",0.00047961630695443646,1,0.0004233700254022015
"A27743-",0.00047961630695443646,1,0.00042444821731748726
"A27744-",0.00047961630695443646,1,0.00042444821731748726
"A27744G",0.0019184652278177458,4,0.0018788163457022077
"A27745-",0.00047961630695443646,1,0.00042426813746287653
"G27746-",0.00047961630695443646,1,0.000425531914893617
"A27747-",0.00047961630695443646,1,0.0004269854824935952
"A27748-",0.00047961630695443646,1,0.0004233700254022015
"A27749-",0.00047961630695443646,1,0.0004233700254022015
"G27750-",0.00047961630695443646,1,0.00042444821731748726
"A27751-",0.00047961630695443646,1,0.00042140750105351877
"C27752-",0.00047938638542665386,1,0.0004219409282700422
"A27753-",0.00047938638542665386,1,0.0004248088360237893
"A27753G",0.00047938638542665386,1,0.0004701457451810061
"G27754-",0.00047938638542665386,1,0.00042408821034775233
"G27754C",0.00047938638542665386,1,0.0002595380223202699
"A27764G",0.0009587727708533077,2,0.0009380863039399625
"T27786-",0.00047961630695443646,1,0.0004127115146512588
"T27787-",0.00047961630695443646,1,0.0004170141784820684
"G27788-",0.00047961630695443646,1,0.0004342162396873643
"T27789-",0.00047961630695443646,1,0.0003944773175542406
"G27790-",0.00047961630695443646,1,0.0003944773175542406
"C27791-",0.00047961630695443646,1,0.0003946329913180742
"T27792-",0.006235011990407674,13,0.002188183807439825
"T27793-",0.004316546762589928,9,0.0017452006980802793
"T27793C",0.00047961630695443646,1,0.00046948356807511736
"T27794-",0.0014388489208633094,3,0.0011419870574800152
"T27795-",0.004796163069544364,10,0.0037411148522259632
"T27796-",0.004796163069544364,10,0.0036403349108117948
"A27797-",0.004796163069544364,10,0.0036456434560699965
"G27798-",0.004316546762589928,9,0.003605769230769231
"G27798T",0.0038369304556354917,8,0.002599090318388564
"C27799-",0.004316546762589928,9,0.0036086607858861267
"C27800-",0.004316546762589928,9,0.0036144578313253013
"T27801-",0.003833253473885961,8,0.0032401782098015392
"T27802-",0.003833253473885961,8,0.0033599328013439733
"T27803A",0.0009583133684714902,2,0.0009398496240601503
"C27804T",0.003833253473885961,8,0.0018544274455261937
"C27807T",1,2087,0.0027622956569617924
"T27808C",0.0014374700527072352,3,0.0013386880856760374
"T27810C",0.9990421455938697,2086,0.0076229316494182305
"T27811A",0.0009569377990430622,2,0.000942507068803016
"T27811C",0.0004784688995215311,1,0.00045351473922902497
"T27818G",0.0004784688995215311,1,0.00046904315196998124
"T27823C",0.0004784688995215311,1,0.000471253534401508
"T27824A",0.0004784688995215311,1,0.0004734848484848485
"T27824C",0.0009569377990430622,2,0.000942507068803016
"C27828T",0.0004784688995215311,1,0.00041356492969396195
"C27847T",0.0014354066985645933,3,0.0009765625
"A27848G",0.0014354066985645933,3,0.001388888888888889
"C27849T",0.0004784688995215311,1,0.00033647375504710633
"A27854G",0.0009569377990430622,2,0.0009438414346389807
"C27858-",0.0004786979415988511,1,0.0004633920296570899
"A27859-",0.0004786979415988511,1,0.0004633920296570899
"A27860T",0.0004786979415988511,1,0.0004734848484848485
"G27861T",0.0004737091425864519,1,0.00046468401486988845
"A27862C",0.0004737091425864519,1,0.0004710315591144607
"A27865T",0.0004737091425864519,1,0.0004432624113475177
"T27866A",0.0004737091425864519,1,0.0004636068613815484
"T27869C",0.0004737091425864519,1,0.00046274872744099955
"C27879T",0.006158218853623875,13,0.004374158815612382
"C27881A",0.0009474182851729038,2,0.0008594757198109154
"C27881T",0.0009474182851729038,2,0.0005651313930488839
"C27883T",0.0009474182851729038,2,0.0005802146794313896
"T27901C",0.0009474182851729038,2,0.0009161704076958314
"T27904C",0.00047393364928909954,1,0.00046468401486988845
"G27916T",0.0028462998102466793,6,0.0025167785234899327
"T27922C",0.0004743833017077799,1,0.000434593654932638
"C27923T",0.004269449715370019,9,0.003215434083601286
"T27935C",0.0009569377990430622,2,0.0009328358208955224
"C27942T",0.0004780114722753346,1,0.00032030749519538755
"C27944T",0.0009560229445506692,2,0.0005959475566150178
"C27945T",0.0052606408417025345,11,0.0024586499776486368
"G27948T",0.0009560229445506692,2,0.0007961783439490446
"G27962A",0.00047732696897374703,1,0.00040933278755628325
"C27970T",0.00047709923664122136,1,0.0003669724770642202
"C27972T",0.0009541984732824427,2,0.0007331378299120235
"C27975T",0.00047709923664122136,1,0.00044365572315882877
"C27978A",0.0014312977099236641,3,0.0014170996693434106
"C27982A",0.0019083969465648854,4,0.0018630647414997672
"T27984C",0.0009541984732824427,2,0.0008547008547008547
"A27985G",0.0004768717215069146,1,0.00046125461254612545
"G27987T",0.0009537434430138292,2,0.0008038585209003215
"T27988-",0.0004768717215069146,1,0.00045004500450045
"A27989-",0.0004768717215069146,1,0.0004589261128958238
"G27990-",0.0004768717215069146,1,0.00045662100456621003
"T27991-",0.0004768717215069146,1,0.00045682960255824577
"T27992-",0.0004764173415912339,1,0.00045682960255824577
"G27993-",0.0004764173415912339,1,0.0004562043795620438
"A27994-",0.0004764173415912339,1,0.0004572473708276177
"T27995-",0.0004764173415912339,1,0.0004572473708276177
"T27995C",0.0004764173415912339,1,0.0002663825253063399
"G27996-",0.00047664442326024784,1,0.00045682960255824577
"A27997-",0.00047664442326024784,1,0.0004570383912248629
"C27998-",0.0004761904761904762,1,0.0004572473708276177
"C27998T",0.0004761904761904762,1,0.0003729951510630362
"C27999-",0.0004761904761904762,1,0.0004570383912248629
"C28000-",0.0004761904761904762,1,0.00045599635202918376
"G28001-",0.0004761904761904762,1,0.0004551661356395084
"G28001T",0.006190476190476191,13,0.004532775453277545
"T28002-",0.0004764173415912339,1,0.00045248868778280545
"G28003-",0.0004761904761904762,1,0.0004514672686230248
"T28004-",0.0004761904761904762,1,0.00045167118337850043
"C28005-",0.0004761904761904762,1,0.00044662795891022776
"C28006-",0.0004761904761904762,1,0.0004472271914132379
"C28006T",0.0009523809523809524,2,0.0007233273056057866
"T28007-",0.0004761904761904762,1,0.00044742729306487697
"A28008-",0.0004761904761904762,1,0.0004374453193350831
"A28008G",0.0009523809523809524,2,0.0009174311926605505
"T28009-",0.0004761904761904762,1,0.00043725404459991256
"T28010-",0.0004761904761904762,1,0.0004374453193350831
"C28011-",0.0004764173415912339,1,0.0004366812227074236
"A28012-",0.0004764173415912339,1,0.00044306601683650863
"C28013-",0.0004764173415912339,1,0.00044306601683650863
"T28014-",0.0004764173415912339,1,0.0004391743522178305
"T28015-",0.0004764173415912339,1,0.0004391743522178305
"C28016-",0.0004764173415912339,1,0.0004391743522178305
"T28017-",0.0004764173415912339,1,0.0004391743522178305
"A28018-",0.0004764173415912339,1,0.0004389815627743635
"T28019-",0.0004764173415912339,1,0.0004393673110720562
"T28020-",0.0004764173415912339,1,0.0004391743522178305
"C28021-",0.0004764173415912339,1,0.0004391743522178305
"T28022-",0.0004764173415912339,1,0.0004393673110720562
"A28023-",0.00047664442326024784,1,0.000437636761487965
"A28024-",0.00047664442326024784,1,0.000437636761487965
"A28025-",0.00047664442326024784,1,0.0004411116012351125
"T28026-",0.00047664442326024784,1,0.00044014084507042255
"G28027-",0.00047664442326024784,1,0.0004399472063352398
"G28027C",0.00047664442326024784,1,0.00042283298097251583
"G28027T",0.0009532888465204957,2,0.0007561436672967864
"G28028-",0.00047664442326024784,1,0.00042426813746287653
"T28029-",0.00047664442326024784,1,0.00041684035014589413
"A28030-",0.00047664442326024784,1,0.00041841004184100416
"T28031-",0.00047664442326024784,1,0.00043706293706293706
"T28031C",0.00047664442326024784,1,0.0004374453193350831
"A28032-",0.00047664442326024784,1,0.0004344048653344917
"T28033-",0.00047664442326024784,1,0.0004399472063352398
"T28034-",0.00047664442326024784,1,0.0004399472063352398
"A28035-",0.00047664442326024784,1,0.00044014084507042255
"G28036-",0.00047664442326024784,1,0.00044014084507042255
"A28037-",0.00047664442326024784,1,0.00044033465433729633
"G28038-",0.00047664442326024784,1,0.00044033465433729633
"T28039-",0.00047664442326024784,1,0.00044033465433729633
"A28040-",0.00047664442326024784,1,0.00044033465433729633
"G28041-",0.00047664442326024784,1,0.00044014084507042255
"G28042-",0.00047664442326024784,1,0.00044072278536800354
"A28043-",0.00047664442326024784,1,0.00044072278536800354
"G28044-",0.00047664442326024784,1,0.00044072278536800354
"C28045-",0.00047664442326024784,1,0.00044072278536800354
"C28045T",0.0009532888465204957,2,0.000541858574911948
"T28046-",0.00047664442326024784,1,0.0004411116012351125
"A28047-",0.00047664442326024784,1,0.00043975373790677223
"G28048-",0.00047664442326024784,1,0.00043956043956043956
"G28048T",0.0014299332697807435,3,0.001098901098901099
"A28049-",0.00047664442326024784,1,0.0004399472063352398
"A28050-",0.00047664442326024784,1,0.00042716787697565144
"A28051-",0.00047664442326024784,1,0.00042753313381787086
"A28052-",0.00047664442326024784,1,0.000427715996578272
"T28053-",0.00047664442326024784,1,0.00042735042735042735
"T28053C",0.0009532888465204957,2,0.00088261253309797
"C28054-",0.00047664442326024784,1,0.00042753313381787086
"C28054T",0.002859866539561487,6,0.0018679950186799503
"A28055-",0.00047664442326024784,1,0.000427715996578272
"G28056-",0.00047664442326024784,1,0.00042735042735042735
"C28057-",0.00047664442326024784,1,0.0004257130693912303
"C28057T",0.004289799809342231,9,0.002778635381290522
"A28058-",0.00047664442326024784,1,0.0004257130693912303
"C28059-",0.00047664442326024784,1,0.00042426813746287653
"C28060-",0.00047664442326024784,1,0.0004248088360237893
"T28061-",0.00047664442326024784,1,0.0004246284501061571
"T28062-",0.00047664442326024784,1,0.0004182350480970305
"T28063-",0.00047664442326024784,1,0.0004177109440267335
"A28064-",0.00047664442326024784,1,0.0004154549231408392
"A28065-",0.0009532888465204957,2,0.0007099751508697196
"T28066-",0.0009532888465204957,2,0.0007168458781362007
"T28066A",0.00047664442326024784,1,0.0004716981132075472
"T28067-",0.0009537434430138292,2,0.0007186489399928135
"G28068-",0.001430615164520744,3,0.0011098779134295228
"A28069-",0.001430615164520744,3,0.0011596443757247777
"A28070-",0.001430615164520744,3,0.0011645962732919255
"T28071-",0.001430615164520744,3,0.001153846153846154
"T28072-",0.001430615164520744,3,0.0011547344110854503
"G28073-",0.001430615164520744,3,0.0011547344110854503
"T28074-",0.001430615164520744,3,0.0011614401858304297
"G28075-",0.001430615164520744,3,0.0011618900077459333
"C28076-",0.001430615164520744,3,0.0011636927851047323
"G28077-",0.001430615164520744,3,0.001162340178225494
"G28077T",0.0004768717215069146,1,0.0002187705097352877
"T28078-",0.001430615164520744,3,0.0011627906976744186
"G28079-",0.001430615164520744,3,0.0011587485515643105
"G28079A",0.0004768717215069146,1,0.0004608294930875576
"G28079T",0.013829279923700524,29,0.0030211480362537764
"G28080-",0.001430615164520744,3,0.0011411182959300114
"G28080T",0.0004768717215069146,1,0.00045372050816696913
"A28081-",0.001430615164520744,3,0.001139384732244588
"T28082-",0.001430615164520744,3,0.0011406844106463879
"T28082C",0.0004768717215069146,1,0.00044863167339614175
"G28083-",0.001430615164520744,3,0.0011398176291793312
"A28084-",0.001430615164520744,3,0.0011411182959300114
"G28085-",0.001430615164520744,3,0.001141552511415525
"G28085A",0.0004768717215069146,1,0.0004631773969430292
"G28085T",0.0004768717215069146,1,0.000380517503805175
"G28086-",0.001430615164520744,3,0.0011419870574800152
"G28086T",0.0004768717215069146,1,0.0003946329913180742
"C28087-",0.001430615164520744,3,0.0011411182959300114
"C28087A",0.004291845493562232,9,0.004030452306314375
"C28087T",0.001430615164520744,3,0.00028790786948176584
"T28088-",0.0014312977099236641,3,0.0011411182959300114
"G28089-",0.0014354066985645933,3,0.0010960906101571063
"G28090-",0.00527831094049904,11,0.0027254707631318136
"G28090A",0.0004798464491362764,1,0.00045024763619990995
"G28090T",0.0028790786948176585,6,0.002657218777679362
"T28091-",0.00527831094049904,11,0.0027227722772277226
"T28092-",0.00527831094049904,11,0.002702038811102923
"C28093-",0.005288461538461539,11,0.002681618722574354
"C28093T",0.0019230769230769232,4,0.0005706134094151213
"T28094-",0.005288461538461539,11,0.00270935960591133
"A28095-",0.005288461538461539,11,0.0027153789187854853
"A28096-",0.0014423076923076924,3,0.0011632415664986429
"A28097-",0.001443001443001443,3,0.0011732499022291747
"T28098-",0.001443001443001443,3,0.0011732499022291747
"T28098C",0.001924001924001924,4,0.0014814814814814814
"C28099-",0.0014436958614051972,3,0.0011755485893416929
"C28099T",0.0009624639076034649,2,0.0008470986869970351
"A28100-",0.0014443909484833895,3,0.0011773940345368916
"C28101-",0.0014443909484833895,3,0.0011677695601401323
"C28102-",0.0014443909484833895,3,0.0011750881316098707
"C28102T",0.0009629272989889263,2,0.0008714596949891067
"C28103-",0.0014443909484833895,3,0.0011792452830188679
"A28104-",0.0014436958614051972,3,0.0011792452830188679
"A28104G",0.0014436958614051972,3,0.0010030090270812437
"T28105-",0.0014436958614051972,3,0.001183431952662722
"T28106-",0.0014436958614051972,3,0.0011838989739542227
"C28107-",0.0014443909484833895,3,0.001183431952662722
"A28108-",0.0014443909484833895,3,0.0011824990145841545
"G28109-",0.0014443909484833895,3,0.0011824990145841545
"G28109T",0.0009629272989889263,2,0.0007630675314765357
"T28110-",0.0014443909484833895,3,0.0011811023622047244
"A28111-",0.0014443909484833895,3,0.001183431952662722
"C28112-",0.0014443909484833895,3,0.0011862396204033216
"C28112A",0.0009629272989889263,2,0.0009433962264150943
"A28113-",0.001445086705202312,3,0.0011862396204033216
"T28114-",0.001445086705202312,3,0.001188118811881188
"C28115-",0.0014443909484833895,3,0.0011947431302270011
"C28115T",0.00048146364949446316,1,0.000434593654932638
"G28116-",0.0014443909484833895,3,0.0011976047904191617
"A28117-",0.0014443909484833895,3,0.0011985617259288853
"A28117G",0.0009629272989889263,2,0.00087527352297593
"T28118-",0.0009629272989889263,2,0.0008149959250203749
"A28119-",0.0009629272989889263,2,0.0008143322475570033
"T28120-",0.0009629272989889263,2,0.0008576329331046312
"C28121-",0.0009633911368015414,2,0.000858000858000858
"G28122-",0.0009633911368015414,2,0.0008576329331046312
"G28122C",0.0004816955684007707,1,0.0004734848484848485
"G28123-",0.0009633911368015414,2,0.0008594757198109154
"T28124-",0.0009633911368015414,2,0.0008598452278589854
"A28125-",0.0009633911368015414,2,0.0008616975441619991
"A28126-",0.0009633911368015414,2,0.0008616975441619991
"T28127-",0.0009633911368015414,2,0.0008616975441619991
"T28128-",0.0009633911368015414,2,0.000859106529209622
"A28129-",0.0009633911368015414,2,0.0008631851532153647
"T28130-",0.0009633911368015414,2,0.0008639308855291577
"A28131-",0.0009629272989889263,2,0.000855431993156544
"C28132-",0.0009629272989889263,2,0.0008680555555555555
"A28133-",0.0009629272989889263,2,0.0008710801393728223
"A28133G",0.0009629272989889263,2,0.0009420631182289214
"G28134-",0.0009624639076034649,2,0.0008703220191470844
"G28134A",0.0009624639076034649,2,0.0007846214201647705
"T28135-",0.0009629272989889263,2,0.0008707009142359599
"T28136-",0.0009633911368015414,2,0.0008718395815170009
"T28137-",0.0009633911368015414,2,0.0008722197993894462
"C28138-",0.0009638554216867469,2,0.0008718395815170009
"C28139-",0.0009638554216867469,2,0.0008726003490401396
"T28140-",0.0009643201542912247,2,0.0008718395815170009
"T28140G",0.00048216007714561236,1,0.0004730368968779565
"G28141-",0.0009638554216867469,2,0.0008714596949891067
"T28142-",0.0009638554216867469,2,0.0008722197993894462
"T28143-",0.0009643201542912247,2,0.0008576329331046312
"T28144-",0.0009643201542912247,2,0.000856898029134533
"T28144C",0.00048216007714561236,1,0.0004391743522178305
"A28145-",0.0009643201542912247,2,0.0008576329331046312
"C28146-",0.0009643201542912247,2,0.0008481764206955047
"C28147-",0.000964785335262904,2,0.0008485362749257531
"T28148-",0.000964785335262904,2,0.0008492569002123143
"T28149-",0.000964785335262904,2,0.0008240626287597857
"T28150-",0.0009638554216867469,2,0.0008312551953449709
"T28151-",0.00048192771084337347,1,0.0004166666666666667
"A28152-",0.00048192771084337347,1,0.0003929273084479371
"C28153-",0.0004816955684007707,1,0.0003965107057890563
"A28154-",0.00048192771084337347,1,0.00042265426880811494
"A28155-",0.0009633911368015414,2,0.0008460236886632825
"T28156-",0.0009633911368015414,2,0.0008572653236176596
"T28157-",0.0009633911368015414,2,0.0008661758336942399
"A28158-",0.0009633911368015414,2,0.0008714596949891067
"A28159-",0.0009633911368015414,2,0.000881057268722467
"T28160-",0.0004816955684007707,1,0.000441306266548985
"G28166A",0.0019267822736030828,4,0.0016474464579901153
"A28169G",0.0009583133684714902,2,0.0009402914903620122
"C28170A",0.0004791566842357451,1,0.00044802867383512545
"C28170T",0.0004791566842357451,1,0.00043840420868040335
"A28182G",0.0004791566842357451,1,0.0004299226139294927
"A28182T",0.0009583133684714902,2,0.0009433962264150943
"G28183T",0.0004786979415988511,1,0.0004591368227731864
"G28188A",0.0023820867079561697,5,0.0022872827081427266
"G28195C",0.00047596382674916705,1,0.0004710315591144607
"T28196C",0.0014278914802475012,3,0.001379310344827586
"G28223A",0.0004803073967339097,1,0.0004730368968779565
"G28230T",0.0004803073967339097,1,0.0004662004662004662
"C28236T",0.00048007681228996637,1,0.0002864508736751647
"T28251G",0.0019184652278177458,4,0.0010443864229765013
"T28252G",0.00047961630695443646,1,0.0004710315591144607
"C28253T",0.0028749401054144704,6,0.0009079903147699758
"A28254-",0.006711409395973154,14,0.000926906779661017
"A28254C",0.003355704697986577,7,0.0016080863772111188
"T28270C",0.0009564801530368245,2,0.0009009009009009009
"A28271T",1,2091,0.0027563788221522693
"T28282C",0.00047824007651841227,1,0.00013123359580052493
"C28290T",0.00047824007651841227,1,0.0003586800573888092
"C28292A",0.00047824007651841227,1,0.0004086636697997548
"A28295C",0.0004780114722753346,1,0.0004662004662004662
"T28297C",0.9990439770554493,2090,0.010222198310647227
"C28310T",0.0014326647564469914,3,0.000906070673512534
"C28311T",1,2094,0.0027576107554720926
"C28312T",0.001431980906921241,3,0.000043225797155742546
"C28313T",0.00047732696897374703,1,0.0004266211604095563
"A28319G",0.00047709923664122136,1,0.00046425255338904364
"C28320T",0.00047709923664122136,1,0.0004496402877697842
"G28321T",0.00047732696897374703,1,0.00042589437819420784
"G28325A",0.00047778308647873863,1,0.0004434589800443459
"T28334C",0.0033460803059273425,7,0.0029991431019708655
"A28343G",0.00047778308647873863,1,0.0004472271914132379
"C28344T",0.0019111323459149545,4,0.0011494252873563218
"G28350A",0.00047778308647873863,1,0.0004405286343612335
"A28359T",0.00047778308647873863,1,0.00046728971962616824
"G28361-",0.0004780114722753346,1,0.00032206119162640903
"G28362-",1,2068,0.0028315540275022214
"A28363-",1,2065,0.0028280194414353464
"G28364-",1,2065,0.0028281201423783872
"A28365-",1,2064,0.0028269519185333816
"A28366-",1,2064,0.0028269557904655987
"C28367-",1,2064,0.0028269674063258875
"G28368-",1,2064,0.002827052592218209
"C28369-",1,2048,0.002806929057883318
"A28370-",0.9994974874371859,1989,0.0027727360171299047
"G28371A",0.0023946360153256703,5,0.002183406113537118
"G28376A",0.003350885591191958,7,0.0021244309559939304
"G28376C",0.0004786979415988511,1,0.0004723665564478035
"C28377T",0.0019138755980861245,4,0.0014668133480014668
"G28378T",0.0004784688995215311,1,0.0002789400278940028
"G28380A",0.0004784688995215311,1,0.0004269854824935952
"T28382C",0.0009569377990430622,2,0.0006174745291756715
"A28387G",0.0023923444976076554,5,0.002304147465437788
"C28391T",0.0004789272030651341,1,0.00039936102236421724
"C28394A",0.0004789272030651341,1,0.0004662004662004662
"G28396A",0.00430828147438966,9,0.0027941633033219497
"C28399A",0.0004786979415988511,1,0.0004697040864255519
"A28412T",0.0004780114722753346,1,0.0004655493482309125
"A28416C",0.0004780114722753346,1,0.00047281323877068556
"C28419A",0.00047824007651841227,1,0.00046446818392940084
"C28419T",0.004782400765184123,10,0.0031877590054191903
"G28423A",0.0004789272030651341,1,0.00021422450728363326
"G28423C",0.0004789272030651341,1,0.0003785011355034065
"C28432T",0.9980852082336046,2085,0.2196818038141397
"C28435T",0.0009569377990430622,2,0.0006379585326953748
"C28453T",0.0004784688995215311,1,0.0003399048266485384
"A28459G",0.0004791566842357451,1,0.00046707146193367583
"C28472T",0.00047961630695443646,1,0.0003979307600477517
"A28477G",0.0004798464491362764,1,0.0004662004662004662
"A28483G",0.00048007681228996637,1,0.0004514672686230248
"G28487A",0.0009606147934678194,2,0.0008064516129032258
"A28553G",0.0033349213911386373,7,0.0032139577594123047
"G28560A",0.0004764173415912339,1,0.0004597701149425287
"C28567T",0.0004764173415912339,1,0.0003856536829926726
"A28579G",0.005717008099094807,12,0.005615348619560131
"G28580A",0.0009528346831824678,2,0.0008806693086745927
"T28588C",0.0004764173415912339,1,0.00046382189239332097
"C28590T",0.0004764173415912339,1,0.00047281323877068556
"C28603T",0.0014292520247737017,3,0.00044576523031203565
"C28606T",0.005240590757503573,11,0.0035691109669046075
"C28610A",0.0004764173415912339,1,0.00045682960255824577
"T28618A",0.0004764173415912339,1,0.0004492362982929021
"T28618G",0.0009528346831824678,2,0.0009350163627863488
"G28632C",0.00047664442326024784,1,0.0004677268475210477
"G28632T",0.00047664442326024784,1,0.00045310376076121433
"C28639T",0.0004764173415912339,1,0.0004572473708276177
"T28648C",0.00047664442326024784,1,0.0004578754578754579
"C28651T",0.0009537434430138292,2,0.00047337278106508875
"C28657T",0.0109628217349857,23,0.002641249425815342
"C28660T",0.00047664442326024784,1,0.000449034575662326
"T28662C",0.00047664442326024784,1,0.00046189376443418013
"C28663T",0.00047664442326024784,1,0.00046274872744099955
"C28674T",0.0009532888465204957,2,0.0005451076587626056
"C28677T",0.002859866539561487,6,0.0014094432699083862
"G28681A",0.0009532888465204957,2,0.0006704659738518271
"G28681T",0.0014299332697807435,3,0.00004489337822671156
"T28688A",0.0009532888465204957,2,0.0009376465072667605
"T28693C",0.007149666348903718,15,0.004027926960257788
"C28695T",0.003336510962821735,7,0.002552881108679796
"C28697A",0.00047664442326024784,1,0.00046685340802987864
"C28697T",0.0014299332697807435,3,0.0010344827586206897
"G28703A",0.00047664442326024784,1,0.0004286326618088298
"T28705A",0.00047664442326024784,1,0.00046948356807511736
"T28705C",0.0009532888465204957,2,0.0006640106241699867
"C28706T",0.0023832221163012394,5,0.00186219739292365
"C28708T",0.0009532888465204957,2,0.000590493061706525
"C28720T",0.00047664442326024784,1,0.0002935995302407516
"A28722T",0.0009532888465204957,2,0.0009420631182289214
"C28725T",0.00047664442326024784,1,0.00038925652004671076
"T28726A",0.0004768717215069146,1,0.0004662004662004662
"G28727T",0.0019065776930409914,4,0.0014079549454417458
"C28737T",0.010014306151645207,21,0.007505360972122945
"C28744T",0.0004768717215069146,1,0.0002380952380952381
"C28751A",0.00047709923664122136,1,0.00047058823529411766
"A28752G",0.0009537434430138292,2,0.0009350163627863488
"A28753G",0.0004768717215069146,1,0.00046382189239332097
"C28754T",0.0004768717215069146,1,0.0002824858757062147
"A28762T",0.0004768717215069146,1,0.0004623208506703652
"A28768G",0.0004768717215069146,1,0.00036101083032490973
"A28768T",0.0019074868860276585,4,0.0017730496453900709
"A28769C",0.0004768717215069146,1,0.0004723665564478035
"C28770T",0.0009537434430138292,2,0.0005896226415094339
"G28774A",0.0004768717215069146,1,0.0004422821760283061
"G28774T",0.0004768717215069146,1,0.0004411116012351125
"C28775T",0.0004768717215069146,1,0.00040257648953301127
"A28777T",0.0004768717215069146,1,0.0004657661853749418
"A28780G",0.001430615164520744,3,0.0013723696248856359
"T28784A",0.0004768717215069146,1,0.0004730368968779565
"G28790A",0.0009537434430138292,2,0.0009407337723424271
"C28791T",0.0009537434430138292,2,0.000554016620498615
"A28792G",0.0004768717215069146,1,0.00042753313381787086
"A28792T",0.003814973772055317,8,0.0026622296173044926
"G28798A",0.005245588936576061,11,0.004378980891719745
"C28801T",0.0019074868860276585,4,0.001564333202972233
"G28805A",0.0009537434430138292,2,0.0008992805755395684
"C28807T",0.0019074868860276585,4,0.001644736842105263
"G28808A",0.0009537434430138292,2,0.0008661758336942399
"G28808T",0.0004768717215069146,1,0.00046382189239332097
"G28817T",0.0004768717215069146,1,0.0004385964912280702
"C28819T",0.001430615164520744,3,0.0013464991023339318
"C28826T",0.0004768717215069146,1,0.00045004500450045
"T28828C",0.0004768717215069146,1,0.0004608294930875576
"G28842A",0.000948316737790422,2,0.0009345794392523365
"C28846T",0.0028462998102466793,6,0.0014091122592766556
"C28849T",0.002370791844476055,5,0.0011235955056179776
"G28851T",0.0009523809523809524,2,0.0008417508417508417
"C28854T",0.011956001912960305,25,0.010902747492368076
"G28857C",0.0009523809523809524,2,0.0008837825894829872
"G28857T",0.0009523809523809524,2,0.0008764241893076249
"C28868T",0.0004761904761904762,1,0.0004130524576621231
"G28872A",0.0019047619047619048,4,0.0014614541468761417
"C28873A",0.00047596382674916705,1,0.00047281323877068556
"C28873T",0.00047596382674916705,1,0.00041946308724832214
"A28877T",0.01,21,0.002006305531670966
"G28878C",0.01,21,0.0020282016611937416
"G28881A",0.9995240361732508,2100,0.002758704039662282
"G28882A",1,2101,0.002787588662833124
"G28883C",1,2101,0.0027840425729270743
"G28884T",0.0014272121788772598,3,0.0013309671694764862
"C28887A",0.010941960038058992,23,0.01058444546709618
"T28891G",0.0009514747859181732,2,0.0009416195856873823
"T28897C",0.0004761904761904762,1,0.00045495905368516835
"A28901G",0.0009523809523809524,2,0.0009293680297397769
"G28903T",0.0009519276534983341,2,0.000847457627118644
"C28905T",0.00047596382674916705,1,0.00036403349108117945
"G28908A",0.00047596382674916705,1,0.00044943820224719103
"C28909T",0.00047596382674916705,1,0.0004127115146512588
"G28913A",0.0009519276534983341,2,0.000835421888053467
"C28915A",0.00047596382674916705,1,0.00046882325363338024
"G28922A",0.00047664442326024784,1,0.0004450378282153983
"C28926T",0.0004761904761904762,1,0.00046511627906976747
"T28933A",0.0014285714285714286,3,0.00141643059490085
"G28936T",0.0009523809523809524,2,0.0009000900090009
"C28943A",0.002857142857142857,6,0.002831524303916942
"C28948T",0.0019047619047619048,4,0.0011467889908256881
"C28957T",0.00047596382674916705,1,0.00033145508783559825
"C28958A",0.00047664442326024784,1,0.0000036315040237064583
"C28961T",0.00047596382674916705,1,0.0004418912947414936
"G28968A",0.00047596382674916705,1,0.00045998160073597056
"C28969T",0.00047596382674916705,1,0.0004253509145044662
"T28978A",0.00047596382674916705,1,0.0004623208506703652
"G28980T",0.00047596382674916705,1,0.000419639110365086
"G28985T",0.0019038553069966682,4,0.0015467904098994587
"A28990T",0.0004757373929590866,1,0.0004666355576294914
"A28993G",0.0028544243577545195,6,0.0027958993476234857
"A28995G",0.00047551117451260106,1,0.0004578754578754579
"G29001A",0.00047551117451260106,1,0.00046728971962616824
"C29007T",0.0004757373929590866,1,0.00044543429844097997
"T29008C",0.0004757373929590866,1,0.0004520795660036166
"T29014C",0.005235602094240838,11,0.005092592592592593
"G29027A",0.0009519276534983341,2,0.0009267840593141798
"T29029C",0.0014278914802475012,3,0.0013550135501355014
"G29032T",0.00047596382674916705,1,0.0004623208506703652
"G29041A",0.0004757373929590866,1,0.0004422821760283061
"G29044A",0.0009514747859181732,2,0.0007674597083653108
"C29046A",0.0004757373929590866,1,0.0004714757190004715
"G29050A",0.0004757373929590866,1,0.0004210526315789474
"C29051-",0.010531354715174725,22,0.010275572162540868
"A29052-",0.010531354715174725,22,0.010275572162540868
"A29052T",0.0004786979415988511,1,0.00042176296921130323
"A29053-",0.010466222645099905,22,0.010275572162540868
"T29062A",0.00047551117451260106,1,0.0004470272686633885
"T29062C",0.0009510223490252021,2,0.0009237875288683603
"C29065T",0.00047551117451260106,1,0.00045372050816696913
"A29074G",0.0019020446980504042,4,0.0018535681186283596
"A29074T",0.00047551117451260106,1,0.0004391743522178305
"C29077T",0.010461245839277223,22,0.005736636245110821
"T29080C",0.00047551117451260106,1,0.00043572984749455336
"A29089G",0.00047551117451260106,1,0.0004580852038479157
"C29095T",0.010461245839277223,22,0.003424657534246575
"T29104C",0.00047551117451260106,1,0.00046253469010175765
"A29110G",0.00047551117451260106,1,0.00044365572315882877
"A29115T",0.0004757373929590866,1,0.00044802867383512545
"C29119T",0.0019029495718363464,4,0.0012574662055957245
"A29121T",0.0009514747859181732,2,0.0009341429238673517
"T29128C",0.0019029495718363464,4,0.0018058690744920992
"T29131C",0.0009514747859181732,2,0.0009254974548819991
"G29135A",0.0004757373929590866,1,0.000449842555105713
"C29137T",0.0004757373929590866,1,0.0003632401017072285
"G29140A",0.0004757373929590866,1,0.00045024763619990995
"G29140C",0.0009514747859181732,2,0.0008948545861297539
"G29140T",0.0004757373929590866,1,0.0003635041802980734
"C29144T",0.005233111322549952,11,0.003202328966521106
"A29147G",0.0014265335235378032,3,0.00130718954248366
"C29160T",0.00047551117451260106,1,0.0003729951510630362
"T29164C",0.99706457925636,2038,0.25965091094406934
"C29167T",0.0004757373929590866,1,0.00030998140111593303
"C29171T",0.00047596382674916705,1,0.0002340276152586005
"G29179A",0.0019029495718363464,4,0.0015723270440251573
"G29179T",0.0004757373929590866,1,0.0003808073115003808
"A29191T",0.0018957345971563982,4,0.001890359168241966
"G29195T",0.00047460844803037496,1,0.00044603033006244426
"C29197T",0.000948316737790422,2,0.0008718395815170009
"C29200T",0.000948316737790422,2,0.0005694760820045558
"C29203T",0.00047393364928909954,1,0.00042426813746287653
"G29204C",0.0004748338081671415,1,0.0004730368968779565
"G29212A",0.0004748338081671415,1,0.0003853564547206166
"C29218T",0.0004748338081671415,1,0.00026371308016877635
"T29223C",0.00047460844803037496,1,0.00046685340802987864
"G29224T",0.00047460844803037496,1,0.0004675081813931744
"T29233C",0.0004743833017077799,1,0.0004366812227074236
"G29239T",0.001896633475580844,4,0.001702127659574468
"C29245T",0.00047393364928909954,1,0.00044169611307420494
"C29249T",0.002369668246445498,5,0.0019267822736030828
"C29250T",0.00047393364928909954,1,0.0003935458480913026
"G29254A",0.0014218009478672985,3,0.001026694045174538
"G29254T",0.00047393364928909954,1,0.0004
"A29257G",0.002843601895734597,6,0.002657218777679362
"G29260A",0.0009478672985781991,2,0.0006786562606040041
"G29266C",0.0004737091425864519,1,0.00046382189239332097
"C29269A",0.0009474182851729038,2,0.0009225092250922509
"C29272T",0.0009474182851729038,2,0.0004553734061930783
"C29274T",0.0047370914258645196,10,0.0035198873636043647
"C29280T",0.0004737091425864519,1,0.00044543429844097997
"C29281T",0.0009474182851729038,2,0.0008302200083022001
"C29284T",0.0004737091425864519,1,0.00027151778441487917
"A29286G",0.0004737091425864519,1,0.00047192071731949034
"C29296G",0.0004737091425864519,1,0.0004734848484848485
"C29296T",0.008526764566556135,18,0.003579240405647246
"T29302C",0.0004737091425864519,1,0.0004434589800443459
"C29311T",0.006635071090047393,14,0.002579218865143699
"G29315C",0.0009474182851729038,2,0.0008710801393728223
"G29315T",0.0004737091425864519,1,0.00045454545454545455
"G29348T",0.0004737091425864519,1,0.00040666937779585197
"T29351C",0.0004737091425864519,1,0.0004692632566870014
"C29353T",0.0014211274277593558,3,0.0006915629322268327
"C29358A",0.0018957345971563982,4,0.0016286644951140066
"C29358T",0.0033175355450236967,7,0.0014367816091954023
"T29360C",0.000474158368895211,1,0.0004570383912248629
"C29364A",0.000948316737790422,2,0.0009324009324009324
"C29366T",0.000474158368895211,1,0.00037439161362785476
"C29367T",0.000474158368895211,1,0.000304228780042592
"C29370T",0.000474158368895211,1,0.00025568908207619537
"C29375T",0.001896633475580844,4,0.0017331022530329288
"A29382G",0.000474158368895211,1,0.00046816479400749064
"A29391G",0.002844950213371266,6,0.0027309968138370506
"G29402A",0.00047393364928909954,1,0.0004623208506703652
"A29403G",0.0009478672985781991,2,0.0008737439930100481
"T29404C",0.0037914691943127963,8,0.0033883947479881405
"G29405C",0.0009478672985781991,2,0.0008768084173608067
"A29406G",0.0014218009478672985,3,0.0013999066728884741
"C29409T",0.0042654028436018955,9,0.00024355921195063867
"T29410C",0.0009478672985781991,2,0.0008133387555917039
"C29420T",0.00047393364928909954,1,0.0003093102381688834
"C29421T",0.016595542911332386,35,0.011848341232227487
"G29422A",0.0009478672985781991,2,0.0007713073659853452
"G29422T",0.0009478672985781991,2,0.0007496251874062968
"G29434T",0.00047393364928909954,1,0.0004621072088724584
"C29438-",0.00047393364928909954,1,0.0004716981132075472
"A29439-",0.00047393364928909954,1,0.0004716981132075472
"G29440-",0.00047393364928909954,1,0.0004716981132075472
"C29445T",0.0009478672985781991,2,0.0007830853563038371
"G29449A",0.0009478672985781991,2,0.0009246417013407304
"G29449T",0.00047393364928909954,1,0.0002880184331797235
"T29461G",0.007582938388625593,16,0.007561436672967864
"G29462T",0.00047393364928909954,1,0.00047058823529411766
"C29463T",0.00047393364928909954,1,0.0004616805170821791
"T29464A",0.00047393364928909954,1,0.00046685340802987864
"A29469C",0.00047393364928909954,1,0.0004716981132075472
"G29477A",0.0014218009478672985,3,0.001415762151958471
"G29477C",0.00047393364928909954,1,0.00046707146193367583
"A29478C",0.0018957345971563982,4,0.0018796992481203006
"C29482T",0.0018957345971563982,4,0.001693480101608806
"A29499T",0.0023674242424242425,5,0.0022361359570661895
"C29509T",0.0023674242424242425,5,0.0019334880123743233
"A29510C",0.9990530303030303,2110,0.0027755087007593844
"G29511A",0.0004734848484848485,1,0.0004154549231408392
"T29512C",0.0014204545454545455,3,0.0012958963282937365
"C29514T",0.00047393364928909954,1,0.00046685340802987864
"A29517C",0.00047393364928909954,1,0.0004725897920604915
"C29518T",0.02418207681365576,51,0.018227305218012867
"C29520T",0.0009478672985781991,2,0.0008389261744966443
"C29523T",0.00047393364928909954,1,0.0003951007506914263
"G29527T",0.0009487666034155598,2,0.0008635578583765112
"C29530T",0.006641366223908918,14,0.004582651391162029
"C29535T",0.0009487666034155598,2,0.000774593338497289
"C29541T",0.0009629272989889263,2,0.0004415011037527594
"G29543C",0.0028846153846153848,6,0.0024019215372297837
"G29543T",0.002403846153846154,5,0.0015748031496062992
"C29545A",0.0009615384615384616,2,0.0006397952655150352
"C29545T",0.0014423076923076924,3,0.0010980966325036604
"C29546A",0.0004805382027871216,1,0.0004161464835622139
"A29547T",0.004316546762589928,9,0.0042333019755409216
"C29548T",0.00047938638542665386,1,0.0004399472063352398
"A29552G",0.0004791566842357451,1,0.0004418912947414936
"G29553T",0.0004791566842357451,1,0.00044742729306487697
"G29554A",0.006704980842911878,14,0.006121556624398776
"G29554T",0.0009578544061302681,2,0.0008041817450743868
"C29555T",0.015827338129496403,33,0.007537688442211055
"A29556G",0.0004791566842357451,1,0.0004666355576294914
"A29558G",0.0004791566842357451,1,0.00039494470774091627
"T29564-",0.0004789272030651341,1,0.000468384074941452
"A29565-",0.0004789272030651341,1,0.0004697040864255519
"C29572T",0.0004789272030651341,1,0.00043252595155709344
"T29574-",0.0004789272030651341,1,0.00045599635202918376
"T29575-",0.0004789272030651341,1,0.0004492362982929021
"T29576-",0.0004789272030651341,1,0.00044802867383512545
"T29577-",0.0004789272030651341,1,0.00044822949350067237
"C29578-",0.0004789272030651341,1,0.0004476275738585497
"C29578T",0.0009578544061302681,2,0.0008791208791208791
"G29579-",0.0004789272030651341,1,0.0004476275738585497
"G29579T",0.0004789272030651341,1,0.0004610419548178884
"C29580-",0.0004789272030651341,1,0.0004470272686633885
"C29580A",0.006226053639846743,13,0.0060577819198508855
"T29581-",0.0004789272030651341,1,0.0003734129947722181
"C29585T",0.0004789272030651341,1,0.00034317089910775565
"C29586T",0.0009578544061302681,2,0.0008312551953449709
"G29587A",0.0004789272030651341,1,0.0004332755632582322
"A29594T",0.0009573958831977022,2,0.000942507068803016
"A29596G",0.0004786979415988511,1,0.000429000429000429
"T29604C",0.0004784688995215311,1,0.0004426737494466578
"C29614T",0.03684210526315789,77,0.015723912599550745
"A29622G",0.0014354066985645933,3,0.0013831258644536654
"T29624C",0.0023923444976076554,5,0.0022251891410769915
"C29625T",0.0004784688995215311,1,0.000014419402748338164
"C29627T",0.0014360938247965534,3,0.0007290400972053463
"G29628A",0.0004784688995215311,1,0.00041356492969396195
"G29628C",0.0004784688995215311,1,0.000473260766682442
"G29628T",0.0004784688995215311,1,0.0003734129947722181
"C29632T",0.010047846889952153,21,0.006306306306306306
"A29634G",0.0014354066985645933,3,0.0014038371548900327
"C29635T",0.0004784688995215311,1,0.0003728560775540641
"C29642T",0.0023934897079942556,5,0.001455604075691412
"A29643T",0.0004786979415988511,1,0.0004710315591144607
"G29645C",0.0009573958831977022,2,0.0009394081728511038
"G29645T",0.006223073240785065,13,0.005376344086021506
"G29648T",0.0014360938247965534,3,0.0013221683561040105
"T29650C",0.0019147917663954045,4,0.0018535681186283596
"C29659A",0.0004786979415988511,1,0.0004714757190004715
"C29666T",0.0004789272030651341,1,0.00019164430816404754
"C29670T",0.0024084778420038534,5,0.0020859407592824365
"A29671-",0.0004816955684007707,1,0.00047214353163361664
"A29671G",0.0004816955684007707,1,0.0003916960438699569
"T29672-",0.0004816955684007707,1,0.0004723665564478035
"A29673-",0.0004816955684007707,1,0.0004723665564478035
"G29674-",0.0004816955684007707,1,0.00047214353163361664
"C29675-",0.0004816955684007707,1,0.00047192071731949034
"C29675T",0.008188824662813102,17,0.00585802894555479
"A29676-",0.0004816955684007707,1,0.0004723665564478035
"A29676T",0.0004816955684007707,1,0.0004714757190004715
"A29677-",0.00048192771084337347,1,0.0004723665564478035
"T29678-",0.00048216007714561236,1,0.00046904315196998124
"C29679-",0.00048216007714561236,1,0.00046904315196998124
"C29679A",0.00048216007714561236,1,0.0004714757190004715
"C29679T",0.0014464802314368371,3,0.0010676156583629894
"T29680-",0.00241196333815726,5,0.0022512381809995496
"T29681-",0.000482392667631452,1,0.0004677268475210477
"T29685G",0.00048216007714561236,1,0.00047036688617121356
"C29686T",0.0014478764478764478,3,0.0010204081632653062
"G29688T",0.000964785335262904,2,0.0008012820512820513
"G29690T",0.00048216007714561236,1,0.0003972983710766786
"T29691-",0.00048216007714561236,1,0.00047214353163361664
"G29692-",0.000482392667631452,1,0.00047214353163361664
"T29693-",0.000482392667631452,1,0.0004723665564478035
"A29694-",0.000482392667631452,1,0.0004723665564478035
"A29700G",0.007681228996639462,16,0.0021091484313208544
"G29701T",0.0014485755673587638,3,0.0013513513513513514
"G29702A",0.00048262548262548264,1,0.0003937007874015748
"G29705T",0.00048262548262548264,1,0.0004472271914132379
"G29706A",0.00048262548262548264,1,0.00034305317324185246
"G29706C",0.00048262548262548264,1,0.0004302925989672978
"G29706T",0.0009652509652509653,2,0.00010960105217010084
"A29707C",0.00048262548262548264,1,0.000468384074941452
"C29708T",0.0019305019305019305,4,0.0008453085376162299
"G29711-",0.0014478764478764478,3,0.0011583011583011582
"G29711A",0.00048262548262548264,1,0.0004472271914132379
"G29711T",0.00048262548262548264,1,0.00041459369817578774
"C29719A",0.00048262548262548264,1,0.00045454545454545455
"C29721T",0.0009657170449058426,2,0.0007662835249042146
"C29722T",0.0004830917874396135,1,0.000437636761487965
"A29723T",0.00386286817962337,8,0.0037488284910965324
"T29726C",0.0004828585224529213,1,0.0004580852038479157
"T29728-",0.001931434089811685,4,0.0010601643254704478
"T29729-",0.002416626389560174,5,0.0012597631645250692
"C29730-",0.002416626389560174,5,0.0012512512512512512
"C29730T",0.0004833252779120348,1,0.00042918454935622315
"A29731-",0.002416626389560174,5,0.0012444001991040318
"C29732-",0.0024177949709864605,5,0.001218026796589525
"C29733-",0.005426739023186976,11,0.001899171270718232
"G29734-",0.9911273486430062,1899,0.0033638542436110683
"G29734T",0.005741127348643006,11,0.0019809112191608138
"A29735-",0.9921630094043887,1899,0.0033646588565475304
"G29736-",0.9968503937007874,1899,0.0033645336692551785
"G29737-",0.9968503937007874,1899,0.003364581358553815
"C29738-",0.9968503937007874,1899,0.0033646350106307584
"C29739-",0.9968503937007874,1899,0.0033646350106307584
"A29740-",0.9968503937007874,1899,0.003364623087799122
"C29741-",0.9968503937007874,1899,0.003364623087799122
"G29742-",0.9968503937007874,1899,0.0033645455914530975
"C29743-",0.9968503937007874,1899,0.00336459328108971
"G29744-",0.9968503937007874,1899,0.0033645992423893436
"G29745-",0.9973739495798319,1899,0.003364605203710102
"A29746-",0.9973739495798319,1899,0.0033646111650519842
"G29747-",0.9973739495798319,1899,0.0033646290492043776
"T29748-",0.9973739495798319,1899,0.0033649748468573193
"A29749-",0.9973739495798319,1899,0.003365004660327676
"C29750-",0.9973739495798319,1899,0.003365022548663471
"G29751-",0.9973739495798319,1899,0.0033648019391465203
"A29752-",0.9973739495798319,1899,0.003364831749553039
"T29753-",0.9973739495798319,1899,0.003364962921617096
"C29754-",0.9973739495798319,1899,0.003364968884226642
"G29755-",0.9973739495798319,1899,0.0033649331088863293
"A29756-",0.9973739495798319,1899,0.003365231259968102
"G29757-",0.9973739495798319,1899,0.0033653087879040276
"T29758-",0.9973739495798319,1899,0.0033662334347280424
"G29759-",0.989022477783586,1892,0.0033647578957102893
"G29759A",0.0005227391531625719,1,0.00041254125412541255
"G29759C",0.004704652378463147,9,0.0023148148148148147
"G29759T",0.0026136957658128594,5,0.0014970059880239522
"T29760-",0.0025484199796126403,5,0.0011587485515643105
"T29760C",0.0005096839959225281,1,0.0004266211604095563
"A29761-",0.0025471217524197657,5,0.0011814744801512287
"C29762-",0.0025484199796126403,5,0.0012478163214374844
"C29762T",0.013251783893985729,26,0.0030512850604389155
"A29763-",0.0025471217524197657,5,0.0012506253126563281
"G29764-",0.0025484199796126403,5,0.00125344697919278
"G29764A",0.034148827726809376,67,0.02927042376583661
"T29765-",0.0025458248472505093,5,0.0012616704516780217
"G29766-",0.0025458248472505093,5,0.0012923235978288964
"G29766T",0.0005091649694501018,1,0.0004424778761061947
"A29767-",0.0025458248472505093,5,0.0013469827586206897
"A29768-",0.0025458248472505093,5,0.0013513513513513514
"C29769-",0.0025826446280991736,5,0.001350621285791464
"C29769T",0.006714876033057851,13,0.002447289156626506
"A29770-",0.0025826446280991736,5,0.0010645092612305727
"A29771-",0.0015495867768595042,3,0.0006480881399870382
"T29772-",0.0015495867768595042,3,0.0006714413607878246
"G29773-",0.0015495867768595042,3,0.0006726457399103139
"G29773T",0.0015495867768595042,3,0.0012101653892698668
"C29774-",0.003615702479338843,7,0.0015787099684258007
"C29774T",0.0010330578512396695,2,0.0004174493842621582
"T29775-",0.003615702479338843,7,0.001583710407239819
"A29776-",0.0036138358286009293,7,0.002121855107608366
"A29776T",0.0005162622612287042,1,0.0004420866489832007
"G29777T",0.0010325245224574084,2,0.0008410428931875525
"G29779T",0.002581311306143521,5,0.0009950248756218905
"A29780G",0.0010330578512396695,2,0.0009358914365933552
"G29781T",0.00619514713474445,12,0.0022865853658536584
"T29789C",0.001038961038961039,2,0.000936768149882904
"T29791A",0.0005194805194805195,1,0.0004692632566870014
"C29802T",0.0005208333333333333,1,0.00044802867383512545
"C29803T",0.001563314226159458,3,0.001336898395721925
"T29804C",0.0005211047420531526,1,0.0004462293618920125
"G29808T",0.0020844189682126106,4,0.0018331805682859762
"T29809C",0.007306889352818371,14,0.006469500924214418
"G29828A",0.0005420054200542005,1,0.0004608294930875576
"A29833G",0.0005434782608695652,1,0.0004666355576294914
"C29835T",0.004891304347826087,9,0.0036290322580645163
"C29836A",0.002178649237472767,4,0.0018726591760299626
"C29836T",0.0010893246187363835,2,0.0008084074373484236
"C29837T",0.0005467468562055768,1,0.00040584415584415587
"C29838T",0.0016411378555798686,3,0.0011450381679389313
"A29865T",0.011111111111111112,1,0.0004623208506703652
"T29867A",0.023529411764705882,2,0.0008837825894829872
"G29868A",0.012345679012345678,1,0.0002229654403567447
"A29869G",0.013245033112582781,2,0.0009267840593141798
"A29869T",0.006622516556291391,1,0.0004585052728106373
"C29870A",0.014492753623188406,3,0.000696217219772569