mutation,proportion,count,jaccard
"T2C",0.022222222222222223,1,0.00012131505519835011
"A4T",0.0072992700729927005,1,0.0002559508574353724
"A12T",0.0040650406504065045,1,0.0002729257641921397
"T13C",0.0149812734082397,4,0.0008115236356258876
"C21T",0.0033444816053511705,1,0.000008756107384900968
"G24A",0.003115264797507788,1,0.0002810567734682406
"A34T",0.0011467889908256881,1,0.0002907822041291073
"C36T",0.0011111111111111111,1,0.00022331397945511388
"C37T",0.0011001100110011,1,0.00019577133907595928
"A39G",0.0010526315789473684,1,0.00029877502240812666
"C40A",0.004570383912248629,5,0.001504664459825459
"C44T",0.7660594439117929,799,0.001975849627704429
"C66T",0.0037174721189591076,9,0.0005757420675537359
"G94A",0.0017464198393293748,5,0.001362769146906514
"C100T",0.002774887270204648,8,0.0007585814526834819
"G101A",0.0003466204506065858,1,0.00016223231667748214
"C106T",0.004076086956521739,12,0.0004971620333927165
"G109T",0.00033944331296673454,1,0.00030525030525030525
"T111G",0.0006791171477079797,2,0.0005683432793407218
"G124A",0.0003354579000335458,1,0.0002637826431020839
"C125T",0.00033523298692591353,1,0.000254323499491353
"G127T",0.0016733601070950468,5,0.000795291872117067
"C140T",0.004281949934123847,13,0.0004429754319010461
"C147T",0.0003287310979618672,1,0.00012903225806451613
"C157T",0.0003333333333333333,1,0.00023057412958266084
"C162T",0.003671562082777036,11,0.0016865992026985587
"C171T",0.000333667000333667,1,0.0002409058058299205
"C183T",0.00032711808963035657,1,0.00021372088053002778
"G185A",0.00032711808963035657,1,0.0002809778027535825
"C186T",0.0006544502617801048,2,0.0000785052598524101
"C190G",0.0006557377049180328,2,0.0005402485143165856
"C190T",0.012459016393442624,38,0.007647413966592876
"G198A",0.000326477309826967,1,0.0002354603249352484
"G199T",0.0006531678641410843,2,0.0003081664098613251
"T201C",0.00032615786040443573,1,0.00010751532093323298
"T202C",0.0003248862897985705,1,0.0002447980416156671
"T202G",0.0003248862897985705,1,0.00029806259314456036
"C203T",0.0006506180871828237,2,0.000032846655389314986
"G204A",0.02734375,84,0.01061410159211524
"C206T",0.0022764227642276423,7,0.0011109347722583717
"C207T",0.0019537609899055682,6,0.0009329808738920852
"G213T",0.0003255208333333333,1,0.00014357501794687725
"A215G",0.002280130293159609,7,0.0017517517517517517
"G216A",0.00942782834850455,29,0.00629887054735013
"C217A",0.0003248862897985705,1,0.0003002101471029721
"C218T",0.0003248862897985705,1,0.00014823599169878446
"T221C",0.0003246753246753247,1,0.0001755926251097454
"C222T",0.009746588693957114,30,0.0005751644011579976
"T224C",0.00032414910858995135,1,0.00017167381974248928
"C225T",0.00032425421530479895,1,0.0002070822116380203
"T232C",0.0025974025974025974,8,0.001589825119236884
"C233T",0.007465108730931516,23,0.0021691973969631237
"A235T",0.000973393900064893,3,0.0008731082654249127
"G236A",0.0003244646333549643,1,0.00022650056625141563
"C241A",0.001304631441617743,4,0.0009725261366399222
"C241T",0.9973907371167645,3058,0.00035368138604242324
"G242A",0.0006480881399870382,2,0.00031994880819068947
"G242T",0.0003240440699935191,1,0.00018677624206200972
"G246A",0.0016202203499675956,5,0.0009832841691248771
"G250T",0.0003240440699935191,1,0.0002886002886002886
"C254T",0.00032393909944930353,1,0.00023573785950023574
"G260A",0.00032362459546925567,1,0.00026014568158168577
"G269A",0.0012932428063368898,4,0.0009287206872533086
"A272G",0.00032362459546925567,1,0.0002581311306143521
"T277A",0.0003232062055591467,1,0.00027495188342040145
"C280T",0.002263906856403622,7,0.0009671179883945841
"C282T",0.0009699321047526673,3,0.0007117437722419929
"T283C",0.00032331070158422246,1,0.0002891844997108155
"G284A",0.0003232062055591467,1,0.0001893939393939394
"G285A",0.0003232062055591467,1,0.0002737476047084588
"C289T",0.00032289312237649337,1,0.00022872827081427266
"C292T",0.0006457862447529867,2,0.00021563342318059299
"G295A",0.00032289312237649337,1,0.00026001040041601667
"A298C",0.00032289312237649337,1,0.0003068425897514575
"C304T",0.0006455777921239509,2,0.0004075810067250866
"C311T",0.00032289312237649337,1,0.00016215339711366953
"G315T",0.00032299741602067185,1,0.0002443195699975568
"T316C",0.00032299741602067185,1,0.00029394473838918284
"G323A",0.00032289312237649337,1,0.0002589331952356292
"C335T",0.003857280617164899,12,0.0005290072297654734
"C337T",0.0006422607578676942,2,0.00008012820512820513
"G343A",0.0006365372374283895,2,0.0005184033177812338
"G343T",0.0009548058561425843,3,0.0005601194921583271
"C344T",0.0003183699458771092,1,0.00011933174224343676
"C346T",0.004113924050632912,13,0.0005391506303915063
"G347A",0.0006327111673521037,2,0.00014622020763269483
"A349G",0.0015817779183802593,5,0.0014289797084881394
"C350T",0.00031635558367605187,1,0.00022836263987211693
"G354T",0.0018969332911792601,6,0.0017301038062283738
"T356C",0.0003160556257901391,1,0.0002880184331797235
"C364T",0.0006325110689437065,2,0.00029533372711163615
"C367T",0.000631911532385466,2,0.0003059507419305492
"G368A",0.0006317119393556538,2,0.00044863167339614175
"G370A",0.005369551484523057,17,0.002848525469168901
"G370T",0.0003158559696778269,1,0.00010957703265395574
"G373A",0.0003158559696778269,1,0.0001863238308179616
"G376A",0.000947268708556994,3,0.00042408821034775233
"C379A",0.0003158559696778269,1,0.00022016732716864817
"C379T",0.0003158559696778269,1,0.00019580967299784609
"A385G",0.0003160556257901391,1,0.00023293733985557886
"G393A",0.0012626262626262627,4,0.0009097111667045713
"A397C",0.0006313131313131314,2,0.0005827505827505828
"C398T",0.0003154574132492114,1,0.00010188487009679063
"T400C",0.0022082018927444794,7,0.0008924018357980622
"A405G",0.9987373737373737,3164,0.008476074645178229
"A406G",0.0003155569580309246,1,0.0002813731007315701
"A408G",0.0012626262626262627,4,0.0008056394763343404
"G410T",0.0006313131313131314,2,0.0002681324574339724
"C421T",0.0003238341968911917,1,0.00016025641025641026
"G425-",0.00032362459546925567,1,0.00012693577050012695
"T426-",0.00032362459546925567,1,0.0001268874508311128
"A427-",0.0003237293622531564,1,0.0001268874508311128
"T444C",0.0003262642740619902,1,0.00022904260192395785
"T445C",0.000326477309826967,1,0.000008797241185164333
"G448T",0.000326477309826967,1,0.00022925263640531865
"C449T",0.0003266906239790918,1,0.00008971828458639871
"A460G",0.008477339419628301,26,0.005859815190443994
"G463A",0.00032530904359141186,1,0.0001712035610340695
"G472A",0.0006516780710329097,2,0.00039556962025316455
"C475T",0.00032615786040443573,1,0.00017322016282695306
"C478T",0.0003262642740619902,1,0.00016803898504453034
"G483A",0.0009797517962116264,3,0.0006256517205422315
"G487A",0.000326477309826967,1,0.00013726835964310226
"A489G",0.00032658393207054214,1,0.00019054878048780488
"T490C",0.00032658393207054214,1,0.00022104332449160034
"G495A",0.000326477309826967,1,0.00023998080153587713
"T505A",0.0013063357282821686,4,0.0011904761904761906
"T505C",0.0006531678641410843,2,0.00044812906116961686
"C506T",0.00032658393207054214,1,0.00011928903733746869
"T508C",0.0009800718719372753,3,0.0006996268656716418
"G509-",0.0029411764705882353,9,0.00008818082948766937
"G510-",0.006209150326797385,19,0.00012213308649593747
"T511-",0.006209150326797385,19,0.00012227849893488993
"C512-",0.006207121855602744,19,0.00012268670980073097
"A513-",0.006209150326797385,19,0.00012090436464756378
"T514-",0.0062050947093403004,19,0.0001210692324847867
"G515-",0.0075089781260202415,23,0.00009315889667463243
"T516-",0.008167265599477294,25,0.0000949721731532661
"T517-",0.008167265599477294,25,0.00009516631264798361
"T517C",0.0003266906239790918,1,0.00025207965717166626
"A518-",0.009150326797385621,28,0.00010104473033687591
"T519-",0.005555555555555556,17,0.00007937174925997516
"G520-",0.005557371690094802,17,0.00007995221679278737
"G520T",0.0006538084341288003,2,0.0004248088360237893
"G521-",0.0035924232527759633,11,0.00009158576590678234
"G521T",0.00032658393207054214,1,0.00018453589223103894
"T522-",0.0035889070146818925,11,0.00009324720682230474
"T523-",0.0035912504080966375,11,0.00009361224107705139
"T523A",0.000326477309826967,1,0.0002652519893899204
"G524-",0.000326477309826967,1,0.00006343567622430856
"A537G",0.00032637075718015666,1,0.0002945508100147275
"G546A",0.00032658393207054214,1,0.00025201612903225806
"A548G",0.0006527415143603133,2,0.0004536176003628941
"T549C",0.001632386549134835,5,0.001203079884504331
"C556T",0.00423728813559322,13,0.0009178846289627904
"C560T",0.00032583903551645487,1,0.00012272950417280314
"A563G",0.00032605151613955004,1,0.0002465483234714004
"G571C",0.00032637075718015666,1,0.00030883261272390367
"C583T",0.0003259452411994785,1,0.00004535970244035199
"C584T",0.0006521030322791001,2,0.00031240237425804435
"C589T",0.0013050570962479609,4,0.0006409229290177856
"C593T",0.001632386549134835,5,0.00019396384513926604
"A594G",0.000326477309826967,1,0.0002328830926874709
"G596A",0.0009791122715404699,3,0.0006936416184971098
"G598T",0.010443864229765013,32,0.00599138738064033
"C608A",0.00032583903551645487,1,0.0002898550724637681
"G613A",0.0009784735812133072,3,0.000217359802927112
"G614T",0.00032637075718015666,1,0.00022680880018144704
"G626T",0.0009765625,3,0.00065302568567697
"C629T",0.0009778357235984355,3,0.0005647590361445783
"T634G",0.00587467362924282,18,0.005264697279906405
"T661C",0.00032393909944930353,1,0.0002668801708033093
"G663A",0.00031446540880503143,1,0.000280662363177098
"G663T",0.00031446540880503143,1,0.00028851702250432774
"C664T",0.00533249686323714,17,0.0016614542611415168
"C665T",0.00031318509238960227,1,0.0002553626149131767
"A668G",0.0006251953735542357,2,0.0005534034311012728
"T670G",0.9952859836580766,3167,0.0010004033833661378
"C673T",0.0015629884338855893,5,0.0004131207138725936
"G674A",0.00031259768677711783,1,0.00020521239482864764
"G675A",0.0006251953735542357,2,0.00046948356807511736
"C676T",0.00031259768677711783,1,0.00014714537963507945
"G677A",0.00031259768677711783,1,0.00015044380923724988
"C678T",0.002188183807439825,7,0.0007656967840735069
"C679T",0.0003125,1,0.00014357501794687725
"G680A",0.00031259768677711783,1,0.00018005041411595248
"T682A",0.0006251953735542357,2,0.0006150061500615006
"C683T",0.001876172607879925,6,0.00021634095334246772
"A686-",0.005630278385986863,18,0.00010034227866165699
"A686G",0.0006255864873318737,2,0.0005230125523012552
"A687-",0.005628517823639775,18,0.0001003685757141503
"G688-",0.005628517823639775,18,0.00010037865057634076
"T689-",0.005628517823639775,18,0.00010039096704387643
"C690-",0.005628517823639775,18,0.0001003948865537782
"A691-",0.005632040050062578,18,0.00010038928734760348
"T692-",0.005317485142320926,17,0.00009497100591054848
"T692G",0.00031279324366593683,1,0.0002836074872376631
"T693-",0.005319148936170213,17,0.00009504427945254495
"T694-",0.005319148936170213,17,0.00009567223816759525
"T694A",0.0006257822277847309,2,0.00045300113250283127
"G695A",0.002189552705661558,7,0.0019852524106636414
"C703T",0.00031259768677711783,1,0.00012241400416207614
"C706T",0.00031269543464665416,1,0.00014801657785671994
"G709A",0.00031347962382445143,1,0.00021547080370609782
"T711C",0.00031338138514572234,1,0.00029120559114735004
"G713A",0.00031338138514572234,1,0.00023413720440177945
"G713T",0.0006267627702914447,2,0.00046882325363338024
"C722T",0.0006275494195167869,2,0.0004748338081671415
"G731T",0.00031377470975839345,1,0.0002949852507374631
"T733C",0.0003136762860727729,1,0.00002741002658772579
"C745T",0.0003139717425431711,1,0.00002836396641706376
"C753T",0.0006275494195167869,2,0.0004922471080482402
"A761G",0.0006279434850863422,2,0.00020601565718994644
"T772A",0.00031377470975839345,1,0.00025680534155110427
"C775T",0.0006275494195167869,2,0.00037313432835820896
"A780G",0.0006271558482282847,2,0.0005871990604815032
"T790C",0.00031377470975839345,1,0.00022930520522815867
"C794T",0.00031377470975839345,1,0.00023046784973496196
"C799T",0.0006277463904582549,2,0.00020292207792207794
"G804A",0.00031377470975839345,1,0.0003081664098613251
"G805T",0.0006275494195167869,2,0.000326797385620915
"C815T",0.0006279434850863422,2,0.0001650982334489021
"C823T",0.0028230865746549563,9,0.00023499921666927777
"T826C",0.005963590709353421,19,0.0008512544802867384
"C829T",0.00031357792411414236,1,0.000023257977486277794
"C832T",0.0012543116964565694,4,0.0002308669052291354
"C835T",0.0015678896205707118,5,0.0001827886232360898
"G840A",0.001567398119122257,5,0.0009087604507451836
"C842T",0.00031347962382445143,1,0.000182882223847842
"C843A",0.0009404388714733542,3,0.0008062348830959419
"T851C",0.00031357792411414236,1,0.00017397355601948505
"A861G",0.00031347962382445143,1,0.00023803856224708403
"C882T",0.0006273525721455458,2,0.00030120481927710846
"C884T",0.0009413241292751804,3,0.0001735408110140568
"G896A",0.00031387319522912746,1,0.000176522506619594
"T898G",0.00031387319522912746,1,0.0002933411557641537
"C900T",0.0015688735487919673,5,0.0005427113860848801
"A901G",0.00031377470975839345,1,0.000259000259000259
"C906T",0.00031357792411414236,1,0.00019821605550049553
"C912A",0.00031377470975839345,1,0.0000924129008409574
"C913T",0.0034515218073423283,11,0.000015819212289514596
"A916G",0.0003136762860727729,1,0.0002574002574002574
"C920T",0.0012539184952978057,4,0.0002894565453361314
"G922T",0.00031338138514572234,1,0.00018521948508983145
"G923T",0.0025070510811657787,8,0.0016852749104697704
"C925T",0.00031347962382445143,1,0.00011193194537721066
"T927C",0.0003132832080200501,1,0.00030330603579011223
"A929G",0.0003132832080200501,1,0.0001095290251916758
"C934T",0.0003132832080200501,1,0.00005617661929105106
"A935G",0.006892230576441102,22,0.006060606060606061
"C936T",0.0006267627702914447,2,0.0000893016610108948
"A939G",0.0012535255405828893,4,0.0008916629514043691
"G942A",0.00031357792411414236,1,0.00013403029084573114
"G943A",0.003761755485893417,12,0.0022564874012786762
"C952T",0.0015664160401002505,5,0.0008668515950069349
"C959T",0.00031338138514572234,1,0.0002161227577263886
"A964G",0.00031318509238960227,1,0.00026136957658128593
"T967-",0.00031298904538341156,1,0.00030703101013202335
"G968-",0.00031298904538341156,1,0.00030656039239730225
"G970A",0.0006259780907668231,2,0.00045558086560364467
"C971T",0.00031298904538341156,1,0.00030674846625766873
"G974T",0.00031318509238960227,1,0.000308546744831842
"C988T",0.00031298904538341156,1,0.000192789666473877
"G991A",0.003129890453834116,10,0.0020496003279360524
"G1018A",0.00031240237425804435,1,0.0002789400278940028
"C1026T",0.00031357792411414236,1,0.0003007518796992481
"A1032G",0.0006263701847792045,2,0.0006167129201356768
"A1038G",0.00031338138514572234,1,0.000297441998810232
"A1045T",0.0003147623544224111,1,0.00019305019305019305
"G1055A",0.005045726900031536,16,0.004617604617604618
"C1059T",0.0018909549322407816,6,0.000022337383845604003
"C1060T",0.0006297229219143577,2,0.0001522417599147446
"C1063T",0.0003147623544224111,1,0.00007579777154551656
"G1074A",0.000315059861373661,1,0.00028669724770642203
"G1085A",0.00031525851197982345,1,0.00025568908207619537
"C1091T",0.001894537417113988,6,0.0008748906386701663
"C1093T",0.00031625553447185326,1,0.00012679092177000128
"T1099C",0.0003158559696778269,1,0.00013138877939823938
"C1101T",0.0009487666034155598,3,0.0004943968358602505
"C1102T",0.00031645569620253165,1,0.00007844983133286264
"C1121T",0.0003160556257901391,1,0.00020283975659229209
"A1123G",0.006957621758380772,22,0.0056686421025508886
"G1126A",0.0009493670886075949,3,0.00048038430744595676
"T1129C",0.0006315124723713293,2,0.0005846243788365975
"G1141A",0.00031525851197982345,1,0.00027770063871146905
"G1145A",0.000630715862503942,2,0.000564652738565782
"A1154G",0.0003151591553734636,1,0.00024685262898049864
"T1155C",0.000315059861373661,1,0.00026143790849673205
"G1157A",0.000315059861373661,1,0.00016711229946524063
"C1166A",0.0015743073047858943,5,0.001426126640045636
"G1172A",0.0025173064820641915,8,0.0017406440382941688
"C1179T",0.0028319697923222154,9,0.0016405395552314983
"C1185T",0.0006303183107469272,2,0.00029407440082340834
"C1188T",0.0003151591553734636,1,0.00021696680407897592
"C1191A",0.0003151591553734636,1,0.00017364125716270185
"C1191T",0.0006303183107469272,2,0.0000261882938326568
"A1194G",0.000630119722747322,2,0.0005069708491761723
"A1197C",0.0003169572107765452,1,0.00029308323563892143
"T1211C",0.0003169572107765452,1,0.0002960331557134399
"C1213T",0.0028526148969889066,9,0.0016654330125832717
"T1216C",0.0003170577045022194,1,0.00024826216484607745
"A1226T",0.00031665611146295124,1,0.0003022974607013301
"C1263T",0.0025380710659898475,8,0.0007663569307404924
"C1267T",0.0003167564143173899,1,0.000015618167051914787
"G1268A",0.0006333122229259025,2,0.00035855145213338117
"A1269G",0.001266624445851805,4,0.0005945303210463733
"G1274A",0.0003167564143173899,1,0.0001737921445950643
"G1274T",0.0003167564143173899,1,0.0000854920064973925
"T1276C",0.0003167564143173899,1,0.000293513354857646
"T1285G",0.0003168567807351077,1,0.0002772387025228722
"C1288T",0.004435994930291508,14,0.0005462988254575252
"C1300T",0.0003169572107765452,1,0.00014094432699083862
"A1301G",0.0003167564143173899,1,0.0002740476842970677
"C1302T",0.0003167564143173899,1,0.00010915838882218098
"G1312T",0.0012658227848101266,4,0.0007827788649706458
"C1314T",0.0012662234884457107,4,0.000358487184083169
"G1319A",0.00031635558367605187,1,0.00020100502512562814
"G1338T",0.0003183699458771092,1,0.00030892801977139327
"C1342T",0.0003206155819172812,1,0.00010037137408411121
"T1344C",0.0006412311638345624,2,0.0003476447071093343
"C1346A",0.001282051282051282,4,0.0006223743581764431
"C1346T",0.0009615384615384616,3,0.00043776448270830295
"C1347T",0.0022450288646568314,7,0.0008260561718196837
"C1348T",0.0012812299807815502,4,0.00028302554305526076
"T1359C",0.00032102728731942215,1,0.0002998500749625187
"G1361A",0.0019249278152069298,6,0.0016685205784204673
"G1361T",0.0009624639076034649,3,0.0008312551953449709
"A1371G",0.0006414368184733803,2,0.0004515692029803567
"C1377T",0.0009624639076034649,3,0.0004514672686230248
"C1385T",0.0009615384615384616,3,0.00015395668685209895
"C1387T",0.006732927220262905,21,0.0011785173129805265
"A1389G",0.0009596928982725527,3,0.0008289582757667864
"C1392T",0.0006397952655150352,2,0.00020179598425991324
"G1400A",0.0003198976327575176,1,0.00021561017680034498
"G1408A",0.0003197953309881676,1,0.0002473410833539451
"C1415T",0.0003198976327575176,1,0.0002089864158829676
"C1420T",0.032619123760793095,102,0.004416349151368203
"C1426T",0.001278363694471077,4,0.0002061855670103093
"C1427T",0.0006395906619763352,2,0.0001387058741937721
"T1432C",0.0003198976327575176,1,0.0002542588354945334
"C1437T",0.002560819462227913,8,0.0007629947544110634
"T1438C",0.0003201024327784891,1,0.00024289531212047608
"G1439T",0.0003201024327784891,1,0.00016605778811026238
"C1441T",0.022756410256410255,71,0.005938440950150552
"C1457T",0.0003201024327784891,1,0.00008381527114240215
"G1458C",0.00032,1,0.00030826140567200987
"C1471T",0.0009596928982725527,3,0.00015012009607686148
"C1473T",0.0003197953309881676,1,0.0000356493529642437
"T1474C",0.00032,1,0.0002409058058299205
"C1479T",0.00064,2,0.0004259850905218317
"G1487T",0.0006402048655569782,2,0.0006058770069675856
"G1493T",0.00031959092361776926,1,0.0003028467595396729
"A1503T",0.0003189792663476874,1,0.00030759766225776686
"T1507C",0.00031928480204342275,1,0.00026455026455026457
"C1514T",0.0012775471095496647,4,0.00022335138757049528
"A1521G",0.00031928480204342275,1,0.0002603488674824265
"G1535A",0.0009578544061302681,3,0.0007228915662650603
"C1541T",0.00031887755102040814,1,0.00028153153153153153
"C1545T",0.0003190810465858328,1,0.00007245326764237067
"A1547G",0.0012755102040816326,4,0.0005928560841855639
"T1564C",0.0003151591553734636,1,0.0002864508736751647
"G1590T",0.0012523481527864746,4,0.0010848928668294006
"T1592C",0.0006263701847792045,2,0.0003487966515521451
"C1593T",0.0015664160401002505,5,0.00021382141635306192
"C1594T",0.001878522229179712,6,0.0002252421352954426
"G1595A",0.00031308703819661864,1,0.00024248302618816683
"G1598A",0.0003112356053532524,1,0.000154273372415921
"G1599T",0.00031133250311332503,1,0.00013486176668914363
"T1603A",0.00031113876789047915,1,0.0002874389192296637
"A1605G",0.00031104199066874026,1,0.00023781212841854935
"G1607A",0.00031113876789047915,1,0.0002889338341519792
"G1607T",0.00031113876789047915,1,0.00030665440049064706
"A1608G",0.00031113876789047915,1,0.000286368843069874
"C1612T",0.00031113876789047915,1,0.0001520912547528517
"T1618A",0.0018650917003419335,6,0.0017331022530329288
"C1625T",0.0009328358208955224,3,0.0003540658562492624
"C1627T",0.0006218905472636816,2,0.000004384224682746542
"A1629G",0.0006220839813374805,2,0.0005729017473503294
"T1651C",0.00031084861672365556,1,0.0002586652871184687
"G1655A",0.00031084861672365556,1,0.00022815423226100844
"C1663A",0.0012449424214130097,4,0.0011418783899514702
"C1670T",0.0031162355874104083,10,0.001221597849987784
"G1681C",0.0003116235587410408,1,0.00030674846625766873
"C1684T",0.003427859146151449,11,0.00018457614605007046
"G1696A",0.0003116235587410408,1,0.0002736726874657909
"C1710T",0.00031152647975077883,1,0.00012822156686754713
"G1719A",0.00031133250311332503,1,0.00025940337224383917
"C1722T",0.0003116235587410408,1,0.00007284382284382284
"T1726C",0.00031416902293433867,1,0.00029282576866764275
"A1732G",0.000314070351758794,1,0.00009823182711198428
"G1738T",0.0003139717425431711,1,0.00004435179846542777
"G1742A",0.000314070351758794,1,0.00020716801325875285
"G1742T",0.001256281407035176,4,0.001103448275862069
"G1748A",0.0006283380458686773,2,0.0005449591280653951
"A1749G",0.00031416902293433867,1,0.0002945508100147275
"C1758T",0.0012586532410320957,4,0.00010990822663076331
"A1765G",0.00031496062992125983,1,0.00029682398337785694
"A1777G",0.00031377470975839345,1,0.00011609008590666357
"T1798C",0.0003123048094940662,1,0.0002845759817871372
"G1811T",0.0006246096189881324,2,0.0005719187875321705
"C1812T",0.0018738288569643974,6,0.000555247084952804
"A1815C",0.00031240237425804435,1,0.00030609121518212427
"G1820A",0.010678391959798994,34,0.0004034602650971271
"G1823A",0.00031387319522912746,1,0.0002797202797202797
"C1825T",0.0006277463904582549,2,0.00028188865398167724
"A1830G",0.0006279434850863422,2,0.0005805515239477503
"G1835A",0.000314070351758794,1,0.000286286859433152
"T1851C",0.000315357931251971,1,0.00018450184501845018
"T1858C",0.000315357931251971,1,0.00027285129604365623
"T1877C",0.001257071024512885,4,0.000774143603638475
"A1879G",0.0006285355122564425,2,0.0004027386226339106
"G1882A",0.00031416902293433867,1,0.00016784155756965425
"T1885A",0.000942507068803016,3,0.0008029978586723769
"C1889T",0.000628140703517588,2,0.00012306934957848748
"T1891C",0.001256281407035176,4,0.0009859502095144195
"G1895A",0.00031133250311332503,1,0.00021673168617251842
"A1900G",0.0015552099533437014,5,0.0012588116817724068
"T1901C",0.006533914125700062,21,0.005090909090909091
"T1908C",0.0003104625892579944,1,0.0002494387627837366
"C1909T",0.0027941633033219497,9,0.0008184050195507866
"C1911T",0.00031065548306927616,1,0.00013555645926528398
"C1912T",0.002173238124805961,7,0.00016341013609729908
"C1913T",0.0006211180124223603,2,0.0002569043031470777
"G1914A",0.0012422360248447205,4,0.0005393016044222731
"C1917T",0.0006209251785159888,2,0.0003683919690550746
"A1924C",0.0003104625892579944,1,0.00030759766225776686
"T1927A",0.0003104625892579944,1,0.0002281021897810219
"G1940C",0.00031036623215394165,1,0.00030873726458783575
"T1945C",0.0018645121193287756,6,0.0012232415902140672
"T1947C",0.0006215040397762585,2,0.00030783438510081576
"C1960T",0.0037325038880248835,12,0.0014519056261343012
"C1968T",0.0006228589224540642,2,0.000161851582099215
"C1973T",0.0003114294612270321,1,0.00006235191420376606
"A1989G",0.0015586034912718205,5,0.0008206138191367143
"A1992G",0.0024929884699283265,8,0.0012656225280809998
"C2003T",0.0015581177937052041,5,0.0003971090461440712
"C2005T",0.0003116235587410408,1,0.00013958682300390843
"A2018G",0.00031152647975077883,1,0.00018011527377521613
"C2023T",0.0003116235587410408,1,0.00018730099269526128
"A2024G",0.0021813649111872857,7,0.0019624334174376226
"A2026G",0.0003116235587410408,1,0.000246669955599408
"T2027C",0.0006232471174820816,2,0.0005851375073142189
"C2028T",0.0003116235587410408,1,0.0002727024815925825
"A2031G",0.0006234413965087282,2,0.0002990430622009569
"T2047C",0.0003117206982543641,1,0.0001342822613132805
"G2051A",0.0003118178983473651,1,0.00026041666666666666
"A2057G",0.0012472715933894605,4,0.00098015192354815
"C2061T",0.0015590894917368258,5,0.0001327668613913967
"C2062T",0.0012472715933894605,4,0.00020989662591173848
"T2068C",0.002806361085126286,9,0.002488938053097345
"A2069G",0.0003118178983473651,1,0.00019940179461615153
"G2086A",0.00031210986267166043,1,0.00020479213598197828
"A2090G",0.0006244146113019045,2,0.0005830903790087463
"C2094T",0.0009363295880149813,3,0.00021698249674526255
"G2098A",0.00031210986267166043,1,0.00025926886180969663
"C2106T",0.00031210986267166043,1,0.0000962186086789185
"C2110T",0.0012492192379762648,4,0.000031232187892842366
"C2113T",0.0006240249609984399,2,0.00013846579894765993
"T2115C",0.00031201248049921997,1,0.000304228780042592
"T2116C",0.0006240249609984399,2,0.0005341880341880342
"G2117A",0.00031201248049921997,1,0.000249500998003992
"A2127G",0.00031210986267166043,1,0.00015971889474524837
"T2128C",0.00031220730565095225,1,0.00006233636703652911
"C2137A",0.00031210986267166043,1,0.00020370747606437156
"A2140G",0.0006246096189881324,2,0.0005805515239477503
"C2141T",0.00031210986267166043,1,0.00021168501270110075
"C2143T",0.0003123048094940662,1,0.00009000900090009
"G2144A",0.0009366219169528567,3,0.0002496671105193076
"G2144T",0.00031220730565095225,1,0.00012540757461750688
"C2147T",0.00031220730565095225,1,0.00013618412093149938
"T2158C",0.026883401062832137,86,0.020788010635726373
"A2161G",0.0006251953735542357,2,0.000462000462000462
"G2164A",0.0003125,1,0.0002213368747233289
"G2173T",0.0009375,3,0.0006765899864682003
"A2176G",0.0003125,1,0.00022109219544550078
"T2186G",0.0003112356053532524,1,0.00030759766225776686
"G2193T",0.016194331983805668,52,0.013705851344227728
"A2194G",0.0003114294612270321,1,0.0002756339581036384
"A2196G",0.004048582995951417,13,0.003504043126684636
"C2197T",0.0003114294612270321,1,0.00008365400702693659
"G2199A",0.0003114294612270321,1,0.00030873726458783575
"T2208C",0.00031065548306927616,1,0.0003046922608165753
"T2220C",0.00031075201988812925,1,0.00023496240601503758
"T2222C",0.00031075201988812925,1,0.00028506271379703536
"C2226T",0.00031065548306927616,1,0.00021436227224008573
"G2231T",0.00031377470975839345,1,0.00017985611510791367
"C2232T",0.0025101976780671476,8,0.0005223636957231473
"G2235A",0.00031387319522912746,1,0.0001869508319312021
"G2237A",0.00031377470975839345,1,0.00029086678301337986
"G2243A",0.00031387319522912746,1,0.0002682403433476395
"A2253G",0.0003158559696778269,1,0.000279876854184159
"T2259G",0.0003168567807351077,1,0.0002678810608090008
"C2260T",0.0003184713375796178,1,0.00022988505747126436
"A2261G",0.00031857279388340236,1,0.0002967359050445104
"C2263A",0.00031826861871419476,1,0.0002626740215392698
"G2265A",0.0003181673560292714,1,0.00021640337589266391
"C2268T",0.0003183699458771092,1,0.0001622849724115547
"G2273A",0.0003183699458771092,1,0.0002175805047867711
"T2277C",0.0006369426751592356,2,0.0002949417490045716
"G2305T",0.0006359300476947536,2,0.00019157088122605365
"C2306T",0.009220985691573928,29,0.001629121959440481
"T2314C",0.00031776294884016526,1,0.00024703557312252963
"A2317G",0.00031756113051762465,1,0.00015186028853454822
"A2317T",0.00031756113051762465,1,0.0002390628735357399
"C2325T",0.0009535918626827717,3,0.0006483682731791658
"C2334T",0.0003178639542275906,1,0.000012109322967752874
"T2335A",0.0003176620076238882,1,0.00029761904761904765
"C2338T",0.0006349206349206349,2,0.00012695188523549576
"T2353C",0.0006383657835939994,2,0.0005520287054926856
"C2363T",0.000318775900541919,1,0.0002836074872376631
"T2383C",0.0006377551020408163,2,0.000552944429084877
"C2388T",0.001273074474856779,4,0.00023926306974518484
"T2390C",0.007001909611712286,22,0.005681818181818182
"G2393A",0.0003180661577608143,1,0.000184945441094877
"C2395T",0.0009545020680878142,3,0.0000612907839091262
"A2410G",0.00031756113051762465,1,0.00016758840288252054
"C2416T",0.0009532888465204957,3,0.0002092487968194183
"C2433T",0.0025404890441409972,8,0.001156737998843262
"C2445T",0.0025437201907790143,8,0.00042471862391165854
"G2447T",0.0003179650238473768,1,0.00014654161781946072
"G2448A",0.0006359300476947536,2,0.00051440329218107
"C2449T",0.0003179650238473768,1,0.00016611295681063124
"C2453T",0.0031776294884016524,10,0.0001505661286437003
"C2455T",0.001589319771137953,5,0.0003169371196754564
"C2462T",0.0028635062042634426,9,0.000916030534351145
"G2468T",0.0003181673560292714,1,0.0002864508736751647
"C2470T",0.0003184713375796178,1,0.0000012714752164050818
"A2475G",0.000318775900541919,1,0.00028935185185185184
"C2485T",0.0009490667510281556,3,0.00012166436856192716
"C2488T",0.00031645569620253165,1,0.00011310937676733401
"G2492A",0.0006323110970597534,2,0.000564652738565782
"G2494T",0.0015802781289506952,5,0.0005995203836930455
"A2499T",0.0006321112515802782,2,0.000589101620029455
"C2507T",0.00031655587211142766,1,0.00024213075060532688
"C2509T",0.0071964956195244055,23,0.0008557184314309101
"G2513A",0.00031289111389236547,1,0.0002452783909737552
"C2523T",0.0012515644555694619,4,0.0003578137579389928
"A2524G",0.006570713391739674,21,0.005388760585065435
"G2528A",0.00031298904538341156,1,0.0002613012803762738
"C2536T",0.0012507817385866166,4,0.00024326461108070303
"A2542G",0.00031269543464665416,1,0.0002978850163836759
"A2543G",0.00031269543464665416,1,0.00027442371020856203
"C2544T",0.0006253908692933083,2,0.0002789011295495747
"T2561C",0.00031357792411414236,1,0.00025673940949935817
"G2564A",0.00031298904538341156,1,0.000030185034260013886
"C2570T",0.001256281407035176,4,0.00042666666666666667
"C2574T",0.016965127238454288,54,0.008652459541740105
"G2577A",0.0003139717425431711,1,0.00026574541589157585
"A2590C",0.0037676609105180532,12,0.003443328550932568
"A2590G",0.0012558869701726845,4,0.0010675206832132373
"C2592T",0.0003139717425431711,1,0.00023501762632197415
"T2593C",0.0015698587127158557,5,0.0011405109489051094
"C2594T",0.0003139717425431711,1,0.00020296326364927948
"T2605C",0.00031665611146295124,1,0.0002598752598752599
"C2607T",0.00031645569620253165,1,0.00017708517797060386
"C2638T",0.001286587327114828,4,0.0007118704395799964
"C2644T",0.0006430868167202572,2,0.00015509887553315238
"A2647G",0.0003215434083601286,1,0.00015167602002123465
"A2647T",0.0009646302250803858,3,0.0009193993257738277
"G2659T",0.0019267822736030828,6,0.0006590509666080844
"C2676A",0.0003225806451612903,1,0.00030413625304136254
"T2680C",0.0006445375443119562,2,0.0005111167901865576
"T2685G",0.0003225806451612903,1,0.0003075030750307503
"G2686T",0.00032278889606197545,1,0.00030873726458783575
"G2687T",0.00032278889606197545,1,0.00030826140567200987
"C2695T",0.0025789813023855577,8,0.0004569078759495117
"T2698C",0.0006447453255963894,2,0.00015018397536982803
"A2699G",0.0006445375443119562,2,0.0005785363031530228
"C2700T",0.0003224766204450177,1,0.0002016942315449778
"C2701T",0.007739438890680426,24,0.004432951606944958
"C2704T",0.0006449532408900354,2,0.00024263011039670022
"C2706T",0.0009671179883945841,3,0.00010464264536607485
"T2737G",0.000646830530401035,2,0.0006080875646093037
"A2745G",0.00032289312237649337,1,0.0002144082332761578
"C2751T",0.0006462035541195477,2,0.0005518763796909492
"T2752A",0.0003232062055591467,1,0.0002963841138114997
"G2755C",0.010655473038424281,33,0.01004260499087036
"G2755T",0.00032289312237649337,1,0.00015223017202009437
"G2768A",0.0003222687721559781,1,0.00029120559114735004
"T2770C",0.0003224766204450177,1,0.00018102824040550325
"A2777G",0.0006451612903225806,2,0.0005822416302765648
"G2780T",0.00032310177705977385,1,0.0003022061045633122
"T2785C",0.0006453694740238787,2,0.00043047783039173483
"C2788T",0.00032278889606197545,1,0.00013770311209033325
"C2790T",0.9993544222078761,3096,0.000982757931104098
"G2809A",0.0003222687721559781,1,0.00024142926122646064
"A2829G",0.0003225806451612903,1,0.0002941176470588235
"G2830T",0.0003223726627981947,1,0.00026567481402763017
"A2832G",0.0016118633139909735,5,0.000003124621139686813
"C2836T",0.00032268473701193933,1,0.0001795654516071108
"C2841T",0.00032268473701193933,1,0.00008483203257550051
"C2842T",0.00032268473701193933,1,0.00008205464839583163
"C2857A",0.0009671179883945841,3,0.000877963125548727
"C2857T",0.0029013539651837525,9,0.0012631578947368421
"G2858A",0.0006455777921239509,2,0.0005305039787798408
"C2862T",0.000321646831778707,1,0.00010843634786380394
"A2871G",0.00031575623618566466,1,0.0002486325211337643
"G2875T",0.0003161555485298767,1,0.00026695141484249865
"C2878T",0.0003158559696778269,1,0.00010736525660296328
"G2879T",0.0006317119393556538,2,0.0005875440658049354
"G2891A",0.006238303181534623,20,0.0035217467864060575
"G2891T",0.002183406113537118,7,0.0016416510318949344
"G2894A",0.0006234413965087282,2,0.0005515719801434088
"T2896C",0.00903990024937656,29,0.00785056848944234
"A2905G",0.0009354536950420954,3,0.0008831321754489255
"T2911C",0.0009354536950420954,3,0.0008410428931875525
"A2920G",0.00031191515907673113,1,0.0002554278416347382
"A2938T",0.0009345794392523365,3,0.0009222256378727329
"C2939T",0.00031152647975077883,1,0.0000951746454744456
"G2944C",0.0006232471174820816,2,0.0006182380216383308
"C2947T",0.0009348706762231225,3,0.0006208609271523179
"A2969G",0.0006228589224540642,2,0.00030892801977139327
"A2977G",0.0003114294612270321,1,0.0002447980416156671
"A2986G",0.0003114294612270321,1,0.00024912805181863477
"T2988C",0.0006228589224540642,2,0.0006129328838492185
"T2992C",0.0006228589224540642,2,0.0003405994550408719
"G3014A",0.001869158878504673,6,0.0013531799729364006
"G3014T",0.00031152647975077883,1,0.0002898550724637681
"C3020T",0.0006226650062266501,2,0.00041399296211964395
"T3026C",0.0009337068160597573,3,0.0008393956351426973
"C3037T",1,3206,0.00034705206549563115
"C3040T",0.0012472715933894605,4,0.00039785160135269546
"C3042A",0.0003117206982543641,1,0.0001887148518588413
"C3045T",0.0003116235587410408,1,0.00008091269520187717
"A3046G",0.0003116235587410408,1,0.0002016942315449778
"A3051G",0.009660330320972266,31,0.008110936682365254
"G3052T",0.0003116235587410408,1,0.0001864975755315181
"T3055A",0.002182725288431556,7,0.0020716188221367266
"T3055C",0.0009354536950420954,3,0.00037797656545294193
"A3063C",0.0003116235587410408,1,0.00023046784973496196
"G3074A",0.0040511062636335304,13,0.0038529934795494963
"G3085T",0.0003114294612270321,1,0.00019098548510313216
"C3093T",0.0003114294612270321,1,0.00016059097478721696
"C3096T",0.0018685767673621925,6,0.00013944084222268703
"G3109A",0.0003112356053532524,1,0.0002975304968759298
"A3111G",0.0006226650062266501,2,0.0005324813631522897
"C3117T",0.003738317757009346,12,0.001188707280832095
"T3118C",0.0009348706762231225,3,0.0008493771234428086
"A3123C",0.0003117206982543641,1,0.00028686173264486515
"C3130T",0.0006234413965087282,2,0.0003354579000335458
"C3140T",0.0018709073900841909,6,0.0002157574885828329
"C3141T",0.002183406113537118,7,0.0016021972991531242
"A3148G",0.00031191515907673113,1,0.0002449779519843214
"G3153A",0.0006240249609984399,2,0.00041296716911005574
"G3155A",0.00031201248049921997,1,0.00026917900403768504
"C3156T",0.00031201248049921997,1,0.0001325556733828208
"C3157T",0.006242197253433208,20,0.003534817956875221
"C3159T",0.0024960998439937598,8,0.001687051876845213
"C3165T",0.00093603744149766,3,0.0003256621797655232
"G3167A",0.00031191515907673113,1,0.0002173913043478261
"T3169C",0.00031210986267166043,1,0.00027129679869777537
"C3170A",0.00031210986267166043,1,0.0002941176470588235
"A3175G",0.00031210986267166043,1,0.00026737967914438503
"C3176T",0.0009366219169528567,3,0.00024669023928953213
"A3189T",0.00031210986267166043,1,0.00029437739181630853
"G3206T",0.00031191515907673113,1,0.0001678133915086424
"A3210G",0.00031220730565095225,1,0.00020601565718994644
"G3212A",0.0009372071227741331,3,0.0008391608391608392
"G3216A",0.0012453300124533001,4,0.0008250825082508251
"T3226C",0.0009331259720062209,3,0.0006433626420759168
"A3240C",0.00031456432840515884,1,0.000292654375182909
"C3241T",0.004719949653870359,15,0.00008804263611391543
"G3242A",0.0006297229219143577,2,0.00010870746820306555
"G3250A",0.0015827793605571383,5,0.0012360939431396785
"G3251T",0.0006331117442228553,2,0.00036443148688046647
"G3259A",0.0006327111673521037,2,0.0005434782608695652
"G3259T",0.0031635558367605187,10,0.0005967655308229397
"C3261T",0.001264622194119507,4,0.0002415604807053566
"C3267T",0.0015812776723592662,5,0.000007162533646001802
"G3284A",0.0006325110689437065,2,0.000585308750365818
"G3304T",0.00031625553447185326,1,0.00009396729937981582
"T3306C",0.0009493670886075949,3,0.0007090522335145356
"C3317T",0.0012662234884457107,4,0.0004890573419733463
"G3323A",0.00031665611146295124,1,0.000209819555182543
"C3326G",0.0003168567807351077,1,0.00029708853238265005
"C3330T",0.0015822784810126582,5,0.00044867193108399136
"G3351A",0.0003169572107765452,1,0.00025144581342720644
"C3369T",0.0003170577045022194,1,0.00014168319637291018
"C3373T",0.0003168567807351077,1,0.00022686025408348456
"T3380A",0.0009508716323296355,3,0.0009253547193090684
"T3380C",0.0003169572107765452,1,0.0001859773107680863
"T3391C",0.0006345177664974619,2,0.0005285412262156448
"A3406G",0.0003167564143173899,1,0.00025006251562890725
"A3409G",0.0009505703422053232,3,0.0008431703204047217
"C3411T",0.0025356576862123614,8,0.0005055611729019212
"C3425T",0.0003168567807351077,1,0.00017780938833570413
"G3431T",0.004133545310015898,13,0.00005204371672204652
"G3433A",0.0006361323155216285,2,0.00046652670865407047
"G3433T",0.0003180661577608143,1,0.00007891414141414142
"G3434C",0.0003179650238473768,1,0.0003091190108191654
"G3437A",0.0006357279084551812,2,0.0005681818181818182
"T3442C",0.0003179650238473768,1,0.00016165535079211123
"G3443A",0.0025437201907790143,8,0.001937984496124031
"G3446A",0.0003180661577608143,1,0.00021132713440405747
"C3447T",0.0003179650238473768,1,0.0002640612622128334
"T3466C",0.00031857279388340236,1,0.00021547080370609782
"A3481T",0.0012791813239526704,4,0.0009321836401771149
"G3482A",0.0009593859929645027,3,0.00044163109082879436
"G3483T",0.0003198976327575176,1,0.0001524390243902439
"C3487T",0.0006363347120585428,2,0.00037243947858472997
"A3506G",0.002228589621139764,7,0.002005156115726153
"C3510T",0.0009554140127388535,3,0.0004728877679697352
"G3530T",0.000947268708556994,3,0.0008746355685131195
"T3532A",0.0006315124723713293,2,0.0006167129201356768
"A3534G",0.0003158559696778269,1,0.0003056234718826406
"A3542G",0.0003123048094940662,1,0.00018125793003443902
"C3543T",0.00031210986267166043,1,0.00021500752526338422
"T3547A",0.0009363295880149813,3,0.0007358351729212656
"G3562A",0.00031220730565095225,1,0.000175530981218185
"G3563A",0.0006244146113019045,2,0.0003568242640499554
"G3566T",0.001248829222603809,4,0.001176470588235294
"A3569T",0.0003123048094940662,1,0.000297441998810232
"G3575T",0.001562011871290222,5,0.0014757969303423849
"G3582A",0.0009372071227741331,3,0.0006191950464396285
"C3587T",0.0009369144284821987,3,0.00029208450978483107
"C3589T",0.001561524047470331,5,0.0005672149744753262
"C3593T",0.0009366219169528567,3,0.0005890437855880621
"A3600G",0.0006246096189881324,2,0.0005430355688297583
"C3602T",0.017801374141161775,57,0.0024982468443197755
"C3608T",0.0003123048094940662,1,0.00024213075060532688
"C3619T",0.00718974679587371,23,0.0013363546569054674
"C3622T",0.003124023742580444,10,0.001793400286944046
"A3627C",0.0003123048094940662,1,0.0002966478789676654
"C3634T",0.0003123048094940662,1,0.00013622122326658494
"G3644A",0.0003123048094940662,1,0.000273972602739726
"C3646T",0.0006246096189881324,2,0.00031036623215394165
"T3667C",0.0006246096189881324,2,0.0005790387955993051
"A3690G",0.0006244146113019045,2,0.0005706134094151213
"C3695T",0.002497658445207618,8,0.0004909180166912126
"G3719T",0.00031133250311332503,1,0.0002731494127287626
"G3720A",0.00031133250311332503,1,0.00024108003857280618
"G3720T",0.00031133250311332503,1,0.0003023888720895071
"T3721C",0.0012453300124533001,4,0.0011723329425556857
"G3729A",0.008434864104967198,27,0.007068062827225131
"G3729C",0.00031240237425804435,1,0.00030759766225776686
"T3733G",0.00031240237425804435,1,0.00030321406913280777
"C3737T",0.006875,22,0.0016632645346639449
"C3738A",0.00031240237425804435,1,0.00028595939376608524
"C3738T",0.00031240237425804435,1,0.00007691124442393478
"T3739C",0.00031240237425804435,1,0.0002830455703368242
"C3743T",0.0006248047485160887,2,0.00013782647646612916
"A3744T",0.00031240237425804435,1,0.00030637254901960784
"T3745C",0.00031240237425804435,1,0.0002457002457002457
"T3756C",0.006248047485160888,20,0.005954153021732658
"G3761A",0.00031240237425804435,1,0.0002949852507374631
"C3768T",0.0006248047485160887,2,0.00011510791366906474
"T3785C",0.0003170577045022194,1,0.00025974025974025974
"A3786G",0.0009511731135066582,3,0.0008968609865470852
"C3787T",0.0015852885225110971,5,0.0002729257641921397
"G3800A",0.0012734797835084368,4,0.0011534025374855825
"T3808C",0.0006363347120585428,2,0.0004546487838145033
"C3809T",0.00031826861871419476,1,0.0001364815067558346
"C3811T",0.0006363347120585428,2,0.00007437709185570845
"G3824A",0.0003202049311559398,1,0.00026226068712300026
"C3828T",0.007348242811501597,23,0.0005041979963610058
"A3829G",0.0028763183125599234,9,0.0025802752293577983
"G3838T",0.0003224766204450177,1,0.00021654395842355997
"G3839A",0.0003223726627981947,1,0.00026096033402922753
"A3846G",0.0006449532408900354,2,0.000580046403712297
"A3855T",0.0009649404953361209,3,0.0008907363420427554
"G3871T",0.009312780989081566,29,0.0011648457583547558
"A3872G",0.0003211303789338471,1,0.00022686025408348456
"T3873C",0.0003211303789338471,1,0.00021668472372697725
"G3875A",0.0044943820224719105,14,0.0013572467280659234
"T3882C",0.0003170577045022194,1,0.00010183299389002037
"A3887G",0.0003181673560292714,1,0.0003006614552014432
"G3890A",0.00031826861871419476,1,0.00022401433691756272
"C3903T",0.0003180661577608143,1,0.00010032102728731942
"A3908G",0.001273074474856779,4,0.0010065425264217413
"T3909C",0.009235668789808917,29,0.005718793137448235
"A3915G",0.00031959092361776926,1,0.00029197080291970805
"A3921C",0.00031938677738741617,1,0.0003027550711474417
"T3926C",0.0012779552715654952,4,0.0010378827192527244
"A3943G",0.0012767315671879987,4,0.0011405759908753922
"A3959G",0.0009572431397574984,3,0.0007124198527665638
"C3987T",0.0003178639542275906,1,0.00010801468999783971
"A3988G",0.002544529262086514,8,0.0022371364653243847
"A3996C",0.004461440407903123,14,0.0039018952062430325
"A4001T",0.0003169572107765452,1,0.00030845157310302283
"C4002G",0.0003168567807351077,1,0.0003077870113881194
"T4007G",0.0003176620076238882,1,0.00030807147258163895
"C4012T",0.0006351222610352493,2,0.00014599605810643111
"A4015G",0.0006347191367819739,2,0.0004982561036372695
"A4015T",0.010155506188511583,32,0.009656004828002414
"G4016A",0.00031735956839098697,1,0.0002631578947368421
"G4016C",0.010155506188511583,32,0.009688162276718135
"C4039T",0.00031152647975077883,1,0.00018294914013904133
"A4040G",0.00031152647975077883,1,0.00024648755237860487
"T4041C",0.00031152647975077883,1,0.00029239766081871346
"T4051C",0.0003114294612270321,1,0.00021824530772588389
"T4057C",0.02118380062305296,68,0.009690751033205073
"C4071T",0.0003118178983473651,1,0.00020408163265306123
"A4085G",0.0009351620947630922,3,0.0008476970895733258
"C4090T",0.0018679950186799503,6,0.0010793308148947653
"T4092C",0.00031133250311332503,1,0.00016225864027259452
"C4093T",0.0006228589224540642,2,0.00032362459546925567
"G4133A",0.00031036623215394165,1,0.0002770850651149903
"G4148T",0.00031133250311332503,1,0.00013962580284836637
"G4162A",0.00031152647975077883,1,0.00025119316754584274
"G4162T",0.00031152647975077883,1,0.00012097749818533752
"T4171C",0.00031201248049921997,1,0.0002153316106804479
"G4184A",1,3204,0.0010011198544189256
"C4206T",0.00031201248049921997,1,0.00008068420203324189
"G4207T",0.0003112356053532524,1,0.00011719207781553967
"G4218A",0.00031113876789047915,1,0.0002651113467656416
"A4222G",0.0018679950186799503,6,0.0017472335468841002
"C4234T",0.0003112356053532524,1,0.000043576782290395675
"A4235T",0.0003112356053532524,1,0.0002949852507374631
"T4237C",0.0003112356053532524,1,0.000011134865490824871
"G4255A",0.0006325110689437065,2,0.00006215040397762585
"A4260G",0.00031625553447185326,1,0.00030845157310302283
"G4261A",0.00031625553447185326,1,0.0002113718030014796
"T4270C",0.0019035532994923859,6,0.0013236267372600927
"C4276T",0.006295247088448221,20,0.0008546278095889241
"G4280A",0.00031466331025802394,1,0.00022456770716370987
"C4296T",0.00031466331025802394,1,0.00013175230566534913
"G4300T",0.0015738117721120553,5,0.0002813256062566815
"G4311T",0.00031240237425804435,1,0.00030478512648582747
"T4312C",0.00031240237425804435,1,0.00030303030303030303
"G4319A",0.00031240237425804435,1,0.00021939447125932427
"C4320T",0.00125,4,0.0002020508157801687
"C4321T",0.9940476190476191,3173,0.0009977943493330534
"C4331T",0.008122461730709154,26,0.001186618593400575
"T4341G",0.00031220730565095225,1,0.0003094059405940594
"C4345T",0.0006244146113019045,2,0.00034910106475824753
"G4354A",0.0006244146113019045,2,0.00043649061545176777
"T4369C",0.0009366219169528567,3,0.0007911392405063291
"T4387C",0.0003136762860727729,1,0.00028050490883590464
"G4390A",0.0003154574132492114,1,0.00026673779674579886
"C4391A",0.0003154574132492114,1,0.0002306805074971165
"A4396C",0.0003154574132492114,1,0.0002603488674824265
"A4396G",0.0003154574132492114,1,0.00027442371020856203
"G4403A",0.0012702445220704986,4,0.000946969696969697
"A4405C",0.00031746031746031746,1,0.0003071253071253071
"A4420G",0.0006371455877668047,2,0.0004912797838368951
"C4423T",0.0022314313037934334,7,0.0005579912315663611
"C4438T",0.02261866836572157,71,0.008927448761473658
"G4442T",0.00031867431485022306,1,0.0002632964718272775
"G4444T",0.009560229445506692,30,0.00393752460952881
"C4455T",0.0012746972594008922,4,0.00019871826717671022
"C4456T",0.007331845712464138,23,0.0007480647889156313
"C4475T",0.0009578544061302681,3,0.0003562099263832819
"G4486T",0.0003189792663476874,1,0.00024685262898049864
"T4492C",0.0003191828917969997,1,0.00024813895781637717
"A4495G",0.0003194888178913738,1,0.00029027576197387516
"A4496T",0.00031887755102040814,1,0.0003036744609778318
"C4499G",0.0003190810465858328,1,0.0003077870113881194
"A4500C",0.0003189792663476874,1,0.00030873726458783575
"G4502A",0.0003190810465858328,1,0.0002828054298642534
"A4503T",0.00032,1,0.00028208744710860365
"G4504A",0.00032,1,0.00019944156362185878
"G4505C",0.0003205128205128205,1,0.0003079765937788728
"T4507C",0.0006408202499198974,2,0.000585308750365818
"T4519C",0.00032071840923669016,1,0.0002774694783573807
"C4524T",0.0003208213025344883,1,0.00019496977968414895
"C4534T",0.0012836970474967907,4,0.0005450333832947268
"C4540T",0.0035222542427153377,11,0.0005143551856354625
"A4547G",0.002242152466367713,7,0.0014855687606112054
"A4558G",0.0006406149903907751,2,0.000546000546000546
"C4560T",0.0009612303748798462,3,0.0005609573672400897
"C4573T",0.0015964240102171138,5,0.0005018065034122842
"C4575T",0.00031928480204342275,1,0.0001806684733514002
"A4576T",0.0009578544061302681,3,0.0002623524267599475
"T4579A",0.0025550942190993293,8,0.0002559181062060141
"T4579C",0.0009581603321622484,3,0.0008036431824270024
"C4582T",0.003514376996805112,11,0.00043471387922858044
"A4584G",0.0003194888178913738,1,0.000280662363177098
"C4586T",0.0012779552715654952,4,0.000053053916042177864
"T4602G",0.00031928480204342275,1,0.00030921459492888067
"T4630C",0.0006367398917542184,2,0.0004143360265175057
"A4664C",0.00031220730565095225,1,0.0003009328919650918
"A4666G",0.0003123048094940662,1,0.0002275830678197542
"G4682A",0.0003123048094940662,1,0.00025113008538422905
"C4683T",0.0003123048094940662,1,0.00004716091303527636
"T4684C",0.0003123048094940662,1,0.00019920318725099602
"C4686T",0.0009369144284821987,3,0.00034048348655090226
"T4690C",0.0003118178983473651,1,0.00010150223304912708
"C4719T",0.00031210986267166043,1,0.00023386342376052386
"T4744C",0.0012461059190031153,4,0.0010723860589812334
"C4746T",0.00031152647975077883,1,0.0002944640753828033
"C4752T",0.00031152647975077883,1,0.00007459903021260723
"C4754T",0.0009348706762231225,3,0.00030102347983142685
"C4755T",0.01683291770573566,54,0.006051776308416452
"A4759G",0.0006203473945409429,2,0.00048579062424095217
"T4770C",0.0012414649286157666,4,0.0011968880909634949
"A4774G",0.000930809804529941,3,0.0008957897879964168
"T4779C",0.0006207324643078833,2,0.00042283298097251583
"C4780T",0.0006207324643078833,2,0.00029886431560071725
"C4782T",0.0006207324643078833,2,0.000362844702467344
"C4794T",0.00031036623215394165,1,0.00010073536818777072
"C4795T",0.0003104625892579944,1,0.000051988562516246424
"G4802A",0.0018627755355479665,6,0.0016029922522041143
"C4810T",0.00031055900621118014,1,0.00020990764063811922
"T4813C",0.0012422360248447205,4,0.0010147133434804667
"T4814G",0.0012422360248447205,4,0.0012228676245796392
"T4816C",0.0009316770186335404,3,0.0004575960951799878
"T4825A",0.0006209251785159888,2,0.0006138735420503376
"C4827T",0.0003104625892579944,1,0.0001574555188159345
"A4838G",0.0012418503570319776,4,0.0007674597083653108
"A4843G",0.0003104625892579944,1,0.0002810567734682406
"G4859A",0.0003104625892579944,1,0.0002729257641921397
"A4864G",0.0003104625892579944,1,0.00027412280701754384
"C4876T",0.0003104625892579944,1,0.00019758940920766647
"A4880G",0.00031065548306927616,1,0.00029515938606847696
"T4882C",0.0003104625892579944,1,0.00024455857177794083
"T4885C",0.0006209251785159888,2,0.0003367570298029971
"T4888C",0.0009313877677739833,3,0.0006220194899440182
"C4893T",0.0003104625892579944,1,0.000030193236714975845
"A4894C",0.0003104625892579944,1,0.00030665440049064706
"C4898T",0.0027950310559006213,9,0.0014992503748125937
"C4900T",0.001552312946289972,5,0.00025272947836635666
"C4901T",0.0003104625892579944,1,0.0001644195988161789
"G4904T",0.0003104625892579944,1,0.00014007564084605686
"T4906C",0.003104625892579944,10,0.00033526670466355984
"G4910C",0.0006209251785159888,2,0.0006134969325153375
"C4927T",0.005276225946617008,17,0.0009061833688699361
"C4931T",0.00031036623215394165,1,0.00022055580061755624
"G4936A",0.00031036623215394165,1,0.00025608194622279127
"C4940A",0.0015518311607697084,5,0.0013706140350877192
"G4955A",0.0006207324643078833,2,0.0005387931034482759
"G4962A",0.0006207324643078833,2,0.0005550929780738274
"C4965A",0.00031036623215394165,1,0.00030102347983142685
"C4965T",0.0006207324643078833,2,0.00018011527377521613
"G4975A",0.00031026993484331366,1,0.0000665335994677312
"C4980T",0.00031026993484331366,1,0.00019033117624666921
"C4993T",0.000930809804529941,3,0.00038905459732849174
"T4995C",0.0003104625892579944,1,0.00027005130974885227
"C4999T",0.0012476606363069245,4,0.00011004429282786321
"G5008A",0.00031152647975077883,1,0.00021272069772388852
"A5010T",0.00031152647975077883,1,0.0002852253280091272
"T5014C",0.00031152647975077883,1,0.00022675736961451248
"G5017A",0.0009342883836810962,3,0.0005390835579514825
"A5021C",0.023995014023060143,77,0.023540201773158055
"C5025T",0.00031133250311332503,1,0.0000702247191011236
"C5031T",0.00031133250311332503,1,0.00010371292263015972
"T5035C",0.0006224712107065049,2,0.0004405286343612335
"G5036A",0.0003112356053532524,1,0.00025188916876574307
"G5048A",0.0003112356053532524,1,0.00026932399676811203
"C5051T",0.0009339975093399751,3,0.000502008032128514
"C5055T",0.0006226650062266501,2,0.0001459321415541773
"G5062A",0.00031133250311332503,1,0.0001552072016141549
"A5064C",0.00031104199066874026,1,0.0003061849357011635
"T5074C",0.0006216972334473111,2,0.0005320563979781857
"T5077C",0.0006216972334473111,2,0.0003401939105290015
"A5078T",0.00031084861672365556,1,0.0002797202797202797
"C5079T",0.00031084861672365556,1,0.00015337423312883436
"A5084G",0.00031084861672365556,1,0.00028145229383619476
"T5092A",0.010299625468164793,33,0.010138248847926268
"T5095C",0.00031210986267166043,1,0.0002352387673488591
"T5104C",0.00031201248049921997,1,0.0002589331952356292
"G5105A",0.00031201248049921997,1,0.0002909514111143439
"A5112G",0.0003123048094940662,1,0.0002738975623116954
"A5116G",0.000625,2,0.0005443658138268917
"A5121T",0.0012523481527864746,4,0.001201923076923077
"T5137C",0.0012519561815336462,4,0.0009208103130755065
"G5138T",0.00031298904538341156,1,0.0002536783358701167
"C5144T",0.001564945226917058,5,0.00019259658718847502
"G5155A",0.0006259780907668231,2,0.000482392667631452
"G5156T",0.00031308703819661864,1,0.0002880184331797235
"G5164A",0.002190237797246558,7,0.0017331022530329288
"C5167T",0.00031279324366593683,1,0.000184945441094877
"C5173T",0.00031289111389236547,1,0.00010458063166701528
"A5176G",0.0009383797309978105,3,0.0008246289169873557
"T5182C",0.0009383797309978105,3,0.0004576659038901602
"C5183T",0.0006257822277847309,2,0.000023773863015001308
"C5184T",0.00031289111389236547,1,0.000004562085420487413
"C5192T",0.003753518923991242,12,0.000663680106188817
"C5203T",0.00031269543464665416,1,0.00011845534233593936
"T5205C",0.0009380863039399625,3,0.0008625646923519264
"G5210T",0.00031259768677711783,1,0.0002757859900717044
"C5219T",0.00031269543464665416,1,0.0002820078962210942
"C5221T",0.00031269543464665416,1,0.00008341675008341675
"G5230T",0.00031269543464665416,1,0.00004495796430337634
"C5239T",0.0009383797309978105,3,0.00006031241832693351
"T5255C",0.00031298904538341156,1,0.00027831895352073476
"G5273A",0.0006238303181534623,2,0.0004714757190004715
"T5278C",0.00031191515907673113,1,0.00016730801405387318
"A5280G",0.00031191515907673113,1,0.0003006614552014432
"C5281T",0.00031191515907673113,1,0.00010294420424130121
"C5284T",0.0037418147801683817,12,0.00015914064054107818
"T5293C",0.0003114294612270321,1,0.0002608242044861763
"C5296T",0.004361370716510903,14,0.002872973527601067
"C5301T",0.0003116235587410408,1,0.00008905512512245079
"G5305A",0.0009372071227741331,3,0.0004260153365521159
"G5305T",0.00031240237425804435,1,0.00021786492374727668
"C5310T",0.00031240237425804435,1,0.00006393453104021481
"C5312T",0.00031240237425804435,1,0.00021920210434020167
"C5314T",0.00031240237425804435,1,0.00013533631073216944
"G5326T",0.0003125,1,0.00021164021164021165
"A5337G",0.00031289111389236547,1,0.0002637826431020839
"T5338G",0.00031298904538341156,1,0.0002955956251847473
"C5339T",0.00031298904538341156,1,0.00008246742536698004
"G5345T",0.00031289111389236547,1,0.0002901073397156948
"T5356C",0.000314070351758794,1,0.00023073373327180433
"C5365T",0.0009395552771688068,3,0.00015609553046464435
"A5366G",0.0006267627702914447,2,0.0005538631957906397
"A5371C",0.00031201248049921997,1,0.00030731407498463427
"G5374A",0.00031201248049921997,1,0.00021565667457407807
"G5378A",0.0018726591760299626,6,0.0015580368735393405
"C5388T",0.001560549313358302,5,0.001339046598821639
"C5392T",0.00031210986267166043,1,0.000039038101186758274
"C5407T",0.00031210986267166043,1,0.0001861850679575498
"A5426G",0.00031240237425804435,1,0.0002962962962962963
"G5441T",0.00031220730565095225,1,0.0002803476310625175
"C5467T",0.00031210986267166043,1,0.00010907504363001745
"T5479C",0.00031201248049921997,1,0.00026089225150013044
"T5486C",0.00187207488299532,6,0.0018209408194233688
"C5497T",0.0006240249609984399,2,0.00008032451102453914
"C5506T",0.00031201248049921997,1,0.00022271714922048998
"C5512T",0.0006242197253433209,2,0.00003588988981803826
"G5515A",0.00031201248049921997,1,0.0002576655501159495
"C5526T",0.00031201248049921997,1,0.00006922810661128418
"T5530C",0.00031201248049921997,1,0.0002830455703368242
"A5536G",0.00031201248049921997,1,0.00023651844843897824
"G5542A",0.00031201248049921997,1,0.00026504108136761196
"C5549T",0.00031201248049921997,1,0.00020112630732099757
"G5554T",0.00031201248049921997,1,0.0001551590380139643
"A5560G",0.00093603744149766,3,0.000723589001447178
"T5571C",0.0006238303181534623,2,0.0005630630630630631
"A5576G",0.0015595757953836558,5,0.001385809312638581
"T5577C",0.00031191515907673113,1,0.00021579628830384117
"G5578A",0.002183406113537118,7,0.0018200728029121164
"T5587C",0.00031104199066874026,1,0.00029806259314456036
"A5595G",0.0009331259720062209,3,0.0008138903960933261
"G5612A",0.00031104199066874026,1,0.0002501876407305479
"T5619C",0.0006222775357809583,2,0.00030395136778115504
"C5621T",0.007778469197261979,25,0.0030648522741203873
"C5622T",0.00031113876789047915,1,0.000049147294441441
"C5628T",0.004044803982576229,13,0.000948420515065295
"T5635C",0.0009334163036714375,3,0.0008931229532598987
"G5642T",0.001866832607342875,6,0.0018315018315018315
"A5647G",0.00031113876789047915,1,0.00029726516052318666
"C5654T",0.0006222775357809583,2,0.00016492125010307578
"G5665A",0.0012449424214130097,4,0.0009272137227630969
"A5671T",0.00031104199066874026,1,0.0003057169061449098
"C5672T",0.0009331259720062209,3,0.00013727464079802323
"C5673A",0.00031104199066874026,1,0.00028042624789680314
"C5673T",0.0009331259720062209,3,0.0005885815185403178
"T5677C",0.00933125972006221,30,0.00889152341434499
"A5681G",0.0006224712107065049,2,0.0005386479935362241
"G5690A",0.00031113876789047915,1,0.00015686274509803922
"C5693T",0.00031113876789047915,1,0.00018601190476190475
"G5699A",0.0003109452736318408,1,0.00023568230025925054
"T5701C",0.0003109452736318408,1,0.0002057189878625797
"G5704A",0.0003109452736318408,1,0.0002105263157894737
"C5717T",0.00031210986267166043,1,0.0001850481125092524
"A5718C",0.0009363295880149813,3,0.0009185548071034905
"G5720A",0.0003125,1,0.000009105312039043577
"A5725G",0.00031240237425804435,1,0.00026917900403768504
"C5730T",0.0184375,59,0.001121374539096058
"T5731A",0.0003125,1,0.0002585983966899405
"G5743A",0.0009439899307740718,3,0.0008603383997705764
"C5746T",0.0009430996541967935,3,0.000277623542476402
"C5770T",0.00031466331025802394,1,0.00016733601070950468
"C5787T",0.00031446540880503143,1,0.00022639800769753225
"C5812T",0.002830188679245283,9,0.00022495500899820037
"T5820C",0.00031446540880503143,1,0.00028620492272467084
"T5824C",0.008807801195344448,28,0.007106598984771574
"C5826T",0.0018879798615481435,6,0.00034552260293694214
"A5827G",0.0006291286568103177,2,0.0006000600060006001
"C5849T",0.00031466331025802394,1,0.00009954210631096954
"T5851C",0.00031486146095717883,1,0.00029568302779420464
"T5865G",0.0069269521410579345,22,0.006762988011066708
"C5866T",0.0009442870632672333,3,0.000590434953749262
"C5869T",0.0009448818897637795,3,0.00007935038484936652
"C5884T",0.00031466331025802394,1,0.00004965489845573266
"C5886T",0.0006293266205160479,2,0.00021965952773201537
"A5890G",0.0003147623544224111,1,0.0002905287623474724
"C5907T",0.0003118178983473651,1,0.00007590708972218005
"T5923C",0.0003123048094940662,1,0.0002975304968759298
"C5944T",0.0003118178983473651,1,0.000018314347459800008
"G5950T",0.0006240249609984399,2,0.00028649190660363845
"G5953T",0.0006242197253433209,2,0.0004795013186286262
"A5957G",0.0006242197253433209,2,0.0005625879043600563
"C5979T",0.0034299968818210166,11,0.0016681831968456172
"C5986T",0.024336973478939157,78,0.00011281311061904025
"A5991C",0.0006347191367819739,2,0.00015177961599757153
"G6008A",0.000952683391552874,3,0.0006584723441615452
"C6011-",0.00031756113051762465,1,0.0002767783005812344
"A6024G",0.00031338138514572234,1,0.00024807740014884643
"T6025C",0.00031338138514572234,1,0.00017908309455587392
"C6026T",0.00407395800689439,13,0.0006635361371988567
"A6029C",0.00031347962382445143,1,0.0003061849357011635
"A6030G",0.00031338138514572234,1,0.0002630194634402946
"C6031T",0.0012539184952978057,4,0.0002861230329041488
"C6033T",0.0009410288582183187,3,0.0004747586643456243
"G6036A",0.0003136762860727729,1,0.00026469031233456857
"C6040T",0.00031357792411414236,1,0.000004289765049568235
"A6065G",0.00031220730565095225,1,0.00029682398337785694
"T6067C",0.00031210986267166043,1,0.000168321831341525
"A6068G",0.00031220730565095225,1,0.00021204410517387616
"C6070A",0.00031220730565095225,1,0.0002848191398461977
"A6084G",0.00031220730565095225,1,0.00022967386311437759
"T6106C",0.00031220730565095225,1,0.0002824858757062147
"C6113T",0.00031210986267166043,1,0.00018611576400521124
"C6128T",0.00031210986267166043,1,0.00020751193193608634
"A6139G",0.003433208489388265,11,0.0024368630926007973
"C6145T",0.008119925046845722,26,0.002123489055864097
"T6148A",0.00031210986267166043,1,0.0002345765892563922
"G6149A",0.00031210986267166043,1,0.00025693730729701953
"T6175A",0.00031210986267166043,1,0.00030165912518853697
"C6185T",0.0009363295880149813,3,0.000612119975515201
"A6191G",0.0006242197253433209,2,0.0005782017924255566
"C6196T",0.002497658445207618,8,0.00022577822933423643
"A6207G",0.00031191515907673113,1,0.0002803476310625175
"A6208G",0.0006238303181534623,2,0.0005617977528089888
"A6211G",0.0003118178983473651,1,0.0002455795677799607
"C6213T",0.00031191515907673113,1,0.0002317497103128621
"A6233G",0.0006238303181534623,2,0.0005383580080753701
"G6245A",0.0003123048094940662,1,0.00024551927326295114
"A6248G",0.00032425421530479895,1,0.0002720348204570185
"A6252G",0.0006482982171799027,2,0.0005957700327673518
"T6262C",0.0012991230919129587,4,0.000859106529209622
"A6264G",0.00032509752925877764,1,0.0002929973630237328
"G6266A",0.0003254149040026033,1,0.00018001800180018
"T6274C",0.00228310502283105,7,0.0011890606420927466
"T6283C",0.0006521030322791001,2,0.00032846115946789294
"C6285T",0.00032615786040443573,1,0.00004292950974499871
"G6291T",0.0003257328990228013,1,0.0003057169061449098
"A6293G",0.0006512536633018561,2,0.00034376074252320387
"C6310T",0.0035679532922478106,11,0.0002938034188034188
"A6314-",0.0003243593902043464,1,0.00030048076923076925
"A6315-",0.0003244646333549643,1,0.0003009328919650918
"A6316-",0.0003244646333549643,1,0.00030120481927710846
"C6317-",0.0003243593902043464,1,0.0003006614552014432
"C6317T",0.0003243593902043464,1,0.00006620762711864407
"C6318-",0.0003243593902043464,1,0.0003007518796992481
"A6319-",0.0003244646333549643,1,0.00029994001199760045
"G6320-",0.0003244646333549643,1,0.0002463054187192118
"G6320A",0.0006489292667099286,2,0.000481000481000481
"T6321-",0.0003244646333549643,1,0.00024679170779861795
"T6322-",0.0003243593902043464,1,0.00024709661477637757
"A6324G",0.0003243593902043464,1,0.00029394473838918284
"T6329C",0.0019474196689386564,6,0.001340782122905028
"A6342C",0.0003246753246753247,1,0.0002785515320334262
"T6345C",0.0003248862897985705,1,0.000275027502750275
"C6347T",0.0055248618784530384,17,0.002257036643653744
"G6352T",0.00032499187520311994,1,0.0001172882946281961
"T6353C",0.002926829268292683,9,0.002127659574468085
"C6354T",0.000975609756097561,3,0.00021402582578297782
"C6361T",0.0006499837504062399,2,0.00024310198128114745
"C6363T",0.00032509752925877764,1,0.00015248551387618176
"T6379C",0.00032530904359141186,1,0.00019876764062810574
"C6388T",0.0006501950585175553,2,0.00026831231553528306
"G6389A",0.0003252032520325203,1,0.00024125452352231604
"C6401A",0.0003246753246753247,1,0.00029027576197387516
"C6401T",0.0003246753246753247,1,0.00006220839813374805
"C6402T",0.001299545159194282,4,0.0000014372214485180092
"A6403G",0.003247807729782397,10,0.0027800945232137894
"C6406T",0.0025982461838259174,8,0.0015851000594412521
"C6408T",0.0003247807729782397,1,0.00002138625719112898
"G6421T",0.0003248862897985705,1,0.00006134969325153375
"A6424G",0.00032499187520311994,1,0.00024594195769798326
"A6425C",0.0009749756256093598,3,0.0008269018743109151
"C6429T",0.00032509752925877764,1,0.0002399232245681382
"A6441G",0.0003252032520325203,1,0.00012239902080783354
"C6449T",0.005851755526657998,18,0.0011965698331449844
"A6459G",0.0003243593902043464,1,0.00019627085377821394
"C6468T",0.0012999675008124798,4,0.0006142506142506142
"C6472T",0.00032509752925877764,1,0.00017394329448599757
"G6473A",0.0032520325203252032,10,0.0020475020475020475
"C6501T",0.0006495615459564793,2,0.0003477656059815684
"C6504T",0.0003247807729782397,1,0.0001606941989394183
"G6513-",0.0003181673560292714,1,6.314036165536349e-7
"T6514-",0.00031826861871419476,1,6.314056099125629e-7
"T6515-",0.0003181673560292714,1,6.311433919918001e-7
"A6521G",0.00031826861871419476,1,0.00025451768897938407
"C6525T",0.026106335561922954,82,0.0046451028153854865
"T6535C",0.0003180661577608143,1,0.0002556237218813906
"C6541T",0.0015928639694170119,5,0.00011023413730764143
"C6543T",0.0012738853503184713,4,0.00030209198701004454
"C6555T",0.00032071840923669016,1,0.00014478065730418415
"A6567G",0.0006466214031684449,2,0.0005614823133071309
"C6568T",0.0022624434389140274,7,0.00042100198472364226
"T6571C",0.0003224766204450177,1,0.00026191723415400735
"C6573T",0.006129032258064516,19,0.0007152806535406392
"A6581G",0.0006459948320413437,2,0.0006073489219556636
"A6584C",0.0006453694740238787,2,0.0005526388505111909
"T6586A",0.0006453694740238787,2,0.00045662100456621003
"A6600C",0.001299545159194282,4,0.0012266176019625882
"A6601G",0.005844155844155844,18,0.004751847940865892
"C6606T",0.0035725885027606367,11,0.0009388068618246992
"A6610G",0.0006491398896462187,2,0.0005204267499349467
"G6617T",0.0003245699448231094,1,0.00023342670401493932
"C6627A",0.0003238341968911917,1,0.00026343519494204424
"C6628T",0.0006478781988986071,2,0.0001520565650421957
"G6632A",0.0006482982171799027,2,0.0005660911406736484
"C6633T",0.00453808752025932,14,0.0007878446820483962
"C6636T",0.0003244646333549643,1,0.000047078762770114404
"T6637A",0.0003243593902043464,1,0.00029481132075471697
"T6637C",0.0006487187804086928,2,0.0005031446540880503
"C6638T",0.0009727626459143969,3,0.000026891599960558987
"G6641A",0.00032414910858995135,1,0.0002805836139169473
"C6651T",0.0003232062055591467,1,0.00011239743733842868
"T6652C",0.00032310177705977385,1,0.00024857071836937607
"G6660A",0.0012907389480477573,4,0.001127713560755568
"T6661C",0.0003240440699935191,1,0.000024094063222821896
"G6662A",0.0006478781988986071,2,0.0003551136363636364
"C6665T",0.0003234152652005175,1,0.00021404109589041095
"C6681T",0.0012924071082390954,4,0.0005866823115283074
"T6685C",0.00032331070158422246,1,0.00028050490883590464
"C6695T",0.0003232062055591467,1,0.00017674089784376105
"C6696T",0.0006464124111182935,2,0.00029511583296443856
"T6699C",0.0003232062055591467,1,0.0002925687536571094
"C6701T",0.0003234152652005175,1,0.00006771397616468039
"C6706T",0.0016170763260025874,5,0.00020861148197596796
"C6720T",0.00032331070158422246,1,0.00008309098462816784
"C6726T",0.00420032310177706,13,0.0011136811445215454
"T6727C",0.0003237293622531564,1,0.0002813731007315701
"C6730T",0.003236245954692557,10,0.00031352876626430476
"C6738T",0.0003234152652005175,1,0.00020729684908789387
"A6739G",0.0003237293622531564,1,0.0002664535038635758
"C6740T",0.0003237293622531564,1,0.00013338668800853674
"A6749G",0.00032362459546925567,1,0.0002909514111143439
"G6753A",0.0003259452411994785,1,0.00026041666666666666
"G6755A",0.0003254149040026033,1,0.00028661507595299513
"G6759A",0.0003246753246753247,1,0.00027464982147761604
"T6778C",0.00031867431485022306,1,0.00021743857360295715
"C6781T",0.0006363347120585428,2,0.00011870845204178538
"T6800C",0.0015923566878980893,5,0.0013966480446927375
"G6802T",0.0031857279388340237,10,0.0025227043390514633
"C6813T",0.0009569377990430622,3,0.00033723021582733815
"G6819A",0.0012742911755336094,4,0.0010209290454313426
"G6839T",0.0003168567807351077,1,0.0003071253071253071
"C6840T",0.0015852885225110971,5,0.0005747126436781609
"G6850A",0.0003313452617627568,1,0.00022904260192395785
"C6855T",0.0006583278472679394,2,0.0003618599601954044
"T6856C",0.00032927230819888045,1,0.0002824858757062147
"G6860A",0.001,3,0.0008036431824270024
"G6865T",0.00033277870216306157,1,0.00008374507997655137
"T6871C",0.005610561056105611,17,0.004924681344148319
"G6872A",0.00032981530343007914,1,0.0002563445270443476
"C6883T",0.00099601593625498,3,0.0002526954177897574
"G6884A",0.00033189512114171923,1,0.00018188432157148054
"G6894T",0.00033189512114171923,1,0.00012616704516780217
"C6896T",0.00033178500331785003,1,0.00004326007959854646
"T6908C",0.0003202049311559398,1,0.000250501002004008
"T6913C",0.0009609224855861628,3,0.0008522727272727272
"C6926T",0.00128,4,0.0005576467307960407
"T6937C",0.00032,1,0.0002824060999717594
"A6944G",0.0003206155819172812,1,0.0002228163992869875
"A6967G",0.0003198976327575176,1,0.0001953506544246923
"T6972C",0.0028790786948176585,9,0.0024603608529250955
"C6982T",0.02976952624839949,93,0.007843467993590285
"C6983T",0.0003201024327784891,1,0.00018389113644722325
"G6986A",0.003202049311559398,10,0.002642706131078224
"T6988A",0.00032030749519538755,1,0.0003093102381688834
"C6990G",0.0003201024327784891,1,0.00028563267637817766
"C6990T",0.0019206145966709346,6,0.0003242366927857336
"C7002T",0.0003204101249599487,1,0.0001601024655779699
"C7006T",0.0006414368184733803,2,0.00017130620985010707
"G7010A",0.0003205128205128205,1,0.0002800336040324839
"C7011T",0.005128205128205128,16,0.0013887683360819373
"T7034C",0.00032,1,0.00029163021289005544
"C7039T",0.0003198976327575176,1,0.00014806040864672785
"G7042T",0.00064,2,0.000034399133141844826
"C7047T",0.0003198976327575176,1,0.000209819555182543
"C7063T",0.0003194888178913738,1,0.00015725743041358704
"A7066C",0.00031959092361776926,1,0.0003013863773357444
"G7070A",0.00031959092361776926,1,0.00028011204481792715
"C7072T",0.0003194888178913738,1,0.00020329335230737954
"T7096C",0.0006305170239596469,2,0.000563221627710504
"T7098C",0.000315059861373661,1,0.0001379690949227373
"T7099C",0.000945179584120983,3,0.0008782201405152225
"G7100A",0.000315059861373661,1,0.00021226915729144556
"C7104T",0.00031525851197982345,1,0.00017050298380221653
"T7106C",0.0006297229219143577,2,0.0004589261128958238
"A7107G",0.0006297229219143577,2,0.0006134969325153375
"C7113T",0.0012598425196850393,4,0.00003204948440391965
"C7119T",0.0012586532410320957,4,0.00028546959748786756
"C7124T",0.0006287331027978623,2,7.277252400583635e-7
"C7125T",0.0006289308176100629,2,0.0003966679888932963
"A7150G",0.00031436655139893113,1,0.00023998080153587713
"T7157C",0.0009436929852154766,3,0.0007884362680683311
"G7160A",0.000947268708556994,3,0.0007338551859099804
"C7162T",0.0006309148264984228,2,0.00014999250037498125
"C7164T",0.0003155569580309246,1,0.00007877737513786041
"C7165T",0.0003156565656565657,1,0.0000807297973682086
"T7171G",0.0022095959595959595,7,0.002069169376293231
"C7173T",0.0006313131313131314,2,0.0002449479485609308
"T7204C",0.0003198976327575176,1,0.0002800336040324839
"G7213T",0.0009584664536741214,3,0.0008210180623973727
"T7222A",0.006437077566784679,20,0.00563063063063063
"C7224T",0.0006451612903225806,2,0.0002410509822827528
"A7259G",0.0016108247422680412,5,0.0006450780544445878
"C7262T",0.00032289312237649337,1,0.00020588840848260242
"C7267T",0.0009702457956015524,3,0.00016570008285004143
"T7270C",0.0012944983818770227,4,0.001182033096926714
"C7296T",0.0016165535079211122,5,0.0009124087591240876
"A7301G",0.00032331070158422246,1,0.00022276676319893073
"C7318T",0.007428940568475452,23,0.002243027111371172
"T7348C",0.0006443298969072165,2,0.0005572582892170521
"T7351C",0.00032216494845360824,1,0.0002995805871779509
"A7374G",0.000321853878339234,1,0.00029036004645760743
"A7383G",0.0006441223832528181,2,0.0006047777441790142
"T7386C",0.0003219575016097875,1,0.00022237046920169
"T7397C",0.0003214400514304082,1,0.0002313208420078649
"C7417T",0.0003169572107765452,1,0.00015860428231562253
"C7420T",0.0006341154090044388,2,0.00005364519070865297
"G7459A",0.0006331117442228553,2,0.000555247084952804
"C7471T",0.00031665611146295124,1,0.0001271940981938438
"T7480C",0.006666666666666667,21,0.005568814638027049
"C7482T",0.001272264631043257,4,0.0006821282401091405
"T7484C",0.00031725888324873094,1,0.0001737619461337967
"C7508T",0.00031857279388340236,1,0.00030012004801920766
"C7521T",0.001951854261548471,6,0.0011229646266142617
"C7528A",0.0006548788474132286,2,0.0005829204313611193
"C7528T",0.0022920759659463,7,0.00009429133327945257
"T7562C",0.00032938076416337287,1,0.00029403116730373417
"C7564T",0.0023064250411861617,7,0.00033385796728191923
"T7582C",0.0003295978905735003,1,0.00023293733985557886
"C7594T",0.00032927230819888045,1,0.00016716817118020728
"C7600T",0.0006589785831960461,2,0.00011258725512272011
"T7605C",0.00032938076416337287,1,0.0002946375957572186
"T7624C",0.003605375286791216,11,0.002308499475341028
"T7633C",0.000984251968503937,3,0.0004399472063352398
"C7639T",0.0003287310979618672,1,0.00015010507355148604
"C7644T",0.00032862306933946765,1,0.00016196954972465177
"G7664A",0.00032776138970829236,1,0.00030873726458783575
"G7667C",0.00032776138970829236,1,0.00030892801977139327
"A7668T",0.0003281916639317361,1,0.0003093102381688834
"A7669G",0.0003278688524590164,1,0.0002846569883290635
"G7670C",0.000327653997378768,1,0.0003093102381688834
"G7675T",0.00032797638570022957,1,0.00008795848359574281
"G7684A",0.0006550933508024893,2,0.0005116398055768739
"C7703T",0.0016409583196586807,5,0.0010796804145972792
"A7708C",0.000657030223390276,2,0.0006188118811881188
"T7711C",0.0016425755584756898,5,0.0011566042100393246
"C7712T",0.001643115346697338,5,0.0005753739930955121
"C7713T",0.0003281916639317361,1,0.00023207240659085636
"T7726C",0.0003278688524590164,1,0.000278473962684489
"C7728T",0.0013123359580052493,4,0.00034311202607651396
"C7732T",0.0006559527714004591,2,0.00015626220798499883
"C7735T",0.002952755905511811,9,0.0003448011646617117
"A7742G",0.00032829940906106366,1,0.00026497085320614734
"A7750C",0.00032938076416337287,1,0.00030731407498463427
"G7760A",0.0006576783952647156,2,0.0004219409282700422
"C7764T",0.0003288391976323578,1,0.00004277708859135047
"C7765T",0.002302631578947368,7,0.0003473255929344051
"T7767C",0.0003287310979618672,1,0.00005804841237592152
"C7788T",0.00031887755102040814,1,0.00021413276231263382
"A7794T",0.0003197953309881676,1,0.0002860411899313501
"G7798A",0.0003123048094940662,1,0.00024770869457517957
"A7803G",0.00031220730565095225,1,0.00030646644192460924
"C7819G",0.00031201248049921997,1,0.00015344483658124905
"A7824G",0.00031210986267166043,1,0.00028677946659019213
"T7831C",0.00031210986267166043,1,0.0002781641168289291
"C7834T",0.00093603744149766,3,0.00015956598053295037
"C7840T",0.00031191515907673113,1,0.00011934598400763814
"C7844T",0.0006238303181534623,2,0.00030175015087507544
"A7854G",0.0006240249609984399,2,0.0005805515239477503
"A7857G",0.00031210986267166043,1,0.0001802776275464215
"C7860T",0.00031201248049921997,1,0.00016937669376693767
"C7869T",0.0006244146113019045,2,0.000037315521391122637
"A7877G",0.00031220730565095225,1,0.00023234200743494423
"T7879C",0.0009366219169528567,3,0.0009014423076923077
"A7906G",0.00031220730565095225,1,0.0003022974607013301
"A7906T",0.00031220730565095225,1,0.000275178866263071
"T7919C",0.0009357454772301934,3,0.0006753714542998649
"C7926T",0.0003123048094940662,1,0.000003832665810704636
"A7930G",0.0003123048094940662,1,0.000273224043715847
"G7936A",0.0003123048094940662,1,0.000206058108386565
"C7945T",0.0021854511395566654,7,0.0003936565065796873
"C7948T",0.00031210986267166043,1,0.00014609203798392987
"C7973T",0.0006236357966947302,2,0.0004374453193350831
"A7990G",0.002182725288431556,7,0.0017211703958691911
"T7995G",0.004987531172069825,16,0.003690888119953864
"C7998T",0.0003118178983473651,1,0.0002618486514794449
"T7999A",0.0003117206982543641,1,0.0002949852507374631
"T8004A",0.0003116235587410408,1,0.00030892801977139327
"G8009T",0.0009348706762231225,3,0.0009250693802035153
"T8014C",0.0003116235587410408,1,0.00027427317608337906
"C8016T",0.0012464942349641633,4,0.00029726516052318666
"G8017T",0.0003116235587410408,1,0.0000925154963456379
"A8019G",0.0012464942349641633,4,0.001139925904816187
"A8040G",0.00031026993484331366,1,0.0002370791844476055
"C8043T",0.0006209251785159888,2,0.0003645643456069996
"A8080G",0.0006216972334473111,2,0.0005398110661268556
"A8081G",0.0003109452736318408,1,0.0002745744096650192
"T8082C",0.0003109452736318408,1,0.00024993751562109475
"G8083A",0.0006218905472636816,2,0.00004658746797111577
"C8090T",0.00031084861672365556,1,0.00008203445447087777
"C8092T",0.009633312616532008,31,0.0018213866039952997
"G8105A",0.00031055900621118014,1,0.0002794076557697681
"A8107G",0.00031055900621118014,1,0.000278473962684489
"C8127T",0.0006207324643078833,2,0.00041228612657184083
"T8134C",0.0006207324643078833,2,0.0002298058140870964
"C8139T",0.0006211180124223603,2,0.00018934014957871817
"C8140T",0.0015527950310559005,5,0.00008424315945545222
"C8152T",0.0006216972334473111,2,0.00031323414252153485
"T8153C",0.00031084861672365556,1,0.00029886431560071725
"T8158C",0.00031084861672365556,1,0.00023551577955723034
"C8160A",0.0012437810945273632,4,0.0011631288165164292
"C8160T",0.0003109452736318408,1,0.000243842965130456
"T8161C",0.00031133250311332503,1,0.0002822466836014677
"A8170G",0.00031133250311332503,1,0.00018982536066818528
"C8172T",0.0012453300124533001,4,0.000931098696461825
"A8181G",0.0003114294612270321,1,0.0002570694087403599
"A8203T",0.00031133250311332503,1,0.0003058103975535168
"C8208A",0.0003112356053532524,1,0.0002808988764044944
"C8208T",0.012449424214130096,40,0.002302820955670697
"T8209C",0.0006224712107065049,2,0.0005557099194220616
"A8214C",0.0003112356053532524,1,0.00030395136778115504
"G8219T",0.0003112356053532524,1,0.00029214139643587495
"C8240T",0.0006224712107065049,2,0.00021114864864864866
"A8245G",0.0006224712107065049,2,0.0005707762557077625
"C8247T",0.0006224712107065049,2,0.00023929169657812874
"G8264A",0.0009337068160597573,3,0.0007853403141361257
"C8266T",0.0003112356053532524,1,0.00007409602845287492
"C8290T",0.0009331259720062209,3,0.00017513134851138354
"C8293T",0.008398133748055987,27,0.00009314070455768515
"T8305C",0.0009328358208955224,3,0.0007767995857068876
"C8318A",0.003727865796831314,12,0.0007842624665054572
"C8320T",0.00031065548306927616,1,0.000121153380179307
"T8323C",0.001863932898415657,6,0.0010318142734307824
"C8326T",0.005281143212177695,17,0.0005513036710338566
"T8335G",0.00031036623215394165,1,0.000299311583358276
"T8347C",0.000931098696461825,3,0.0008705745792222867
"A8348G",0.00031036623215394165,1,0.0002802690582959641
"G8349A",0.004965859714463066,16,0.0009963880931622867
"C8357T",0.0006207324643078833,2,0.0003856536829926726
"T8359C",0.0006207324643078833,2,0.0005090353779587681
"A8360G",0.00031036623215394165,1,0.00021199915200339198
"G8371A",0.00031152647975077883,1,0.0002627430373095113
"G8372T",0.00031152647975077883,1,0.00025106703489831785
"A8380G",0.0006230529595015577,2,0.0005092946269416857
"C8407T",0.0003118178983473651,1,0.00009660902328277462
"A8425G",0.0006226650062266501,2,0.000517464424320828
"A8443C",0.00031104199066874026,1,0.000297000297000297
"C8476T",0.0015595757953836558,5,0.0010566356720202875
"C8499T",0.00031210986267166043,1,0.00021654395842355997
"A8500T",0.00031210986267166043,1,0.000304228780042592
"C8502T",0.00031210986267166043,1,0.00019782393669634025
"A8531G",0.0006291286568103177,2,0.0005496015388843089
"A8535G",0.00031456432840515884,1,0.00029761904761904765
"A8537G",0.002201950298836112,7,0.0019273127753303965
"G8540A",0.00031456432840515884,1,0.00019241870309794111
"T8569C",0.0009448818897637795,3,0.0008628127696289905
"T8573C",0.001889763779527559,6,0.0017346053772766695
"C8597T",0.00031416902293433867,1,0.00014427932477276007
"G8612T",0.00031446540880503143,1,0.00017543859649122806
"C8619T",0.0009439899307740718,3,0.0003316749585406302
"T8630C",0.0012453300124533001,4,0.0012183978068839476
"C8639A",0.0003118178983473651,1,0.0002913752913752914
"C8645T",0.0015581177937052041,5,0.0007443799315170463
"G8653C",0.0006246096189881324,2,0.00036469730123997083
"C8655T",0.0009372071227741331,3,0.0001661221551580929
"C8660T",0.0012496094970321774,4,0.0003550505947097461
"T8665C",0.0012503907471084713,4,0.0011305822498586771
"A8681G",0.0006248047485160887,2,0.0004906771344455348
"C8683T",0.00031240237425804435,1,0.0000664451827242525
"T8701A",0.00031655587211142766,1,0.0002295684113865932
"C8715T",0.0003170577045022194,1,0.00026609898882384245
"A8738G",0.0006351222610352493,2,0.0005249343832020997
"C8756T",0.0015862944162436548,5,0.0008682062858135093
"C8772T",0.00031655587211142766,1,0.00008829242450997704
"A8773G",0.000949667616334283,3,0.0007882291119285339
"C8782T",0.0006353240152477764,2,0.00011263163822717802
"T8788C",0.0003181673560292714,1,0.0002638522427440633
"T8794C",0.0006363347120585428,2,0.0005911912503694946
"C8802T",0.0006385696040868455,2,0.0001537633581917429
"C8809T",0.00031938677738741617,1,0.00005453752181500873
"T8815C",0.0003191828917969997,1,0.000270929287455974
"C8819T",0.0003191828917969997,1,0.0002521432173474534
"T8835C",0.0006387735547748323,2,0.000023860653781913625
"C8836T",0.0019138755980861245,6,0.000911715544750038
"T8838C",0.005098789037603569,16,0.004028197381671702
"A8845T",0.0003189792663476874,1,0.00030358227079538557
"G8849A",0.0019138755980861245,6,0.0012317799219872716
"C8860T",0.0009572431397574984,3,0.0005166178749784743
"G8861A",0.002871729419272495,9,0.0013018949804715753
"T8869C",0.0003202049311559398,1,0.00024102193299590263
"G8872T",0.00032,1,0.00019751135690302193
"T8875C",0.0016,5,0.0013702384214853384
"A8884G",0.0003184713375796178,1,0.0002028809089064719
"C8895T",0.0006363347120585428,2,0.00021784119376974185
"G8903A",0.0022264631043256997,7,0.0019299696719051558
"A8904G",0.0003179650238473768,1,0.0002962085308056872
"C8905T",0.0003179650238473768,1,0.00016594756057085962
"T8914C",0.0009523809523809524,3,0.0006045949214026602
"C8917T",0.003490955252300857,11,0.0005657854130233515
"G8927T",0.0003171582619727244,1,0.0002390057361376673
"T8935C",0.0003170577045022194,1,0.0002564102564102564
"G8939T",0.0012686330478908975,4,0.0006749915626054674
"G8942A",0.0003169572107765452,1,0.0002440214738897023
"C8950T",0.0006257822277847309,2,0.0000852405915697055
"T8953C",0.0003125,1,0.00025647601949217746
"C8956T",0.0006251953735542357,2,0.00006154224875376947
"A8972G",0.00031259768677711783,1,0.0002242152466367713
"C8982T",0.00031298904538341156,1,0.00010151253679829459
"C8991T",0.00031377470975839345,1,0.000013567784652122001
"C8994T",0.0003136762860727729,1,0.00016666666666666666
"G8999T",0.00031377470975839345,1,0.00029717682020802375
"T9013C",0.0009407337723424271,3,0.0008586147681740126
"A9023G",0.00031338138514572234,1,0.000297000297000297
"T9031A",0.00031338138514572234,1,0.0003069367710251688
"T9037C",0.0018808777429467085,6,0.0012414649286157666
"C9051T",0.00031318509238960227,1,0.000177210703526493
"T9061C",0.0015610365282547611,5,0.0014265335235378032
"T9070C",0.00031220730565095225,1,0.00014543339150668993
"C9073T",0.0006240249609984399,2,0.00013771259381670453
"T9076C",0.00031210986267166043,1,0.00027285129604365623
"C9080T",0.00031201248049921997,1,0.0001858045336306206
"A9085G",0.0009363295880149813,3,0.00029016345874842826
"G9086A",0.00031210986267166043,1,0.00022163120567375886
"G9092T",0.0006244146113019045,2,0.0003863987635239567
"T9100C",0.0003125,1,0.0001926040061633282
"A9121G",0.0006269592476489029,2,0.000547645125958379
"G9136T",0.0006267627702914447,2,0.0005544774050457444
"T9139C",0.0006267627702914447,2,0.0003869969040247678
"C9142T",0.0012539184952978057,4,0.0003783221413033198
"T9148C",0.00031357792411414236,1,0.0002920560747663551
"T9157C",0.0006271558482282847,2,0.0004417936823503424
"A9162G",0.0006271558482282847,2,0.0003569516330537212
"C9163T",0.0009407337723424271,3,0.000528169014084507
"C9165T",0.0006269592476489029,2,0.00008245382585751979
"C9166T",0.0009404388714733542,3,0.00022923511882020327
"G9182A",0.00031338138514572234,1,0.00028328611898016995
"C9195T",0.0006261740763932373,2,0.00023272050267628578
"A9196G",0.004070131496556042,13,0.0036031042128603103
"C9214T",0.0009395552771688068,3,0.00043333814820164666
"G9220A",0.000940144155437167,3,0.00022154936858429953
"C9223T",0.0018808777429467085,6,0.00046289152908501776
"G9224A",0.0012539184952978057,4,0.0010290712631849757
"C9226T",0.0006269592476489029,2,0.0002421893921046258
"A9241G",0.0006273525721455458,2,0.0004136504653567735
"G9242A",0.0006271558482282847,2,0.0005277044854881266
"T9247C",0.00031446540880503143,1,0.00026308866087871614
"G9257A",0.00031446540880503143,1,0.0002042483660130719
"T9258C",0.0006289308176100629,2,0.0005908419497784342
"C9286T",0.02329241422725842,74,0.004284142881954496
"C9298T",0.0009448818897637795,3,0.0004853583562530335
"C9319T",0.0012686330478908975,4,0.0003174099349309633
"A9337G",0.00031456432840515884,1,0.00026116479498563595
"C9344T",0.9990557129367328,3174,0.0010024144481588452
"T9352C",0.00031456432840515884,1,0.00022207417277370642
"C9360T",0.0006289308176100629,2,0.0002801512816921137
"T9370C",0.0006295247088448222,2,0.0005141388174807198
"T9376C",0.00031466331025802394,1,0.0002745744096650192
"G9388A",0.00031525851197982345,1,0.00025258903763576663
"C9391T",0.0003154574132492114,1,0.00011137097672346586
"T9403C",0.00031776294884016526,1,0.00027085590465872155
"A9424G",0.9984076433121019,3135,0.00100516755517921
"A9424T",0.0006369426751592356,2,0.00035341933203746247
"C9430T",0.001589825119236884,5,0.00012888923259350913
"A9433G",0.0003178639542275906,1,0.00028368794326241134
"G9434A",0.0003179650238473768,1,0.00027151778441487917
"T9445C",0.0006355258976803305,2,0.0004174493842621582
"C9448A",0.0006357279084551812,2,0.000543773790103317
"G9462A",0.0003176620076238882,1,0.0002860411899313501
"T9478C",0.0003179650238473768,1,0.0003029385034837928
"T9481C",0.0009538950715421304,3,0.0008761682242990654
"C9491T",0.0006361323155216285,2,0.0001457938474996355
"C9502T",0.0009466708740927738,3,0.0005873140172278779
"T9508C",0.00031496062992125983,1,0.0001336719689881032
"C9534T",0.9981114258734656,3171,0.0010013879217647922
"T9535C",0.0003147623544224111,1,0.0002290950744558992
"C9539T",0.0003147623544224111,1,0.00030211480362537764
"T9544C",0.0012590494176896443,4,0.001122334455667789
"T9546A",0.00031466331025802394,1,0.00030303030303030303
"A9548G",0.0003147623544224111,1,0.00030478512648582747
"C9559T",0.0015728216420257944,5,0.00006072309056241727
"T9571C",0.00031377470975839345,1,0.00029507229271171436
"G9572A",0.00031387319522912746,1,0.0002800336040324839
"C9611T",0.0012449424214130097,4,0.0002582144470983152
"G9623A",0.0003112356053532524,1,0.0002703433360367667
"A9656T",0.00031655587211142766,1,0.0003094059405940594
"G9658A",0.00031655587211142766,1,0.0003028467595396729
"T9659C",0.00031655587211142766,1,0.0003076923076923077
"C9661T",0.003798670465337132,12,0.0013302294645826404
"C9665T",0.0006331117442228553,2,0.00033090668431502316
"G9671A",0.0006285355122564425,2,0.0005873715124816446
"T9684C",0.000630715862503942,2,0.0003959611958028113
"T9691C",0.0003156565656565657,1,0.00029481132075471697
"C9693T",0.004107424960505529,13,0.00015085056510942468
"T9697C",0.0006271558482282847,2,0.0004950495049504951
"A9701G",0.0006273525721455458,2,0.00045330915684496827
"C9712T",0.0069160641307764855,22,0.003138373751783167
"T9721C",0.00031446540880503143,1,0.0002035416242621616
"C9724T",0.004718464926077383,15,0.0012980269989615785
"C9733T",0.00031426775612822125,1,0.00018214936247723133
"C9746T",0.00031416902293433867,1,0.00018450184501845018
"G9773A",0.000942507068803016,3,0.0007520681875156681
"G9783T",0.0009386733416770963,3,0.0009143553794574825
"C9803T",0.0006257822277847309,2,0.0000886171296911693
"G9805T",0.00031289111389236547,1,0.00008981498113885396
"C9808T",0.0071964956195244055,23,0.004104943780117794
"C9811A",0.0006253908692933083,2,0.0005829204313611193
"A9830C",0.00031279324366593683,1,0.00030609121518212427
"A9840G",0.003129890453834116,10,0.0025119316754584277
"C9857T",0.0009395552771688068,3,0.00010468281108242027
"C9866T",0.9993722536095417,3184,0.0017827417829545473
"C9870T",0.0003136762860727729,1,0.00015202189115232594
"A9883G",0.00031357792411414236,1,0.0002751031636863824
"C9891T",0.0006275494195167869,2,0.000008814494554845988
"T9919C",0.00031426775612822125,1,0.00024021138601969732
"T9931C",0.003117206982543641,10,0.0016366612111292963
"A9935G",0.0003117206982543641,1,0.00019308746862328635
"C9943T",0.0003123048094940662,1,0.00007742934572202865
"C9967T",0.0012634238787113076,4,0.0001163399453202257
"A9972G",0.0003158559696778269,1,0.0002565418163160595
"C9979T",0.002204724409448819,7,0.0003013344812742144
"T9982C",0.00031486146095717883,1,0.0002070822116380203
"C9996T",0.000630119722747322,2,0.00018518518518518518
"G10007A",0.0006299212598425197,2,0.0005420054200542005
"A10027G",0.0009478672985781991,3,0.000846740050804403
"A10028G",0.0003161555485298767,1,0.0002538715410002539
"C10029T",0.9936828806064435,3146,0.0004084822521213226
"T10033C",0.008843967150979154,28,0.007194244604316547
"C10036T",0.0009478672985781991,3,0.0003078501795792714
"G10051A",0.0003158559696778269,1,0.0002542588354945334
"G10065A",0.00031436655139893113,1,0.00023496240601503758
"A10066G",0.00031446540880503143,1,0.0002690341673392521
"C10078T",0.0009430996541967935,3,0.00015863782983448787
"T10084C",0.0006289308176100629,2,0.00047192071731949034
"G10097A",0.00031426775612822125,1,0.00005828185103158876
"C10116A",0.00031387319522912746,1,0.0003045994517209869
"A10126G",0.00031387319522912746,1,0.00028169014084507044
"A10132T",0.00031387319522912746,1,0.0002775464890369137
"C10138T",0.000314070351758794,1,0.000036060726263026935
"T10153C",0.0018915510718789407,6,0.0012492192379762648
"G10154A",0.0003151591553734636,1,0.0002941176470588235
"C10156T",0.002206114087614245,7,0.0002787068004459309
"A10159C",0.0003151591553734636,1,0.0003068425897514575
"C10165T",0.000315357931251971,1,0.00016246953696181965
"A10171C",0.0003156565656565657,1,0.00030102347983142685
"C10183T",0.0003155569580309246,1,0.00013319126265316994
"C10191T",0.0003154574132492114,1,0.00017307026652821047
"T10192C",0.001892147587511826,6,0.0016451878256100905
"C10198T",1,3171,0.0010099494834160945
"C10228T",0.002204030226700252,7,0.00040280814823339853
"T10243C",0.00031436655139893113,1,0.00022665457842248413
"T10249C",0.0003125,1,0.00021579628830384117
"G10255A",0.00031259768677711783,1,0.0002581977794990963
"T10270C",0.00031298904538341156,1,0.000273224043715847
"C10277A",0.0009389671361502347,3,0.0005492493592090809
"C10277T",0.00031298904538341156,1,0.00007917029530520149
"C10279T",0.0006259780907668231,2,0.00006912522033663983
"G10282A",0.0028169014084507044,9,0.002277904328018223
"A10286G",0.0009389671361502347,3,0.0005636978579481398
"T10294C",0.0006261740763932373,2,0.0005911912503694946
"A10317G",0.0003125,1,0.00004710759374411155
"A10323G",0.005939356048765239,19,0.0001667207777963023
"T10330C",0.0015629884338855893,5,0.0008344459279038719
"C10335T",0.00031259768677711783,1,0.00015888147442008263
"C10336T",0.0012503907471084713,4,0.0005588933910856504
"C10340T",0.00031279324366593683,1,0.00011252391133115787
"T10363C",0.00031318509238960227,1,0.0002789400278940028
"C10369T",0.018779342723004695,60,0.0011979156268093517
"C10376T",0.00031075201988812925,1,0.000057587100489490355
"G10396C",0.00031017369727047146,1,0.00029507229271171436
"C10401T",0.0003098853424233034,1,0.00019190174630589137
"C10408T",0.0003098853424233034,1,0.00012961762799740766
"C10416T",0.0003098853424233034,1,0.00017546938059308652
"G10427A",0.0003098853424233034,1,0.0002581977794990963
"T10429C",0.0003098853424233034,1,0.00027442371020856203
"C10432T",0.007131782945736434,23,0.0037532637075718017
"G10447A",0.9990668740279938,3212,0.001001976814156697
"C10449A",0.9993779160186625,3213,0.0006659068737630827
"C10450T",0.0006203473945409429,2,0.00013074459044257043
"A10471G",0.0009305210918114144,3,0.0005624296962879641
"C10474T",0.00031017369727047146,1,0.00018691588785046728
"T10480C",0.00031017369727047146,1,0.0002094240837696335
"A10486G",0.00062015503875969,2,0.00046500813764240875
"T10495C",0.000310077519379845,1,0.00029886431560071725
"C10519T",0.000310077519379845,1,0.00015669069257286117
"T10522C",0.000310077519379845,1,0.0002751031636863824
"G10523C",0.0021705426356589145,7,0.0006156552330694811
"C10525T",0.0006203473945409429,2,0.00020308692120227456
"T10567G",0.005279503105590062,17,0.004669046965119473
"T10570C",0.0003104625892579944,1,0.0002587991718426501
"C10576T",0.0012418503570319776,4,0.0007377351530800443
"C10582T",0.0012418503570319776,4,0.0002576323586242432
"A10585G",0.0003104625892579944,1,0.00028793550244745177
"C10594T",0.00031084861672365556,1,0.0001307702366941284
"C10604T",0.0006238303181534623,2,0.000320666987333654
"A10630G",0.001880288310874334,6,0.001563721657544957
"G10631A",0.00219435736677116,7,0.0014767932489451476
"T10636C",0.002509410288582183,8,0.0020242914979757085
"G10638A",0.00031357792411414236,1,0.00027831895352073476
"C10641T",0.0003132832080200501,1,0.00009358038555118848
"G10642A",0.0003132832080200501,1,0.00018946570670708602
"G10642T",0.0003132832080200501,1,0.00006379992344009187
"G10643A",0.0003132832080200501,1,0.0002901915264074289
"C10645T",0.0009398496240601503,3,0.0003864485379363648
"C10647T",0.00031308703819661864,1,0.0002189621195533173
"T10660C",0.00031318509238960227,1,0.00026232948583420777
"T10667A",0.00031298904538341156,1,0.00030721966205837174
"G10678A",0.00031279324366593683,1,0.00027344818156959256
"T10684C",0.00031279324366593683,1,0.0002731494127287626
"C10702T",0.0015629884338855893,5,0.00024126616483304382
"C10712T",0.00031269543464665416,1,0.0000829393713195654
"T10717C",0.00031259768677711783,1,0.00023228803716608595
"C10725A",0.00031259768677711783,1,0.00029163021289005544
"C10726T",0.00031269543464665416,1,0.00018426386585590566
"C10741T",0.00031269543464665416,1,0.00005640157924421884
"C10747T",0.005315822388993121,17,0.0014186764583159475
"G10753A",0.0015644555694618273,5,0.001359064963305246
"C10755T",0.0009386733416770963,3,0.00038809831824062095
"C10765T",0.0015659254619480112,5,0.0008326394671107411
"T10768C",0.00031318509238960227,1,0.0002880184331797235
"T10771C",0.002192295646727216,7,0.0009085009733939001
"C10782T",0.0009386733416770963,3,0.0005990415335463259
"C10789T",0.0109717868338558,35,0.0022919258725689214
"C10802T",0.00031338138514572234,1,0.00016345210853220007
"C10815T",0.0018832391713747645,6,0.0012414649286157666
"C10834T",0.003761755485893417,12,0.0008080808080808081
"A10842C",0.0006238303181534623,2,0.0005906674542232723
"T10852A",0.0003118178983473651,1,0.00030807147258163895
"A10864G",0.0009357454772301934,3,0.000758150113722517
"G10870T",0.001244167962674961,4,0.00008955157051066783
"A10874G",0.00031104199066874026,1,0.0001816860465116279
"A10884G",0.0003112356053532524,1,0.0002572678157962439
"T10921C",0.00031426775612822125,1,0.0002380952380952381
"C10954T",0.000314070351758794,1,0.000051114291555919034
"C10969T",0.0009413241292751804,3,0.00015468701660307311
"C10977T",0.00031377470975839345,1,0.00001855941797665225
"T10980C",0.0012550988390335738,4,0.0011678832116788322
"G10981T",0.00031635558367605187,1,0.0002109259649862898
"C10989T",0.00031387319522912746,1,0.00025150905432595576
"G10997A",0.0006277463904582549,2,0.0004192872117400419
"T10999C",0.00031387319522912746,1,0.00023758612497030174
"C11003T",0.0037652965171007216,12,0.0010535557506584723
"C11005T",0.0006273525721455458,2,0.0004631773969430292
"C11008T",0.0003136762860727729,1,0.00014821402104639098
"T11012C",0.00031387319522912746,1,0.0003040437823046519
"C11020T",0.016619629978049544,53,0.0018019243191785945
"A11024C",0.00031298904538341156,1,0.0003053435114503817
"T11039C",0.00031298904538341156,1,0.00028661507595299513
"G11042T",0.00031308703819661864,1,0.0000035803795202291443
"G11053A",0.00031289111389236547,1,0.0002935995302407516
"G11055A",0.00031289111389236547,1,0.0003071253071253071
"C11074T",0.0012634238787113076,4,0.000198009999504975
"G11083T",0.04637223974763407,147,0.000900525612908759
"T11092C",0.0003132832080200501,1,0.0002663115845539281
"T11099-",0.0003136762860727729,1,0.0002967359050445104
"T11100-",0.0003136762860727729,1,0.0002966478789676654
"A11101-",0.0003136762860727729,1,0.0002965599051008304
"C11102-",0.0003136762860727729,1,0.0002960331557134399
"C11103-",0.00031377470975839345,1,0.0002959455460195324
"T11104-",0.00031377470975839345,1,0.0002963841138114997
"T11105-",0.00031377470975839345,1,0.00029507229271171436
"C11109T",0.0006271558482282847,2,0.00012826268197268004
"T11112C",0.0006273525721455458,2,0.00041562759767248546
"C11124T",0.00031387319522912746,1,0.00009459842966606754
"T11125C",0.00031377470975839345,1,0.0002774694783573807
"T11134C",0.0009410288582183187,3,0.0008705745792222867
"T11135C",0.0003136762860727729,1,0.00029437739181630853
"G11146A",0.00031357792411414236,1,0.0002677376171352075
"C11173T",0.0018744142455482662,6,0.000400026668444563
"A11188G",0.0009325458501709667,3,0.0007961783439490446
"C11195T",0.02394278606965174,77,0.006122773536895674
"T11197C",0.0009325458501709667,3,0.0008777062609713282
"C11199T",0.00031084861672365556,1,0.0001347164219318335
"C11200T",0.006838669567920423,22,0.0018973695558430358
"C11202T",0.0003109452736318408,1,0.0002538715410002539
"T11203C",0.0003109452736318408,1,0.00026881720430107527
"A11219G",0.0003109452736318408,1,0.0002942041776993233
"G11221T",0.0006218905472636816,2,0.00048484848484848484
"C11224A",0.0012437810945273632,4,0.0012224938875305623
"A11246G",0.00031133250311332503,1,0.00016220600162206002
"T11247C",0.00031133250311332503,1,0.0002911208151382824
"A11252G",0.0003112356053532524,1,0.0002275830678197542
"A11260G",0.003112356053532524,10,0.00282326369282891
"T11278C",0.00311332503113325,10,0.002184837229626393
"A11282-",0.0012453300124533001,4,0.0008777704630239193
"G11283-",0.0012453300124533001,4,0.0005578800557880056
"T11284-",0.0012726694241170856,4,0.0005575689991636465
"T11285-",0.023661270236612703,76,0.00004660498047803219
"T11286-",0.023661270236612703,76,0.000046649635457651336
"G11287-",0.023661270236612703,76,0.00004665184038441117
"T11288-",0.9980663873670641,3097,0.0005572326713593922
"T11288A",0.0003222687721559781,1,0.00019160758766047136
"C11289-",0.9993521218011014,3085,0.0005556777386131544
"T11290-",0.9993489583333334,3070,0.0005568984204583074
"G11291-",0.994157740993184,3063,0.0005561456546014108
"G11292-",0.9935107073329007,3062,0.0005573728117838296
"T11293-",0.9935001624959376,3057,0.0005567505872106905
"T11294-",0.9923435419440746,2981,0.0007654966201051614
"T11295-",0.9923358880373209,2978,0.0007657836154706805
"T11296-",0.9939879759519038,2976,0.0007657539202432298
"T11296G",0.006012024048096192,18,0.001219594823497527
"C11300T",0.0006226650062266501,2,0.0002886419396738346
"C11308T",0.0009337068160597573,3,0.0006179196704428424
"A11332G",0.003105590062111801,10,0.0000035385729218492016
"C11339T",0.0012422360248447205,4,0.0005245901639344263
"C11345T",0.00031055900621118014,1,0.00013622122326658494
"A11351G",0.0012426219322771047,4,0.0011309018942606728
"A11357C",0.0006213109661385523,2,0.0005644933672029354
"G11365C",0.00031075201988812925,1,0.0002994011976047904
"G11389T",0.0018645121193287756,6,0.0017069701280227596
"C11394T",0.00031055900621118014,1,0.00026845637583892615
"C11396T",0.0009313877677739833,3,0.00022213994816734541
"C11407A",0.00031055900621118014,1,0.00030376670716889426
"T11449C",0.0003109452736318408,1,0.00013051422605063953
"A11452C",0.0003109452736318408,1,0.0003068425897514575
"G11453A",0.0006218905472636816,2,0.000514668039114771
"C11455T",0.0003109452736318408,1,0.000047056609100748203
"T11457C",0.003109452736318408,10,0.0027159152634437804
"T11458A",0.0003109452736318408,1,0.00030609121518212427
"C11461T",0.0003109452736318408,1,0.00018946570670708602
"G11464A",0.001554726368159204,5,0.0006939625260235947
"C11471T",0.0009325458501709667,3,0.0003308701885960075
"T11475C",0.00031075201988812925,1,0.0002190100744634253
"C11479T",0.0074580484773151025,24,0.003872216844143272
"T11485C",0.0018650917003419335,6,0.0013824884792626728
"C11487T",0.00031075201988812925,1,0.00030349013657056146
"C11497T",0.0009316770186335404,3,0.00011606313834726091
"G11502C",0.00031065548306927616,1,0.0003081664098613251
"G11504-",0.00031055900621118014,1,0.0002918855808523059
"T11505-",0.00031055900621118014,1,0.00029231218941829873
"T11509C",0.0003104625892579944,1,0.00027586206896551725
"A11512G",0.00031084861672365556,1,0.0002910360884749709
"C11514T",0.0012535255405828893,4,0.000021943659653838768
"C11518T",0.00031756113051762465,1,0.00010407993338884263
"T11524C",0.0015878056525881232,5,0.00031454453950679415
"G11527A",0.0003180661577608143,1,0.0002300966405890474
"T11566C",0.0003206155819172812,1,0.0002945508100147275
"T11569C",0.0016030779095864058,5,0.0014269406392694063
"C11572T",0.008025682182985553,25,0.0006053268765133172
"T11574C",0.00032092426187419767,1,0.0002914602156805596
"C11575T",0.0006416426050689766,2,0.0000772499034376207
"T11577C",0.0003211303789338471,1,0.0002572678157962439
"T11587C",0.0003208213025344883,1,0.00017265193370165745
"C11591T",0.0003204101249599487,1,0.00017047391749062393
"T11599C",0.0006404098623118795,2,0.000591016548463357
"A11600G",0.0009603072983354673,3,0.0005847953216374269
"T11619G",0.004491498235482836,14,0.0038503850385038503
"C11620T",0.001603592046183451,5,0.00026605651040280956
"C11653T",0.0012832852101379532,4,0.00022230867559606515
"T11656C",0.0006416426050689766,2,0.0005762028233938346
"C11668T",0.0003215434083601286,1,0.00016857720836142953
"C11669T",0.0006428801028608164,2,0.00032663726931242854
"C11671T",0.000321646831778707,1,0.00018165304268846503
"C11674T",0.0003211303789338471,1,0.000005082902133802316
"G11693A",0.000321853878339234,1,0.0002789400278940028
"C11704T",0.0012894906511927789,4,0.00028121484814398203
"C11715T",0.000643707756678468,2,0.0006161429451632779
"A11736G",0.0003223726627981947,1,0.0002332089552238806
"G11744A",0.0006441223832528181,2,0.0005903187721369539
"C11747T",0.025459233000322268,79,0.002456696831172062
"C11750T",0.998708427510494,3093,0.009106084560284753
"C11758G",0.0009652509652509653,3,0.0009256402344955261
"C11758T",0.0016087516087516086,5,0.00029253451907325064
"G11774A",0.0009652509652509653,3,0.0008143322475570033
"C11775T",0.000321853878339234,1,0.00026652452025586353
"A11782G",0.003215434083601286,10,0.0004320027648176948
"T11798C",0.0003211303789338471,1,0.0002977963073257892
"T11821C",0.00031466331025802394,1,0.0002941176470588235
"C11824T",0.0009436929852154766,3,0.00013175809214282578
"C11833T",0.00031377470975839345,1,0.00013252054068380598
"A11862G",0.00031279324366593683,1,0.0002736726874657909
"T11891C",0.000628140703517588,2,0.0005805515239477503
"G11893A",0.0021984924623115578,7,0.0018158236057068742
"C11902T",0.000628140703517588,2,0.00028348688873139615
"C11913T",0.00031426775612822125,1,0.0003078817733990148
"A11917T",0.00031436655139893113,1,0.00030441400304414006
"G11930A",0.000628140703517588,2,0.0005616399887672002
"T11932C",0.0006285355122564425,2,0.0005291005291005291
"C11941T",0.0009436929852154766,3,0.00020593080724876442
"A11955G",0.0006265664160401002,2,0.0005750431282346176
"C11956T",0.9935629224332153,3087,0.03520837610346951
"C11962T",0.0009413241292751804,3,0.00022815423226100844
"A11975G",0.0006259780907668231,2,0.0006077180188392585
"A11991G",0.00031308703819661864,1,0.0001837897445322551
"G12019A",0.0018820577164366374,6,0.0013805798435342844
"C12025G",0.00031347962382445143,1,0.00030845157310302283
"C12025T",0.00438871473354232,14,0.000654940119760479
"A12026G",0.0003132832080200501,1,0.0002946375957572186
"T12027A",0.00031347962382445143,1,0.00030721966205837174
"G12028A",0.0006271558482282847,2,0.000552944429084877
"G12028C",0.00031357792411414236,1,0.000308546744831842
"G12028T",0.00031357792411414236,1,0.00026295030239284776
"C12029G",0.0003136762860727729,1,0.00030921459492888067
"A12030G",0.0003136762860727729,1,0.0001010611419909045
"G12031T",0.0003136762860727729,1,0.0002185792349726776
"G12033A",0.0003132832080200501,1,0.00030826140567200987
"G12038A",0.0003132832080200501,1,0.00014721036360959813
"C12043T",0.00031338138514572234,1,0.00012096286440062901
"C12049T",0.0031357792411414237,10,0.00018847299182027215
"C12053T",0.0012554927809165098,4,0.00023789699060306887
"T12055C",0.000314070351758794,1,0.000243842965130456
"C12068T",0.00031338138514572234,1,0.00005453752181500873
"G12071T",0.000940144155437167,3,0.0008488964346349745
"C12076T",0.004387339392040113,14,0.0007864726700747149
"G12079A",0.00031357792411414236,1,0.00023223409196470042
"G12080A",0.00031357792411414236,1,0.00024301336573511544
"C12081T",0.0021950454687989967,7,0.0013584319813700757
"C12084T",0.00031357792411414236,1,0.00013623978201634878
"A12095G",0.0006269592476489029,2,0.0005526388505111909
"C12100A",0.0006269592476489029,2,0.0005254860746190226
"C12100T",0.011598746081504702,37,0.0009454935731990902
"A12103G",0.00031347962382445143,1,0.00022016732716864817
"G12111A",0.0012535255405828893,4,0.0009935419771485345
"C12115T",0.0009407337723424271,3,0.00012358902529455384
"C12116G",0.0009407337723424271,3,0.00092109303039607
"C12119T",0.0012535255405828893,4,0.00031466331025802394
"T12127C",0.0031289111389236545,10,0.0025322866548493288
"T12145G",0.0003117206982543641,1,0.0002973535533749628
"A12187C",0.0003123048094940662,1,0.0002911208151382824
"G12188T",0.001248829222603809,4,0.000838750262109457
"G12191A",0.00031240237425804435,1,0.00021677866897897247
"G12191T",0.00031240237425804435,1,0.00012512512512512512
"G12211T",0.00031220730565095225,1,0.0003045066991473812
"T12232C",0.00031220730565095225,1,0.00027925160569673273
"C12241T",0.008117389946924758,26,0.004612382472946603
"G12265A",0.0009328358208955224,3,0.0008527572484366117
"T12283C",0.002488335925349922,8,0.0016992353440951572
"C12295T",0.0003109452736318408,1,0.00011893434823977165
"T12304C",0.00031084861672365556,1,0.0001967729240456513
"C12312T",0.00031084861672365556,1,0.00014725371815638345
"A12316G",0.00031075201988812925,1,0.00020955574182732607
"G12338T",0.00031084861672365556,1,0.00030902348578491963
"C12357T",0.0006216972334473111,2,0.00018733608092918696
"T12364C",0.00031084861672365556,1,0.0002800336040324839
"C12367T",0.0006220839813374805,2,0.0003694126339120798
"C12400T",0.003109452736318408,10,0.0005331058748267406
"A12410G",0.0018656716417910447,6,0.0006241547903880162
"C12412T",0.0003109452736318408,1,0.00015556938394523958
"C12415T",0.0009331259720062209,3,0.0005544261689151728
"A12424G",0.007776049766718507,25,0.006998880179171333
"C12439T",0.0052877138413685845,17,0.0005862068965517242
"A12446G",0.0012418503570319776,4,0.0010778765831312314
"C12455T",0.0006207324643078833,2,0.000517063081695967
"T12457A",0.00031036623215394165,1,0.0003068425897514575
"T12457C",0.00031036623215394165,1,0.00025246149962130775
"C12459T",0.0003104625892579944,1,0.00007358893222459342
"C12469T",0.0009313877677739833,3,0.0003780718336483932
"C12473T",0.011176653213287799,36,0.0011184987261542286
"T12481C",0.00031065548306927616,1,0.0002843332385555871
"C12484T",0.00031075201988812925,1,0.00007026419336706015
"A12485G",0.00031065548306927616,1,0.000273972602739726
"C12493T",0.0006211180124223603,2,0.00041511000415110004
"T12496C",0.002188183807439825,7,0.001246216841730461
"C12501T",0.00031075201988812925,1,0.00019105846388995032
"T12511C",0.0009334163036714375,3,0.0007577671129072998
"C12513T",0.0012445550715619166,4,0.00011376887852327996
"G12514A",0.00031113876789047915,1,0.00025031289111389235
"T12520C",0.0003112356053532524,1,0.00027878449958182325
"C12525T",0.0024898848428260194,8,0.0002173145356260017
"A12526T",0.0003116235587410408,1,0.0001893580761219466
"C12528T",0.00031113876789047915,1,0.00019964064683569574
"G12554A",0.00031113876789047915,1,0.00019353590090961874
"A12562G",0.00031113876789047915,1,0.0002772387025228722
"G12566T",0.00031113876789047915,1,0.00024746349913387774
"T12592G",0.0012445550715619166,4,0.0012172854534388314
"A12611G",0.0006222775357809583,2,0.0004948045522018803
"G12614A",0.00031113876789047915,1,0.00025220680958385876
"C12616T",0.0009337068160597573,3,0.00006611715960682329
"T12625C",0.0003114294612270321,1,0.0003046922608165753
"A12644G",0.0006230529595015577,2,0.0003551136363636364
"A12649G",0.00031152647975077883,1,0.0002845759817871372
"C12651T",0.0006232471174820816,2,0.00011865211200759374
"G12653T",0.0003117206982543641,1,0.000304228780042592
"C12664T",0.00031152647975077883,1,0.00019833399444664816
"T12667C",0.00031152647975077883,1,0.00020292207792207794
"T12680C",0.00031152647975077883,1,0.0002809778027535825
"G12721T",0.0006228589224540642,2,0.0005149330587023687
"T12730A",0.9959463673214842,3194,0.07338985776981227
"C12733T",0.00031152647975077883,1,0.00011361054305839582
"C12738T",0.0012461059190031153,4,0.0006796941376380628
"C12747T",0.023052959501557634,74,0.0034289421250173766
"T12748C",0.00031152647975077883,1,0.0002382654276864427
"T12752C",0.0003114294612270321,1,0.0003091190108191654
"C12754T",0.0012457178449081284,4,0.00037753657385559226
"C12756T",0.00031152647975077883,1,0.0000523532799329878
"G12758A",0.0006230529595015577,2,0.0005523336095001381
"T12766C",0.0006218905472636816,2,0.0005648121999435188
"C12778T",0.00031017369727047146,1,0.00002516419638138856
"C12781T",0.00031026993484331366,1,0.00004710759374411155
"C12784T",0.00031017369727047146,1,0.00004639725328260567
"C12786T",0.008995037220843672,29,0.0022482362973873945
"A12788G",0.0009305210918114144,3,0.0007880220646178094
"C12789T",0.00031026993484331366,1,0.000002285364298496002
"A12796G",0.00031055900621118014,1,0.0002824858757062147
"C12815T",0.004976671850699844,16,0.000056638170587090036
"A12820G",0.0015537600994406464,5,0.000698714365567356
"C12823T",0.0006215040397762585,2,0.00018665422305179653
"G12832A",0.0006215040397762585,2,0.00043591979075850045
"C12853T",0.00031065548306927616,1,0.00019372336303758234
"C12855T",0.0009316770186335404,3,0.0007285089849441476
"A12857-",0.00031036623215394165,1,0.0003077870113881194
"A12858-",0.00031036623215394165,1,0.00030731407498463427
"G12859-",0.00031036623215394165,1,0.00030721966205837174
"G12861T",0.00031036623215394165,1,0.00029895366218236175
"A12864G",0.0006207324643078833,2,0.0005802146794313896
"T12865C",0.0006209251785159888,2,0.00031560675398453525
"C12880T",0.9996894409937889,3219,0.0009976915790987488
"C12885T",0.00031055900621118014,1,0.00011809163911195088
"A12895G",0.00031065548306927616,1,0.0002827254735651682
"C12915T",0.00031065548306927616,1,0.00014455044810638914
"C12924A",0.0009316770186335404,3,0.0008708272859216256
"C12952T",0.00031055900621118014,1,0.00023089355806972986
"A12960G",0.00031055900621118014,1,0.00028968713789107763
"A12961T",0.00031065548306927616,1,0.00030731407498463427
"C12970T",0.0018627755355479665,6,0.00012087270090050162
"T12979C",0.0484472049689441,156,0.04180064308681672
"G12999A",0.0006209251785159888,2,0.0005567928730512249
"T13000C",0.0006209251785159888,2,0.0005546311702717693
"T13006C",0.0006209251785159888,2,0.0004438526409232135
"C13011T",0.0003104625892579944,1,0.00006314725940894166
"A13012G",0.00031036623215394165,1,0.00029533372711163615
"C13019T",0.0021725636250775914,7,0.00004414983191528278
"A13036G",0.001861619609059882,6,0.0016460905349794238
"C13038T",0.006205398696866274,20,0.004600874166091558
"G13045A",0.00031036623215394165,1,0.0002550369803621525
"G13049T",0.00031036623215394165,1,0.00030349013657056146
"C13050T",0.0006207324643078833,2,0.0005128205128205128
"C13051T",0.0031036623215394167,10,0.0017863522686673813
"A13066G",0.002793296089385475,9,0.0024644030668127055
"C13072T",0.01055572803477181,34,0.006144948490872944
"T13081C",0.00031055900621118014,1,0.0002857959416976279
"T13086C",0.0003104625892579944,1,0.00030731407498463427
"A13087G",0.0009313877677739833,3,0.0008207934336525308
"T13090A",0.00031036623215394165,1,0.00030543677458766036
"G13094A",0.0003104625892579944,1,0.0002944640753828033
"C13095T",0.0006209251785159888,2,0.0005089058524173028
"C13105T",0.003101736972704715,10,0.0010440593025683859
"C13115A",0.004345127250155183,14,0.004197901049475262
"C13115T",0.0012414649286157666,4,0.00026084121291164
"G13124-",0.00031357792411414236,1,0.00029036004645760743
"G13124A",0.00031357792411414236,1,0.00025451768897938407
"C13168T",0.00031525851197982345,1,0.000036362314097669174
"A13169T",0.00031525851197982345,1,0.00030845157310302283
"T13171A",0.002520478890989288,8,0.0023114706732158337
"C13176T",0.0006299212598425197,2,0.00019359210144226117
"A13190G",0.00031496062992125983,1,0.0002679528403001072
"C13207T",0.00031525851197982345,1,0.00016157699143641945
"A13222G",0.0003155569580309246,1,0.00022070183182520416
"C13247T",0.00031575623618566466,1,0.00019413706076490002
"G13249A",0.0003155569580309246,1,0.00021753317380900588
"G13249T",0.0003155569580309246,1,0.00019880715705765408
"C13252T",0.0041022404544020195,13,0.0023381294964028776
"C13255T",0.001893939393939394,6,0.0007127583749109052
"C13264T",0.0006315124723713293,2,0.00020122748767481639
"C13274T",0.000315955766192733,1,0.00015735641227380016
"T13279C",0.00031575623618566466,1,0.00023940627244433804
"T13289C",0.001894537417113988,6,0.0016853932584269663
"G13304A",0.00031575623618566466,1,0.0002936857562408223
"A13308G",0.00031575623618566466,1,0.00016254876462938882
"A13319G",0.0012630249447426586,4,0.0011487650775416428
"T13324C",0.00031575623618566466,1,0.0002463054187192118
"T13331A",0.0003156565656565657,1,0.00030525030525030525
"C13335T",0.0025252525252525255,8,0.0006327111673521037
"G13348T",0.0015792798483891346,5,0.00067330999192028
"C13356T",0.0006317119393556538,2,0.00020508613617719443
"G13379A",0.000315955766192733,1,0.0001787629603146228
"T13402C",0.0006329113924050633,2,0.0005031446540880503
"G13403A",0.0006329113924050633,2,0.0004973887092762995
"C13423T",0.0006273525721455458,2,0.0002619515389652914
"G13427A",0.0034777110338286435,11,0.0009531236461311844
"A13429G",0.0075282308657465494,24,0.00684931506849315
"C13431T",0.0006271558482282847,2,0.0004698144233027954
"C13432T",0.00031387319522912746,1,0.00012653422750854106
"A13433G",0.0018856065367693275,6,0.0015247776365946632
"C13436T",0.0009351620947630922,3,0.0003636363636363636
"C13446T",0.0009351620947630922,3,0.0005454545454545455
"C13458T",0.0012468827930174563,4,0.00023018933072452093
"G13459A",0.00031191515907673113,1,0.00016066838046272492
"C13487T",0.0003118178983473651,1,0.00009622786759045419
"A13498G",0.0006234413965087282,2,0.00036436509382401167
"G13514T",0.00031486146095717883,1,0.00027739251040221914
"C13517T",0.0009448818897637795,3,0.00019618100967826315
"T13527C",0.003780718336483932,12,0.002993265153404839
"C13536T",0.0006295247088448222,2,0.00007882084023015685
"C13548T",0.0006295247088448222,2,0.00033869602032176124
"C13551T",0.0003147623544224111,1,0.00009308386856557759
"C13554T",0.0009442870632672333,3,0.0003498542274052478
"T13560C",0.0003147623544224111,1,0.0002113718030014796
"A13581G",0.00031456432840515884,1,0.000273224043715847
"A13587G",0.0006295247088448222,2,0.0005851375073142189
"C13605T",0.0018915510718789407,6,0.0009388202159286497
"A13613G",0.0003147623544224111,1,0.00030902348578491963
"G13617T",0.0006293266205160479,2,0.0002639567110993797
"C13620A",0.00031466331025802394,1,0.0002782415136338342
"C13620T",0.0025173064820641915,8,0.00045390070921985816
"G13624T",0.003461296412838263,11,0.0020782165123748348
"T13626C",0.00031525851197982345,1,0.00025144581342720644
"T13632C",0.00031466331025802394,1,0.00029171528588098014
"T13644G",0.00031436655139893113,1,0.0003051571559353067
"C13647T",0.0015718327569946558,5,0.0008318083513558476
"G13651A",0.005345911949685534,17,0.0047130579428888274
"A13653T",0.0006305170239596469,2,0.0006167129201356768
"G13654A",0.00031525851197982345,1,0.0002466091245376079
"A13689G",0.00031525851197982345,1,0.0002564102564102564
"A13691G",0.0009457755359394704,3,0.000916030534351145
"C13694T",0.0012610340479192938,4,0.00043649061545176777
"A13696G",0.0006303183107469272,2,0.0005530973451327434
"A13711G",0.0066100094428706326,21,0.002352941176470588
"A13712G",0.0012586532410320957,4,0.00020029042111061038
"C13721G",0.0006293266205160479,2,0.0006157635467980296
"G13723T",0.0003147623544224111,1,0.0001918281220026856
"T13728C",0.0003147623544224111,1,0.00024838549428713363
"G13729T",0.0003147623544224111,1,0.0002820078962210942
"T13731C",0.0015718327569946558,5,0.001359064963305246
"A13733G",0.00031426775612822125,1,0.0002860411899313501
"T13752C",0.0003139717425431711,1,0.0003006614552014432
"C13761T",0.005020395356134295,16,0.003119516474946383
"G13762T",0.0006275494195167869,2,0.0004758505829169641
"C13792T",0.00031036623215394165,1,0.0002035002035002035
"G13793A",0.00031036623215394165,1,0.00026624068157614486
"G13812T",0.0009316770186335404,3,0.00037151702786377707
"C13818T",0.00031055900621118014,1,0.0001552553951249806
"C13819T",0.0009316770186335404,3,0.0007755946225439503
"C13821T",0.00031055900621118014,1,0.00008872327211427557
"G13828A",0.00031055900621118014,1,0.000286368843069874
"T13832C",0.00031055900621118014,1,0.00020525451559934318
"G13850A",0.00031065548306927616,1,0.00030330603579011223
"G13856A",0.00031065548306927616,1,0.0002957704821058858
"C13860T",0.00031065548306927616,1,0.00002066158391702308
"C13881T",0.00031075201988812925,1,0.00027731558513588466
"A13913G",0.0009322560596643878,3,0.0008349568605622043
"G13921A",0.00031075201988812925,1,0.0002585315408479835
"C13944A",0.00031075201988812925,1,0.00030129557095510696
"A13951G",0.0009316770186335404,3,0.0006418485237483953
"C13957T",0.0006211180124223603,2,0.0002843332385555871
"G13960A",0.0018633540372670807,6,0.0011029411764705882
"A13962G",0.00031065548306927616,1,0.00016553550736633007
"T13963C",0.00031065548306927616,1,0.0002382654276864427
"C13965T",0.00031065548306927616,1,0.00007740537193281214
"G13966A",0.00031065548306927616,1,0.000225022502250225
"C13967T",0.0006213109661385523,2,0.0005291005291005291
"C13968A",0.00031065548306927616,1,0.00026350461133069827
"C13968T",0.00031065548306927616,1,0.00015610365282547612
"C13994T",0.0009316770186335404,3,0.00016768207478620536
"A14007G",0.0006211180124223603,2,0.0005842827928717499
"A14021C",0.0006213109661385523,2,0.0006151953245155337
"G14030T",0.0009316770186335404,3,0.0008754012255617158
"A14033G",0.00031055900621118014,1,0.0002295684113865932
"G14055T",0.00031036623215394165,1,0.00012351778656126481
"T14064C",0.0046569388388699165,15,0.0027979854504756574
"T14067C",0.00031036623215394165,1,0.00012548625925461163
"T14094C",0.000930809804529941,3,0.0007501875468867217
"T14100C",0.002482929857231533,8,0.0019550342130987292
"T14103C",0.0006195786864931846,2,0.00038284839203675346
"C14106T",0.0003097893432465923,1,0.0002498126405196103
"G14118A",0.0012399256044637321,4,0.0006634599436059048
"C14119T",0.0009299442033477991,3,0.0003618817852834741
"C14120T",0.0012414649286157666,4,0.00003243120530574519
"G14122T",0.00031133250311332503,1,0.00025
"G14123A",0.00031133250311332503,1,0.00023849272597185786
"A14125T",0.007160647571606476,23,0.00684931506849315
"G14126A",0.0006226650062266501,2,0.00036717459151826694
"T14133C",0.0028011204481792717,9,0.002261874842925358
"T14151C",0.0006226650062266501,2,0.0005758710048949035
"T14154C",0.0006226650062266501,2,0.0005306447333510214
"C14178T",0.0003112356053532524,1,0.0000623558022073954
"C14183T",0.00031113876789047915,1,0.0000952653138992093
"C14184T",0.0009334163036714375,3,0.00014177693761814744
"A14185G",0.00031113876789047915,1,0.00014898688915375446
"G14186T",0.00031113876789047915,1,0.00005619240278714318
"T14190A",0.0006222775357809583,2,0.000613685179502915
"G14212A",0.00903145437558393,29,0.00814835627985389
"A14213C",0.0003114294612270321,1,0.0003020235578375113
"C14220T",0.0021793275217932753,7,0.0005300219580525479
"C14225A",0.00031133250311332503,1,0.0002880184331797235
"T14247C",0.0006230529595015577,2,0.0005192107995846313
"C14262T",0.0003114294612270321,1,0.00015669069257286117
"C14267T",0.0006238303181534623,2,0.00026784518548279097
"A14302T",0.00031191515907673113,1,0.0003091190108191654
"T14313C",0.00031201248049921997,1,0.00015647003598810827
"C14318T",0.00373948270489249,12,0.00083629521220991
"C14322T",0.0012457178449081284,4,0.0003073376872839032
"C14327T",0.0003117206982543641,1,0.00030385900941962927
"G14335T",0.0003114294612270321,1,0.00021372088053002778
"A14348G",0.0003114294612270321,1,0.0002256317689530686
"C14352T",0.0003114294612270321,1,0.0002538071065989848
"C14358T",0.00031152647975077883,1,0.0001347164219318335
"C14362T",0.007174048658764816,23,0.004043600562587905
"T14394A",0.0006218905472636816,2,0.0006112469437652812
"C14396T",0.003109452736318408,10,0.0010303967027305513
"G14400T",0.001554726368159204,5,0.0009765625
"C14407T",0.0003112356053532524,1,0.00007496813854112003
"C14408T",0.9981378026070763,3216,0.00034755239790080946
"T14409C",0.0006209251785159888,2,0.00046860356138706655
"T14418C",0.00062015503875969,2,0.0003018867924528302
"A14421G",0.000310077519379845,1,0.00028506271379703536
"A14434C",0.00031220730565095225,1,0.000308546744831842
"G14452A",0.0006257822277847309,2,0.0004920049200492004
"A14463G",0.009082367679298466,29,0.005456255879586077
"G14464A",0.0003132832080200501,1,0.00028401022436807724
"C14484T",0.0009430996541967935,3,0.0005369608018614641
"G14511T",0.001256281407035176,4,0.0004938881343375726
"C14520T",0.00031357792411414236,1,0.00018882175226586103
"A14535G",0.0015688735487919673,5,0.0014021312394840158
"A14553G",0.00031377470975839345,1,0.00021598272138228941
"T14562C",0.00219573400250941,7,0.0018281535648994515
"G14580T",0.0006271558482282847,2,0.00031441597233139445
"C14583T",0.00031357792411414236,1,0.0001238696890870804
"T14590G",0.00031357792411414236,1,0.0002992220227408737
"C14599T",0.00219573400250941,7,0.00009936406995230525
"A14611G",0.0009410288582183187,3,0.0009030704394942806
"A14620G",0.00031357792411414236,1,0.0002964719833975689
"C14625T",0.00031357792411414236,1,0.00018864365214110544
"A14634G",0.00031338138514572234,1,0.00010996261271167803
"C14636T",0.00031347962382445143,1,0.00030193236714975844
"T14637A",0.00219435736677116,7,0.001971830985915493
"C14649T",0.0012547051442910915,4,0.00029631824579598486
"T14659A",0.0003136762860727729,1,0.00030759766225776686
"T14660A",0.0003136762860727729,1,0.00030731407498463427
"T14661A",0.0003136762860727729,1,0.0003076923076923077
"T14661C",0.0003136762860727729,1,0.00024061597690086623
"G14668A",0.0003136762860727729,1,0.00029120559114735004
"C14670A",0.00031357792411414236,1,0.0002257336343115124
"C14676T",0.006267627702914447,20,0.000028721725256592712
"C14688T",0.0006265664160401002,2,0.0002682403433476395
"G14692A",0.0003132832080200501,1,0.00027800945232137893
"C14694T",0.0009398496240601503,3,0.00066711140760507
"T14700C",0.00031318509238960227,1,0.00023551577955723034
"G14712A",0.00031259768677711783,1,0.0002760143527463428
"G14738A",0.00031625553447185326,1,0.00030211480362537764
"C14768T",0.00031665611146295124,1,0.00021982853374367993
"A14771G",0.0009499683343888537,3,0.0008382229673093043
"G14772A",0.0012658227848101266,4,0.0009891196834817012
"G14772T",0.00031645569620253165,1,0.00026048450117218026
"T14775C",0.0006327111673521037,2,0.00045945325063174823
"T14781C",0.0006329113924050633,2,0.0004722550177095632
"C14790T",0.0009511731135066582,3,0.00025551486244783237
"C14805T",0.0006335128286347799,2,0.000030497102775236353
"T14811C",0.005068102629078239,16,0.004681100058513751
"G14829A",0.0003168567807351077,1,0.00028074115665356543
"G14829T",0.0003168567807351077,1,0.00006884207627702051
"C14838T",0.00031665611146295124,1,0.00019022256039566293
"C14845A",0.0009508716323296355,3,0.0008936550491510277
"G14854T",0.0003169572107765452,1,0.00023980815347721823
"A14856G",0.9965046075627582,3136,0.07189362677670794
"A14856T",0.00031776294884016526,1,0.00030385900941962927
"G14857T",0.0012674271229404308,4,0.00048715138229204726
"T14859A",0.0003169572107765452,1,0.0003074085459575776
"A14870G",0.0009502692429521698,3,0.0008831321754489255
"G14874A",0.0009502692429521698,3,0.0008566533409480297
"G14874T",0.003801076971808679,12,0.001287691812426226
"C14898T",0.0028553299492385786,9,0.0012386457473162675
"C14913T",0.01807802093244529,57,0.007578779417630634
"C14919T",0.0009511731135066582,3,0.00037835792659856227
"C14922A",0.0006343165239454488,2,0.0005644933672029354
"C14922T",0.0003171582619727244,1,0.00019447685725398678
"C14925T",0.0006341154090044388,2,0.000036560397777127814
"A14934T",0.003459119496855346,11,0.003359804520464264
"C14937T",0.004714016341923318,15,0.0015010507355148605
"C14954T",0.000314070351758794,1,0.0003091190108191654
"C14980T",0.0003136762860727729,1,0.00023618327822390176
"C15024T",0.0006216972334473111,2,0.00021166260979997884
"G15025T",0.007147296457426973,23,0.005683222139856684
"C15026T",0.0006213109661385523,2,0.000083860958530756
"C15048A",0.0003098853424233034,1,0.0002975304968759298
"C15048T",0.0006197706848466068,2,0.0004245383145828911
"G15075T",0.0006203473945409429,2,0.0006093845216331506
"A15090G",0.029165373875271485,94,0.026308424293310942
"T15096C",0.0024821594787465093,8,0.0000590318772136954
"G15109A",0.0003104625892579944,1,0.00027464982147761604
"T15153C",0.00031133250311332503,1,0.0002857959416976279
"C15180T",0.0009342883836810962,3,0.000455857772375019
"C15194T",0.0024837007140639552,8,0.0012195121951219512
"C15197T",0.0003104625892579944,1,0.0002789400278940028
"G15199T",0.00031036623215394165,1,0.0002723311546840959
"G15202A",0.00031026993484331366,1,0.0003074085459575776
"T15207A",0.00031026993484331366,1,0.00025207965717166626
"A15213G",0.000930809804529941,3,0.0007725985063095545
"T15220C",0.0006205398696866273,2,0.0006131207847946045
"C15222T",0.00031036623215394165,1,0.000117096018735363
"C15240T",0.008997828110456097,29,0.000016647187543770622
"C15251T",0.0021712158808933004,7,0.0010161126433444621
"T15255C",0.00031017369727047146,1,0.0002813731007315701
"C15273T",0.0006203473945409429,2,0.0002651113467656416
"C15274T",0.00031017369727047146,1,0.00028669724770642203
"C15277T",0.0031007751937984496,10,0.0002643404705260375
"C15279G",0.000310077519379845,1,0.00030873726458783575
"C15280T",0.00062015503875969,2,0.0003682563063892469
"T15282A",0.000310077519379845,1,0.00030892801977139327
"A15283G",0.000310077519379845,1,0.00029239766081871346
"G15285C",0.000310077519379845,1,0.0003059975520195838
"T15288A",0.000310077519379845,1,0.00030883261272390367
"T15289C",0.000310077519379845,1,0.0003093102381688834
"C15315T",0.0018604651162790699,6,0.0008800234672924611
"C15324T",0.000310077519379845,1,0.000051088178195565545
"C15342A",0.00031665611146295124,1,0.0002466091245376079
"C15358A",0.00031655587211142766,1,0.00030873726458783575
"C15368A",0.005060088551549652,16,0.004851425106124924
"G15372T",0.007271577616187164,23,0.0004088452787258248
"G15380T",0.0015817779183802593,5,0.0005832944470368642
"A15387G",0.0009502692429521698,3,0.0008862629246676514
"T15403C",0.0003169572107765452,1,0.00027085590465872155
"T15420C",0.0003171582619727244,1,0.00026860059092130003
"A15426G",0.0003168567807351077,1,0.00017546938059308652
"G15438T",0.0015837820715869496,5,0.0009186110600771634
"T15447C",0.028535193405199746,90,0.026262036766851474
"G15451A",0.9993658845909955,3152,0.000920401881567755
"G15463A",0.0006339144215530904,2,0.0005053057099545225
"A15477G",0.0006337135614702154,2,0.0005390835579514825
"A15483G",0.0003168567807351077,1,0.00023380874444704232
"C15495T",0.0006333122229259025,2,0.00047080979284369113
"T15521A",0.005092297899427116,16,0.00006656847816137863
"G15538A",0.0012606366214938543,4,0.0009300162752848175
"C15540T",0.0006303183107469272,2,0.0001038961038961039
"G15543A",0.00031466331025802394,1,0.0002070822116380203
"G15543T",0.0022026431718061676,7,0.0006101281269066504
"C15557T",0.0006297229219143577,2,0.0005706134094151213
"C15579T",0.0009313877677739833,3,0.0001967729240456513
"A15583G",0.0003104625892579944,1,0.0002770850651149903
"C15588T",0.000930809804529941,3,0.00048828125
"G15589A",0.00031026993484331366,1,0.00023590469450342062
"C15615T",0.0006205398696866273,2,0.0003896356906292616
"G15627T",0.00031026993484331366,1,0.0002523977788995457
"C15654T",0.00031017369727047146,1,0.00004567670031516923
"C15656T",0.0015508684863523574,5,0.00031416902293433867
"C15678T",0.0024813895781637717,8,0.002026342451874367
"G15708T",0.0003097893432465923,1,0.00015420200462606013
"A15711G",0.0003097893432465923,1,0.0002911208151382824
"C15714T",0.9993800371977681,3224,0.0010021497728999304
"C15720T",0.0009337068160597573,3,0.00003102410573015233
"C15738T",0.9993753903810119,3200,0.007816965747033217
"A15745G",0.00031210986267166043,1,0.0003013863773357444
"T15754G",0.00187207488299532,6,0.0017513134851138354
"C15763T",0.002495321272613849,8,0.0005821992576959464
"A15775G",0.0003117206982543641,1,0.0002402691013935608
"A15779C",0.0003117206982543641,1,0.0002719608376393799
"C15810T",0.004052369077306733,13,0.00045429130556332123
"T15819C",0.0003116235587410408,1,0.0002881014116969173
"G15822T",0.0003117206982543641,1,0.0002962085308056872
"C15857T",0.0003117206982543641,1,0.00009664637092877162
"A15873G",0.0003116235587410408,1,0.00026518164942985947
"T15888C",0.0003114294612270321,1,0.0001751927119831815
"G15894T",0.0009348706762231225,3,0.0006306495690561278
"G15908T",0.00031152647975077883,1,0.0002378686964795433
"T15920A",0.0003117206982543641,1,0.0003094059405940594
"C15924T",0.0009348706762231225,3,0.00028576871785101923
"C15933T",0.0006230529595015577,2,0.0002173913043478261
"T15939C",0.9996881821016527,3206,0.008294182171906368
"A15949G",0.0006230529595015577,2,0.0005451076587626056
"C15951T",0.003427859146151449,11,0.0011587485515643105
"C15952T",0.0009351620947630922,3,0.00020580366330520683
"G15957T",0.0003116235587410408,1,0.00007330840847445201
"C15960T",0.0012464942349641633,4,0.0001244090569793481
"A15979G",0.0003116235587410408,1,0.00023223409196470042
"C15981T",0.0003116235587410408,1,0.00008097821685966476
"G15982A",0.0006232471174820816,2,0.00032
"A15984G",0.002182725288431556,7,0.0018873011593421407
"T16008A",0.0003114294612270321,1,0.000297441998810232
"C16017T",0.0006228589224540642,2,0.00033428046130703663
"C16045T",0.000310077519379845,1,0.00022716946842344388
"T16050C",0.00031026993484331366,1,0.000281135788585887
"C16057A",0.00031026993484331366,1,0.00030759766225776686
"G16075C",0.00031017369727047146,1,0.00030807147258163895
"A16076G",0.0012406947890818859,4,0.0008274720728175424
"C16092T",0.00031017369727047146,1,0.000035910511006571625
"C16111T",0.0006205398696866273,2,0.00010443864229765013
"T16119C",0.00031017369727047146,1,0.0002841716396703609
"C16127T",0.00031017369727047146,1,0.0002870264064293915
"A16140G",0.000310077519379845,1,0.00026602819898909286
"T16164C",0.00062015503875969,2,0.0005807200929152149
"T16170C",0.0015503875968992248,5,0.0007031359864997891
"C16173T",0.0015503875968992248,5,0.0003785011355034065
"G16181T",0.000310077519379845,1,0.0003051571559353067
"A16191G",0.00031036623215394165,1,0.0002955082742316785
"C16192T",0.00031036623215394165,1,0.00013762730525736306
"C16193T",0.00031036623215394165,1,0.00018040772145047808
"G16197T",0.00031036623215394165,1,0.0002168256721595837
"C16208T",0.0003104625892579944,1,0.00019908421262193908
"C16215T",0.00031036623215394165,1,0.0002204585537918871
"T16224C",0.0015527950310559005,5,0.0006441638752898738
"C16260T",0.0006218905472636816,2,0.00009402472850359644
"T16272C",0.0006222775357809583,2,0.0005621135469364812
"C16289T",0.0018685767673621925,6,0.00035071311667056346
"T16290C",0.00031133250311332503,1,0.00029877502240812666
"C16308T",0.003109452736318408,10,0.0005659309564233164
"G16316C",0.00031065548306927616,1,0.00030902348578491963
"C16329T",0.011183597390493943,36,0.002428330522765599
"C16332T",0.00031065548306927616,1,0.00010068465565847765
"T16335C",0.00031065548306927616,1,0.00024125452352231604
"C16338T",0.00031065548306927616,1,0.00006842285323297981
"T16342C",1,3219,0.008036670586384846
"C16376T",0.0021745883814849334,7,0.0005041411595246669
"G16377A",0.00031065548306927616,1,0.0000939584703561026
"G16377T",0.0009319664492078285,3,0.00035001750087504374
"C16393T",0.0006236357966947302,2,0.0001734304543877905
"C16394A",0.0003117206982543641,1,0.00029859659599880563
"C16443T",0.0012515644555694619,4,0.00031308703819661864
"T16461C",0.00031289111389236547,1,0.00017018379850238256
"C16466T",0.00031298904538341156,1,3.2903135800454325e-7
"C16468T",0.0012515644555694619,4,0.00025759917568263783
"C16480T",0.00031279324366593683,1,0.00025043826696719256
"G16485A",0.002817783343769568,9,0.0023993601706211675
"C16490T",0.0006263701847792045,2,0.0005929439667951378
"G16496A",0.00031298904538341156,1,0.000286368843069874
"A16497G",0.0006261740763932373,2,0.0005787037037037037
"A16512G",0.0021875,7,0.0007804660497268369
"G16528A",0.0034375,11,0.0028401755744900596
"A16541G",0.003124023742580444,10,0.0008439530762089628
"T16545C",0.0006248047485160887,2,0.0005877167205406994
"C16559T",0.000625,2,0.0005227391531625719
"C16575T",0.00031259768677711783,1,0.00006271951831409934
"C16596T",0.00031269543464665416,1,0.00008859750155045628
"T16605C",0.0009380863039399625,3,0.0005761474937584022
"C16608T",0.006251953735542357,20,0.003590019745108598
"C16626T",0.00031318509238960227,1,0.0001976284584980237
"G16677T",0.00031026993484331366,1,0.0002906131938390003
"C16726T",0.005581395348837209,18,0.00010647485418860246
"C16733T",0.0015503875968992248,5,0.00046420945130442855
"A16740G",0.00031017369727047146,1,0.0002751031636863824
"G16741T",0.00031017369727047146,1,0.00007726781023025808
"T16743G",0.000310077519379845,1,0.00030892801977139327
"G16745A",0.0003098853424233034,1,0.0002857959416976279
"A16748C",0.0003098853424233034,1,0.0003093102381688834
"C16750A",0.00030998140111593303,1,0.0003045066991473812
"T16752C",0.0009299442033477991,3,0.0008365867261572784
"C16767T",0.00030998140111593303,1,0.00013825521913452232
"T16809C",0.000310077519379845,1,0.00028563267637817766
"A16842G",0.000310077519379845,1,0.0002699055330634278
"G16855T",0.0006199628022318661,2,0.0005897965202005308
"G16861A",0.00031017369727047146,1,0.0002680246582685607
"C16869T",0.00031017369727047146,1,0.00009318796011555308
"G16873A",0.0009299442033477991,3,0.0009006304413089162
"C16877T",0.0006199628022318661,2,0.0002063557573256294
"A16878T",0.0030998140111593306,10,0.00012222697549349142
"C16887T",0.02295997517840521,74,0.0007228115415421282
"T16891C",0.00124031007751938,4,0.0011049723756906078
"T16902C",0.0021712158808933004,7,0.0019818799546998866
"G16912T",0.0012406947890818859,4,0.0004372062520494043
"G16914T",0.00031017369727047146,1,0.00009559315553006405
"C16915T",0.0009305210918114144,3,0.00015503074776497338
"T16926C",0.00062015503875969,2,0.00043591979075850045
"A16938G",0.00030998140111593303,1,0.0002181500872600349
"G16943T",0.00030998140111593303,1,0.00015071590052750564
"C16948T",0.00030998140111593303,1,0.0001984914648670107
"T16993C",0.00031017369727047146,1,0.00013392259274139549
"C16995T",0.0006195786864931846,2,0.0003249390739236393
"C17004T",0.00030959752321981426,1,0.000060771801883925856
"T17007C",0.0009290802105915144,3,0.00042176296921130323
"C17010T",0.0003096934035305048,1,0.00005347021708908138
"C17012T",0.0003096934035305048,1,0.00006279434850863422
"T17016C",0.0003096934035305048,1,0.0002433682161109759
"A17018C",0.0003096934035305048,1,0.00030111412225233364
"G17027A",0.0006193868070610096,2,0.0005063291139240507
"A17030G",0.0003096934035305048,1,0.0002799552071668533
"T17041C",0.0006195786864931846,2,0.0006097560975609756
"T17043C",0.0006193868070610096,2,0.000481811611659841
"A17056G",0.0006193868070610096,2,0.00047607712449416806
"G17058T",0.0003097893432465923,1,0.00011786892975011787
"T17070C",0.003096934035305048,10,0.002101723413198823
"T17088C",0.00031017369727047146,1,0.0002864508736751647
"T17106C",0.00031017369727047146,1,0.0002621231979030144
"T17115A",0.00031017369727047146,1,0.0002848191398461977
"G17122A",0.00031017369727047146,1,0.00025265285497726126
"T17124C",0.00031017369727047146,1,0.000005596973156916739
"T17139A",0.00031017369727047146,1,0.0002498750624687656
"G17144A",0.0006199628022318661,2,0.0005389382915656157
"A17146G",0.00030998140111593303,1,0.00025839793281653745
"G17149A",0.0003098853424233034,1,0.00029507229271171436
"C17156T",0.00030998140111593303,1,0.00019577133907595928
"C17172T",0.000310077519379845,1,0.00010790978741771878
"A17205G",0.0003098853424233034,1,0.00026838432635534085
"A17236G",0.0009296560272699101,3,0.000011801313092770122
"C17243T",0.006817477533312674,22,0.005675954592363261
"C17285T",0.00031026993484331366,1,0.0000445751983596327
"T17290C",0.00031017369727047146,1,0.00019234468166955183
"C17304T",0.003411910669975186,11,0.00039956411187795133
"G17331T",0.00031017369727047146,1,0.000027002214181562887
"C17373T",0.0006216972334473111,2,0.00018955549237039144
"T17382C",0.0003109452736318408,1,0.00025348542458808617
"T17400C",0.0003109452736318408,1,0.00024142926122646064
"C17410T",1,3212,0.0009976630085689686
"A17423G",0.0018656716417910447,6,0.0017574692442882249
"G17427A",0.0003109452736318408,1,0.00026483050847457627
"C17430T",0.0009328358208955224,3,0.00039877708361026184
"A17431G",0.005597014925373134,18,0.004305190145898111
"C17436T",0.0003109452736318408,1,0.00014452955629426219
"C17439T",0.003420398009950249,11,0.0014124293785310734
"T17454A",0.0009328358208955224,3,0.0007737941707505803
"A17457G",0.0012437810945273632,4,0.0011232799775344005
"C17463T",0.0009328358208955224,3,0.0005342831700801424
"C17481T",0.0003109452736318408,1,0.0002537427048972342
"A17484C",0.00031084861672365556,1,0.0003068425897514575
"A17487T",0.0006205398696866273,2,0.0006058770069675856
"C17502T",0.0012414649286157666,4,0.00023371311714869998
"T17505C",0.0012414649286157666,4,0.0009291521486643438
"A17524C",0.0006197706848466068,2,0.0006053268765133172
"C17528T",0.00124031007751938,4,0.0006134969325153375
"A17538T",0.0012395413696932136,4,0.0011283497884344146
"C17550A",0.0003098853424233034,1,0.00027770063871146905
"C17550T",0.0012395413696932136,4,0.00010254306808859722
"G17551A",0.0003098853424233034,1,0.0001463057790782736
"G17584T",0.0006203473945409429,2,0.0005458515283842794
"G17592T",0.00031026993484331366,1,0.00024260067928190198
"C17634A",0.0006199628022318661,2,0.0003753049352598987
"A17637C",0.0003098853424233034,1,0.00030441400304414006
"C17639T",0.0003098853424233034,1,0.0001840264998159735
"T17643C",0.0006195786864931846,2,0.0005155968032998196
"G17658T",0.0006195786864931846,2,0.00018256503879507074
"C17676T",0.008679479231246125,28,0.0006734654608427939
"C17678T",0.0006195786864931846,2,0.0001048712705154423
"G17686A",0.0003097893432465923,1,0.0002628811777076761
"C17690T",0.0003098853424233034,1,0.00019896538002387584
"A17691G",0.0006197706848466068,2,0.0003359650596337981
"C17703T",0.0006195786864931846,2,0.0003745318352059925
"C17718T",0.0006195786864931846,2,0.0004104247896572953
"G17721T",0.008364312267657992,27,0.0018219852891558136
"C17733T",0.00712957222566646,23,0.0018018018018018018
"C17734T",0.006199628022318661,20,0.003709886848451122
"C17738T",0.0006197706848466068,2,0.0003563791874554526
"A17739G",0.00031026993484331366,1,0.0002870264064293915
"C17746T",0.0037290242386575512,12,0.0006075949367088608
"C17747A",0.00031065548306927616,1,0.00023940627244433804
"C17747T",0.0009319664492078285,3,0.00014195807504850235
"C17762T",0.00031065548306927616,1,0.00007087172218284904
"C17766T",0.00031065548306927616,1,0.000050107731622989425
"T17796C",0.00031036623215394165,1,0.0002717391304347826
"A17805G",0.0006209251785159888,2,0.0004805382027871216
"A17807G",0.0009313877677739833,3,0.0009137983551629607
"G17815A",0.0003104625892579944,1,0.00023775558725630053
"A17817G",0.0003104625892579944,1,0.00028735632183908046
"C17821T",0.0003104625892579944,1,0.00024968789013732833
"C17822T",0.0009313877677739833,3,0.00024168210746797713
"C17825T",0.0003104625892579944,1,0.00015865460891638903
"T17835C",0.0003104625892579944,1,0.00026518164942985947
"G17847A",0.000931098696461825,3,0.0006224066390041493
"C17850A",0.00031036623215394165,1,0.0002954209748892171
"C17850T",0.0012414649286157666,4,0.00029394473838918284
"A17853C",0.001243008079552517,4,0.0011754334410813989
"T17859C",0.999067454149829,3214,0.008395897660956202
"T17865C",0.00031133250311332503,1,0.0001426330052774212
"G17866A",0.002178649237472767,7,0.001976842699802316
"T17877C",0.001556662515566625,5,0.0012768130745658835
"T17886A",0.00031133250311332503,1,0.0002900232018561485
"A17892T",0.0003114294612270321,1,0.00030385900941962927
"C17898T",0.0006228589224540642,2,0.00047938638542665386
"T17901C",0.0009342883836810962,3,0.0007292173067574137
"C17913T",0.0003114294612270321,1,0.00016215339711366953
"T17928C",0.0003114294612270321,1,0.0002175805047867711
"C17934T",0.0006228589224540642,2,0.00026085822355549756
"G17938A",0.0003114294612270321,1,0.0002704895861509332
"C17976T",0.0003117206982543641,1,0.00017787264318747776
"C17977G",0.0003117206982543641,1,0.0003026634382566586
"C17977T",0.003117206982543641,10,0.0005837370848169984
"C17985A",0.0006234413965087282,2,0.0006015037593984962
"G17988A",0.0003117206982543641,1,0.00028336639274582036
"C18016T",0.00031735956839098697,1,0.0003020235578375113
"G18021A",0.0003168567807351077,1,0.0002284669865204478
"C18029T",0.0003170577045022194,1,0.00008043758043758043
"A18030G",0.00538998097653773,17,0.004906204906204906
"C18032T",0.0031675641431738993,10,0.0006266449429753102
"G18040T",0.001584786053882726,5,0.0007303534910896875
"C18060T",0.0006333122229259025,2,0.00009262689885142645
"C18086T",0.0009511731135066582,3,0.0000656526972316446
"T18087C",0.0003171582619727244,1,0.0002521432173474534
"G18088T",0.0003170577045022194,1,0.00018691588785046728
"G18090T",0.0003169572107765452,1,0.00022794620469569182
"T18099C",0.0006347191367819739,2,0.0004528985507246377
"A18102G",0.00031735956839098697,1,0.00025106703489831785
"G18105A",0.0006345177664974619,2,0.0004008016032064128
"G18105T",0.019352791878172588,61,0.006884098860173795
"C18110T",0.0003171582619727244,1,0.00023424689622862497
"T18111C",0.00031725888324873094,1,0.00025484199796126404
"A18114G",0.0003171582619727244,1,0.0002883506343713956
"G18127A",0.00031776294884016526,1,0.00030395136778115504
"C18131T",0.0006355258976803305,2,0.00007574323044877864
"A18153G",0.0003169572107765452,1,0.0002109259649862898
"T18159C",0.0006329113924050633,2,0.0005431830526887561
"G18160A",0.0009493670886075949,3,0.0006145022531749283
"A18163G",0.9993668882557771,3157,0.0006711674785022314
"A18163T",0.00031655587211142766,1,0.00026595744680851064
"A18165G",0.00031635558367605187,1,0.00018040772145047808
"C18167T",0.00031635558367605187,1,0.00009256687957048968
"G18169T",0.0031635558367605187,10,0.002077274615704196
"G18170T",0.0015812776723592662,5,0.0013808340237503453
"C18171T",0.007906388361796331,25,0.002044320876604792
"C18175T",0.0003161555485298767,1,0.00010890873448050534
"C18176T",0.0015812776723592662,5,0.00011611704598235021
"G18180A",0.0009493670886075949,3,0.0005937067088858105
"G18186A",0.00031746031746031746,1,0.00028595939376608524
"C18189T",0.000952078705172961,3,0.0004182350480970305
"A18195G",0.00031746031746031746,1,0.00028661507595299513
"G18197A",0.0019059720457433292,6,0.0012140833670578712
"C18201T",0.0003178639542275906,1,0.00027616680475006904
"G18210T",0.0003178639542275906,1,0.00019338619222587506
"A18239G",0.0003171582619727244,1,0.00028555111364934324
"T18244G",0.0031645569620253164,10,0.0026462026991267533
"A18251G",0.0003167564143173899,1,0.0002857959416976279
"G18255T",0.00031665611146295124,1,0.00003074936195073952
"A18262T",0.00031645569620253165,1,0.00030543677458766036
"C18264T",0.00031645569620253165,1,0.000055309734513274336
"G18281A",0.0003112356053532524,1,0.00028129395218002813
"T18285C",0.0003112356053532524,1,0.000277623542476402
"A18298C",0.00031133250311332503,1,0.0002957704821058858
"T18300C",0.0003112356053532524,1,0.00023272050267628578
"C18303T",0.0003112356053532524,1,0.0002065688907250568
"C18306T",0.0003112356053532524,1,0.00020333468889792598
"T18309C",0.00031133250311332503,1,0.00019845207382417147
"C18312T",0.0018685767673621925,6,0.0006580390436499232
"G18318A",0.0009342883836810962,3,0.0007505629221916438
"G18318T",0.0003114294612270321,1,0.00008640055296353897
"A18323G",0.00031133250311332503,1,0.00030330603579011223
"C18326T",0.00031133250311332503,1,0.00011716461628588167
"T18327C",0.00031133250311332503,1,0.0002465483234714004
"A18346G",0.00031133250311332503,1,0.0003053435114503817
"C18348T",0.005292652552926526,17,0.0008269689156978158
"C18377T",0.0049813200498132005,16,0.0010722423267658491
"C18387T",0.00031133250311332503,1,0.00025342118601115053
"C18395T",0.0009339975093399751,3,0.00010286302074404252
"G18397A",0.00031133250311332503,1,0.00019623233908948196
"T18398C",0.0006226650062266501,2,0.0005477951246233908
"T18402C",0.00031133250311332503,1,0.0001998001998001998
"C18404T",0.00031133250311332503,1,0.00026961445133459155
"G18412A",0.0006226650062266501,2,0.00033778078027360244
"G18412T",0.0021793275217932753,7,0.0008754377188594297
"T18417C",0.0037359900373599006,12,0.0015631105900742479
"C18431T",0.0006228589224540642,2,0.0002941176470588235
"T18435C",0.0009345794392523365,3,0.0006758278891642261
"G18443A",0.0065420560747663555,21,0.00587248322147651
"G18445A",0.0003114294612270321,1,0.00022276676319893073
"T18447C",0.0003114294612270321,1,0.0002770083102493075
"G18449T",0.0003114294612270321,1,0.00010919414719371041
"T18465C",0.0009339975093399751,3,0.0007216742843396681
"G18467A",0.0003112356053532524,1,0.0002927400468384075
"T18471C",0.001554726368159204,5,0.00044365572315882877
"A18480G",0.0009331259720062209,3,0.0008027829810008028
"C18486T",0.0006211180124223603,2,0.00006647610184138802
"C18493T",0.00031075201988812925,1,0.00025516713447307985
"T18497C",0.00031075201988812925,1,0.0003058103975535168
"G18498T",0.00031075201988812925,1,0.00015028554253080853
"T18499C",0.00031075201988812925,1,0.00019665683382497542
"C18508T",0.003420398009950249,11,0.0005451751994845616
"A18522T",0.00031084861672365556,1,0.00030807147258163895
"C18526T",0.0012433944668946222,4,0.00041135335252982314
"A18529G",0.0006215040397762585,2,0.0004948045522018803
"G18534A",0.0009322560596643878,3,0.0007387343018960847
"G18538T",0.002175264139216905,7,0.0007876673793181051
"C18555T",0.00435052827843381,14,0.00036360803054307455
"C18568T",0.0018645121193287756,6,0.0003829216925138809
"T18573G",0.00031075201988812925,1,0.0002948982601002654
"C18582T",0.00031055900621118014,1,0.00011312217194570136
"G18583A",0.00031055900621118014,1,0.000023190556805268894
"T18584C",0.00031055900621118014,1,0.0002962085308056872
"A18600G",0.0012422360248447205,4,0.0009186954524575103
"A18600T",0.00031055900621118014,1,0.00027693159789531985
"T18603C",0.0009316770186335404,3,0.0005454545454545455
"G18604C",0.00031055900621118014,1,0.00030921459492888067
"A18622G",0.00031017369727047146,1,0.0003006614552014432
"G18627A",0.00031017369727047146,1,0.0003027550711474417
"T18632G",0.0006203473945409429,2,0.0005209690023443605
"T18633C",0.0006203473945409429,2,0.0006002400960384153
"T18635C",0.00031017369727047146,1,0.00029533372711163615
"A18637C",0.00031017369727047146,1,0.000308546744831842
"C18646T",0.0018610421836228288,6,0.0007531065645788879
"C18647T",0.0015508684863523574,5,0.00026308866087871614
"G18651T",0.0006205398696866273,2,0.00021190930281839374
"C18652T",0.006825938566552901,22,0.0026287489544748474
"C18654T",0.00031026993484331366,1,0.00017108639863130882
"C18657T",0.0006205398696866273,2,0.000031816229458646855
"T18661A",0.0006205398696866273,2,0.0005701254275940707
"C18664T",0.00031026993484331366,1,0.000225377507324769
"T18669C",0.000930809804529941,3,0.0007869884575026233
"C18680T",0.00031026993484331366,1,0.00027731558513588466
"C18687T",0.023587833643699565,76,0.0020336624655481524
"T18691G",0.0021725636250775914,7,0.002007456266131345
"C18698T",0.00186219739292365,6,0.0005961251862891207
"C18701T",0.00031036623215394165,1,0.00030156815440289503
"G18703T",0.9950279676817899,3202,0.07134104226544571
"C18705T",0.0012414649286157666,4,0.000576036866359447
"C18707A",0.000931098696461825,3,0.0008603383997705764
"A18710G",0.00031036623215394165,1,0.00026595744680851064
"T18723C",0.00031036623215394165,1,0.0002134016218523261
"A18735G",0.000931098696461825,3,0.0007455268389662028
"T18738C",0.0006207324643078833,2,0.0005834305717619603
"T18742A",0.0006205398696866273,2,0.0006144393241167435
"C18744T",0.006825938566552901,22,0.0001517848518717832
"G18745A",0.001861619609059882,6,0.001692047377326565
"C18747T",0.00031026993484331366,1,0.00006366588145412873
"A18760G",0.00031026993484331366,1,0.000267022696929239
"T18765A",0.0006207324643078833,2,0.0004839099927413501
"G18769A",0.00031036623215394165,1,0.00028876696505919725
"A18774G",0.00031036623215394165,1,0.00028951939779965256
"T18783C",0.0006211180124223603,2,0.0005762028233938346
"C18788T",0.000930809804529941,3,0.00017378207727509703
"T18792C",0.0012410797393732546,4,0.0011086474501108647
"C18795T",0.00031026993484331366,1,0.000171939477303989
"C18804T",0.00031036623215394165,1,0.00005668291576918717
"G18816A",0.000310077519379845,1,0.00015101177891875566
"G18826A",0.000310077519379845,1,0.0001457938474996355
"C18828T",0.00031017369727047146,1,0.00006448284756254837
"G18833T",0.000310077519379845,1,0.0002685284640171858
"G18854T",0.0003118178983473651,1,0.00029437739181630853
"T18863C",0.000631911532385466,2,0.0005089058524173028
"C18877T",0.010410094637223975,33,0.000584608843537415
"C18885T",0.000630715862503942,2,0.00022494657518839275
"C18888T",0.0041022404544020195,13,0.0016670941266991536
"G18891T",0.0009466708740927738,3,0.0003210616438356164
"T18921C",0.0003160556257901391,1,0.0002789400278940028
"T18932C",0.00031635558367605187,1,0.00026253609871357313
"A18949G",0.00031575623618566466,1,0.00023540489642184556
"G18961A",0.000631911532385466,2,0.0006055101422948834
"C18981T",0.0003158559696778269,1,0.00005782352260899734
"G18984A",0.001894537417113988,6,0.001651073197578426
"G18984T",0.00031575623618566466,1,0.00007857311228097745
"G18988A",0.0012642225031605564,4,0.0010884353741496598
"C18998T",0.0006321112515802782,2,0.00039816842524387816
"C19011T",0.000942507068803016,3,0.00019461563412260784
"C19017T",0.0006287331027978623,2,0.00009530162965786715
"C19018A",0.00031426775612822125,1,0.0002945508100147275
"G19021A",0.015089594467148696,48,0.008786381109280615
"C19032T",0.0006289308176100629,2,0.000176522506619594
"T19061C",0.00031446540880503143,1,0.00028328611898016995
"A19068T",0.00031456432840515884,1,0.00030807147258163895
"G19069A",0.00031456432840515884,1,0.0002891008962127783
"G19072T",0.0025157232704402514,8,0.0011317017965766021
"G19086T",0.000315059861373661,1,0.00008637816360024185
"C19097T",0.0003125,1,0.00019569471624266145
"A19116G",0.00031104199066874026,1,0.0002048760499897562
"G19117T",0.0003112356053532524,1,0.00018258170531312764
"G19132A",0.001244167962674961,4,0.000999000999000999
"A19137G",0.0003109452736318408,1,0.00022763487366264513
"C19140T",0.0003109452736318408,1,0.0002442002442002442
"C19145T",0.0003109452736318408,1,0.00017394329448599757
"C19151T",0.0012437810945273632,4,0.0004732047793682716
"C19152T",0.0006222775357809583,2,0.00025078369905956113
"A19155G",0.00031104199066874026,1,0.0002962962962962963
"C19160T",0.00031113876789047915,1,0.000032351989647363315
"C19164A",0.00031113876789047915,1,0.00027693159789531985
"C19164T",0.0006222775357809583,2,0.00010712946595961219
"A19165G",0.002489110143123833,8,0.002391629297458894
"C19170T",0.0006230529595015577,2,0.00009040365230755322
"G19174T",0.0003132832080200501,1,0.00025621316935690495
"C19185T",0.0009389671361502347,3,0.00013577118030412745
"C19186T",0.0009389671361502347,3,0.00019065776930409913
"T19209C",0.001564945226917058,5,0.0012960082944530845
"A19228G",0.00031259768677711783,1,0.0002727024815925825
"G19235C",0.00031259768677711783,1,0.00030921459492888067
"G19238A",0.00031259768677711783,1,0.00030165912518853697
"C19255A",0.00031289111389236547,1,0.00030330603579011223
"C19255T",0.00031289111389236547,1,0.00015339776039269826
"T19260C",0.0006257822277847309,2,0.0005242463958060288
"C19263T",0.0009383797309978105,3,0.00024964633435965716
"G19272A",0.00031357792411414236,1,0.0002891008962127783
"A19283G",0.00031436655139893113,1,0.00025081514923501377
"T19299C",0.00031446540880503143,1,0.0002010454362685967
"C19325T",0.00031416902293433867,1,0.0002735229759299781
"A19326G",0.9987425337944043,3177,0.008391198353983376
"G19327T",0.00031416902293433867,1,0.00026588673225206064
"T19329G",0.0006285355122564425,2,0.0006167129201356768
"A19334G",0.0021998742928975488,7,0.0015967153284671533
"C19343T",0.0009430996541967935,3,0.0007154781779155736
"T19377C",0.00031426775612822125,1,0.0002666666666666667
"C19380T",0.0009430996541967935,3,0.0005338078291814947
"C19386T",0.0009430996541967935,3,0.0006230529595015577
"C19391T",0.0009430996541967935,3,0.0007309941520467836
"C19402T",0.0031436655139893115,10,0.0010047221943132723
"G19414T",0.00031416902293433867,1,0.0002755580049600441
"T19425C",0.000314070351758794,1,0.00026490066225165563
"T19431G",0.00031426775612822125,1,0.0003083564600678384
"A19443G",0.0006293266205160479,2,0.000523149359142035
"G19480T",0.0003117206982543641,1,0.00020412329046744235
"C19488A",0.001866832607342875,6,0.0017657445556209534
"T19497C",0.026422132421510723,85,0.021065675340768277
"C19512T",0.00031065548306927616,1,0.00012177301509985388
"G19518T",0.0040360136603539275,13,0.0012129128568762828
"T19521C",0.0006207324643078833,2,0.00038752179810114316
"C19524T",0.0012414649286157666,4,0.000035410764872521244
"C19536T",0.00031036623215394165,1,0.00025220680958385876
"C19545T",0.0052827843380981974,17,0.003475061324611611
"T19551C",0.00031575623618566466,1,0.00027063599458728013
"C19554T",0.003474415666456096,11,0.001156190876602901
"T19556A",0.0003158559696778269,1,0.00030902348578491963
"C19586T",0.000315357931251971,1,0.00009710623422023694
"C19596T",0.000931098696461825,3,0.00046475600309837337
"C19602T",0.0012414649286157666,4,0.0002619343854364482
"A19628G",0.00031026993484331366,1,0.0003059975520195838
"A19631G",0.00031026993484331366,1,0.0002932551319648094
"T19641A",0.0006205398696866273,2,0.0005963029218843172
"G19648A",0.00031055900621118014,1,0.0002835270768358378
"G19648T",0.0034161490683229812,11,0.0017287443030017287
"A19655T",0.0012422360248447205,4,0.0012326656394453005
"G19656T",0.0006213109661385523,2,0.00020844189682126107
"C19660T",0.00031075201988812925,1,0.0002145002145002145
"A19661G",0.0021745883814849334,7,0.0021244309559939304
"C19662T",0.0006213109661385523,2,0.00020519134092541295
"T19668C",0.00031075201988812925,1,0.0002654632333421821
"G19670A",0.00031075201988812925,1,0.00016463615409944023
"G19684T",0.00031075201988812925,1,0.00008010253123998718
"C19688T",0.00031065548306927616,1,0.0002462447672986949
"G19711A",0.00031065548306927616,1,0.0002759381898454746
"G19723T",0.0021745883814849334,7,0.001164919287735064
"G19729A",0.0012426219322771047,4,0.0011040574109853713
"C19763T",0.0003109452736318408,1,0.00011367511651699443
"A19779G",0.0031446540880503146,10,0.002370229912301493
"A19804G",0.00031756113051762465,1,0.0003028467595396729
"G19816T",0.001905366783105748,6,0.0005485463521667581
"G19824A",0.00031746031746031746,1,0.00023923444976076556
"T19839C",0.0006351222610352493,2,0.00005911563017261764
"G19846A",0.0003178639542275906,1,0.00017190991920233798
"G19846T",0.0003178639542275906,1,0.00029533372711163615
"T19860C",0.023832221163012392,75,0.02102017937219731
"C19862T",0.001271051795360661,4,0.00021940650540288518
"T19866C",0.0012702445220704986,4,0.0007571455612341472
"T19869A",0.00031756113051762465,1,0.0003040437823046519
"C19881T",0.0003288391976323578,1,0.0001255020080321285
"C19884T",0.0003288391976323578,1,0.00006072382803011902
"A19890G",0.0006572461386789353,2,0.0005091649694501018
"A19892G",0.0009878169245966415,3,0.0007237635705669482
"C19895T",0.0003303600925008259,1,0.0001243781094527363
"A19899G",0.001322314049586777,4,0.0009729992702505473
"T19917C",0.0013214403700033035,4,0.0011865915158706616
"C19938T",0.0003297065611605671,1,0.00022988505747126436
"C19951T",0.00032981530343007914,1,0.00015342129487572875
"C19955T",0.999340804218853,3032,0.0010165184243964421
"C19961T",0.007583250906693043,23,0.0023512574115722757
"C19970T",0.0009874917709019092,3,0.0006705409029950827
"C19972T",0.0026324448831852583,8,0.0015558148580318942
"C19979T",0.0006583278472679394,2,0.0005585032113934655
"T19980C",0.0003291639236339697,1,0.0002828054298642534
"G19981A",0.007573263088574251,23,0.006219578150351541
"C19983T",0.004939084622983207,15,0.00042015629814290916
"G20002T",0.0003295978905735003,1,0.0001675603217158177
"G20011T",0.0006587615283267457,2,0.0005616399887672002
"A20013G",0.00033003300330033004,1,0.00027285129604365623
"G20033T",0.0006602839220864972,2,0.0005757052389176742
"T20037C",0.0003297065611605671,1,0.000241196333815726
"T20049C",0.0003287310979618672,1,0.000251004016064257
"A20052G",0.0003289473684210526,1,0.00024857071836937607
"A20055G",0.9993464052287582,3058,0.001033549461662007
"A20055T",0.000326797385620915,1,0.00024919013207077
"G20056A",0.02908496732026144,89,0.01921831137983157
"T20058C",0.000326477309826967,1,0.00029342723004694836
"G20086T",0.0003262642740619902,1,0.0003076923076923077
"G20087C",0.00032615786040443573,1,0.00030627871362940275
"T20088A",0.0003262642740619902,1,0.0003075030750307503
"C20091T",0.00032605151613955004,1,0.00013187392852433074
"A20094G",0.0006527415143603133,2,0.00047824007651841227
"C20104T",0.0009683666881859264,3,0.00019729054320662896
"T20109C",0.004516129032258065,14,0.003703703703703704
"G20134T",0.009442870632672332,30,0.002593809441466367
"A20137C",0.0006293266205160479,2,0.0006091989034419738
"C20148T",0.0006299212598425197,2,0.00008612893501571854
"G20164T",0.000315955766192733,1,0.0002876042565429968
"G20176A",0.001894537417113988,6,0.0016731734523145567
"C20178T",0.0006325110689437065,2,0.00004655710228595372
"T20185C",0.0006329113924050633,2,0.0005224660397074191
"C20199T",0.0012734797835084368,4,0.00021635655560363478
"C20233T",0.0003181673560292714,1,0.000049694379565671125
"C20234T",0.0003181673560292714,1,0.00015735641227380016
"C20235T",0.0019090041361756285,6,0.0001920061441966143
"C20259T",0.00031756113051762465,1,0.00021862702229995628
"A20262G",0.0015883100381194409,5,0.00005529566592570474
"A20268G",0.0006353240152477764,2,0.00003634249164122692
"G20274T",0.0006355258976803305,2,0.0002665600426496068
"G20275A",0.0003176620076238882,1,0.0002826455624646693
"G20306T",0.00031928480204342275,1,0.00029308323563892143
"C20307T",0.0022342802425789976,7,0.001813001813001813
"C20313T",0.0009640102827763496,3,0.0007343941248470012
"G20326A",0.0006416426050689766,2,0.00034393809114359415
"T20340G",0.00032,1,0.0003094059405940594
"A20341G",0.00032,1,0.0002936857562408223
"T20376A",0.0009398496240601503,3,0.0007285089849441476
"T20376C",0.0003132832080200501,1,0.00025006251562890725
"C20380T",0.00031338138514572234,1,0.00018768768768768769
"A20382T",0.0006261740763932373,2,0.0006112469437652812
"G20383T",0.00031298904538341156,1,0.0002781641168289291
"C20389T",0.001561524047470331,5,0.0006870019236053861
"T20391G",0.0003125,1,0.000258732212160414
"T20392C",0.0065625,21,0.005289672544080605
"C20402T",0.000625,2,0.00019042178425211843
"A20403G",0.00031240237425804435,1,0.0002911208151382824
"C20404T",0.0003123048094940662,1,0.00004196567208023837
"T20409C",0.0006279434850863422,2,0.0004035512510088781
"A20412G",0.0003139717425431711,1,0.00026752273943285177
"G20416A",0.006593406593406593,21,0.006289308176100629
"A20417C",0.00628140703517588,20,0.0061614294516327784
"G20438T",0.000940144155437167,3,0.0005308794903556893
"C20451T",0.00031357792411414236,1,0.000029823148728042708
"T20456C",0.0003136762860727729,1,0.00030012004801920766
"C20468T",0.0006548788474132286,2,0.0004496402877697842
"G20469A",0.0006550933508024893,2,0.0004232804232804233
"C20480T",0.00032808398950131233,1,0.00009156670634557275
"G20487T",0.00032206119162640903,1,0.00020437359493153485
"G20489T",0.000643293663557414,2,0.0003474031613687685
"C20555T",0.00032310177705977385,1,0.00013539128080151638
"G20557A",0.0003232062055591467,1,0.0002842524161455372
"G20560A",0.00032299741602067185,1,0.00027412280701754384
"A20566G",0.00032299741602067185,1,0.000297441998810232
"A20567G",0.00032299741602067185,1,0.00013779798814937303
"G20572A",0.0035529715762273903,11,0.0029625639644492324
"A20577G",0.009197589597209007,29,0.008314220183486239
"G20578T",0.0006343165239454488,2,0.00011752952929423518
"G20580T",0.0006341154090044388,2,0.00029184298847220193
"A20593G",0.0006339144215530904,2,0.0005927682276229994
"C20594T",0.0009511731135066582,3,0.0002509410288582183
"C20628A",0.006045179764556157,19,0.0057506053268765135
"C20628T",0.0003181673560292714,1,0.00008534607834769993
"C20629T",0.0012726694241170856,4,0.000409626216077829
"T20631C",0.0003181673560292714,1,0.00023212627669452182
"G20635C",0.0003180661577608143,1,0.00023110700254217703
"C20646T",0.0034998409163219855,11,0.0021821067248561795
"C20677T",0.0012622278321236984,4,0.0008543357539513029
"C20703T",0.00125,4,0.00023461786615050736
"G20709T",0.0003123048094940662,1,0.0001770224818551956
"C20719T",0.0012492192379762648,4,0.00032030749519538755
"T20748C",0.00031279324366593683,1,0.0001427959445951735
"A20753G",0.00031289111389236547,1,0.0001487652484379649
"C20759T",0.0009386733416770963,3,0.00019223375624759708
"C20762T",0.00031289111389236547,1,0.00003569898614879337
"A20822G",0.00031279324366593683,1,0.0002924831822170225
"C20823T",0.001876759461995621,6,0.0003898635477582846
"T20833C",0.00031269543464665416,1,0.0002678093197643278
"C20844T",0.0006253908692933083,2,0.00010954102311315588
"T20859C",0.0015634771732332708,5,0.0013831258644536654
"A20860G",0.00031269543464665416,1,0.00021654395842355997
"T20880C",0.001876172607879925,6,0.0016129032258064516
"A20884C",0.00031279324366593683,1,0.00030864197530864197
"A20886C",0.00031279324366593683,1,0.00030873726458783575
"G20887C",0.00031377470975839345,1,0.00030807147258163895
"A20889T",0.00031377470975839345,1,0.0003077870113881194
"T20891C",0.00031377470975839345,1,0.0003091190108191654
"T20892C",0.00031377470975839345,1,0.0002900232018561485
"C20896G",0.00031377470975839345,1,0.0003031221582297666
"A20898T",0.007530593034201443,24,0.0070154925460391695
"G20905A",0.0003136762860727729,1,0.00028121484814398203
"T20928C",0.00031387319522912746,1,0.00027344818156959256
"C20930T",0.00031387319522912746,1,0.00006002040693835904
"G20931T",0.007221350078492936,23,0.0033212996389891695
"T20945C",0.00031377470975839345,1,0.0002981514609421586
"G20953T",0.00031377470975839345,1,0.0003059975520195838
"A20960C",0.0003136762860727729,1,0.0003058103975535168
"T20961A",0.00031377470975839345,1,0.00030184123151222455
"C20964A",0.0003136762860727729,1,0.0002967359050445104
"A20981G",0.0003136762860727729,1,0.00030609121518212427
"G20995T",0.0009439899307740718,3,0.0004544077552256892
"C21005T",0.0006275494195167869,2,0.00024044241404183698
"T21015C",0.00031456432840515884,1,0.00022512381809995497
"A21023G",0.0037747719408619063,12,0.00354295837023915
"T21033C",0.0006277463904582549,2,0.0004689331770222743
"C21034T",0.00031387319522912746,1,0.00006948304613674263
"C21057T",0.005031446540880503,16,0.0006134498888122076
"G21073A",0.00031240237425804435,1,0.0002787068004459309
"A21109C",0.00031279324366593683,1,0.0003075030750307503
"G21123T",0.0012531328320802004,4,0.00020802995631370917
"T21128C",0.0003132832080200501,1,0.00025510204081632655
"A21137G",0.015669069257286117,50,0.0003568701064186657
"C21145T",0.0006267627702914447,2,0.00023282887077997672
"C21156T",0.006273525721455458,20,0.003588087549336204
"G21159A",0.0031357792411414237,10,0.0020157226365652087
"T21162C",0.00031338138514572234,1,0.0002817695125387433
"C21191T",0.0012531328320802004,4,0.0007707129094412332
"G21193T",0.0003132832080200501,1,0.00018882175226586103
"T21195C",0.002504696305572949,8,0.001738752445120626
"C21207T",0.002817783343769568,9,0.0017387944358578052
"C21219T",0.00031318509238960227,1,0.00014369880729989942
"G21220A",0.0006261740763932373,2,0.0005445140212360468
"G21232A",0.0006248047485160887,2,0.0002836074872376631
"C21254T",0.0003125,1,0.0002904443799012489
"G21255A",0.0006251953735542357,2,0.0003723701359150996
"G21255C",0.001875586120662707,6,0.00004886470990650552
"G21255T",0.0009377930603313535,3,0.00016865302451090622
"T21294A",0.0012496094970321774,4,0.0006135910415707931
"G21295A",0.0012496094970321774,4,0.0005469711472719814
"G21296A",0.001562011871290222,5,0.0007381163271331562
"C21302T",0.0006248047485160887,2,0.00011198835321126603
"C21304A",0.0012492192379762648,4,0.00009812098317225139
"G21305A",0.0012492192379762648,4,0.0001065899219228822
"C21306T",0.004059962523422861,13,0.0004657828735220351
"A21323G",0.0034310667498440423,11,0.0024509803921568627
"T21333G",0.0003117206982543641,1,0.0003091190108191654
"G21334T",0.0009354536950420954,3,0.0006580390436499232
"C21364T",0.0006224712107065049,2,0.00013164823591363875
"C21365T",0.00031113876789047915,1,0.00011070519207350825
"A21367T",0.003734827264239029,12,0.003183023872679045
"G21372T",0.0009348706762231225,3,0.00005057316250842886
"C21380T",0.0003117206982543641,1,0.0002378686964795433
"T21393C",0.0003116235587410408,1,0.00028401022436807724
"G21423A",0.0006263701847792045,2,0.0005197505197505198
"G21438A",0.00031318509238960227,1,0.0003059039461609055
"A21450C",0.0009419152276295133,3,0.0008450704225352113
"G21452T",0.00031387319522912746,1,0.0002358490566037736
"C21459T",0.00031377470975839345,1,0.0002314814814814815
"G21468T",0.0003136762860727729,1,0.00010496483677967881
"A21515G",0.0003439972480220158,1,0.0002978850163836759
"C21516T",0.007223942208462332,21,0.0026465028355387526
"A21519G",0.0041279669762641896,12,0.003484320557491289
"T21525G",0.0003439972480220158,1,0.00007633587786259542
"T21528C",0.0003439972480220158,1,0.00007935248373274083
"A21547-",0.0003455425017277125,1,0.00007165890361877464
"A21548-",0.0003455425017277125,1,0.00007316359379572725
"C21549-",0.0003454231433506045,1,0.00007417847340701729
"A21550C",0.0003455425017277125,1,0.00026143790849673205
"A21551C",0.0034554250172771253,10,0.0030826140567200987
"A21551T",0.000691085003455425,2,0.00038044512079132587
"T21570G",0.00033967391304347825,1,0.0000231000231000231
"C21575T",0.009171195652173914,27,0.00016271529644316414
"T21577A",0.00033955857385398983,1,0.00030413625304136254
"G21593T",0.00033909799932180403,1,0.0002920560747663551
"C21595T",0.00033932813030200206,1,0.0000030499149073740843
"T21596C",0.00033932813030200206,1,0.0002936857562408223
"C21602-",0.0003158559696778269,1,0.00025680534155110427
"A21603-",0.0003156565656565657,1,0.0002564102564102564
"G21604-",0.0003156565656565657,1,0.00025621316935690495
"G21604A",0.0003156565656565657,1,0.0002909514111143439
"G21604T",0.0015782828282828283,5,0.0006072382803011902
"T21605-",0.0003156565656565657,1,0.00025523226135783564
"G21606-",0.0003156565656565657,1,0.00025176233635448137
"G21606T",0.0003156565656565657,1,0.000259000259000259
"T21607-",0.0003156565656565657,1,0.00025271670457417233
"G21608-",0.0003155569580309246,1,0.00025265285497726126
"T21609-",0.0003155569580309246,1,0.0002521432173474534
"T21610-",0.0003155569580309246,1,0.00025290844714213456
"C21614T",0.002840012622278321,9,0.000072843233268314
"T21615C",0.0028445006321112516,9,0.001644736842105263
"A21617C",0.0012642225031605564,4,0.0006538084341288003
"A21617T",0.0003160556257901391,1,0.000297441998810232
"C21618T",0.998414711477489,3149,0.0010008397010130444
"C21622A",0.0003160556257901391,1,0.00016675004168751042
"C21622T",0.0009481668773704172,3,0.000010383173720879525
"C21627T",0.0006329113924050633,2,0.00014067665470915102
"T21632-",0.015878056525881232,50,0.005358482477762298
"T21633-",0.9951456310679612,3075,0.0009923762910170099
"T21633C",0.0022653721682847896,7,0.0010391923990498812
"A21634-",0.9877931256023129,3075,0.000992364121147812
"C21635-",0.9987092610519522,3095,0.0009974212069473367
"C21636-",0.9987092610519522,3095,0.0009974308501655832
"C21637-",0.9987092610519522,3095,0.0009974514229877263
"C21638-",0.9987092610519522,3095,0.0009974845341553852
"C21639-",0.9983870967741936,3095,0.0009974832482437688
"T21640-",0.9977433913604127,3095,0.0009977749135852776
"G21641-",0.9964005235602095,3045,0.0009836326117658612
"G21641T",0.000981675392670157,3,0.00013399437223636607
"C21642-",0.0063836578359399935,20,0.003195398625978591
"A21643-",0.006329113924050633,20,0.003200512081933109
"A21643G",0.00569620253164557,18,0.004477611940298508
"C21646T",0.0006329113924050633,2,0.00015180265654648957
"C21648T",0.00031645569620253165,1,0.00008226390259953932
"C21654T",0.00031645569620253165,1,0.0001408649105507818
"T21655C",0.0006329113924050633,2,0.0005685048322910744
"C21658A",0.0018987341772151898,6,0.0017406440382941688
"C21658T",0.0015822784810126582,5,0.00030484087306426044
"C21660T",0.00031645569620253165,1,0.00014766686355581807
"T21664C",0.0009493670886075949,3,0.0008426966292134832
"C21676T",0.001904157410345922,6,0.0009070294784580499
"T21688C",0.0009523809523809524,3,0.0008529997156667614
"C21691T",0.0012706480304955528,4,0.00030783438510081576
"C21697A",0.0006363347120585428,2,0.0005198856251624642
"C21697T",0.0012726694241170856,4,0.0008046670690002012
"T21703C",0.00031357792411414236,1,0.0002944640753828033
"T21705C",0.00031338138514572234,1,0.0003076923076923077
"T21709C",0.0009404388714733542,3,0.0007221954742416948
"A21717C",0.0012558869701726845,4,0.0012334258402713536
"G21718A",0.0018844221105527637,6,0.0012350761630300535
"G21718T",0.000314070351758794,1,0.000014056196674303866
"C21721T",0.0012558869701726845,4,0.000021894174507517914
"G21724T",0.0009419152276295133,3,0.000292654375182909
"C21727T",0.00031466331025802394,1,0.00006633939233116624
"T21738C",0.00031466331025802394,1,0.000028168220613503847
"C21742T",0.0003147623544224111,1,0.000046842795578040096
"G21746C",0.0009436929852154766,3,0.0007010983874737088
"A21759G",0.0037914691943127963,12,0.002859866539561487
"T21765-",0.005374644325007904,17,0.000004716330739073996
"A21766-",0.005372945638432364,17,0.000004714412012987373
"C21767-",0.005371248025276461,17,0.000004702278032423037
"C21767T",0.001579778830963665,5,0.000574052812858783
"A21768-",0.005374644325007904,17,0.000004709557437346957
"T21769-",0.005374644325007904,17,0.000004709849708695796
"G21770-",0.005374644325007904,17,0.0000047544308498796845
"T21771C",0.005371248025276461,17,0.004086538461538462
"C21772T",0.000631911532385466,2,0.0002254283137962128
"T21773A",0.000315955766192733,1,0.0003006614552014432
"C21774T",0.000315955766192733,1,0.00014304105278214847
"T21775C",0.000631911532385466,2,0.0005181347150259067
"G21776T",0.000315955766192733,1,0.00026308866087871614
"C21780T",0.0003160556257901391,1,0.0002554278416347382
"C21781T",0.0009481668773704172,3,0.0006432246998284735
"A21782G",0.00569079987353778,18,0.005316007088009451
"G21786T",0.0037926675094816687,12,0.0008744443634773738
"C21789T",0.000315955766192733,1,0.000018945134889360412
"A21792C",0.000315955766192733,1,0.00007175660160734788
"A21792T",0.0009478672985781991,3,0.0009030704394942806
"G21800T",0.0003158559696778269,1,0.00005043881771411278
"A21801G",0.0003158559696778269,1,0.00006210022977085015
"T21802C",0.0006317119393556538,2,0.00022794620469569182
"A21804G",0.0003160556257901391,1,0.0002995805871779509
"T21810C",0.9939873417721519,3141,0.00854040855835402
"C21811T",0.002530844669408415,8,0.0002799650043744532
"C21812A",0.00031635558367605187,1,0.00016518004625041294
"C21812T",0.0006327111673521037,2,0.00018124150430448574
"G21830A",0.004745333755140778,15,0.003714710252600297
"G21850T",0.004722921914357683,15,0.00253592561284869
"G21853T",0.0006293266205160479,2,0.000314911037631869
"C21855T",0.00031466331025802394,1,0.00003155768745266347
"C21859T",0.0015733165512901196,5,0.0003564045904911255
"C21871T",0.0022026431718061676,7,0.0018295870360690017
"G21920T",0.00033783783783783786,1,0.000250501002004008
"C21928T",0.0006754474839581223,2,0.00035523978685612787
"C21933T",0.0003370407819346141,1,0.00026680896478121667
"T21934C",0.03067071115604988,91,0.025881683731513082
"G21941T",0.0006738544474393531,2,0.000007006628270343745
"C21952T",0.008156606851549755,25,0.0019435590453237969
"G21956C",0.00032562683165092806,1,0.00026226068712300026
"A21964T",0.00032499187520311994,1,0.00030358227079538557
"T21976C",0.0003248862897985705,1,0.00021190930281839374
"C21977T",0.0009746588693957114,3,0.0008460236886632825
"T21982-",0.0003158559696778269,1,0.00014271442842871414
"T21983-",0.0015792798483891346,5,0.0005146150679291889
"T21984-",0.0015792798483891346,5,0.0005208875924575477
"G21985-",0.0018957345971563982,6,0.000586739683160571
"G21986-",0.0018963337547408343,6,0.0004843787842092516
"G21987-",0.0018969332911792601,6,0.0000038699765285923545
"G21987A",0.979449889345558,3098,0.0006019732597959586
"T21988-",0.0018963337547408343,6,0.000003869392524720581
"G21989-",0.0015817779183802593,5,0.000003220248925241921
"T21990-",0.0015878056525881232,5,0.0000032186900317813453
"T21990A",0.00031756113051762465,1,0.00026089225150013044
"T21991-",0.004732927653820149,14,0.000009007020972848335
"T21992-",0.9909578030810449,2959,0.0010126847405281978
"A21993-",0.9916219839142091,2959,0.0010125970633658534
"A21993C",0.0003351206434316354,1,0.0001100715465052284
"T21994-",0.9450479233226837,2958,0.001014478090805735
"T21995-",0.0032331070158422245,10,0.000006451100977148265
"T21995C",0.0012932428063368898,4,0.000028058361391694725
"A21996-",0.0032258064516129032,10,0.0007371369600471767
"C21998A",0.04383735705209657,138,0.006872167720731039
"C22000-",0.00031776294884016526,1,0.00013027618551328816
"C22000A",0.9949157928185574,3131,0.008314412799575118
"A22003T",0.0003160556257901391,1,0.00010045203415369161
"A22005C",0.010439734261309713,33,0.0033971587399629403
"A22005G",0.0006327111673521037,2,0.00040958427196395656
"G22014T",0.0006325110689437065,2,0.00038022813688212925
"T22016A",0.0003167564143173899,1,0.00009325748391308402
"G22017T",0.0025340513145391194,8,0.0006210215804999224
"T22020C",0.0003168567807351077,1,0.00011137097672346586
"G22021A",0.0003168567807351077,1,0.00013073604392731077
"G22021T",0.0003168567807351077,1,0.0000681802686302584
"G22028C",0.0006335128286347799,2,0.0005334755934915977
"A22029-",0.0009502692429521698,3,0.0000010615159084081613
"G22030-",0.0009502692429521698,3,0.0000010615422014332942
"T22031-",0.0009502692429521698,3,0.0000010594308949118712
"T22032-",0.0009505703422053232,3,0.0000010594769150574979
"T22032C",0.0006337135614702154,2,0.0000067066832098185846
"C22033-",0.000949667616334283,3,0.0000010595083457472394
"C22033A",0.0022158911047799935,7,0.000018233630107370032
"C22033T",0.00031655587211142766,1,0.00022153300841825432
"A22034-",0.0009511731135066582,3,0.000001060723597352151
"A22034G",0.0006341154090044388,2,0.000006960928309399341
"G22035A",0.0003168567807351077,1,0.0002913752913752914
"T22054C",0.0009508716323296355,3,0.0006368074718743367
"C22060T",0.0003176620076238882,1,0.00028661507595299513
"C22083G",0.000327653997378768,1,0.00030248033877797946
"C22088A",0.0009797517962116264,3,0.0008805400645729381
"C22088T",0.001959503592423253,6,0.0003349522693016245
"T22089C",0.00032658393207054214,1,0.0003007518796992481
"A22091-",0.000652954619653934,2,0.0005735589331803843
"T22092-",0.000652954619653934,2,0.0005745475438092502
"G22093-",0.000652954619653934,2,0.000576036866359447
"G22093C",0.000652954619653934,2,0.0003316749585406302
"A22095G",0.00032637075718015666,1,0.0002744990392533626
"C22096T",0.0016329196603527107,5,0.0012823800974608873
"A22101T",0.9960745829244357,3045,0.06453322030306241
"A22106G",0.0006572461386789353,2,0.0003629105425512611
"C22109G",0.9986833443054641,3034,0.008398546171242869
"G22111T",0.00032927230819888045,1,0.00005282620179609086
"G22112A",0.00032948929159802305,1,0.00007856693903205531
"G22113A",0.0013179571663920922,4,0.00097442143727162
"A22115G",0.0006557377049180328,2,0.00010114291493880854
"T22117G",0.0006555227794165847,2,0.0005234231876472127
"T22118C",0.000327653997378768,1,0.0002079434393844874
"C22120A",0.0013101867016049786,4,0.0002079002079002079
"C22120T",0.00032754667540124465,1,0.00008618460742911317
"G22131A",0.00322061191626409,10,0.0023551577955723034
"G22132T",0.0025756600128783,8,0.0000921669604488531
"G22139T",0.0003219575016097875,1,0.0001815211472136504
"A22161G",0.0003154574132492114,1,0.0001502178158329578
"A22182T",0.00031525851197982345,1,0.0003045066991473812
"A22190G",0.000628140703517588,2,0.00003046829773620548
"T22191C",0.000314070351758794,1,0.00017319016279875303
"A22193G",0.00031426775612822125,1,0.0002808988764044944
"A22194-",0.0006285355122564425,2,0.000001185362901815798
"T22195-",0.0009430996541967935,3,0.0000017780169539843285
"T22196-",0.0009433962264150943,3,0.0000017724284574023406
"T22197-",0.00031446540880503143,1,0.00007550588945937783
"T22197C",0.00031446540880503143,1,0.0000994431185361973
"T22200A",0.9977945809703844,3167,0.008507426201368387
"T22200G",0.000945179584120983,3,0.000001067802618821516
"G22203A",0.000315059861373661,1,0.00010575296108291032
"G22203T",0.000315059861373661,1,0.0001177440244907571
"G22205C",0.000315059861373661,1,0.00009428625306430322
"A22206G",0.00031496062992125983,1,0.00005811250581125058
"C22208T",0.00031496062992125983,1,0.0000034194230065618726
"A22215G",0.0003151591553734636,1,0.00025157232704402514
"G22217A",0.0003151591553734636,1,0.0001953125
"C22224T",0.00031525851197982345,1,0.00006589351607801793
"G22225A",0.001261431725007884,4,0.000693601525923357
"C22227T",0.001576789656259855,5,0.000012222996345324093
"G22240A",0.002213788741302973,7,0.0018944519621109607
"A22243G",0.00031635558367605187,1,0.0002416626389560174
"T22247C",0.0006430868167202572,2,0.0005641748942172073
"T22258C",0.0017064846416382253,5,0.0014858841010401188
"C22264T",0.0013651877133105802,4,0.0002289639381797367
"T22282C",0.0003506311360448808,1,0.000251004016064257
"C22286T",0.00035001750087504374,1,0.00021862702229995628
"T22288C",0.0003502626970227671,1,0.00027434842249657066
"G22289-",0.0007005253940455342,2,0.00010491528091066464
"C22290-",0.000700770847932726,2,0.00010563566259969366
"T22291-",0.0007010164738871364,2,0.0001057194206575748
"T22292-",0.0007005253940455342,2,0.00027597626604112044
"T22293-",0.0007005253940455342,2,0.00026333113890717575
"A22294-",0.0006997900629811056,2,0.0002550369803621525
"C22295T",0.0010496850944716584,3,0.00031436655139893113
"T22304C",0.0003506311360448808,1,0.000088999644001424
"C22311A",0.0007022471910112359,2,0.00041893590280687055
"C22311T",0.0007022471910112359,2,0.0001109446940700061
"G22317T",0.9961376404494382,2837,0.009252766534794904
"C22323T",0.0017556179775280898,5,0.0003766194636938837
"T22325C",0.00035248501938667606,1,0.0002754820936639118
"C22326T",0.0024665257223396757,7,0.0003182830900741145
"T22327C",0.0003526093088857546,1,0.00026116479498563595
"T22328C",0.00035236081747709656,1,0.000244081034903588
"C22329T",0.00035248501938667606,1,0.00008681309141418526
"A22330G",0.00035248501938667606,1,0.0002723311546840959
"G22331A",0.00035137034434293746,1,0.000014225762856533182
"A22337G",0.001047486033519553,3,0.0005107252298263534
"G22340T",0.00034904013961605586,1,0.00024113817217265494
"C22341T",0.0003487966515521451,1,0.0002479543763947434
"G22346A",0.0003485535029627048,1,0.00028074115665356543
"G22346T",0.0010456605088881143,3,0.0001508523155830442
"C22347A",0.0006968641114982578,2,0.0005863383172090296
"C22350T",0.0003484320557491289,1,0.00019470404984423675
"C22373A",0.0003466204506065858,1,0.0002870264064293915
"C22383T",0.00034614053305642093,1,0.0002249718785151856
"C22413T",0.0006844626967830253,2,0.00038146099561319857
"C22414T",0.000683526999316473,2,0.0002925687536571094
"C22419T",0.000341180484476288,1,0.00021208907741251324
"C22444T",0.005095541401273885,16,0.0010235414534288639
"T22447A",0.00031857279388340236,1,0.0002857959416976279
"C22450T",0.0009554140127388535,3,0.000129315918789603
"A22459T",0.004777070063694267,15,0.00411522633744856
"T22475A",0.0006381620931716656,2,0.0006157635467980296
"C22477A",0.0003191828917969997,1,0.0002901915264074289
"C22480T",0.0009581603321622484,3,0.000037232392181197645
"C22482T",0.0012767315671879987,4,0.00045004500450045
"A22486G",0.0003191828917969997,1,0.0002707092582566324
"G22487C",0.000957548675390999,3,0.0003664793549963352
"C22498T",0.001910828025477707,6,0.00025818666896165927
"T22501C",0.00031857279388340236,1,0.00017094017094017094
"A22519G",0.00032,1,0.0002955956251847473
"A22524T",0.0003197953309881676,1,0.0002443195699975568
"C22530T",0.002240717029449424,7,0.0005995717344753747
"C22564T",0.000952078705172961,3,0.0005104645227156713
"C22570T",0.00031756113051762465,1,0.000041349652662917634
"G22577C",0.9993624481989162,3135,0.004461890332855596
"G22578A",1,3137,0.0006735057811572104
"C22591T",0.00031826861871419476,1,0.00006941552131056504
"C22594T",0.001591343093570974,5,0.000851063829787234
"C22597T",0.0009545020680878142,3,0.00017786209758700422
"G22599C",0.9968193384223919,3134,0.003941459144776309
"T22602G",0.0003180661577608143,1,0.00030637254901960784
"T22603C",0.0003181673560292714,1,0.00028843380444188056
"G22604T",0.001589825119236884,5,0.0008341675008341675
"T22615C",0.0006343165239454488,2,0.0004713646005185011
"G22616T",0.015228426395939087,48,0.010617120106171201
"C22617T",0.0003171582619727244,1,0.00026925148088314486
"C22624A",0.00031776294884016526,1,0.00017415534656913968
"C22624T",0.009215125516364792,29,0.0008161427405510371
"A22629C",0.00031857279388340236,1,0.0000032878405791859966
"G22632A",0.000318775900541919,1,0.00024894199651481205
"C22663T",0.00415202810603641,13,0.0027420375448217677
"C22664A",0.9996805111821087,3129,0.008697658386888745
"A22668C",0.00031938677738741617,1,0.0003077870113881194
"C22674T",0.999680817108203,3132,0.0006975532184998597
"T22679C",0.9996809189534142,3133,0.0006899841521673827
"A22681T",0.0003189792663476874,1,0.0002842524161455372
"T22685-",0.0003191828917969997,1,0.00027739251040221914
"C22686-",0.0003191828917969997,1,0.00027624309392265195
"C22686T",0.999680817108203,3132,0.0006911025402431525
"C22687-",0.0003191828917969997,1,0.000277623542476402
"C22687T",0.0003191828917969997,1,0.00013170025023047545
"A22688-",0.00031928480204342275,1,0.0002747252747252747
"A22688G",0.9993614303959132,3130,0.0010126438124066013
"C22689-",0.0003190810465858328,1,0.0002745744096650192
"T22690-",0.0003190810465858328,1,0.000275027502750275
"C22712T",0.00031887755102040814,1,0.00021190930281839374
"C22716T",0.0009560229445506692,3,0.0005085607730123749
"T22726C",0.00031887755102040814,1,0.00026961445133459155
"C22732A",0.000318775900541919,1,0.0002931691586045148
"T22738C",0.0006381620931716656,2,0.0005103342689461597
"G22745T",0.0003191828917969997,1,0.0003023888720895071
"G22775A",0.9990485252140818,3150,0.001004041026072555
"G22785A",0.0015782828282828283,5,0.0013777900248002205
"A22786C",0.9919871794871795,3095,0.0010305897004297176
"A22786T",0.000641025641025641,2,0.00036569756811117204
"C22792T",0.0063126624582250275,17,0.00003023028363119054
"G22793T",0.0007437709185570844,2,0.0004127115146512588
"A22803G",0.000370919881305638,1,0.00022011886418666079
"G22813T",0.9936802973977695,2673,0.0006545993132217306
"A22814G",0.0007410151908114116,2,0.0005924170616113745
"G22820A",0.00037023324694557573,1,0.00027277686852154935
"T22835G",0.0003695491500369549,1,0.0003078817733990148
"T22846C",0.0003695491500369549,1,0.00021710811984368216
"G22865T",0.0003695491500369549,1,0.00005810237638719424
"C22879T",0.0003176620076238882,1,0.000050789781096043474
"T22882G",0.9990476190476191,3147,0.0007778198502987203
"T22891C",0.00031735956839098697,1,0.0002717391304347826
"G22895C",0.9977770720863767,3142,0.004964284642159132
"T22896C",0.9977770720863767,3142,0.008366440508270581
"G22898A",0.9990473166084471,3146,0.001699124297477454
"C22915T",0.00031635558367605187,1,0.00024764735017335313
"T22917G",0.00031665611146295124,1,2.2629994609535285e-7
"G22918A",0.00031635558367605187,1,0.0002710761724044456
"G22918T",0.0009490667510281556,3,0.0004780114722753346
"G22927T",0.00031645569620253165,1,0.000029787614309969916
"T22928C",0.0012662234884457107,4,0.000018582870310148106
"T22942G",0.9987345776652958,3157,0.00716980189362712
"T22963C",0.000315357931251971,1,0.0002452783909737552
"T22967G",0.000315357931251971,1,0.00030193236714975844
"C22968G",0.000315357931251971,1,0.00030883261272390367
"C22971T",0.000630715862503942,2,0.00043591979075850045
"C22982A",0.000625,2,0.0005866823115283074
"G22985T",0.0003123048094940662,1,0.00026281208935611036
"C22986T",0.0009369144284821987,3,0.00021281123643328368
"C22987T",0.005935645110902843,19,0.0012554513017047706
"T22990C",0.0003125,1,0.00029214139643587495
"G22992A",0.9968720675633407,3187,0.0006866820737410793
"C22993T",0.0009380863039399625,3,0.0001005766393992222
"C22995A",0.0025031289111389237,8,0.0000010682881856941255
"C22995G",0.9962453066332916,3184,0.04427202825400798
"T23005C",0.00031259768677711783,1,0.00022578460149017836
"G23006C",0.00031269543464665416,1,0.0002642007926023778
"G23009A",0.0006251953735542357,2,0.0004927322000492732
"T23010C",0.0012503907471084713,4,0.001092001092001092
"A23013C",0.9968710888610763,3186,0.0007380711508929248
"A23014C",0.00031279324366593683,1,0.0002882675122513693
"T23018C",0.9965560425798372,3183,0.005005315100546606
"T23019C",0.9965571205007825,3184,0.004638958215865995
"T23030C",0.00031289111389236547,1,0.0001665001665001665
"T23031C",0.9965538847117794,3181,0.007874717478109968
"T23042C",0.0006253908692933083,2,0.00010068465565847765
"T23042G",0.00031269543464665416,1,0.00030003000300030005
"T23047C",0.00031269543464665416,1,0.0002296211251435132
"C23053T",0.0003132832080200501,1,0.00017642907551164433
"A23055G",0.9996866186148543,3190,0.0007030061335632318
"C23059T",0.0040752351097178684,13,0.0021374547846103255
"A23060G",0.00031347962382445143,1,0.000286286859433152
"A23063T",0.9996863237139272,3187,0.0006044210927978874
"T23075C",0.9959285937989352,3180,0.0006985763760361942
"C23086T",0.0009791122715404699,3,0.00014330753797649757
"T23115A",0.0006814310051107325,2,0.0006035003017501509
"T23115C",0.00034071550255536625,1,0.00030349013657056146
"T23119C",0.0006807351940095302,2,0.0004574565416285453
"C23123T",0.009510869565217392,28,0.0011930123561994035
"G23126T",0.0013568521031207597,4,0.0005085176709890668
"A23128T",0.00032425421530479895,1,0.0002808199943836001
"T23152C",0.000321646831778707,1,0.0002631578947368421
"G23162A",0.0006191950464396285,2,0.000564334085778781
"A23181C",0.0006191950464396285,2,0.0006108735491753207
"T23182A",0.0006191950464396285,2,0.0006086427267194157
"C23188T",0.00030950170225936243,1,0.0001703867779860283
"C23191T",0.0006190034045187249,2,0.00008446659346228566
"C23202T",1,3232,0.2011326155952455
"C23206T",0.002165841584158416,7,0.0019162332329592116
"G23222A",0.027846534653465347,90,0.00030767863308639275
"G23222C",0.0012376237623762376,4,0.0008064516129032258
"A23223T",0.0003094059405940594,1,0.0002844141069397042
"G23224T",0.0018570102135561746,6,0.0012461059190031153
"A23228G",0.0003094059405940594,1,0.00030321406913280777
"C23230T",0.0009282178217821782,3,0.0003448275862068965
"G23236T",0.0009282178217821782,3,0.0004105652114410839
"C23244A",0.0006190034045187249,2,0.0005292405398253506
"T23245C",0.0012380068090374497,4,0.0009064128710627691
"C23248T",0.0018564356435643563,6,0.00022359692926883805
"G23262A",0.0003094059405940594,1,0.00027434842249657066
"A23263G",0.0003094059405940594,1,0.00029291154071470416
"C23271T",0.0003094059405940594,1,0.0000034559862866464145
"C23275T",0.007116336633663367,23,0.00383525095881274
"C23277T",0.0012376237623762376,4,0.00005447142292974548
"C23280T",0.0027846534653465345,9,0.0006449301325689717
"G23282C",0.0003094059405940594,1,0.0002955082742316785
"G23285T",0.0006188118811881188,2,0.0003672420124862284
"T23293C",0.0003094059405940594,1,0.00024289531212047608
"T23296C",0.0003094059405940594,1,0.000160926939169617
"C23300A",0.0012376237623762376,4,0.0012172854534388314
"G23311T",0.0006188118811881188,2,0.00017685029622424618
"T23314C",0.0003094059405940594,1,0.0002907822041291073
"C23347T",0.00030959752321981426,1,0.00022104332449160034
"T23371C",0.003405572755417957,11,0.001668436220233581
"G23383T",0.00030959752321981426,1,0.00025031289111389235
"G23384A",0.0015479876160990713,5,0.001242544731610338
"G23401T",0.001238390092879257,4,0.00010518841875509506
"A23403G",1,3229,0.0003483228293522339
"G23405A",0.00030959752321981426,1,0.00023223409196470042
"C23410T",0.001238390092879257,4,0.0007047216349541931
"A23416T",0.0003096934035305048,1,0.00008291186468783683
"G23417A",0.008978328173374612,29,0.007282772476142642
"G23417C",0.0018575851393188853,6,0.0006822057987492893
"C23422T",0.0006193868070610096,2,0.00022416498542927594
"C23423T",0.0006191950464396285,2,0.000006839430685789715
"G23426C",0.0006191950464396285,2,0.0005720823798627002
"C23430T",0.00030959752321981426,1,0.00016265452179570593
"T23431C",0.0009287925696594427,3,0.0006197066721751704
"T23455C",0.0006267627702914447,2,0.0004628558204119417
"T23473C",0.00031645569620253165,1,0.0002591344908007256
"T23480C",0.0012694382735639479,4,0.0011685655857434998
"C23481T",0.007936507936507936,25,0.0019205654144580165
"T23487G",0.0022243406418811567,7,0.0013521344407958276
"G23501T",0.0009517766497461929,3,0.00044516990651431964
"C23506T",0.00031756113051762465,1,0.00009852216748768474
"C23520T",0.00031735956839098697,1,0.00009607070804111827
"G23522A",0.0003171582619727244,1,0.0001971608832807571
"A23523T",0.0003171582619727244,1,0.00021920210434020167
"C23525T",0.9996827411167513,3151,0.000647121980953132
"C23533T",0.0031746031746031746,10,0.0007907638779060573
"T23542C",0.0003180661577608143,1,0.0002208968411751712
"G23545A",0.0070041388092964025,22,0.006341885269530124
"G23564T",0.000637551801083838,2,0.0005672149744753262
"A23570G",0.0003183699458771092,1,0.00016753224995811694
"T23584C",0.0009463722397476341,3,0.0006161429451632779
"A23586T",0.0003155569580309246,1,0.0002810567734682406
"G23587C",0.002207505518763797,7,0.00039933823948884705
"C23589T",0.0012618296529968455,4,0.0005447364837259975
"G23593T",0.002801992528019925,9,0.00032521500325215
"T23599A",0.00219573400250941,7,0.001611047180667434
"T23599G",0.9962358845671268,3176,0.0006566312624707736
"C23604A",0.9978077043532728,3186,0.000604320607825895
"G23608T",0.001244167962674961,4,0.00031411967959792684
"C23609T",0.0006220839813374805,2,0.0004174493842621582
"C23613T",0.004766444232602479,15,0.0018035349284597811
"G23624A",0.00031655587211142766,1,0.00022040996253030638
"C23625T",0.004430379746835443,14,0.000514252130473112
"G23628T",0.0006327111673521037,2,0.0003434655675768504
"C23635T",0.0022194039315155357,7,0.0003225806451612903
"C23638T",0.002217997465145754,7,0.0003157277524694421
"A23639G",0.0006339144215530904,2,0.0005851375073142189
"C23643T",0.0003167564143173899,1,0.00016404199475065617
"C23673T",0.0009490667510281556,3,0.000015067880803017594
"G23675C",0.0015817779183802593,5,0.001419244961680386
"C23679T",0.0003160556257901391,1,0.0001326259946949602
"A23691G",0.0006321112515802782,2,0.0005995203836930455
"G23724T",0.0003158559696778269,1,0.00030321406913280777
"T23739C",0.0003158559696778269,1,0.0002941176470588235
"C23741A",0.0003158559696778269,1,0.0003036744609778318
"A23756G",0.000315955766192733,1,0.00004749465685110425
"C23757T",0.000631911532385466,2,0.0002175805047867711
"A23767G",0.0006309148264984228,2,0.00007229351165732875
"A23779T",0.000946969696969697,3,0.0007905138339920949
"T23797C",0.0003154574132492114,1,0.00013559322033898305
"A23810G",0.002522863450015768,8,0.002352941176470588
"C23816T",0.0006311139160618492,2,0.00046490004649000463
"G23821A",0.0003155569580309246,1,0.00025031289111389235
"C23854A",1,3153,0.0006877165063739738
"G23868C",0.00031665611146295124,1,0.0002763957987838585
"C23895T",0.0003324468085106383,1,0.00021199915200339198
"C23896T",0.0006648936170212766,2,0.0001363605372605168
"G23909A",0.00033233632436025255,1,0.0002914602156805596
"A23920T",0.00033944331296673454,1,0.0003046922608165753
"C23929T",0.002717391304347826,8,0.00041040373467398554
"C23934T",0.00033967391304347825,1,0.00011337868480725624
"A23941T",0.00034048348655090226,1,0.00020855057351407716
"A23946C",0.000346860908775581,1,0.0002663825253063399
"A23946T",0.000346860908775581,1,0.00030432136335970786
"A23947G",0.00034698126301179735,1,0.00026602819898909286
"G23948T",0.9993057965984034,2879,0.0006007199040684324
"A23977G",0.0010434782608695651,3,0.0007963897000265463
"T23986C",0.0003713330857779428,1,0.00006193100885613426
"C23987T",0.0003717472118959108,1,0.000043546420484236195
"A23993C",0.0003713330857779428,1,0.00030759766225776686
"C23996T",0.0003716090672612412,1,0.00009476876421531463
"A24014G",0.0007487832272557095,2,0.00039277297721916735
"T24022C",0.0003711952487008166,1,0.00017943656917279743
"C24023T",0.008537490720118782,23,0.0008591707134852447
"C24026T",0.001480932987782303,4,0.0006991784653032686
"T24028A",0.010358860525342212,28,0.008570554025099479
"A24033G",0.0003698224852071006,1,0.0002986857825567503
"C24034T",0.0003698224852071006,1,0.00006033910577445242
"G24040T",0.0003698224852071006,1,0.0001680672268907563
"C24061T",0.00032637075718015666,1,0.0002701972439881113
"A24066G",0.0022838499184339315,7,0.0018949648077964266
"C24068A",0.0003262642740619902,1,0.00028074115665356543
"T24088C",0.0039164490861618795,12,0.0018990346573824971
"G24095T",0.00097815454841865,3,0.00017211703958691912
"C24106T",0.00032583903551645487,1,0.00012295585884667404
"C24130T",0.002936378466557912,9,0.00011062898725308225
"T24136C",0.001304631441617743,4,0.000819000819000819
"G24173T",0.00032583903551645487,1,0.00020538098172109262
"G24193T",0.005674653215636823,18,0.0026342748426752523
"A24196G",0.0006297229219143577,2,0.000561955605507165
"G24197A",0.00031486146095717883,1,0.0002487562189054726
"G24197T",0.00031486146095717883,1,0.00008072328059412334
"C24198T",0.0006297229219143577,2,0.0002230400356864057
"G24199T",0.00031496062992125983,1,0.00018460402436773122
"C24210T",0.0003169572107765452,1,0.00008658758334054896
"C24213T",0.0003168567807351077,1,0.00020885547201336674
"T24214A",0.0003169572107765452,1,0.0002585315408479835
"G24216C",0.0003169572107765452,1,0.0003083564600678384
"T24217A",0.0003169572107765452,1,0.00030892801977139327
"T24217C",0.0003169572107765452,1,0.00027412280701754384
"G24219T",0.0003168567807351077,1,0.0002681684097613301
"C24223A",0.0006337135614702154,2,0.0004637143519591931
"T24224C",0.0003171582619727244,1,0.0001463271875914545
"G24236T",0.0006353240152477764,2,0.000429000429000429
"T24238C",0.00031756113051762465,1,0.0002875215641173088
"G24293A",0.00031776294884016526,1,0.0002755580049600441
"A24296G",0.00031776294884016526,1,0.00030147723846849563
"C24319T",0.0019267822736030828,6,0.0010443864229765013
"T24331C",0.00032092426187419767,1,0.00028901734104046245
"C24337T",0.0006420545746388443,2,0.00016579623642543314
"T24346C",0.0003208213025344883,1,0.00026659557451346307
"G24348T",0.00256986829424992,8,0.0014419610670511895
"C24358A",0.0012845215157353885,4,0.0005412719891745603
"T24364C",0.00128493414712496,4,0.0006350214319733291
"C24370T",0.0006426735218508997,2,0.0001432870038687491
"C24378A",0.0012832852101379532,4,0.0011383039271485487
"T24379C",0.0003208213025344883,1,0.0002794076557697681
"C24382T",0.0019249278152069298,6,0.00030559233981868186
"C24384T",0.0003208213025344883,1,0.0002947244326554671
"T24406G",0.00032,1,0.000286286859433152
"C24418T",0.0006357279084551812,2,0.00024663953631767175
"C24421T",0.0003176620076238882,1,0.00022456770716370987
"A24424C",0.0003178639542275906,1,0.00026143790849673205
"A24424T",0.9996821360457724,3145,0.0006522690459450435
"A24439T",0.0003178639542275906,1,0.000308546744831842
"A24441C",0.0003179650238473768,1,0.00030759766225776686
"C24444T",0.0003181673560292714,1,0.0001838235294117647
"G24445A",0.0006363347120585428,2,0.00045714285714285713
"T24460C",0.0003168567807351077,1,0.00023540489642184556
"T24469A",1,3178,0.0006547881745832576
"A24478G",0.000314070351758794,1,0.0002966478789676654
"A24484C",0.0006279434850863422,2,0.0006161429451632779
"A24493G",0.0006269592476489029,2,0.0005959475566150178
"T24506G",0.00031357792411414236,1,0.0000014617596370158469
"T24514C",0.0006271558482282847,2,0.0005550929780738274
"C24517T",0.00031357792411414236,1,0.00021422450728363326
"G24526A",0.0018820577164366374,6,0.001503006012024048
"T24529C",0.0018826482585503608,6,0.001554001554001554
"A24532G",0.0012558869701726845,4,0.0011425307055127106
"G24535T",0.0006287331027978623,2,0.0003193357815743254
"A24551G",0.0012618296529968455,4,0.0011621150493898896
"C24559A",0.0006313131313131314,2,0.0006125574272588055
"C24579T",0.0003155569580309246,1,0.0002079002079002079
"A24580G",0.0009466708740927738,3,0.0007276255154014067
"C24588T",0.0003155569580309246,1,0.0001893939393939394
"T24597C",0.0003154574132492114,1,0.00030478512648582747
"G24603C",0.000315357931251971,1,0.000254323499491353
"C24616T",0.0006315124723713293,2,0.0002465179341797116
"C24621T",0.0006311139160618492,2,0.00025644313373509426
"C24624T",0.0003155569580309246,1,0.00028169014084507044
"T24685C",0.00031308703819661864,1,0.0002339728591483388
"A24696G",0.002817783343769568,9,0.001780767708745548
"G24697A",0.00031298904538341156,1,0.00018677624206200972
"G24698A",0.00031289111389236547,1,0.0003069367710251688
"C24700T",0.00031308703819661864,1,0.00011739845034045551
"T24701C",0.00031308703819661864,1,0.00027831895352073476
"C24715T",0.00031279324366593683,1,0.00016482610845557937
"C24718T",0.0009380863039399625,3,0.000643915003219575
"T24721C",0.0034396497811131957,11,0.0023763231799524736
"G24724A",0.00031259768677711783,1,0.0002452182442373713
"T24733C",0.00031279324366593683,1,0.00021654395842355997
"C24734T",0.00031279324366593683,1,0.00016409583196586806
"G24743A",0.00031279324366593683,1,0.00030193236714975844
"C24745A",0.00031298904538341156,1,0.0002952465308532625
"G24757T",0.0015664160401002505,5,0.0005938242280285036
"C24771T",0.00031357792411414236,1,0.0001330671989354624
"A24780G",0.00031036623215394165,1,0.00028776978417266187
"G24781T",0.0003104625892579944,1,0.00013386880856760375
"G24794T",0.0003104625892579944,1,0.00003270966897814994
"C24797A",0.0009313877677739833,3,0.0007462686567164179
"C24802T",0.0003104625892579944,1,0.00023137436372049977
"A24803C",0.0003104625892579944,1,0.00030175015087507544
"C24809T",0.00031055900621118014,1,0.0001618646811265782
"A24820G",0.00031152647975077883,1,0.0002747252747252747
"G24821T",0.00031152647975077883,1,0.00009111617312072893
"T24856C",0.002819548872180451,9,0.002263012320844858
"G24858A",0.0006265664160401002,2,0.0004701457451810061
"C24863T",0.00031347962382445143,1,0.00006377957777919511
"C24865T",0.0012539184952978057,4,0.0002770083102493075
"G24872A",0.0012539184952978057,4,0.0009737098344693282
"T24886C",0.00031357792411414236,1,0.00028851702250432774
"T24892C",0.007210031347962382,23,0.002775096525096525
"C24897T",0.00031357792411414236,1,0.000279876854184159
"T24903C",0.0012539184952978057,4,0.0005955926146515784
"C24904T",0.002819548872180451,9,0.00036302032913843176
"T24906C",0.0012535255405828893,4,0.0011702750146284377
"C24912T",0.0006265664160401002,2,0.0001331114808652246
"C24919T",0.00031338138514572234,1,0.00008802816901408451
"A24922G",0.0006265664160401002,2,0.000520697734964853
"G24926T",0.0006271558482282847,2,0.00023696682464454977
"G24928A",0.0009398496240601503,3,0.0008527572484366117
"G24928T",0.0009398496240601503,3,0.000049005194550622366
"G24932A",0.0009398496240601503,3,0.0008103727714748784
"G24933T",0.001880288310874334,6,0.0003171750277528149
"A24935C",0.00031338138514572234,1,0.0003045994517209869
"C24937A",0.0003132832080200501,1,0.00028851702250432774
"T24940C",0.0012547051442910915,4,0.0011537352177675222
"A24952G",0.0012558869701726845,4,0.0009820770930518046
"G24954C",0.0003139717425431711,1,0.0002759381898454746
"G24959A",0.00031416902293433867,1,0.00015780337699226762
"C24961G",0.0012558869701726845,4,0.001235712079085573
"C24969T",0.00031387319522912746,1,0.00027041644131963225
"A24970T",0.00031387319522912746,1,0.00030147723846849563
"G24977C",0.0006259780907668231,2,0.0003716090672612412
"G24977T",0.00031298904538341156,1,0.00023651844843897824
"C24990T",0.0006263701847792045,2,0.000007038337826138979
"G24992C",0.00031308703819661864,1,0.00018281535648994517
"G24998C",0.00031289111389236547,1,0.00022153300841825432
"C25000T",0.9981214777708203,3188,0.0006702260688508019
"A25003T",0.00031298904538341156,1,0.0002767017155506364
"C25006T",0.01095118898623279,35,0.0007881285325046724
"G25009A",0.00031289111389236547,1,0.00020721094073767094
"G25012T",0.00031289111389236547,1,0.0000839278220730172
"C25046T",0.002505480739116818,8,0.00035919540229885057
"G25049T",0.0003132832080200501,1,0.00009115770282588879
"A25050C",0.00031318509238960227,1,0.00029231218941829873
"G25052A",0.00031318509238960227,1,0.00021649707728945658
"G25061A",0.0009386733416770963,3,0.0007700205338809035
"G25064A",0.00031289111389236547,1,0.0002845759817871372
"C25069T",0.00031259768677711783,1,0.000189000189000189
"T25072A",0.0006255864873318737,2,0.0006138735420503376
"G25073C",0.00031259768677711783,1,0.00030731407498463427
"G25074T",0.004688965301656768,15,0.003775484520513466
"C25075T",0.00031259768677711783,1,0.00017513134851138354
"A25076G",0.00031259768677711783,1,0.0002861230329041488
"A25080C",0.0003125,1,0.0003074085459575776
"T25084C",0.000625,2,0.0005390835579514825
"G25088A",0.0003123048094940662,1,0.00030248033877797946
"T25111C",0.00031279324366593683,1,0.00027005130974885227
"G25116A",0.0009386733416770963,3,0.0007014262333411269
"C25117T",0.00031279324366593683,1,0.0002224694104560623
"A25122C",0.0003160556257901391,1,0.00029129041654529564
"A25133G",0.0003168567807351077,1,0.00030432136335970786
"G25135T",0.004117833386126069,13,0.0003072922822361423
"C25162T",0.0003180661577608143,1,0.00019245573518090838
"A25165G",0.001272264631043257,4,0.001126443255421008
"C25169T",0.00031826861871419476,1,0.00019743336623889436
"T25171C",0.0003183699458771092,1,0.00014007564084605686
"A25192T",0.0006355258976803305,2,0.0006031363088057901
"A25201G",0.001272264631043257,4,0.001011378002528445
"C25207T",0.005723370429252782,18,0.00006260934896711966
"A25208G",0.0003179650238473768,1,0.0002550369803621525
"G25217T",0.000318775900541919,1,0.00009317927692881103
"G25218T",0.000318775900541919,1,0.00006965243435258063
"A25223G",0.0006377551020408163,2,0.0004767580452920143
"G25244C",0.0006355258976803305,2,0.00044802867383512545
"G25252T",0.0006357279084551812,2,0.00026932399676811203
"G25266T",0.0006355258976803305,2,0.00023110700254217703
"G25273C",0.0003178639542275906,1,0.00016837851490149856
"G25273T",0.0003178639542275906,1,0.0000803793907242183
"C25276T",0.0003184713375796178,1,0.00006964273278083432
"C25282T",0.0009554140127388535,3,0.0006235709831635835
"G25290T",0.00031826861871419476,1,0.00010667804565820355
"G25298A",0.0003184713375796178,1,0.00026968716289104636
"C25300T",0.00031867431485022306,1,0.0002046245140167792
"T25301C",0.0006369426751592356,2,0.0005943536404160475
"G25302T",0.00031826861871419476,1,0.00011625203441060219
"G25311T",0.0006363347120585428,2,0.0003139224611520954
"G25314A",0.0003183699458771092,1,0.000281135788585887
"T25316C",0.018147086914995225,57,0.010378732702112163
"C25317A",0.0003181673560292714,1,0.0002931691586045148
"C25317T",0.0012726694241170856,4,0.0004174058228112282
"C25339T",0.0006345177664974619,2,0.000018705049428093113
"C25342T",0.0006345177664974619,2,0.0005252100840336134
"C25350T",0.0009548058561425843,3,0.0002096729102599944
"G25352T",0.001910828025477707,6,0.00009693523110974684
"C25355T",0.00031857279388340236,1,0.00009527439024390244
"A25383G",0.00031575623618566466,1,0.00019727756954034326
"T25394C",0.000315955766192733,1,0.0002990430622009569
"C25413T",0.0006193868070610096,2,0.000044648836897798814
"C25416T",0.9996900185988841,3225,0.004452992963580731
"C25418A",0.0003097893432465923,1,0.00007974481658692185
"T25421C",0.0003096934035305048,1,0.0002808988764044944
"C25427T",0.00030959752321981426,1,0.00013636983499249966
"G25429C",0.00030959752321981426,1,0.00017397355601948505
"G25429T",0.00030959752321981426,1,0.0000778089013383131
"C25433T",0.0006191950464396285,2,0.0002316423442205235
"G25437C",0.0012387736141220192,4,0.0009982530571499876
"G25437T",0.0006193868070610096,2,0.00005241639584862145
"G25444A",0.0003097893432465923,1,0.000251004016064257
"G25445T",0.0003097893432465923,1,0.00007935878104912309
"A25448T",0.0009293680297397769,3,0.0008595988538681948
"A25449G",0.007125154894671623,23,0.006709451575262544
"G25455T",0.01675977653631285,54,0.0036540803897685747
"G25459T",0.0006197706848466068,2,0.00015477480266212662
"C25463T",0.0006197706848466068,2,0.00014706963747334364
"C25466A",0.0006197706848466068,2,0.0004885197850512946
"T25467C",0.0003098853424233034,1,0.0002222716159146477
"C25469T",0.0009296560272699101,3,9.845982576549233e-7
"T25473C",0.0006197706848466068,2,0.00028169014084507044
"G25477T",0.0006197706848466068,2,0.00041017227235438887
"T25479C",0.0006197706848466068,2,0.0003940110323089047
"C25487A",0.00030998140111593303,1,0.00026954177897574127
"C25487T",0.0006199628022318661,2,0.000273224043715847
"G25494A",0.014263565891472868,46,0.008921644685802949
"A25495G",0.0006203473945409429,2,0.00043393360815795185
"T25496A",0.000310077519379845,1,0.00012963443090484831
"T25496C",0.00062015503875969,2,0.00020607934054611026
"G25500A",0.000310077519379845,1,0.00015163002274450342
"T25502C",0.0034108527131782944,11,0.0013143744772374237
"T25510C",0.006201550387596899,20,0.0028735632183908046
"C25511T",0.0018604651162790699,6,0.0004289697576320869
"C25513T",0.0009302325581395349,3,0.00014321176245942334
"T25514C",0.00062015503875969,2,0.00041911148365465214
"C25517T",0.0006205398696866273,2,0.00003027092477675193
"T25518C",0.0018610421836228288,6,0.0004298610116062473
"T25520C",0.00031017369727047146,1,0.00018515089798185522
"C25521T",0.003101736972704715,10,0.00020930135208673448
"T25530C",0.00031026993484331366,1,0.0002797985450475658
"G25534A",0.0006207324643078833,2,0.0005242463958060288
"T25535C",0.0003104625892579944,1,0.00029507229271171436
"G25537A",0.0003104625892579944,1,0.0002455795677799607
"G25538T",0.0006207324643078833,2,0.00008247422680412371
"C25539T",0.002482929857231533,8,0.001762502753910553
"G25540A",0.0006207324643078833,2,0.00021537798836958864
"G25540T",0.0031036623215394167,10,0.0025157232704402514
"G25543A",0.0034097954122752636,11,0.0030170049369171695
"T25548C",0.00030998140111593303,1,0.0002703433360367667
"C25549A",0.00030998140111593303,1,0.0002774694783573807
"T25551C",0.00030998140111593303,1,0.00027427317608337906
"C25553T",0.000310077519379845,1,0.00004422430567840085
"G25555T",0.00031026993484331366,1,0.00009931472837421789
"G25563C",0.0012399256044637321,4,0.0007158196134574087
"A25564G",0.0006199628022318661,2,0.0005094243504839531
"C25566T",0.0015499070055796653,5,0.0004849190185239065
"G25567T",0.00030998140111593303,1,0.00019372336303758234
"C25571T",0.0006199628022318661,2,0.00014804944851580428
"C25572T",0.00030998140111593303,1,0.000030038148448529632
"T25577C",0.0009299442033477991,3,0.0004641807210273867
"T25580C",0.0024798512089274642,8,0.0010109945659042083
"C25584T",1,3225,0.000663224343808919
"C25587A",0.00031133250311332503,1,0.00016302575806977502
"C25587T",0.0009339975093399751,3,0.00015239256324291374
"A25592T",0.00030998140111593303,1,0.00029120559114735004
"G25595A",0.015809051456912585,51,0.013545816733067729
"G25595T",0.00030998140111593303,1,0.00003990582225946766
"G25599T",0.0006199628022318661,2,0.00013659336156262805
"C25603A",0.002789832610043397,9,0.0015182186234817814
"C25603T",0.00030998140111593303,1,0.00006216972334473111
"C25609T",0.00030998140111593303,1,0.00015730690577316344
"C25611T",0.00062015503875969,2,0.00020283975659229209
"T25612G",0.00030998140111593303,1,0.00028686173264486515
"C25613A",0.000310077519379845,1,0.00029394473838918284
"C25613T",0.0018604651162790699,6,0.00028292544914415053
"C25614T",0.0015503875968992248,5,0.000029477134586701097
"A25616G",0.0006197706848466068,2,0.0005121638924455825
"G25617T",0.0021698698078115313,7,0.0006582040432534086
"G25621A",0.00030998140111593303,1,0.00017349063150589867
"C25624T",0.0009296560272699101,3,0.000016744341807830772
"A25625G",0.0003098853424233034,1,0.0002796420581655481
"C25626A",0.0003098853424233034,1,0.000279876854184159
"C25638T",0.0040297582145071295,13,0.0017275747508305648
"T25639G",0.00030998140111593303,1,0.0002449179524859172
"C25642T",0.0009299442033477991,3,0.00047355958958168905
"G25644T",0.0009296560272699101,3,0.00027063599458728013
"G25650T",0.0012414649286157666,4,0.0005586592178770949
"C25658T",0.00031026993484331366,1,0.000046613527245606674
"A25659G",0.0012414649286157666,4,0.0010985992859104642
"A25659T",0.00031036623215394165,1,0.0003023888720895071
"G25660T",0.0006197706848466068,2,0.00016421709499958947
"T25662C",0.0012395413696932136,4,0.0011148272017837235
"C25665T",0.00030998140111593303,1,0.00007748334108166744
"C25669T",0.007136208501396215,23,0.002103722674471783
"C25672A",0.00031026993484331366,1,0.00008772699359592947
"C25680T",0.00031017369727047146,1,0.00008782715615668365
"G25681A",0.0018610421836228288,6,0.0007163323782234957
"T25682C",0.00031017369727047146,1,0.00022331397945511388
"G25684A",0.000310077519379845,1,0.0002617801047120419
"G25690C",0.00031026993484331366,1,0.0002878526194588371
"G25690T",0.00031026993484331366,1,0.000037890269778720825
"G25691A",0.0006205398696866273,2,0.00039502271380604387
"C25693T",0.003102699348433137,10,0.001016880211511084
"C25700T",0.000931098696461825,3,0.0006432246998284735
"C25702A",0.00031017369727047146,1,0.00028776978417266187
"C25702T",0.0006203473945409429,2,0.00004401989699344104
"T25705C",0.00031017369727047146,1,0.00020296326364927948
"C25708-",0.001861619609059882,6,0.0015109544195416771
"C25708T",0.00031026993484331366,1,0.000005251438894257026
"T25709-",0.0018610421836228288,6,0.001519756838905775
"C25710-",0.0018610421836228288,6,0.0015220700152207
"C25710G",0.00031017369727047146,1,0.0002821670428893905
"T25711-",0.001861619609059882,6,0.0013914656771799629
"T25711C",0.0012410797393732546,4,0.00040737345961910584
"A25712-",0.0015556938394523958,5,0.001155001155001155
"A25712G",0.00031113876789047915,1,0.00020946795140343527
"T25713-",0.001244167962674961,4,0.000931098696461825
"C25714T",0.001244167962674961,4,0.00018422143416386497
"T25719C",0.0009331259720062209,3,0.0007354743809757293
"T25722C",0.0012437810945273632,4,0.0011309018942606728
"G25726C",0.00031075201988812925,1,0.0002834467120181406
"G25726T",0.0015537600994406464,5,0.0003356831151393085
"C25728A",0.00031075201988812925,1,0.0002959455460195324
"C25728T",0.002175264139216905,7,0.000538295908951092
"C25731T",0.012119328775637041,39,0.0022166647720813916
"G25742T",0.00031075201988812925,1,0.0002390628735357399
"A25744G",0.0003112356053532524,1,0.0001644736842105263
"C25749T",0.0003132832080200501,1,0.0002668801708033093
"T25754C",0.008458646616541353,27,0.007929515418502203
"A25762G",0.002192295646727216,7,0.001989766913018761
"T25763C",0.00031318509238960227,1,0.00025687130747495504
"G25770A",0.0006269592476489029,2,0.0005250721974271463
"C25771A",0.0003136762860727729,1,0.00026476039184537993
"C25771T",0.0003136762860727729,1,0.00014353380221042057
"C25782T",0.0006283380458686773,2,0.00017459624618070712
"G25785C",0.00031416902293433867,1,0.0001397624039133473
"G25785T",0.0006283380458686773,2,0.000054892273912446824
"C25791T",0.000314070351758794,1,0.00012417732522041475
"C25792T",0.0021984924623115578,7,0.0007969034608378871
"A25802G",0.0006285355122564425,2,0.0006045949214026602
"C25803A",0.00031416902293433867,1,0.00028538812785388126
"A25806G",0.00031426775612822125,1,0.00006943962224845496
"C25810T",0.001257071024512885,4,0.0000573879858251675
"C25820T",0.00031426775612822125,1,0.0002469135802469136
"A25826T",0.000942507068803016,3,0.0006690454950936663
"C25831T",0.00031436655139893113,1,0.00014581510644502772
"T25833A",0.00031436655139893113,1,0.00030826140567200987
"C25840T",0.00031436655139893113,1,0.00027662517289073305
"A25841G",0.0006287331027978623,2,0.0004784688995215311
"G25855T",0.0012582573136206354,4,0.00006017661837493042
"C25872T",0.0006279434850863422,2,0.00011199462425803562
"G25879T",0.00031456432840515884,1,0.00022742779167614282
"C25886T",0.0009442870632672333,3,0.00010196798205363516
"A25890G",0.00031466331025802394,1,0.0002958579881656805
"A25891C",0.00031466331025802394,1,0.0003051571559353067
"T25902C",0.00031466331025802394,1,0.00025157232704402514
"C25904T",0.0012586532410320957,4,0.0001073191672032625
"G25906T",0.000945179584120983,3,0.00011596443757247778
"G25912A",0.000315059861373661,1,0.00023234200743494423
"C25916T",0.005349276274386407,17,0.0005505537923440637
"C25919T",0.0018909549322407816,6,0.000530832522339202
"C25925A",0.001575299306868305,5,0.0015082956259426848
"T25930C",0.0006309148264984228,2,0.000250501002004008
"C25944T",0.000315059861373661,1,0.0002577319587628866
"G25947T",0.00031486146095717883,1,0.00008609556607834697
"A25958G",0.00031496062992125983,1,0.00019372336303758234
"G25972A",0.000630715862503942,2,0.00048638132295719845
"A25974T",0.0003154574132492114,1,0.00030376670716889426
"G25987C",0.0006279434850863422,2,0.0005896226415094339
"G25991T",0.0025109855618330196,8,0.0021586616297895305
"T25992C",0.004080351537978657,13,0.0035733919736118747
"T25994C",0.00031387319522912746,1,0.0002764722145424385
"G25996T",0.00031387319522912746,1,0.000026740112843276198
"A25998G",0.0031357792411414237,10,0.0016625103906899418
"T26012C",0.000942507068803016,3,0.0007942811755361397
"C26015A",0.0025133521834747093,8,0.002112490097702667
"T26017G",0.00031426775612822125,1,0.00029976019184652276
"G26020T",0.008796732642161484,28,0.005140444281255737
"C26022T",0.0059692114357524344,19,0.0009534323564833401
"T26023C",0.0003139717425431711,1,0.00026925148088314486
"C26028T",0.003138731952291274,10,0.0008387150884844419
"C26029A",0.0028239723878255413,9,0.0006243496357960458
"C26039T",0.00031387319522912746,1,0.0002492522432701894
"C26042T",0.0003118178983473651,1,0.00012233912405187178
"T26043C",0.0003117206982543641,1,0.00024160425223483932
"C26044G",0.002805486284289277,9,0.0026462805057336078
"A26053G",0.0009375,3,0.0006700915791824883
"C26054T",0.000625,2,0.0004886391399951136
"C26058T",0.00031240237425804435,1,0.00005607581450120563
"C26060T",0.9993736298152208,3191,0.0009864301707287744
"G26065A",0.0015634771732332708,5,0.0012626262626262627
"G26065T",0.0006253908692933083,2,0.00014715620631300125
"C26078T",0.00031308703819661864,1,0.000034092458748124914
"T26083C",0.0009389671361502347,3,0.0008620689655172414
"T26094C",0.000625,2,0.000490075961774075
"A26105C",0.0006248047485160887,2,0.0005975500448162533
"G26109A",0.0009377930603313535,3,0.00019001773498859893
"C26110T",0.0003125,1,0.00004593688272313841
"C26111T",0.001562011871290222,5,0.0002413476854756963
"C26131T",0.00031298904538341156,1,0.000227842333105491
"G26144A",0.0006257822277847309,2,0.00044933722758930576
"C26151A",0.001875586120662707,6,0.0010766194150367845
"C26151T",0.018755861206627072,60,0.002173676774263667
"G26153T",0.0006251953735542357,2,0.00025647601949217746
"G26155-",0.0006253908692933083,2,0.00019100372457262916
"G26155T",0.0050031269543464665,16,0.0029900953092879836
"T26156-",0.0006253908692933083,2,0.00019094901661256445
"T26157-",0.0006251953735542357,2,0.0001912960306073649
"G26158-",0.0003125,1,0.00004864049807870033
"T26159-",0.0012503907471084713,4,0.00016632708220716037
"T26160-",0.00125,4,0.0001672031099778456
"A26161-",0.00125,4,0.00014298480786416443
"G26167T",0.00031259768677711783,1,0.0001114951499609767
"T26168C",0.001875586120662707,6,0.0016194331983805667
"T26171A",0.00031259768677711783,1,0.00014740566037735848
"C26198T",0.0046875,15,0.0017697026899480886
"G26199T",0.0015625,5,0.000823587547356284
"C26208T",0.0015634771732332708,5,0.0004978096375945838
"G26211A",0.0006253908692933083,2,0.0005636978579481398
"C26213T",0.00031279324366593683,1,0.00028686173264486515
"C26228A",0.002499218994064355,8,0.0015904572564612327
"A26253G",0.00093603744149766,3,0.0008800234672924611
"C26256T",0.0006240249609984399,2,0.00010691756655618518
"G26257A",0.00031201248049921997,1,0.00022163120567375886
"G26268A",0.006554307116104869,21,0.0057049714751426246
"C26270T",1,3196,0.0006616245740119002
"A26275G",1,3194,0.0072588434485188
"G26277A",0.0006261740763932373,2,0.00046221400508435407
"T26286C",0.00031191515907673113,1,0.00025660764690787786
"T26289C",0.00031191515907673113,1,0.0002537427048972342
"G26291A",0.00031191515907673113,1,0.000282326369282891
"C26292T",0.0009354536950420954,3,0.0006381620931716656
"G26293A",0.0006236357966947302,2,0.0005865102639296188
"T26301C",0.0003118178983473651,1,0.00026673779674579886
"C26305A",0.0003117206982543641,1,0.00026609898882384245
"C26305T",0.0006234413965087282,2,0.00019038553069966683
"C26313T",0.004990642545227698,16,0.0012622278321236984
"T26331A",0.00031201248049921997,1,0.00030845157310302283
"C26340T",0.00031377470975839345,1,0.0001223091976516634
"T26342C",0.0006273525721455458,2,0.000563856780377784
"C26351T",0.00031308703819661864,1,0.0002802690582959641
"A26358G",0.00031289111389236547,1,0.00016417665407978985
"C26366T",0.0012476606363069245,4,0.0008305647840531562
"G26367A",0.00031201248049921997,1,0.000297441998810232
"G26367T",0.0006240249609984399,2,0.0005165289256198347
"C26370T",0.0006236357966947302,2,0.0005062009617818274
"T26371C",0.0003118178983473651,1,0.000308546744831842
"G26372A",0.0003117206982543641,1,0.00030807147258163895
"T26374C",0.0003117206982543641,1,0.0003083564600678384
"C26376T",0.0003117206982543641,1,0.00028145229383619476
"C26388T",0.0003132832080200501,1,0.00023266635644485808
"G26391T",0.00031338138514572234,1,0.0002633658151171978
"A26403G",0.0009404388714733542,3,0.0008941877794336811
"C26415T",0.001880288310874334,6,0.001514004542013626
"T26436C",0.0006269592476489029,2,0.0004922471080482402
"T26445C",0.00031347962382445143,1,0.00026939655172413793
"C26447A",0.00031347962382445143,1,0.0002883506343713956
"G26452T",0.00031357792411414236,1,0.0002733734281027884
"C26455T",0.00031416902293433867,1,0.00009477774618519572
"C26456T",0.00314070351758794,10,0.0005664438654129376
"C26464T",0.0003136762860727729,1,0.00008028904054596547
"G26466A",0.0003136762860727729,1,0.0002874389192296637
"G26466T",0.0003136762860727729,1,0.0002771618625277162
"T26491C",0.000314070351758794,1,0.0001905850962454736
"A26492T",0.000314070351758794,1,0.00008364001338240214
"T26494-",0.00031416902293433867,1,0.00018709073900841907
"T26497C",0.00031416902293433867,1,0.0001483459427384661
"A26519G",0.0003139717425431711,1,0.0002636435539151068
"G26526T",0.001589825119236884,5,0.0002348961758902565
"G26529C",0.0006357279084551812,2,0.000007027036523022328
"T26531C",0.00031756113051762465,1,0.00020777062123415748
"T26532G",0.007306226175349428,23,0.00682695161769071
"C26533T",0.0006357279084551812,2,0.0003280301787764474
"G26538A",0.0006351222610352493,2,0.0005028916268544129
"G26539A",0.00031746031746031746,1,0.00023837902264600716
"C26548A",0.00031735956839098697,1,0.0002992220227408737
"C26549T",0.00031735956839098697,1,0.0001464343242055938
"C26571A",0.0003176620076238882,1,0.00021668472372697725
"C26577G",0.9911026374324754,3119,0.0006809499502878155
"G26589T",0.0003168567807351077,1,0.00014144271570014144
"A26594T",0.0041087231352718075,13,0.0037812681791739382
"C26606T",0.0006311139160618492,2,0.00011735711770918906
"T26609C",0.0006313131313131314,2,0.00031710797526557794
"A26612T",0.0003156565656565657,1,0.00021547080370609782
"G26620C",0.00031191515907673113,1,0.000254000508001016
"C26622T",0.0018581604211830288,6,0.0006770480704129993
"G26640T",0.0009293680297397769,3,0.0005345687811831789
"C26642T",0.0003097893432465923,1,0.00023747328425552126
"C26645T",0.0024783147459727386,8,0.0002869955156950673
"G26653A",0.0003097893432465923,1,0.00023696682464454977
"A26676G",0.0003098853424233034,1,0.00028336639274582036
"C26681T",0.007749535027898326,25,0.0000644610668048712
"C26688A",0.0003098853424233034,1,0.00030432136335970786
"T26691C",0.0009296560272699101,3,0.0006880733944954129
"T26705C",0.0012399256044637321,4,0.0011733646230566149
"T26706C",0.00030998140111593303,1,0.00028653295128939826
"G26709A",1,3224,0.0006741668424923346
"T26723C",0.000310077519379845,1,0.0002697599136768276
"C26728T",0.00031017369727047146,1,0.00018331805682859762
"C26750T",0.009305210918114143,30,0.0037005057357838906
"C26753T",0.006825938566552901,22,0.002179944510503369
"T26767C",0.00031026993484331366,1,3.2700299142336554e-7
"C26768T",0.00031017369727047146,1,0.00011402508551881414
"G26769T",0.0006203473945409429,2,0.0005282620179609086
"G26775A",0.00031017369727047146,1,0.0002904443799012489
"C26776T",0.00031017369727047146,1,0.0001872308556450103
"A26793T",0.00031026993484331366,1,0.00030003000300030005
"C26801T",0.00031017369727047146,1,0.000027007318983444514
"C26807T",0.00030998140111593303,1,0.00024289531212047608
"C26822T",0.0009299442033477991,3,0.00015142337976983646
"C26833T",0.005889646621202728,19,0.00006494927120080947
"T26837C",0.000310077519379845,1,0.00028208744710860365
"T26848C",0.00031017369727047146,1,0.00026932399676811203
"C26858T",0.9993794601303134,3221,0.001480464169871428
"T26861C",0.00031026993484331366,1,0.00011233430689732644
"T26870C",0.0006207324643078833,2,0.0004296455424274973
"C26873T",0.004037267080745342,13,0.0005830119293210154
"C26882T",0.0012410797393732546,4,0.00022762191999089513
"C26885T",0.0015513496742165685,5,0.00023507287259050304
"C26894T",0.0009331259720062209,3,0.00010790978741771878
"C26895T",0.0006224712107065049,2,0.0001555814858031894
"T26897C",0.002177293934681182,7,0.0016940948693126815
"C26907T",0.0009331259720062209,3,0.00019272773994603623
"T26921C",0.00031084861672365556,1,0.00025660764690787786
"A26927G",0.00031055900621118014,1,0.00008900756564307967
"C26936T",0.0018633540372670807,6,0.0004018754186202277
"C26942A",0.00031055900621118014,1,0.0002803476310625175
"C26942T",0.0009316770186335404,3,0.0004874878128046799
"C26947T",0.0009316770186335404,3,0.0006805807622504537
"G26951C",0.0006211180124223603,2,0.000242306760358614
"T26957C",0.0006455777921239509,2,0.00044316419233325947
"G26959A",0.00032289312237649337,1,0.0001547029702970297
"T26987C",0.0003356831151393085,1,0.00021668472372697725
"C27002T",0.0006736274840013472,2,0.00015903307888040714
"C27005A",0.0010111223458038423,3,0.0009121313469139556
"C27005T",0.0003370407819346141,1,0.000021410983834707204
"C27011T",0.0010114632501685772,3,0.000664599025254763
"G27014T",0.01078167115902965,32,0.001281999919875005
"C27026T",0.0003368137420006736,1,0.0002345765892563922
"C27046T",0.0023450586264656616,7,0.0012400354295837024
"C27059T",0.0030181086519114686,9,0.0004084781918032043
"C27092A",0.0003356831151393085,1,0.000278473962684489
"C27092T",0.007385028533064787,22,0.0023975588491717526
"C27110T",0.00033478406427854036,1,0.0001577287066246057
"C27116T",0.0006702412868632708,2,0.0005412719891745603
"C27119T",0.00033523298692591353,1,0.00022055580061755624
"A27123G",0.00033478406427854036,1,0.00023986567522187575
"C27131T",0.001340033500837521,4,0.0002666666666666667
"C27143T",0.0006704659738518271,2,0.00007946914610402511
"A27144G",0.0003354579000335458,1,0.0002959455460195324
"A27146C",0.000335795836131632,1,0.0003045994517209869
"A27146G",0.004029550033579583,12,0.0033604032483898066
"A27156G",0.0003356831151393085,1,0.0001849112426035503
"T27173C",0.00032562683165092806,1,0.0003081664098613251
"A27195-",0.00031065548306927616,1,0.0002777777777777778
"C27196-",0.00031036623215394165,1,0.00027739251040221914
"C27196T",0.002793296089385475,9,0.0021983390327308255
"A27197-",0.0003104625892579944,1,0.0002770083102493075
"A27198-",0.0003104625892579944,1,0.000277623542476402
"C27199-",0.0003104625892579944,1,0.00027586206896551725
"A27200-",0.0003104625892579944,1,0.00025207965717166626
"G27201-",0.0003104625892579944,1,0.00023153507756425097
"A27202-",0.0003104625892579944,1,0.00022598870056497175
"T27203-",0.0003104625892579944,1,0.0002185792349726776
"G27204-",0.0003104625892579944,1,0.00021925016443762334
"T27205-",0.00031065548306927616,1,0.0001076773985140519
"T27206-",0.00031055900621118014,1,0.00011957431543704412
"T27207-",0.00031055900621118014,1,0.00011896264572924102
"T27207C",0.00031055900621118014,1,0.0002782415136338342
"C27208-",0.00031055900621118014,1,0.00019241870309794111
"A27209-",0.00031055900621118014,1,0.0001941747572815534
"T27210-",0.00031055900621118014,1,0.00019316206297083252
"C27211-",0.00031036623215394165,1,0.00019319938176197836
"T27212-",0.00031036623215394165,1,0.000189000189000189
"C27213-",0.00031036623215394165,1,0.0001899335232668566
"C27213T",0.000931098696461825,3,0.0001790296592468819
"G27214-",0.00031036623215394165,1,0.00019149751053236308
"T27215-",0.00031036623215394165,1,0.000196078431372549
"T27215C",0.0015518311607697084,5,0.0014819205690574985
"T27216-",0.00031036623215394165,1,0.00021244954323348204
"G27217-",0.000931098696461825,3,0.0007297494526879105
"G27217T",0.00031036623215394165,1,0.00024390243902439024
"A27218-",0.000930809804529941,3,0.0007385524372230429
"C27219-",0.000931098696461825,3,0.0007398273736128237
"T27220-",0.0009313877677739833,3,0.0007433102081268583
"T27221-",0.000931098696461825,3,0.0007664793050587634
"C27223G",0.0032658393207054214,10,0.0027563395810363835
"T27242C",0.00032605151613955004,1,0.0002473410833539451
"T27244C",0.0003262642740619902,1,0.0002637826431020839
"C27247T",0.0019588638589618022,6,0.00038966099493440706
"T27257A",0.0006550933508024893,2,0.000461361014994233
"G27258A",0.0006550933508024893,2,0.00048192771084337347
"A27259C",1,3022,0.0007908957483203279
"G27260A",0.00033090668431502316,1,0.0002242152466367713
"C27275T",0.0003315649867374005,1,0.0002933411557641537
"G27282T",0.0003313452617627568,1,0.00028368794326241134
"C27294T",0.0022661055357720947,7,0.00032555111152450934
"A27317C",0.00032362459546925567,1,0.0002906131938390003
"T27318C",0.00032362459546925567,1,0.00023590469450342062
"A27330C",0.0022920759659463,7,0.0021141649048625794
"C27331T",0.0032722513089005235,10,0.002727024815925825
"A27354G",0.0003299241174529858,1,0.0001822821728034998
"G27358T",0.0009900990099009901,3,0.0006479481641468683
"T27360C",0.00033003300330033004,1,0.0001880759826970096
"G27361T",0.00033003300330033004,1,0.0002380952380952381
"G27366A",0.0009904258831297458,3,0.0008294166436273154
"G27366T",0.002641135688345989,8,0.0016552865714876887
"C27371T",0.0006598482349059716,2,0.00013044612575006522
"G27382C",0.9993353273512795,3007,0.001385014757523389
"A27383T",0.9990033222591362,3007,0.0014071601850881264
"T27384C",0.9950166112956811,2995,0.0013702434366711915
"C27389T",0.001321003963011889,4,0.000079912096693637
"C27393T",0.001321003963011889,4,0.00015247970113978576
"T27422A",0.0003287310979618672,1,0.0003056234718826406
"C27425T",0.0052579691094314825,16,0.001894163608381674
"T27428C",0.00295955277869122,9,0.0023118417672745952
"C27429T",0.0006578947368421052,2,0.0004520795660036166
"G27430A",0.0006589785831960461,2,0.00014844503822459735
"G27430T",0.0006589785831960461,2,0.0005138746145940391
"C27434T",0.0003295978905735003,1,0.000041983290650321174
"T27444C",0.0006591957811470006,2,0.000487685930260912
"A27446G",0.0006591957811470006,2,0.0005842827928717499
"A27456G",0.0003252032520325203,1,0.00021213406873143826
"G27467C",0.0003252032520325203,1,0.0002316423442205235
"C27473T",0.0006510416666666666,2,0.0005571030640668524
"C27476T",0.0009762447120078099,3,0.00011352455914629531
"G27478A",0.0003254149040026033,1,0.0002835270768358378
"G27478T",0.0003254149040026033,1,0.00015460729746444033
"T27484C",0.0025220680958385876,8,0.0005644535384181189
"C27493T",0.0025220680958385876,8,0.0005034296142470581
"C27494T",0.0015762925598991173,5,0.00030076997112608275
"T27499C",0.00031525851197982345,1,0.00020911752404851526
"C27500T",0.00031525851197982345,1,0.00020764119601328904
"T27501C",0.00031525851197982345,1,0.00013304949441192123
"C27503T",0.00031525851197982345,1,0.00013726835964310226
"T27504C",0.0006305170239596469,2,0.00029231218941829873
"G27506C",0.00031525851197982345,1,0.00022182786157941438
"G27506T",0.00031525851197982345,1,0.00007508071176514753
"C27509T",0.0031525851197982345,10,0.0005865102639296188
"A27510G",0.0006305170239596469,2,0.0004937052579609973
"T27511C",0.00031525851197982345,1,0.00020631318341242006
"C27513T",0.004754358161648178,15,0.00008835587389849677
"G27514A",0.0003169572107765452,1,0.0002733734281027884
"A27521T",0.0003169572107765452,1,0.0002911208151382824
"C27524T",0.0003169572107765452,1,0.0002069108214359611
"A27525G",0.0003169572107765452,1,0.00025581990278843696
"C27527A",0.00031725888324873094,1,0.0002827254735651682
"C27527T",0.0006345177664974619,2,0.000022853486299334964
"C27532T",0.0006347191367819739,2,0.00006415602745877976
"T27534C",0.0025388765471278957,8,0.0014079549454417458
"G27541A",0.0006349206349206349,2,0.0005471956224350205
"C27542T",0.00031756113051762465,1,0.00022988505747126436
"A27548T",0.00031756113051762465,1,0.0003029385034837928
"C27549T",0.00031756113051762465,1,0.00007301935012778386
"T27553-",0.0006351222610352493,2,0.00008729812309035356
"T27554-",0.0006353240152477764,2,0.00009078117198493032
"T27555-",0.0006357279084551812,2,0.00007133685261806249
"T27555C",0.0003178639542275906,1,0.0002370791844476055
"G27556-",0.0006357279084551812,2,0.000044759752030973745
"G27556T",0.0006357279084551812,2,0.000197667523225934
"C27557-",0.0006355258976803305,2,0.00004465780953444234
"A27558-",0.0006355258976803305,2,0.00004466179853062683
"C27559-",0.0006293266205160479,2,0.00003238656605240146
"T27560-",0.0006295247088448222,2,0.00003239023758239267
"G27561-",0.0006299212598425197,2,0.00003240230704426155
"A27562-",0.0006297229219143577,2,0.000031987716716780756
"C27563-",0.0006297229219143577,2,0.00004322268326417704
"T27564-",0.0006297229219143577,2,0.00004322735426978192
"T27565-",0.0012590494176896443,4,0.00007984191301223577
"G27566-",0.0012590494176896443,4,0.00007927856505797245
"C27567-",0.0012590494176896443,4,0.00007999360051195904
"T27568-",0.0015733165512901196,5,0.00008880521464220379
"T27569-",0.0015743073047858943,5,0.00008906464311797503
"T27569C",0.0006297229219143577,2,0.0005715918833952558
"T27570-",0.0015748031496062992,5,0.00008826904404625298
"A27571-",0.001889168765743073,6,0.00009740575992727037
"G27572-",0.001889168765743073,6,0.00009712981399640619
"G27572A",0.0009445843828715365,3,0.0007309941520467836
"C27573-",0.001889168765743073,6,0.00009719589833309035
"A27574-",0.001889168765743073,6,0.00009545628102329134
"C27575-",0.001889763779527559,6,0.0000953622174894307
"C27575A",0.0012598425196850393,4,0.0010235414534288639
"T27576-",0.001889763779527559,6,0.00009543502465404803
"C27577-",0.001889763779527559,6,0.00009210506117311146
"C27577T",0.0009448818897637795,3,0.00010318497626745546
"A27578-",0.001889763779527559,6,0.00008730193373783229
"A27578G",0.005039370078740157,16,0.003355704697986577
"A27579-",0.0034667507091080997,11,0.00014301501657674055
"T27580-",0.0025212732429877086,8,0.00010456012860895819
"T27581-",0.0025212732429877086,8,0.00010733212584691756
"T27582-",0.0006303183107469272,2,0.000032763252735731606
"G27583-",0.000630715862503942,2,0.000033212660666245974
"C27584-",0.0006313131313131314,2,0.00003326237360298031
"T27585-",0.0006315124723713293,2,0.00003373136342170951
"T27586-",0.0006313131313131314,2,0.00003430531732418525
"T27587-",0.0006313131313131314,2,0.000036141530232390037
"T27588-",0.0006313131313131314,2,0.000035140738658326595
"G27589-",0.0006311139160618492,2,0.00003511420896465755
"G27589T",0.0003155569580309246,1,0.00020512820512820512
"C27590-",0.0006309148264984228,2,0.00003522863383357994
"C27590T",0.0012618296529968455,4,0.0007101011894194922
"T27591-",0.0006311139160618492,2,0.00003560556158872016
"T27592-",0.0006311139160618492,2,0.00003511544201562637
"G27593-",0.000630715862503942,2,0.000035340684195646025
"T27594-",0.000630715862503942,2,0.000035513255322549145
"C27595-",0.0006309148264984228,2,0.0000357347055460263
"C27596-",0.000630715862503942,2,0.00003580123156236574
"T27597-",0.0006311139160618492,2,0.000035846148331361796
"T27597A",0.0003155569580309246,1,0.00026609898882384245
"G27598-",0.0006311139160618492,2,0.000035704721949477816
"A27599-",0.0006309148264984228,2,0.000035980282805022846
"C27600-",0.000630715862503942,2,0.00003611020835590221
"C27600T",0.000946073793755913,3,0.00013903049402168877
"G27601-",0.0006311139160618492,2,0.00003578649775439727
"G27602-",0.0006311139160618492,2,0.000035762181493071075
"G27602T",0.0003155569580309246,1,0.0002748763056624519
"C27603-",0.0006311139160618492,2,0.00003580251333643622
"G27604-",0.0006309148264984228,2,0.000035697711776675117
"G27604T",0.0003154574132492114,1,0.00020112630732099757
"T27605-",0.000630715862503942,2,0.000035734067072843895
"A27606-",0.000630715862503942,2,0.00003601332493022418
"A27607-",0.000946073793755913,3,0.00006040471156750227
"A27607C",0.001261431725007884,4,0.0011933174224343676
"A27608-",0.0009457755359394704,3,0.00006112967642024615
"A27609-",0.0009457755359394704,3,0.0000611895243534307
"A27609G",0.00031525851197982345,1,0.0002857959416976279
"C27610-",0.000946073793755913,3,0.00006114961271911944
"A27611-",0.0009463722397476341,3,0.00006130706666121716
"C27612-",0.0009457755359394704,3,0.00006135722174499939
"C27612T",0.00031525851197982345,1,0.00014180374361883155
"G27613-",0.0009457755359394704,3,0.00006144393241167435
"T27614-",0.0009454774661203908,3,0.00006148044921714894
"C27615-",0.0009454774661203908,3,0.00006173474637308365
"C27615T",0.0003151591553734636,1,0.00016736401673640169
"T27616-",0.0009457755359394704,3,0.00006129454069957502
"A27617-",0.0009457755359394704,3,0.00006307423837857157
"T27618-",0.0009457755359394704,3,0.00006324710644488014
"C27619-",0.0009457755359394704,3,0.0000649772579597141
"A27620-",0.0009457755359394704,3,0.00008354684192937507
"G27621-",0.0009457755359394704,3,0.00008428623605765179
"T27622-",0.0009457755359394704,3,0.00008889415669076685
"T27623-",0.0009454774661203908,3,0.00009082652134423252
"A27624-",0.0009454774661203908,3,0.00012158547458863581
"C27625-",0.0009457755359394704,3,0.0001466777489854789
"C27625T",0.0012610340479192938,4,0.0003846153846153846
"G27626-",0.0006305170239596469,2,0.00010805554054784159
"T27627-",0.0006303183107469272,2,0.00010819583446037328
"G27628-",0.0006303183107469272,2,0.00010871337718106213
"C27629-",0.0006305170239596469,2,0.00012810658467845247
"C27629T",0.00031525851197982345,1,0.00022182786157941438
"C27630-",0.0006305170239596469,2,0.00012944146009966992
"C27630A",0.005359394703656999,17,0.0030948479883488077
"C27630T",0.0022068095838587644,7,0.0004584752423369138
"A27631-",0.00031525851197982345,1,0.00006389368091495751
"G27632-",0.000315357931251971,1,0.00006567281802062127
"A27633-",0.00031525851197982345,1,0.00006567713122290818
"T27634-",0.0003151591553734636,1,0.00006664445184938353
"C27635-",0.0003151591553734636,1,0.00007278550112817527
"C27635T",0.0006303183107469272,2,0.00021805494984736154
"A27636-",0.000315059861373661,1,0.00007432733759476735
"G27637-",0.000315059861373661,1,0.00007447125409591897
"G27637A",0.0059861373660995585,19,0.004483246814535158
"T27638-",0.000315059861373661,1,0.00007876496534341525
"T27639-",0.000315059861373661,1,0.0000820411846747067
"T27639C",0.000315059861373661,1,0.0002726281352235551
"T27640-",0.000315059861373661,1,0.00009062896501721951
"C27641-",0.00031496062992125983,1,0.00010366991499066971
"A27642-",0.00031496062992125983,1,0.00010964912280701755
"A27642T",0.00031496062992125983,1,0.0003029385034837928
"C27643-",0.00031496062992125983,1,0.0001159151501101194
"C27643T",0.00031496062992125983,1,0.00006628222973420826
"C27644-",0.00031496062992125983,1,0.000117000117000117
"C27644T",0.00031496062992125983,1,0.00008631851532153647
"T27645-",0.00031496062992125983,1,0.00011984659635666346
"T27645C",0.00031496062992125983,1,0.00016594756057085962
"A27646-",0.00031496062992125983,1,0.00012750223128904755
"C27654T",0.013228346456692913,42,0.002140345512918514
"C27661T",0.0003151591553734636,1,0.00012923235978288964
"T27672C",0.0003151591553734636,1,0.00024330900243309004
"C27673-",0.0009448818897637795,3,0.0003654970760233918
"C27673A",0.0006299212598425197,2,0.0003595182455509617
"A27674-",0.0009448818897637795,3,0.0003642102707296346
"A27674G",0.0009448818897637795,3,0.000777000777000777
"A27675-",0.0009448818897637795,3,0.000365586156470875
"A27675C",0.0006299212598425197,2,0.00031466331025802394
"G27676-",0.0009448818897637795,3,0.00035402407363700734
"G27676A",0.00031496062992125983,1,0.00026609898882384245
"A27677-",0.0009445843828715365,3,0.00034262220191868436
"A27678-",0.0009448818897637795,3,0.0004611837048424289
"C27679-",0.0009445843828715365,3,0.0004339649934905251
"C27679T",0.00031486146095717883,1,0.00010764262648008612
"T27680-",0.0009445843828715365,3,0.0004342162396873643
"T27681-",0.0009445843828715365,3,0.0004380841121495327
"T27682-",0.0012594458438287153,4,0.00037296037296037296
"A27683-",0.0015733165512901196,5,0.00045867351619117514
"C27684-",0.0012586532410320957,4,0.0003683580440187863
"C27684T",0.0025173064820641915,8,0.0005539782563534382
"T27685-",0.0012594458438287153,4,0.00037054191755442334
"C27686-",0.0012590494176896443,4,0.00036774846005332355
"C27686G",0.0012590494176896443,4,0.0011983223487118035
"C27686T",0.0003147623544224111,1,0.00014652014652014652
"T27687-",0.0012590494176896443,4,0.00037700282752120643
"C27688-",0.0012594458438287153,4,0.00036593175372792974
"C27688T",0.00031486146095717883,1,0.00007915776141850709
"C27689-",0.0009442870632672333,3,0.00027675276752767527
"A27690-",0.0009439899307740718,3,0.0002772387025228722
"A27691-",0.0009439899307740718,3,0.0002435658033612081
"A27691C",0.00031466331025802394,1,0.000297000297000297
"T27692-",0.0009445843828715365,3,0.00024410089503661513
"T27692A",0.00031486146095717883,1,0.00030321406913280777
"T27693-",0.0009439899307740718,3,0.00025131942699170643
"T27693A",0.00031466331025802394,1,0.00030656039239730225
"T27694-",0.0009439899307740718,3,0.0001414027149321267
"T27695-",0.0009433962264150943,3,0.00014728986645718776
"T27695A",0.00031446540880503143,1,0.00030525030525030525
"T27695C",0.00031446540880503143,1,0.0002979737783075089
"T27696-",0.0009433962264150943,3,0.00015136989757303596
"C27697-",0.0012578616352201257,4,0.00018925056775170325
"C27697T",0.00031446540880503143,1,0.0001934984520123839
"T27698-",0.0012574662055957245,4,0.000200070024508578
"T27699-",0.001257071024512885,4,0.00020712510356255177
"T27699C",0.00031426775612822125,1,0.0002842524161455372
"A27700-",0.00031416902293433867,1,0.00005789717461787865
"T27701-",0.000314070351758794,1,0.00006472910868017347
"T27702-",0.000314070351758794,1,0.00006625149065853981
"G27706A",0.00031416902293433867,1,0.0002682403433476395
"G27706T",0.00031416902293433867,1,0.00013798813302056022
"C27707T",0.0009428032683846638,3,0.00023544184586407157
"A27711T",0.0006287331027978623,2,0.0005083884087442806
"A27721G",0.01668240478438779,53,0.010954940057875156
"A27723T",0.00031466331025802394,1,0.00029282576866764275
"A27724G",0.0006293266205160479,2,0.0005778676683039584
"C27725T",0.0006293266205160479,2,0.0004097520999795124
"A27726T",0.00031466331025802394,1,0.00030321406913280777
"C27732T",0.0006289308176100629,2,0.0004046944556859571
"C27735T",0.00031446540880503143,1,0.00017220595832615808
"A27736G",0.0006289308176100629,2,0.0005698005698005698
"A27738G",0.0018873859704309531,6,0.001786777843954735
"C27741T",0.0006345177664974619,2,0.00009838162231295194
"C27752T",0.0015718327569946558,5,0.0000017113230717838421
"G27762-",0.0018867924528301887,6,0.0008398656215005599
"C27769T",0.00031426775612822125,1,0.00006964273278083432
"A27770-",0.00031426775612822125,1,0.00021372088053002778
"T27771-",0.00031426775612822125,1,0.00020868113522537563
"T27772-",0.00031426775612822125,1,0.00021048200378867606
"A27773-",0.00031446540880503143,1,0.00022163120567375886
"A27774-",0.00031446540880503143,1,0.00022972662531587412
"T27775-",0.00031446540880503143,1,0.000236630383341221
"T27776-",0.00031446540880503143,1,0.00023741690408357076
"G27777-",0.00031456432840515884,1,0.00023860653781913624
"A27778-",0.00031446540880503143,1,0.0002390057361376673
"C27779-",0.00031446540880503143,1,0.0002403268445085316
"C27779T",0.00031446540880503143,1,0.00024021138601969732
"T27780-",0.00031456432840515884,1,0.00023736055067647758
"T27781-",0.00031456432840515884,1,0.00024449877750611245
"C27782-",0.00031456432840515884,1,0.00024189646831156264
"T27783-",0.00031456432840515884,1,0.0002399232245681382
"A27784-",0.00031446540880503143,1,0.00023940627244433804
"T27785-",0.00031456432840515884,1,0.00024962556165751375
"T27786-",0.00031446540880503143,1,0.00016108247422680412
"T27787-",0.00031446540880503143,1,0.0001639344262295082
"G27788-",0.00031446540880503143,1,0.00016866250632484398
"G27788T",0.0006289308176100629,2,0.000019468509685583568
"T27789-",0.00031446540880503143,1,0.00016155088852988692
"G27790-",0.00031446540880503143,1,0.00016194331983805668
"C27791-",0.0009430996541967935,3,0.0004925299622393696
"T27792-",0.0034602076124567475,11,0.00037204897517418656
"T27793-",0.0015723270440251573,5,0.00020309517039684795
"T27794-",0.0006289308176100629,2,0.0002354603249352484
"C27800A",0.00031446540880503143,1,0.0000885112409275978
"C27804T",0.00220125786163522,7,0.0006294397985792644
"C27807T",0.9996854356715948,3178,0.0006638340573608606
"T27810C",0.001256281407035176,4,0.000014309427050540897
"C27813T",0.00031416902293433867,1,0.0002508780732563974
"T27819-",0.0006283380458686773,2,0.0004195510803440319
"T27820-",0.0006283380458686773,2,0.00042589437819420784
"A27821-",0.0006283380458686773,2,0.00042762454564892024
"A27822-",0.000628140703517588,2,0.00042643923240938164
"T27823-",0.000628140703517588,2,0.0004296455424274973
"T27824-",0.000628140703517588,2,0.00043038519474930065
"A27825-",0.0006285355122564425,2,0.00042498937526561835
"A27825T",0.00031426775612822125,1,0.00029717682020802375
"T27826-",0.0006315124723713293,2,0.000564334085778781
"G27827-",0.0006367398917542184,2,0.0005668934240362812
"C27828-",0.0006367398917542184,2,0.0005664117813650524
"T27829-",0.0006361323155216285,2,0.0005668934240362812
"T27840C",0.002544529262086514,8,0.002313475997686524
"G27842A",0.0034976152623211448,11,0.002931769722814499
"C27849T",0.002548582351067219,8,0.0007109215320359015
"G27852-",0.0006381620931716656,2,0.0005564830272676684
"A27853-",0.0006381620931716656,2,0.0005574136008918618
"A27854-",0.0006381620931716656,2,0.0005577244841048522
"C27855-",0.0006381620931716656,2,0.0005546311702717693
"T27856-",0.0006383657835939994,2,0.0005543237250554324
"G27857-",0.0006383657835939994,2,0.000554016620498615
"C27858-",0.0006383657835939994,2,0.0005532503457814661
"A27859-",0.0006381620931716656,2,0.0005544774050457444
"A27860-",0.0006381620931716656,2,0.0005561735261401557
"G27861-",0.0006359300476947536,2,0.0005558643690939411
"A27862-",0.0006359300476947536,2,0.0005667327854916407
"T27863-",0.0006359300476947536,2,0.0005689900426742532
"C27864-",0.0006359300476947536,2,0.0005685048322910744
"A27865-",0.0006359300476947536,2,0.0005656108597285068
"A27865T",0.0003179650238473768,1,0.00019033117624666921
"T27866-",0.0006357279084551812,2,0.0005675368898978433
"A27867-",0.0006357279084551812,2,0.0005567928730512249
"C27874T",0.00031826861871419476,1,3.559565049627456e-7
"G27877C",0.0003181673560292714,1,0.0002794076557697681
"T27878C",0.0009545020680878142,3,0.0006067961165048543
"C27879-",0.0015903307888040711,5,0.0006530825496342738
"C27879T",0.007315521628498728,23,0.0016687223391134006
"A27880-",0.0015903307888040711,5,0.0006549646319098768
"C27881-",0.0009541984732824427,3,0.0006422607578676942
"C27881T",0.001272264631043257,4,0.0002004912034484487
"G27882-",0.0012726694241170856,4,0.0008178286648947046
"G27882C",0.0006363347120585428,2,0.00029761904761904765
"G27882T",0.0003181673560292714,1,0.00017995321216483713
"C27883-",0.0009541984732824427,3,0.0006157635467980296
"C27883A",0.0003180661577608143,1,0.00029282576866764275
"C27883T",0.0019083969465648854,6,0.00047192071731949034
"C27884-",0.0009535918626827717,3,0.0006218905472636816
"C27884T",0.0019071837253655435,6,0.0012703789964005929
"T27885-",0.0009535918626827717,3,0.0006265664160401002
"A27886-",0.0009532888465204957,3,0.0006404782237403928
"A27887-",0.0009535918626827717,3,0.00037439161362785476
"A27888-",0.0009535918626827717,3,0.0003518236190922951
"C27889-",0.0009535918626827717,3,0.00035306578792515005
"C27889T",0.0003178639542275906,1,0.0000010211803006150568
"G27890-",0.0009538950715421304,3,0.00035566093657379963
"G27890C",0.0009538950715421304,3,0.0008982035928143712
"G27890T",0.0009538950715421304,3,0.00008534607834769993
"A27891-",0.0009545020680878142,3,0.0003569303985722784
"A27892-",0.0009538950715421304,3,0.0003639893229798593
"C27893-",0.0009538950715421304,3,0.00036478599221789884
"C27893T",0.0034976152623211448,11,0.0014858841010401188
"T27900-",0.0012690355329949238,4,0.0004386926957666155
"T27901-",0.0012690355329949238,4,0.00044518642181413465
"T27902-",0.0012694382735639479,4,0.0008449514152936206
"C27903-",0.0012694382735639479,4,0.0008342022940563086
"T27904-",0.0012698412698412698,4,0.0008431703204047217
"T27904C",0.00031746031746031746,1,0.00017385257301808066
"T27905-",0.0012698412698412698,4,0.0008620689655172414
"G27906-",0.0012698412698412698,4,0.0008107012565869477
"T27907-",0.0009517766497461929,3,0.0005953562214725144
"T27909-",0.0015862944162436548,5,0.0009613535858488752
"T27910-",0.0025396825396825397,8,0.0015698587127158557
"C27911-",0.0025404890441409972,8,0.0017289820618111088
"T27912-",0.0025404890441409972,8,0.0017501640778823015
"T27912C",0.00031756113051762465,1,0.000249003984063745
"T27913-",0.0025404890441409972,8,0.001893043066729768
"A27914-",0.000952683391552874,3,0.000723589001447178
"G27915-",0.000952683391552874,3,0.0007201152184349496
"G27915T",0.9990473166084471,3146,0.009026560352569529
"T27919C",0.00031776294884016526,1,0.0002126754572522331
"C27920T",0.0006353240152477764,2,0.0001435544071202986
"T27922C",0.0006349206349206349,2,0.0003264240248082259
"C27923T",0.0006349206349206349,2,0.00016143352974412785
"C27925T",0.0006349206349206349,2,0.000036131736310588405
"A27926C",0.00031735956839098697,1,0.00030656039239730225
"A27926T",0.00031735956839098697,1,0.00030525030525030525
"G27936A",0.0003184713375796178,1,0.00022301516503122213
"C27937T",0.0006369426751592356,2,0.0004352557127312296
"T27940C",0.0003184713375796178,1,0.00023568230025925054
"C27945T",0.005106926268751995,16,0.0005329957693460808
"G27955A",0.00031959092361776926,1,0.0002316423442205235
"A27961G",0.00032,1,0.0002937720329024677
"T27966C",0.00159846547314578,5,0.0014894250819183796
"G27967T",0.00031969309462915604,1,0.00015835312747426763
"T27968C",0.0006391818472355385,2,0.0005871990604815032
"C27972A",0.0003198976327575176,1,0.00017179178835251675
"C27972T",0.0003198976327575176,1,0.0000014370603493493708
"T27977C",0.00031969309462915604,1,0.00019920318725099602
"C27978-",0.0003197953309881676,1,0.0002756339581036384
"A27979-",0.0003197953309881676,1,0.0002738225629791895
"A27979T",0.0003197953309881676,1,0.00025233409033560434
"A27980-",0.00031969309462915604,1,0.0002755580049600441
"C27981-",0.0003197953309881676,1,0.00027495188342040145
"C27982-",0.0003197953309881676,1,0.00027427317608337906
"A27983-",0.0003197953309881676,1,0.00027285129604365623
"T27984-",0.0003197953309881676,1,0.0002457002457002457
"T27984C",0.0006395906619763352,2,0.0003696857670979667
"A27985-",0.0003197953309881676,1,0.000248015873015873
"T27986-",0.0003197953309881676,1,0.00025113008538422905
"G27987-",0.00031969309462915604,1,0.00024015369836695484
"T27988-",0.00031969309462915604,1,0.00025113008538422905
"A27989-",0.00031969309462915604,1,0.0002643404705260375
"G27990-",0.004188144329896907,13,0.003435517970401691
"G27990A",0.0006443298969072165,2,0.0005624296962879641
"G27990C",0.001288659793814433,4,0.001234186979327368
"T27991-",0.004204398447606727,13,0.00344919076678164
"T27992-",0.0042057586541572305,13,0.0034519383961763143
"G27993-",0.004529278550630864,14,0.0036784025223331584
"A27994-",0.004530744336569579,14,0.0036582179252678338
"T27995-",0.004529278550630864,14,0.0036735764891104696
"T27995C",0.008087997411840828,25,0.0035739814152966403
"G27996-",0.004852798447104497,15,0.003930817610062893
"A27997-",0.004529278550630864,14,0.0036716496197220037
"C27998-",0.004207119741100324,13,0.0034138655462184874
"C27999-",0.004207119741100324,13,0.003373994290163509
"C27999T",0.0012944983818770227,4,0.00012675074466062487
"C28000-",0.0042057586541572305,13,0.0033810143042912874
"C28000T",0.0009705596894208993,3,0.00034277879341864715
"G28001-",0.0042057586541572305,13,0.0033635187580853816
"T28002-",0.004204398447606727,13,0.003297818366311517
"G28003-",0.004201680672268907,13,0.003281999495077001
"T28004-",0.0038809831824062097,12,0.0031307070180015655
"T28004C",0.00129366106080207,4,0.0011366865586814436
"C28005-",0.0038797284190106693,12,0.002937576499388005
"C28005T",0.0006466214031684449,2,0.00009841551028442082
"C28006-",0.0038797284190106693,12,0.0029426189308484553
"C28006A",0.002909796314258002,9,0.002673002673002673
"C28006T",0.0019398642095053346,6,0.0007164179104477612
"T28007-",0.0038797284190106693,12,0.002974714923153198
"A28008-",0.0038797284190106693,12,0.0028208744710860366
"T28009-",0.0038797284190106693,12,0.0028155795401220087
"T28009C",0.00032331070158422246,1,0.00012621481761958855
"T28010-",0.0038797284190106693,12,0.002826189354686764
"C28011-",0.0038809831824062097,12,0.002808331383103206
"C28011T",0.0035575679172056922,11,0.0018771331058020477
"A28012-",0.0038822387576835974,12,0.002835538752362949
"C28013-",0.0038797284190106693,12,0.0028375502482856467
"T28014-",0.0038809831824062097,12,0.0028208744710860366
"T28015-",0.0038797284190106693,12,0.00282021151586369
"C28016-",0.0038822387576835974,12,0.002824193927983055
"T28017-",0.003883495145631068,12,0.002786809103576405
"A28018-",0.0038822387576835974,12,0.0027939464493597207
"T28019-",0.0038809831824062097,12,0.0027958993476234857
"T28020-",0.0038822387576835974,12,0.0027694438033694898
"C28021-",0.003883495145631068,12,0.0027694438033694898
"T28022-",0.0038634900193174502,12,0.002779708130646282
"A28023-",0.003861003861003861,12,0.0026923939869867622
"A28024-",0.0038622465400708077,12,0.0027266530334014998
"A28025-",0.0038622465400708077,12,0.0027522935779816515
"A28025G",0.0009655616350177019,3,0.0008079719903043361
"T28026-",0.0038634900193174502,12,0.0027210884353741495
"G28027-",0.0038634900193174502,12,0.00253324889170361
"G28027C",0.005795235028976175,18,0.0034489365778884846
"G28028-",0.004185447520927237,13,0.0022569444444444442
"G28028T",0.000643915003219575,2,0.00016354567012838336
"T28029-",0.004190844616376531,13,0.002097450790577606
"A28030-",0.004189494038027715,13,0.0021210637950726057
"A28030G",0.0009668063164679343,3,0.0006699419383653417
"T28031-",0.0038634900193174502,12,0.002656630506973655
"A28032-",0.0038809831824062097,12,0.0026449195503636764
"T28033-",0.0038809831824062097,12,0.0027149321266968325
"T28034-",0.0038772213247172858,12,0.0027353544563483018
"A28035-",0.0038797284190106693,12,0.002729133500113714
"G28036-",0.003878474466709761,12,0.00272975432211101
"A28037-",0.0038822387576835974,12,0.002734107997265892
"G28038-",0.0038847523470378763,12,0.0027347310847766638
"G28038T",0.007445775331822596,23,0.0061662198391420914
"T28039-",0.0038885288399222295,12,0.002734107997265892
"A28040-",0.0038910505836575876,12,0.0027347310847766638
"G28041-",0.0038948393378773127,12,0.00273224043715847
"G28042-",0.003892312682452157,12,0.002745995423340961
"A28043-",0.003897369275738876,12,0.002758620689655172
"G28044-",0.003897369275738876,12,0.002758620689655172
"C28045-",0.003896103896103896,12,0.002804393549894835
"C28045A",0.0006493506493506494,2,0.0005402485143165856
"C28045T",0.000974025974025974,3,0.00017065817168212071
"T28046-",0.003893575600259572,12,0.002810304449648712
"A28047-",0.0038948393378773127,12,0.002763067004374856
"G28048-",0.003897369275738876,12,0.002744111593871484
"G28048A",0.008119519324455992,25,0.004092992796332679
"G28048C",0.0003247807729782397,1,0.0002817695125387433
"G28048T",0.02273465410847678,70,0.00010079600041470354
"A28049-",0.003898635477582846,12,0.0027784209307710117
"A28050-",0.003897369275738876,12,0.002720471548401723
"A28051-",0.003897369275738876,12,0.002732862673650649
"A28052-",0.003897369275738876,12,0.0027881040892193307
"T28053-",0.003897369275738876,12,0.0027809965237543454
"C28054-",0.003897369275738876,12,0.0027822861117551586
"C28054T",0.0003247807729782397,1,0.00006712760958582265
"A28055-",0.003897369275738876,12,0.002797202797202797
"G28056-",0.003899902502437439,12,0.002775850104094379
"C28057-",0.0039011703511053317,12,0.0026246719160104987
"C28057T",0.00032509752925877764,1,0.0001086130118388183
"A28058-",0.0039011703511053317,12,0.0026200873362445414
"C28059-",0.0039011703511053317,12,0.0025974025974025974
"C28060-",0.0039011703511053317,12,0.002600780234070221
"T28061-",0.003902439024390244,12,0.002600780234070221
"T28062-",0.003902439024390244,12,0.0025391451544646637
"T28063-",0.003899902502437439,12,0.0025466893039049238
"A28064-",0.003898635477582846,12,0.0025348542458808617
"A28065-",0.003899902502437439,12,0.0016832655351381681
"A28065T",0.0006499837504062399,2,0.0005767012687427913
"T28066-",0.003898635477582846,12,0.001701162461015027
"T28067-",0.0039011703511053317,12,0.0017062420019906157
"G28068-",0.003899902502437439,12,0.0018512804689910522
"A28069-",0.0039011703511053317,12,0.002027027027027027
"A28070-",0.004879635653871178,15,0.002653927813163482
"T28071-",0.004879635653871178,15,0.0026200873362445414
"T28071C",0.00032530904359141186,1,0.00023752969121140142
"T28072-",0.004878048780487805,15,0.0026232948583420775
"G28073-",0.004874878128046799,15,0.0026450361488273674
"G28073A",0.0009749756256093598,3,0.0006749156355455568
"T28074-",0.004878048780487805,15,0.0026483050847457626
"G28075-",0.0048812235600390495,15,0.0026680896478121665
"C28076-",0.0039049788480312398,12,0.002126528442317916
"G28077-",0.003902439024390244,12,0.0021119324181626186
"G28077C",0.0013008130081300813,4,0.0005752085130859936
"G28077T",0.0013008130081300813,4,0.00013336445170539793
"T28078-",0.0039049788480312398,12,0.0021134202183867557
"G28079-",0.003903708523096942,12,0.002105263157894737
"G28079T",0.018542615484710475,57,0.002293393417558542
"G28080-",0.0039049788480312398,12,0.0020793623288858083
"A28081-",0.0039049788480312398,12,0.002072896873380549
"T28082-",0.0039126181936746,12,0.0020768431983385254
"G28083-",0.0039164490861618795,12,0.002072180970471421
"A28084-",0.00392156862745098,12,0.00207648382073023
"A28084T",0.000326797385620915,1,0.0002685284640171858
"G28085-",0.003919007184846506,12,0.0020815264527320036
"G28085C",0.00032658393207054214,1,0.0003058103975535168
"G28085T",0.0013063357282821686,4,0.0005576467307960407
"G28086-",0.003915171288743882,12,0.0019230769230769232
"G28086A",0.0003262642740619902,1,0.00021786492374727668
"C28087-",0.003915171288743882,12,0.001905366783105748
"C28087T",0.010766721044045677,33,0.0007119280305481846
"T28088-",0.00392156862745098,12,0.001889763779527559
"G28089-",0.003934426229508197,12,0.001545993300695697
"G28090-",0.0045992115637319315,14,0.0007481030244736561
"T28091-",0.004593175853018373,14,0.0007473043663926551
"T28092-",0.0049261083743842365,15,0.0007988922028121006
"C28093-",0.004924491135915955,15,0.000808059042180682
"C28093T",0.00623768877216021,19,0.0003854111728670534
"T28094-",0.004600722970752547,14,0.0007474639615589962
"A28095-",0.004600722970752547,14,0.0007850614030168789
"A28095T",0.00032862306933946765,1,0.000004218626077858963
"A28096-",0.003940886699507389,12,0.0018253726802555522
"A28097-",0.003939592908732764,12,0.0021849963583394027
"A28097T",0.00032829940906106366,1,0.0002935995302407516
"T28098-",0.003939592908732764,12,0.0022087244616234127
"T28098C",0.00032829940906106366,1,0.00012291052114060964
"C28099-",0.003946070371588293,12,0.0022271714922048997
"A28100-",0.003947368421052632,12,0.0022350530825107095
"C28101-",0.003947368421052632,12,0.002216475803472479
"C28102-",0.003946070371588293,12,0.0022304832713754648
"C28102A",0.0006576783952647156,2,0.000591715976331361
"C28102T",0.0003288391976323578,1,0.0001948178453146308
"C28103-",0.003946070371588293,12,0.002237970906378217
"A28104-",0.003946070371588293,12,0.0022363026462914647
"T28105-",0.0039164490861618795,12,0.0022429906542056075
"T28106-",0.003915171288743882,12,0.002245508982035928
"C28107-",0.003915171288743882,12,0.0022497187851518562
"A28108-",0.003915171288743882,12,0.0022522522522522522
"G28109-",0.003913894324853229,12,0.0022543678376855157
"T28110-",0.003913894324853229,12,0.0022564874012786762
"A28111-",0.003913894324853229,12,0.00228789323164919
"C28112-",0.003915171288743882,12,0.00231839258114374
"A28113-",0.0039177277179236044,12,0.002320185614849188
"T28114-",0.0039177277179236044,12,0.0023228803716608595
"T28114C",0.000652954619653934,2,0.0003876720294630742
"C28115-",0.0039164490861618795,12,0.0023378141437755697
"G28116-",0.0039177277179236044,12,0.002347417840375587
"G28116T",0.000326477309826967,1,0.0002311604253351826
"A28117-",0.003913894324853229,12,0.002353402627966268
"A28117C",0.00032615786040443573,1,0.0002822466836014677
"T28118-",0.003915171288743882,12,0.002395687762028349
"T28118C",0.0003262642740619902,1,0.00020508613617719443
"A28119-",0.003915171288743882,12,0.002398081534772182
"A28119G",0.0003262642740619902,1,0.00023854961832061068
"T28120-",0.003915171288743882,12,0.002745995423340961
"C28121-",0.003913894324853229,12,0.0029055690072639223
"C28121A",0.0006523157208088715,2,0.0005865102639296188
"G28122-",0.003913894324853229,12,0.002907681124303368
"G28123-",0.003913894324853229,12,0.00291970802919708
"T28124-",0.003913894324853229,12,0.002926829268292683
"A28125-",0.003913894324853229,12,0.0029600394671928957
"A28126-",0.0039126181936746,12,0.0029644268774703555
"A28126G",0.0006521030322791001,2,0.0006035003017501509
"T28127-",0.0039126181936746,12,0.002973240832507433
"T28128-",0.0039075219798111365,12,0.002959309494451295
"A28129-",0.0039049788480312398,12,0.002967359050445104
"A28129G",0.0009762447120078099,3,0.0008066684592632429
"T28130-",0.003870967741935484,12,0.0029754525167369206
"T28130C",0.0035483870967741938,11,0.002529898804047838
"A28131-",0.005806451612903226,18,0.004313443565780014
"C28132-",0.00032278889606197545,1,0.0002420135527589545
"C28132T",0.0012911555842479018,4,0.0007671653241273494
"T28137C",0.00032268473701193933,1,0.0002256317689530686
"T28144A",0.000321853878339234,1,0.00030759766225776686
"C28146-",0.00032175032175032174,1,0.00021992522542335605
"C28146T",0.0019305019305019305,6,0.0006685236768802228
"C28147-",0.00032133676092544985,1,0.00021992522542335605
"C28147T",0.005141388174807198,16,0.0035938903863432167
"T28148-",0.00032175032175032174,1,0.00022197558268590456
"T28149-",0.0006426735218508997,2,0.00040958427196395656
"T28149C",0.00032133676092544985,1,0.0002638522427440633
"T28150-",0.0006422607578676942,2,0.00009572125969177755
"T28151-",0.0003214400514304082,1,0.00004786979415988511
"A28152-",0.0009640102827763496,3,0.00014177693761814744
"C28153-",0.0009630818619582664,3,0.0006141248720573184
"C28153A",0.00032102728731942215,1,0.0002702702702702703
"C28153T",0.0009630818619582664,3,0.00023677979479084452
"A28154-",0.0009633911368015414,3,0.0006541648495420846
"A28155-",0.0006418485237483953,2,0.00041220115416323167
"T28156-",0.0006420545746388443,2,0.0004307559767391773
"T28157-",0.0006422607578676942,2,0.0004404316229905307
"A28158-",0.00032092426187419767,1,0.00024113817217265494
"A28159-",0.0003211303789338471,1,0.00024894199651481205
"T28160-",0.0003208213025344883,1,0.000250501002004008
"G28162T",0.0006514657980456026,2,0.00048520135856380397
"C28164T",0.00032562683165092806,1,0.00022138587558113792
"A28165G",0.0003257328990228013,1,0.00020824656393169514
"C28170T",0.000974025974025974,3,0.00046324891908585547
"C28171T",0.0003246753246753247,1,0.00020165355918531962
"T28176C",0.000974342318934719,3,0.0007976601967561818
"T28176G",0.0003247807729782397,1,0.00027419797093501506
"G28178C",0.001949317738791423,6,0.0015424164524421595
"A28190G",0.0016318537859007832,5,0.0014200511218403862
"C28194T",0.0003246753246753247,1,0.00024515812699190976
"T28197C",0.00032425421530479895,1,0.00022138587558113792
"T28217A",0.005795235028976175,18,0.00554016620498615
"G28221C",0.0032164683177870698,10,0.0021362956633198035
"G28221T",0.000321646831778707,1,0.00017556179775280898
"T28224C",0.000321853878339234,1,0.00029027576197387516
"A28225G",0.000643915003219575,2,0.0004899559039686428
"C28236T",0.0016155088852988692,5,0.00020248653464544606
"G28239-",0.0003232062055591467,1,0.0002646202699126753
"T28240-",0.0003232062055591467,1,0.0001811922449719152
"T28241-",0.0003234152652005175,1,0.00018171906232963838
"T28243-",0.0003232062055591467,1,0.00020479213598197828
"T28244-",0.0003232062055591467,1,0.00020580366330520683
"T28245-",0.0006466214031684449,2,0.0002640612622128334
"T28245G",0.006466214031684449,20,0.0009306654257794323
"T28246-",0.0003234152652005175,1,0.00013486176668914363
"A28247-",0.0003234152652005175,1,0.00014200511218403862
"G28248-",0.0003234152652005175,1,3.373248988615622e-7
"A28249-",0.00032351989647363315,1,3.377024146060347e-7
"T28250-",0.00031259768677711783,1,3.379549803411588e-7
"T28250G",0.00031259768677711783,1,0.0001999600079984003
"T28251G",0.0009404388714733542,3,0.00020996640537513997
"T28252-",0.0031269543464665416,10,0.000003380778045497835
"T28252G",0.00031269543464665416,1,0.00029824038174768865
"C28253-",0.0034396497811131957,11,0.000003721091348733239
"C28253T",0.0031269543464665416,10,0.00017763882474153552
"A28254-",0.020037570444583593,64,0.0008697306552876906
"A28254C",0.005322479649342517,17,0.0008115720628252256
"C28269T",0.000625,2,0.0004724781478856603
"A28271T",1,3199,0.0006615514135465629
"T28282C",0.0006251953735542357,2,0.00019291984180572972
"G28287A",0.00031259768677711783,1,0.00018351991191044228
"C28289A",0.00031259768677711783,1,0.00015186028853454822
"C28289T",0.0012503907471084713,4,0.0008382229673093043
"C28291T",0.001875586120662707,6,0.0003524229074889868
"C28292A",0.0009377930603313535,3,0.00041846840563537454
"A28293G",0.00031269543464665416,1,0.0002828054298642534
"T28297C",0.9993720565149137,3183,0.015199484277630543
"C28310G",0.00031289111389236547,1,0.0003009328919650918
"C28310T",0.0009386733416770963,3,0.00011530035743110804
"C28311T",0.9978104472943384,3190,0.0006566853242152198
"C28312T",0.0031279324366593683,10,0.0000437024735600035
"G28329A",0.00031269543464665416,1,0.0002039151712887439
"C28331T",0.0006255864873318737,2,0.0004360148245040331
"C28332A",0.00031269543464665416,1,0.000281610813855252
"C28344T",0.0009372071227741331,3,0.0002451180652014053
"G28347T",0.0003125,1,0.0002556237218813906
"C28354A",0.00031259768677711783,1,0.00028661507595299513
"G28357T",0.0006251953735542357,2,0.0004067520846044336
"A28358G",0.001875586120662707,6,0.0016098738932116983
"A28359G",0.00031259768677711783,1,0.0002673082063619353
"G28361T",0.0031857279388340237,10,0.00011284261840011736
"G28362-",0.990192873488068,3029,0.0006394928308821201
"A28363-",0.994418910045962,3029,0.0006383978721476007
"A28363T",0.002298095863427446,7,0.0006833268254588052
"G28364-",0.9931102362204725,3027,0.0006379860296445362
"A28365-",0.9980217606330366,3027,0.0006378768625814732
"A28366-",0.9980217606330366,3027,0.0006378866753333838
"C28367-",0.9980217606330366,3027,0.0006380608010603571
"G28368-",0.9980217606330366,3027,0.00063817864195079
"C28369-",0.9980191482337405,3023,0.0006378708323169882
"A28370-",0.9940119760479041,2988,0.0006459290580525498
"A28370G",0.0013306719893546241,4,0.00041013021634368914
"G28371C",0.0006295247088448222,2,0.00040032025620496394
"G28371T",0.0006295247088448222,2,0.000020922471780816186
"G28374A",0.0009375,3,0.00042949176807444524
"G28375A",0.000625,2,0.00038782237735117316
"C28377T",0.003751172241325414,12,0.0016185594820609657
"G28378A",0.0012496094970321774,4,0.00043010752688172043
"G28378C",0.00031240237425804435,1,0.0001585791309863622
"G28378T",0.0006248047485160887,2,0.00006067777069870453
"G28380T",0.0006248047485160887,2,0.0005630630630630631
"T28382C",0.0018744142455482662,6,0.0007155635062611807
"C28391T",0.0021875,7,0.0011013215859030838
"G28395A",0.00031259768677711783,1,0.00018811136192626034
"G28396A",0.018130665833072834,58,0.002142118481311863
"G28396T",0.00031259768677711783,1,0.00010782833728703904
"C28409T",0.00031240237425804435,1,0.00011690437222352116
"A28413-",0.00031220730565095225,1,0.0002894356005788712
"T28414-",0.0003123048094940662,1,0.00028951939779965256
"A28415-",0.00031220730565095225,1,0.0002896032435563278
"C28419T",0.0003123048094940662,1,0.0001088020890001088
"C28432T",0.0009372071227741331,3,0.00004538783908498116
"C28435T",0.0012496094970321774,4,0.00011259359342453415
"A28447G",0.9943644333124608,3176,0.07391891262859004
"G28460T",0.007497656982193065,24,0.005194805194805195
"A28461G",0.0006248047485160887,2,6.724103962716188e-7
"C28462T",0.0018744142455482662,6,0.0003766714796911294
"C28471T",0.0009377930603313535,3,0.0004220002813335209
"C28472T",0.000625,2,0.000016978937627872624
"C28473T",0.0003125,1,0.0001417836381681554
"T28474G",0.00125,4,0.0011851851851851852
"C28486A",0.0003116235587410408,1,0.0002844950213371266
"G28487C",0.0009348706762231225,3,0.0007392804337111878
"T28489C",0.0003116235587410408,1,0.0002894356005788712
"A28492G",0.030558154038041782,98,0.025134649910233394
"A28492T",0.004677268475210477,15,0.003036437246963563
"A28503C",0.00031036623215394165,1,0.00029069767441860465
"C28507T",0.00031036623215394165,1,0.00009127418765972983
"T28510C",0.00031036623215394165,1,0.00012786088735455825
"C28511T",0.0003104625892579944,1,0.0001591849729385546
"T28516C",0.00031075201988812925,1,0.0001990049751243781
"C28520A",0.0006215040397762585,2,0.0005558643690939411
"G28527C",0.00031075201988812925,1,0.00030921459492888067
"C28528T",0.002486016159105034,8,0.0012734797835084368
"C28531T",0.006215040397762586,20,0.0008771160424524164
"A28537C",0.0009325458501709667,3,0.0009036144578313253
"G28539T",0.00031084861672365556,1,0.00028312570781426955
"G28541T",0.00031084861672365556,1,0.0000771366862079605
"G28557A",0.0006215040397762585,2,0.0005730659025787965
"T28575C",0.0006218905472636816,2,0.0005991611743559018
"G28580A",0.0003109452736318408,1,0.00023142791020597085
"A28581G",0.0003109452736318408,1,0.000267022696929239
"A28594G",0.0003109452736318408,1,0.00020889910173386254
"C28606T",0.0009331259720062209,3,0.000245861334207507
"C28609T",0.0009331259720062209,3,0.0006043513295729251
"A28624G",0.0009334163036714375,3,0.000713436385255648
"G28625C",0.00031113876789047915,1,0.00028776978417266187
"C28634A",0.0024875621890547263,8,0.0022216051096917524
"C28638T",0.0003109452736318408,1,0.0001764602082230457
"C28639A",0.0006218905472636816,2,0.0005477951246233908
"A28652C",0.0003109452736318408,1,0.0003059975520195838
"G28655A",0.0003109452736318408,1,0.00025793139025019347
"G28655C",0.0003109452736318408,1,0.00024783147459727387
"G28655T",0.0006218905472636816,2,0.00038095238095238096
"C28657A",0.0003109452736318408,1,0.00026673779674579886
"C28657T",0.003420398009950249,11,0.000277112986522232
"C28674T",0.0012437810945273632,4,0.0003377522587182302
"A28675G",0.00031104199066874026,1,0.00025967281225655674
"A28675T",0.00031104199066874026,1,0.00029231218941829873
"C28677T",0.0021766169154228856,7,0.00021444107465612842
"G28681T",0.001244167962674961,4,0.00001390946330335844
"G28685T",0.00031084861672365556,1,0.00018867924528301886
"C28687A",0.00031084861672365556,1,0.0002682403433476395
"G28690T",0.0006216972334473111,2,0.0001453805335465581
"A28691C",0.00031084861672365556,1,0.0003029385034837928
"A28694T",0.0018656716417910447,6,0.001837109614206981
"C28695T",0.0037313432835820895,12,0.0012554927809165098
"A28696T",0.0003109452736318408,1,0.0003009328919650918
"C28697T",0.0018656716417910447,6,0.00048410521219945134
"G28703A",0.0006205398696866273,2,0.0004375410194705754
"G28703C",0.00031026993484331366,1,0.00013220518244315177
"C28708G",0.00031026993484331366,1,0.0003007518796992481
"C28708T",0.007136208501396215,23,0.0007320644216691069
"T28711A",0.004343779087806391,14,0.003925967470555244
"G28712A",0.00031026993484331366,1,0.00022351363433169424
"C28714T",0.00031026993484331366,1,0.00008960573476702509
"C28725T",0.00031026993484331366,1,0.00006670224119530417
"G28727T",0.00031026993484331366,1,0.00006300403225806451
"C28732T",0.00031026993484331366,1,0.00012584948401711554
"C28744T",0.000930809804529941,3,0.00014893511393536217
"C28748T",0.0006205398696866273,2,0.0002468831008517467
"C28754T",0.0021718895439031957,7,0.0008482792050412022
"C28757T",0.00031036623215394165,1,0.00019022256039566293
"C28767T",0.000930809804529941,3,0.0005713197486193106
"A28768G",0.00031026993484331366,1,0.0002232142857142857
"C28770T",0.0034129692832764505,11,0.0011965626019797672
"T28772C",0.000931098696461825,3,0.0008084074373484236
"G28774T",0.0003104625892579944,1,0.0001694053870913095
"A28777T",0.0021745883814849334,7,0.002023706273489448
"C28789T",0.0003104625892579944,1,0.00014934289127837514
"C28791T",0.0027941633033219497,9,0.0008166969147005445
"A28792G",0.0009313877677739833,3,0.0007297494526879105
"G28798A",0.00031036623215394165,1,0.00017421602787456446
"G28805A",0.00031036623215394165,1,0.000245398773006135
"C28807T",0.00031036623215394165,1,0.00014072614691809738
"G28808A",0.002793296089385475,9,0.00116580310880829
"G28817T",0.000930809804529941,3,0.0002882121241233548
"T28825G",0.00031026993484331366,1,0.0002942907592701589
"G28827A",0.0024821594787465093,8,0.002302158273381295
"T28829G",0.00031036623215394165,1,0.0003059039461609055
"A28834G",0.00030998140111593303,1,0.0002487562189054726
"C28846T",0.0009299442033477991,3,0.0002547987090198743
"A28848C",0.0006199628022318661,2,0.0006142506142506142
"C28849T",0.0012422360248447205,4,0.0001889644746787604
"G28851C",0.0003109452736318408,1,0.00019238168526356292
"G28851T",0.0003109452736318408,1,0.00008129420372327454
"G28857A",0.0003109452736318408,1,0.00020933640360058616
"A28860C",0.0003109452736318408,1,0.0003045066991473812
"T28861C",0.0003109452736318408,1,0.00021043771043771043
"T28862C",0.0003109452736318408,1,0.0002521432173474534
"T28867G",0.0003109452736318408,1,0.0002954209748892171
"C28868T",0.0012445550715619166,4,0.0003657978966620942
"G28872A",0.0009331259720062209,3,0.0005522827687776141
"C28876T",0.0031113876789047915,10,0.002057189878625797
"A28877T",0.01027077497665733,33,0.00034953924372418173
"G28878C",0.01027077497665733,33,0.00036247803163444637
"G28881A",1,3205,0.0005655840100488661
"G28882A",1,3205,0.0005762451434940305
"G28883C",1,3206,0.0005755677762473986
"G28884A",0.00031104199066874026,1,0.00021706099413935315
"G28884T",0.00031104199066874026,1,0.00016866250632484398
"G28895T",0.0018650917003419335,6,0.00014351663597005285
"G28899T",0.0006215040397762585,2,0.00022148394241417498
"A28901G",0.002175264139216905,7,0.0019347705914870095
"G28904T",0.00031075201988812925,1,0.00013008976193573565
"C28905A",0.0006215040397762585,2,0.0005922416345869114
"T28906A",0.0009322560596643878,3,0.0008408071748878924
"G28907A",0.00031075201988812925,1,0.00021381227282446012
"G28907T",0.00031075201988812925,1,0.00020449897750511248
"G28908A",0.00031075201988812925,1,0.00024709661477637757
"G28908T",0.00031075201988812925,1,0.00014609203798392987
"G28916A",0.001243008079552517,4,0.0008108655990269613
"G28925T",0.00031075201988812925,1,0.00011004732034774953
"C28928T",0.00031084861672365556,1,0.00009659969088098918
"G28936T",0.00031084861672365556,1,0.00019561815336463224
"C28940T",0.0003109452736318408,1,0.00022893772893772894
"C28948T",0.001554726368159204,5,0.00030013806350921425
"C28957T",0.0012437810945273632,4,0.0002833463200396685
"G28960T",0.00031104199066874026,1,0.00008340283569641368
"C28961T",0.0015552099533437014,5,0.00038529706403637206
"C28969T",0.0003109452736318408,1,0.00017815784785319794
"T28981C",0.00031104199066874026,1,0.0002572678157962439
"G28985A",0.0006218905472636816,2,0.00042265426880811494
"C28987T",0.0021766169154228856,7,0.0018257694314032342
"C28988A",0.0006218905472636816,2,0.0005819028222286878
"A28993C",0.007153965785381027,23,0.006940253470126735
"G29000T",0.002177293934681182,7,0.0005870513250587051
"G29009A",0.001554243083618278,5,0.0012664640324214793
"G29024T",0.0009322560596643878,3,0.0004953764861294584
"C29025T",0.0006216972334473111,2,0.0002875215641173088
"C29034T",0.00031084861672365556,1,0.0002735229759299781
"T29038C",0.0006215040397762585,2,0.0005323396326856535
"T29059C",0.00031075201988812925,1,0.00028538812785388126
"C29061A",0.00031075201988812925,1,0.0002878526194588371
"C29077T",0.0015537600994406464,5,0.0003094825451844516
"G29081C",0.00031075201988812925,1,0.00025258903763576663
"G29081T",0.007147296457426973,23,0.0008634281852991966
"C29085T",0.00031075201988812925,1,0.00008125457056959453
"C29087A",0.00031075201988812925,1,0.0003081664098613251
"A29089T",0.00031075201988812925,1,0.0003048780487804878
"G29090T",0.00031075201988812925,1,0.00015213753232922562
"T29092C",0.0009322560596643878,3,0.0007416563658838071
"C29095T",0.0015537600994406464,5,0.00010989010989010989
"C29108T",0.00031065548306927616,1,0.00012695188523549576
"A29110T",0.0006215040397762585,2,0.00044414834554741284
"C29118T",0.00031075201988812925,1,0.00016559032952475575
"A29121G",0.0006215040397762585,2,0.0005884083553986466
"T29128C",0.00031065548306927616,1,0.00025516713447307985
"C29137T",0.00031065548306927616,1,0.00015688735487919673
"C29144T",0.004349176762969867,14,0.0008910386965376783
"C29149T",0.00031084861672365556,1,0.00008556515786771627
"G29151A",0.00031084861672365556,1,0.00029515938606847696
"C29160T",0.006842923794712286,22,0.002563505010487066
"C29167T",0.00933125972006221,30,0.0014893511393536216
"C29171T",0.0043559427504667085,14,0.000778426466499861
"A29172T",0.0006222775357809583,2,0.0005785363031530228
"G29179A",0.0009334163036714375,3,0.0004608294930875576
"G29179C",0.00031113876789047915,1,0.000286286859433152
"G29179T",0.00373366521468575,12,0.0005197505197505198
"A29183G",0.004978220286247666,16,0.00428380187416332
"G29186T",0.0003096934035305048,1,0.00030048076923076925
"T29192C",0.0003097893432465923,1,0.00024096385542168674
"G29195T",0.0003098853424233034,1,0.00015337423312883436
"G29202A",0.0003097893432465923,1,0.0002717391304347826
"C29203T",0.0003097893432465923,1,0.00013458950201884252
"G29212A",0.004353233830845771,14,0.001918859649122807
"G29212C",0.0018656716417910447,6,0.0017172295363480253
"C29215T",0.0003109452736318408,1,0.00016147263038914905
"C29218T",0.0012433944668946222,4,0.0002612500816406505
"G29227A",0.0012426219322771047,4,0.0006222775357809583
"G29227C",0.00031065548306927616,1,0.00030553009471432935
"G29227T",0.00031065548306927616,1,0.00005778676683039584
"C29230G",0.0009322560596643878,3,0.0009267840593141798
"C29230T",0.00031075201988812925,1,0.00016611295681063124
"A29231T",0.00031075201988812925,1,0.00029027576197387516
"C29236T",0.002484472049689441,8,0.0012568735271013354
"G29239A",0.009627329192546583,31,0.006339468302658487
"C29250T",0.00031055900621118014,1,0.00013544629554381688
"C29253G",0.0006211180124223603,2,0.0006101281269066504
"C29253T",0.0009316770186335404,3,0.00004320525375885708
"G29254T",0.0009319664492078285,3,0.00013231013495633765
"G29260A",0.0006211180124223603,2,0.00018414510634379893
"G29260T",0.00031055900621118014,1,0.00008171937566396992
"G29266C",0.00031055900621118014,1,0.0002719608376393799
"C29269T",0.00031055900621118014,1,0.0001795009872554299
"C29272T",0.00031055900621118014,1,0.000036427218417601634
"A29273G",0.0006211180124223603,2,0.0005300821627352239
"C29274T",0.005900621118012423,19,0.0017146466925367747
"C29280T",0.00031065548306927616,1,0.00020554984583761563
"C29281T",0.0015532774153463808,5,0.0008143322475570033
"C29284T",0.00031075201988812925,1,0.000053304904051172706
"G29291A",0.00031065548306927616,1,0.00025303643724696357
"C29296T",0.0031065548306927616,10,0.0004224043254202923
"A29299G",0.00031065548306927616,1,0.0002592016588906169
"T29302C",0.00031075201988812925,1,0.00019466614755693986
"C29304T",0.00031075201988812925,1,0.00023386342376052386
"A29305T",0.010254816656308266,33,0.008691071898867527
"C29311T",0.002486016159105034,8,0.00030937004524536914
"G29315C",0.00031065548306927616,1,0.00014104372355430183
"G29315T",0.0009319664492078285,3,0.0006047167909695626
"T29317C",0.00031065548306927616,1,0.00015964240102171138
"A29324G",0.00031075201988812925,1,0.0002576655501159495
"G29348A",0.00031084861672365556,1,0.0002447381302006853
"G29348T",0.00031084861672365556,1,0.0001164551065564225
"T29351C",0.0009325458501709667,3,0.0008728542333430317
"C29353T",0.001554243083618278,5,0.00025046335721084004
"C29358A",0.0003118178983473651,1,0.00010932546190007652
"C29358T",0.03149360773308388,101,0.004201680672268907
"A29359G",0.0006234413965087282,2,0.0005026388539834129
"T29360G",0.0006236357966947302,2,0.0006093845216331506
"C29363T",0.0003117206982543641,1,0.00016215339711366953
"C29364T",0.019644527595884004,63,0.007857321027687703
"C29366T",0.01371571072319202,44,0.0027725267800882167
"C29367T",0.0012468827930174563,4,0.00019921310822252104
"C29370T",0.003428927680798005,11,0.0004940267672684811
"G29374T",0.0006240249609984399,2,0.00047938638542665386
"C29375T",0.0006242197253433209,2,0.000418147606104955
"T29377C",0.0006242197253433209,2,0.0004878048780487805
"G29383A",0.00031220730565095225,1,0.0002261420171867933
"G29384T",0.0018732438339057135,6,0.0009704027171276079
"C29386T",0.9940569283703472,3178,0.06476990176496963
"A29391G",0.00031201248049921997,1,0.0002620545073375262
"G29399A",0.0003123048094940662,1,0.00004334257975034674
"A29403G",0.00280986575085857,9,0.002066115702479339
"T29404C",0.00031220730565095225,1,0.00021367521367521368
"G29405C",0.0015610365282547611,5,0.0006524859715516117
"C29409T",0.0009366219169528567,3,0.000057893822729114805
"T29410C",0.04590880699562773,147,0.03389439704865114
"C29415T",0.00031201248049921997,1,0.00024912805181863477
"C29416T",0.00218408736349454,7,0.0015050526768436896
"C29420T",0.00686641697877653,22,0.0016535137166478768
"C29421T",0.0009363295880149813,3,0.0002102459878057327
"A29426-",0.00031279324366593683,1,0.0003045994517209869
"G29427-",0.00031289111389236547,1,0.0003045066991473812
"G29427T",0.00031289111389236547,1,0.00020999580008399833
"A29428-",0.00031269543464665416,1,0.0003050640634533252
"C29429-",0.00031269543464665416,1,0.0003049710277523635
"C29429G",0.0012507817385866166,4,0.0011901219875037191
"A29430-",0.00031269543464665416,1,0.0003050640634533252
"G29431-",0.00031269543464665416,1,0.0003049710277523635
"A29432-",0.00031269543464665416,1,0.0003050640634533252
"A29433-",0.00031279324366593683,1,0.00030193236714975844
"A29433G",0.00031279324366593683,1,0.00015151515151515152
"G29434-",0.00031279324366593683,1,0.00030193236714975844
"G29434A",0.007507037847982484,24,0.005762304921968787
"A29435-",0.00031279324366593683,1,0.00030211480362537764
"A29436-",0.0003125,1,0.00030184123151222455
"A29437-",0.0003125,1,0.00030193236714975844
"C29438-",0.0003125,1,0.0002962085308056872
"A29439-",0.0003125,1,0.0002965599051008304
"G29440-",0.00031259768677711783,1,0.0002964719833975689
"G29440T",0.00031259768677711783,1,0.00010185373803218578
"C29441-",0.00031259768677711783,1,0.00030012004801920766
"A29442-",0.00031259768677711783,1,0.00030395136778115504
"A29443-",0.00031259768677711783,1,0.0003029385034837928
"A29444-",0.00031259768677711783,1,0.0003022974607013301
"C29445-",0.00031259768677711783,1,0.0003029385034837928
"C29445T",0.0009377930603313535,3,0.00018433179723502304
"T29446-",0.00031259768677711783,1,0.0003027550711474417
"G29447-",0.00031259768677711783,1,0.0002984183825723665
"T29448-",0.0003125,1,0.0002990430622009569
"G29449-",0.0003125,1,0.00030129557095510696
"G29449T",0.0003125,1,0.00005587840858292356
"T29455C",0.002499218994064355,8,0.0023128071697022263
"T29464C",0.000625,2,0.00043582479843103073
"C29466T",0.0003125,1,0.0000518295843267337
"T29470C",0.0003123048094940662,1,0.00025006251562890725
"G29474A",0.0003123048094940662,1,0.00028312570781426955
"A29475T",0.0003123048094940662,1,0.0003075030750307503
"A29478G",0.0003117206982543641,1,0.0002744990392533626
"C29482T",0.002806361085126286,9,0.0016605166051660517
"T29483G",0.0003118178983473651,1,0.0002964719833975689
"C29503T",0.0012461059190031153,4,0.0006507239303725395
"G29508A",0.0009342883836810962,3,0.000586739683160571
"G29508T",0.0003114294612270321,1,0.0001808972503617945
"C29509T",0.0003114294612270321,1,0.000006201435012061791
"A29510C",0.9987535057650359,3205,0.0010099294498893804
"T29515C",0.00031338138514572234,1,0.00023640661938534278
"T29515G",0.0015669069257286117,5,0.0015239256324291375
"G29516C",0.00031357792411414236,1,0.0002932551319648094
"C29520T",0.0003132832080200501,1,0.00014712373105781962
"T29524C",0.0006265664160401002,2,0.00017688157778367384
"G29527C",0.0006265664160401002,2,0.0005717552887364208
"G29527T",0.0003132832080200501,1,0.00007752538956508256
"C29530T",0.0006275494195167869,2,0.0002228163992869875
"C29541T",0.000630119722747322,2,0.00008227743952608195
"G29543T",0.00031486146095717883,1,0.00003504099796762212
"C29545T",0.00031725888324873094,1,0.0000804052424218059
"C29546A",0.0009517766497461929,3,0.0006373486297004461
"C29548T",0.00031725888324873094,1,0.00021181952976064393
"C29550T",0.0003171582619727244,1,0.0002039151712887439
"G29554T",0.0006349206349206349,2,0.00006792786061203002
"C29555T",0.0019047619047619048,6,0.00023293733985557886
"G29557T",0.0003178639542275906,1,0.00004253328229339458
"A29558G",0.0019071837253655435,6,0.0013847219016847449
"C29563T",0.0009535918626827717,3,0.0008351893095768374
"A29565G",0.00031746031746031746,1,0.00022836263987211693
"T29566A",0.0003176620076238882,1,0.00030358227079538557
"A29567C",0.0003176620076238882,1,0.0002907822041291073
"A29567G",0.0006353240152477764,2,0.00019851116625310174
"T29568G",0.0003176620076238882,1,0.0003077870113881194
"G29573T",0.00031776294884016526,1,0.00026838432635534085
"T29574G",0.0003178639542275906,1,0.0003074085459575776
"T29575-",0.00031776294884016526,1,0.0001801477211313277
"T29575C",0.0006355258976803305,2,0.0005810575246949448
"T29576-",0.00031776294884016526,1,0.00018044027426921688
"T29576G",0.00031776294884016526,1,0.0003036744609778318
"T29577-",0.0003176620076238882,1,0.00018477457501847746
"T29577A",0.0003176620076238882,1,0.00030731407498463427
"C29578-",0.0003176620076238882,1,0.00019083969465648855
"G29579-",0.00031867431485022306,1,0.00019127773527161438
"C29580-",0.00031857279388340236,1,0.00019102196752626553
"T29581-",0.000637551801083838,2,0.00032536196518626975
"T29582-",0.00031857279388340236,1,0.00021204410517387616
"T29583-",0.00031867431485022306,1,0.00022411474675033618
"T29583C",0.0006373486297004461,2,0.0005268703898840885
"T29584-",0.00031867431485022306,1,0.0002257336343115124
"C29585-",0.00031867431485022306,1,0.00022598870056497175
"C29585A",0.0006373486297004461,2,0.0005689900426742532
"C29585T",0.0006373486297004461,2,0.0001230012300123001
"C29586-",0.00031867431485022306,1,0.0002354603249352484
"G29587-",0.00031867431485022306,1,0.00023551577955723034
"G29587T",0.00031867431485022306,1,0.00023266635644485808
"A29594G",0.0003183699458771092,1,0.00027862914460852607
"A29600G",0.006373486297004461,20,0.003575259206292456
"T29604C",0.00031826861871419476,1,0.00006653802648213454
"C29614T",0.005434782608695652,17,0.000275736784909088
"T29619A",0.0003197953309881676,1,0.00028843380444188056
"C29625T",0.003198976327575176,10,0.00012247697432882617
"C29627T",0.0003198976327575176,1,0.0000597442944198829
"C29640T",0.00128,4,0.0002836275969651847
"C29642T",0.01727447216890595,54,0.002870508186264087
"A29647G",0.0003201024327784891,1,0.0002527805864509606
"G29648T",0.00032030749519538755,1,0.00006948304613674263
"T29650C",0.0003202049311559398,1,0.00027925160569673273
"G29651T",0.0006402048655569782,2,0.0005648121999435188
"T29652G",0.0003201024327784891,1,0.0003093102381688834
"A29663T",0.002242152466367713,7,0.00205761316872428
"A29664G",0.00032030749519538755,1,0.0002522704339051463
"T29665C",0.00032030749519538755,1,0.0002467308166790032
"C29670T",0.00032797638570022957,1,0.00008050881571532083
"A29677G",0.0003281916639317361,1,0.00029282576866764275
"C29679T",0.0036101083032490976,11,0.0008250206255156379
"T29685C",0.0003363605785401951,1,0.00017307026652821047
"C29686T",0.0023561090541905083,7,0.00040190618361371077
"A29687G",0.0003368137420006736,1,0.00026164311878597594
"C29696T",0.001067995728017088,3,0.0003348961821835231
"A29700G",0.0040609137055837565,12,0.000052299659616382
"G29702A",0.0006765899864682003,2,0.0002577319587628866
"G29705T",0.00033818058843422386,1,0.00011568718186024989
"G29706C",0.0013531799729364006,4,0.0008352474420547087
"G29706T",0.002368064952638701,7,0.00016394594467995408
"G29717A",0.0006786562606040041,2,0.00022606533288120268
"C29719T",0.0013605442176870747,4,0.0004020908725371934
"C29724T",0.0003405994550408719,1,0.0001384083044982699
"T29728-",0.000683526999316473,2,0.00009659036028204386
"T29728A",0.0003417634996582365,1,0.00022114108801415304
"T29728G",0.0010252904989747095,3,0.0008201202843083652
"T29729-",0.0006846970215679561,2,0.00008659883091578263
"C29730-",0.0006851661527920521,2,0.00007602828252109785
"A29731-",0.0010277492291880781,3,0.00011471836641046231
"C29732-",0.0010277492291880781,3,0.00011260415884693342
"C29732A",0.00034258307639602604,1,0.00028050490883590464
"C29733-",0.0010559662090813093,3,0.00009795598511069027
"G29734-",0.9757136770345122,2290,0.0010144638624936318
"G29734T",0.011077971878994461,26,0.0011637275087279563
"A29735-",0.9853637537666811,2289,0.001012747164064598
"G29736-",0.9887737478411054,2290,0.00101266091469371
"G29737-",0.9892008639308856,2290,0.0010116945707344593
"C29738-",0.989628349178911,2290,0.0010068651495392603
"C29739-",0.989628349178911,2290,0.0010067898965776178
"A29740-",0.989628349178911,2290,0.0010067611263590726
"C29741-",0.9900562040639862,2290,0.0010067819292755478
"G29742-",0.9900562040639862,2290,0.0010067332429471523
"C29743-",0.9900562040639862,2290,0.0010066872165669944
"G29744-",0.9900562040639862,2290,0.0010066487169624705
"G29745-",0.9900562040639862,2290,0.0010065982736619824
"A29746-",0.9900562040639862,2290,0.0010063850517101735
"G29747-",0.9900562040639862,2290,0.0010058316272994123
"T29748-",0.9900562040639862,2290,0.0010057874503200293
"A29749-",0.9900562040639862,2290,0.0010072504438059817
"C29750-",0.9900562040639862,2290,0.0010070883185671023
"G29751-",0.9900562040639862,2290,0.001006954139614851
"A29752-",0.9900562040639862,2290,0.0010040354332434816
"T29753-",0.989628349178911,2290,0.0010040820979615819
"C29754-",0.989628349178911,2290,0.0010041723580729537
"G29755-",0.989628349178911,2290,0.0010043256172765057
"A29756-",0.989628349178911,2290,0.0010026058997008819
"G29757-",0.989628349178911,2290,0.0010057008746962586
"T29758-",0.989628349178911,2290,0.0010059747873725124
"G29759-",0.9794608472400513,2289,0.0010091871744610835
"G29759C",0.008985879332477536,21,0.002023706273489448
"G29759T",0.0004278990158322636,1,0.0001199616122840691
"T29760-",0.0011389521640091116,3,0.00006882470348023583
"A29761-",0.0007587253414264037,2,0.00005808718887049461
"A29761G",0.00037936267071320183,1,0.0002768549280177187
"A29761T",0.00037936267071320183,1,0.0002984183825723665
"C29762-",0.0007587253414264037,2,0.00006023552088666687
"C29762T",0.015174506828528073,40,0.001625487646293888
"A29763-",0.0007584376185058779,2,0.00006980071894740515
"G29764-",0.0007587253414264037,2,0.0000699154023631406
"G29764T",0.00037936267071320183,1,0.00013779798814937303
"T29765-",0.0007578628268283441,2,0.00007016312927556569
"G29766-",0.000757002271006813,2,0.00007171543316121629
"G29766A",0.0003785011355034065,1,0.00022857142857142857
"G29766T",0.000757002271006813,2,0.00040766408479412964
"A29767-",0.000757002271006813,2,0.00009911785112498761
"A29768-",0.000757002271006813,2,0.00009926543577526305
"C29769-",0.0007645259938837921,2,0.00009317059536010435
"C29769T",0.00038226299694189603,1,0.00003868023053417398
"A29770-",0.0007645259938837921,2,0.0000903995660820828
"A29771-",0.0007642338555598013,2,0.00009079765742043855
"T29772-",0.0007639419404125286,2,0.00009349289454001496
"G29773-",0.0007633587786259542,2,0.00009890707680134513
"C29774-",0.0007633587786259542,2,0.00010219201880333146
"C29774T",0.003435114503816794,9,0.00025196674039026847
"T29775-",0.0007627765064836003,2,0.0001067463706233988
"A29776-",0.0007624857033930614,2,0.00013557483731019523
"A29776T",0.0003812428516965307,1,0.0002532286654849329
"G29778A",0.0003816793893129771,1,0.0002037905033625433
"G29779A",0.029759633727584892,78,0.017457475380483437
"G29779T",0.00534147272033575,14,0.0004906083543594057
"G29781T",0.003052270125906143,8,0.00035144752449149934
"C29784T",0.004576659038901602,12,0.00046446818392940084
"A29790T",0.0003901677721420211,1,0.00029171528588098014
"T29791A",0.0003904724716907458,1,0.00028851702250432774
"A29792T",0.000390625,1,0.0002822466836014677
"T29793A",0.00039108330074305825,1,0.0002144082332761578
"A29799G",0.0003952569169960474,1,0.00023752969121140142
"G29800A",0.00039635354736424893,1,0.0002105263157894737
"C29801T",0.0007927070947284979,2,0.0005103342689461597
"T29816G",0.013556618819776715,34,0.009642654566080544
"T29820-",0.0025630072618539087,6,0.0009896091044037606
"G29830A",0.001273074474856779,2,0.0005892751915144372
"G29830C",0.0006365372374283895,1,0.0003061849357011635
"C29835T",0.0025889967637540453,4,0.0003996403237086622
"C29836T",0.003883495145631068,6,0.0010075566750629723
"C29838T",0.0013477088948787063,2,0.0003531696980399082
"A29839G",0.0006765899864682003,1,0.0002860411899313501
"A29866C",0.0035460992907801418,1,0.0002913752913752914
"T29867-",0.005154639175257732,1,0.00025393600812595224
"T29867G",0.005154639175257732,1,0.0002946375957572186
"G29868-",0.006329113924050633,1,0.00026021337496747333
"A29869-",0.014084507042253521,2,0.0005502063273727648
"A29869C",0.007042253521126761,1,0.0002952465308532625
"A29869G",0.014084507042253521,2,0.0005922416345869114
"C29870-",0.007246376811594203,1,0.0002832058906825262
"C29870A",0.050724637681159424,7,0.00009072763563781528
"C29870G",0.007246376811594203,1,0.00030321406913280777
"A29871-",0.0064516129032258064,1,0.00028571428571428574
"A29871C",0.0064516129032258064,1,0.0002978850163836759
"A29871G",0.012903225806451613,2,0.0005743825387708214
"A29872-",0.006711409395973154,1,0.0002857959416976279
"A29873-",0.00684931506849315,1,0.00028595939376608524
"A29874-",0.00684931506849315,1,0.0002861230329041488
"A29875-",0.00684931506849315,1,0.000286368843069874
"A29876-",0.006896551724137931,1,0.00028661507595299513
"A29877-",0.006896551724137931,1,0.00028661507595299513
"A29878-",0.006944444444444444,1,0.00028661507595299513
"A29879-",0.006944444444444444,1,0.00028661507595299513
"A29880-",0.006944444444444444,1,0.00028686173264486515
"A29881-",0.006944444444444444,1,0.00028694404591104734
"A29882-",0.006944444444444444,1,0.00028694404591104734
"A29883-",0.006993006993006993,1,0.0002871088142405972
"A29884-",0.006993006993006993,1,0.0002871912693854107
"A29885-",0.006993006993006993,1,0.00028735632183908046
"A29886-",0.006993006993006993,1,0.0002874389192296637
"A29887-",0.006993006993006993,1,0.0002875215641173088
"A29888-",0.006993006993006993,1,0.00028768699654775604
"A29889-",0.006993006993006993,1,0.00028768699654775604
"A29890-",0.006993006993006993,1,0.00028768699654775604
"A29891-",0.006993006993006993,1,0.00028793550244745177
"A29892-",0.0070921985815602835,1,0.0002881014116969173
"A29893-",0.0070921985815602835,1,0.00028818443804034583
"A29894-",0.0070921985815602835,1,0.00028851702250432774
"A29895-",0.007142857142857143,1,0.0002889338341519792
"A29896-",0.007246376811594203,1,0.00028968713789107763
"A29897-",0.007246376811594203,1,0.0002901073397156948
"A29898-",0.0072992700729927005,1,0.0002910360884749709