mutation,proportion,count,jaccard
"A5T",0.0125,1,0.0012285012285012285
"T10G",0.007692307692307693,1,0.0011961722488038277
"T13C",0.010471204188481676,2,0.002081165452653486
"C20T",0.0049504950495049506,1,0.0011560693641618498
"C21T",0.9753694581280788,198,0.0043426766679826295
"C36T",0.0045871559633027525,1,0.0008992805755395684
"C37T",0.0045871559633027525,1,0.0007861635220125787
"C44T",0.9655172413793104,224,0.0017004091609543546
"C66T",0.0030120481927710845,1,0.0007836990595611285
"G72A",0.0030211480362537764,1,0.001095290251916758
"T78A",0.00423728813559322,1,0.0011933174224343676
"G94T",0.0013123359580052493,1,0.0012004801920768306
"C106T",0.00130718954248366,1,0.0003588087549336204
"C119T",0.0038860103626943004,3,0.003121748178980229
"T120C",0.0012953367875647669,1,0.0011933174224343676
"C123T",0.0012919896640826874,1,0.0011337868480725624
"T130A",0.002577319587628866,2,0.0024691358024691358
"C140T",0.003865979381443299,3,0.0013901760889712697
"T168C",0.003861003861003861,3,0.003157894736842105
"G174A",0.0012853470437017994,1,0.0007980845969672786
"C186T",0.0038510911424903724,3,0.0010344827586206897
"C190-",0.0012836970474967907,1,0.0012077294685990338
"C203T",0.002560819462227913,2,0.0004572473708276177
"C206T",0.002560819462227913,2,0.0015785319652722968
"G213T",0.0012787723785166241,1,0.0010905125408942203
"G216A",0.0012787723785166241,1,0.000970873786407767
"A220C",0.0012787723785166241,1,0.0011918951132300357
"T221C",0.0025575447570332483,2,0.0015723270440251573
"C222T",0.0025575447570332483,2,0.0005277044854881266
"C233T",0.0025673940949935813,2,0.0022026431718061676
"C241T",0.9987163029525032,778,0.001093298557632854
"G315-",0.001277139208173691,1,0.0010090817356205853
"T316-",0.001277139208173691,1,0.0010131712259371835
"T317-",0.001277139208173691,1,0.0009940357852882703
"C335T",0.0012755102040816326,1,0.00028735632183908046
"C337T",0.01403061224489796,11,0.004177744018230156
"C344T",0.002551020408163265,2,0.0014214641080312722
"C346T",0.005095541401273885,4,0.0014727540500736377
"G368A",0.0012738853503184713,1,0.0009950248756218905
"G373T",0.001272264631043257,1,0.0010683760683760685
"G376T",0.001272264631043257,1,0.0009107468123861566
"T378C",0.005095541401273885,4,0.004634994206257242
"C398T",0.002551020408163265,2,0.001392757660167131
"A405G",0.0012836970474967907,1,0.000002774879570226652
"C421T",0.0017006802721088435,1,0.0010515247108307045
"G440A",0.001697792869269949,1,0.001182033096926714
"C449T",0.006802721088435374,4,0.002617801047120419
"A462T",0.003389830508474576,2,0.002472187886279357
"G463A",0.003372681281618887,2,0.0014295925661186562
"C466T",0.0016835016835016834,1,0.0009699321047526673
"G487T",0.0016863406408094434,1,0.0010416666666666667
"C506T",0.001692047377326565,1,0.0006821282401091405
"G509-",0.013559322033898305,8,0.0007089056269384139
"G509A",0.015254237288135594,9,0.009384775808133473
"G510-",0.015228426395939087,9,0.0005118580447022692
"T511-",0.015228426395939087,9,0.0005121493199795141
"C512-",0.013605442176870748,8,0.0004571689810846334
"A513-",0.013605442176870748,8,0.0004519774011299435
"T514-",0.013559322033898305,8,0.00045210511443910707
"G515-",0.022033898305084745,13,0.0004947292308863264
"T516-",0.022033898305084745,13,0.00046060090702947846
"T517-",0.022033898305084745,13,0.0004609275280102113
"A518-",0.030612244897959183,18,0.000564334085778781
"T519-",0.030664395229982964,18,0.0007417174880501071
"G520-",0.030664395229982964,18,0.0007442937479325174
"G521-",0.011864406779661017,7,0.0005363162733680661
"T522-",0.010186757215619695,6,0.000471253534401508
"T523-",0.010169491525423728,6,0.00047344748678292435
"G524-",0.001692047377326565,1,0.0005376344086021505
"A532G",0.015228426395939087,9,0.007550335570469799
"C541T",0.001697792869269949,1,0.00011406410402646287
"G561A",0.001694915254237288,1,0.0009652509652509653
"C584T",0.001692047377326565,1,0.000992063492063492
"T606C",0.0034071550255536627,2,0.0012970168612191958
"G611T",0.0017035775127768314,1,0.0011668611435239206
"T658A",0.0017605633802816902,1,0.000942507068803016
"T670G",0.993734335839599,793,0.0010534468168769354
"T671-",0.0012484394506866417,1,0.001199040767386091
"T671C",0.0012484394506866417,1,0.001148105625717566
"C676T",0.0012484394506866417,1,0.0007680491551459293
"G677A",0.0024937655860349127,2,0.00128783000643915
"C683-",0.005018820577164366,4,0.004733727810650888
"C683T",0.002509410288582183,2,0.0003745318352059925
"T684-",0.004987531172069825,4,0.004459308807134894
"A685-",0.004987531172069825,4,0.004459308807134894
"A686-",0.02119700748129676,17,0.001491358891130801
"A687-",0.02119700748129676,17,0.0014920133403545726
"G688-",0.02122347066167291,17,0.0014927994380049174
"T689-",0.02122347066167291,17,0.001491882404563405
"C690-",0.02122347066167291,17,0.0014920133403545726
"C690T",0.006242197253433208,5,0.0045871559633027525
"A691-",0.02122347066167291,17,0.0014901823281907433
"T692-",0.016229712858926344,13,0.00114005086380777
"T693-",0.016229712858926344,13,0.0011446684863960553
"T694-",0.01625,13,0.0011629987475398104
"T694A",0.005,4,0.004077471967380225
"G701T",0.0024937655860349127,2,0.002232142857142857
"G702A",0.0012468827930174563,1,0.0011312217194570137
"G714A",0.0012453300124533001,1,0.0010570824524312897
"T724C",0.0012453300124533001,1,0.001201923076923077
"A726G",0.0012453300124533001,1,0.0012121212121212121
"A729C",0.0012453300124533001,1,0.001226993865030675
"C745T",0.0012484394506866417,1,0.0004344048653344917
"T771C",0.0012453300124533001,1,0.0012239902080783353
"A773G",0.0012453300124533001,1,0.0011933174224343676
"C774T",0.0012453300124533001,1,0.00004445432318292954
"G787A",0.0012468827930174563,1,0.0012135922330097086
"C788T",0.0012453300124533001,1,0.00099601593625498
"T809C",0.0024906600249066002,2,0.001869158878504673
"C811A",0.0024906600249066002,2,0.0024330900243309003
"C817T",0.003740648379052369,3,0.002793296089385475
"C823T",0.00125,1,0.00010076582023377671
"C832T",0.0062266500622665,5,0.001599488163787588
"C835T",0.0024906600249066002,2,0.0010230179028132991
"C842T",0.0012453300124533001,1,0.0009813542688910696
"A870G",0.0012453300124533001,1,0.001160092807424594
"C874T",0.0012453300124533001,1,0.0007358351729212656
"C875A",0.0012453300124533001,1,0.0010905125408942203
"C884T",0.0024906600249066002,2,0.0011547344110854503
"G885T",0.0012453300124533001,1,0.0011947431302270011
"C897A",0.9899497487437185,788,0.002923510141389558
"C897G",0.001256281407035176,1,0.0011507479861910242
"T898C",0.0012453300124533001,1,0.0008368200836820083
"C900T",0.0012453300124533001,1,0.0003878975950349108
"G923T",0.0012437810945273632,1,0.0012106537530266344
"C925T",0.0012437810945273632,1,0.000580046403712297
"G932A",0.0024875621890547263,2,0.0023612750885478157
"C934T",0.0012437810945273632,1,0.0005035246727089627
"C936T",0.0024875621890547263,2,0.0008956560680698612
"G940A",0.0012437810945273632,1,0.0009149130832570906
"G943T",0.0012437810945273632,1,0.001142857142857143
"C952T",0.0012437810945273632,1,0.0007898894154818325
"A1005G",0.007462686567164179,6,0.006369426751592357
"T1012C",0.0012437810945273632,1,0.0011061946902654867
"A1033G",0.0026595744680851063,2,0.0024009603841536613
"C1060T",0.002688172043010753,2,0.0006510416666666666
"C1093T",0.0013458950201884253,1,0.00040535062829347385
"C1102T",0.0013550135501355014,1,0.00047214353163361664
"C1142T",0.001349527665317139,1,0.000847457627118644
"G1148A",0.001349527665317139,1,0.0011248593925759281
"T1153C",0.020242914979757085,15,0.016816143497757848
"G1157A",0.0026917900403768506,2,0.0019550342130987292
"A1162G",0.0026845637583892616,2,0.0024242424242424242
"C1166A",0.005376344086021506,4,0.004454342984409799
"T1169C",0.002688172043010753,2,0.002355712603062426
"C1170T",0.0013440860215053765,1,0.0001003814495081309
"T1177C",0.0013386880856760374,1,0.00065359477124183
"C1190T",0.0013440860215053765,1,0.0005257623554153522
"C1191T",0.008064516129032258,6,0.002167630057803468
"C1204T",0.001336898395721925,1,0.0010131712259371835
"A1207G",0.006693440428380187,5,0.006038647342995169
"C1218T",0.0013422818791946308,1,0.0006459948320413437
"A1220G",0.0013422818791946308,1,0.0012254901960784314
"G1231T",0.002677376171352075,2,0.0022935779816513763
"A1239G",0.0013404825737265416,1,0.0011061946902654867
"C1263T",0.0013404825737265416,1,0.0005747126436781609
"C1282T",0.0013458950201884253,1,0.0010559662090813093
"C1288T",0.001349527665317139,1,0.0002559508574353724
"C1314A",0.0040595399188092015,3,0.003579952267303103
"T1368C",0.0030441400304414,2,0.0013458950201884253
"T1405C",0.0030257186081694403,2,0.002280501710376283
"C1426T",0.007541478129713424,5,0.0024838549428713363
"A1435G",0.0015128593040847202,1,0.0010649627263045794
"G1458A",0.009036144578313253,6,0.006578947368421052
"C1473T",0.0015060240963855422,1,0.00031026993484331366
"C1489T",0.0015105740181268882,1,0.0008658008658008658
"T1531C",0.0015105740181268882,1,0.0010460251046025104
"C1545T",0.0015151515151515152,1,0.00012540757461750688
"C1567A",0.0015082956259426848,1,0.0012106537530266344
"C1567T",0.0030165912518853697,2,0.0017857142857142857
"T1570C",0.0015082956259426848,1,0.0008183306055646482
"A1588G",0.0014947683109118087,1,0.0008012820512820513
"G1590A",0.0014947683109118087,1,0.0008090614886731392
"C1628A",0.003745318352059925,3,0.0030991735537190084
"T1660C",0.0012437810945273632,1,0.0012048192771084338
"C1684T",0.001256281407035176,1,0.00018878610534264677
"T1693G",0.006257822277847309,5,0.006157635467980296
"T1694C",0.0012515644555694619,1,0.0012091898428053204
"A1699G",0.0012531328320802004,1,0.001176470588235294
"G1709A",0.0012515644555694619,1,0.0012224938875305623
"C1710T",0.0025031289111389237,2,0.0017316017316017316
"C1722T",0.0012547051442910915,1,0.00031486146095717883
"G1757A",0.0012531328320802004,1,0.00101010101010101
"C1758T",0.0037593984962406013,3,0.00130605137135394
"C1762T",0.0012531328320802004,1,0.0010976948408342481
"C1780T",0.00125,1,0.000925925925925926
"G1782T",0.0025,2,0.0023752969121140144
"T1813A",0.00125,1,0.0010050251256281408
"G1820A",0.00125,1,0.0000871839581517001
"C1825T",0.0024968789013732834,2,0.001718213058419244
"G1843A",0.00125,1,0.0011682242990654205
"G1857A",0.00125,1,0.0009699321047526673
"C1862T",0.00125,1,0.0011037527593818985
"C1878T",0.0012531328320802004,1,0.0007462686567164179
"G1895A",0.0012531328320802004,1,0.0006341154090044388
"C1909T",0.0012391573729863693,1,0.0006798096532970768
"C1912T",0.0024783147459727386,2,0.00037355248412401944
"C1915T",0.0012391573729863693,1,0.0008071025020177562
"G1922A",0.0012391573729863693,1,0.001076426264800861
"T1927A",0.0012376237623762376,1,0.001145475372279496
"T1950C",0.0025031289111389237,2,0.0023501762632197414
"C1952A",0.0025031289111389237,2,0.0024009603841536613
"C1973T",0.0012515644555694619,1,0.00013956734124214934
"A1989G",0.0012515644555694619,1,0.0009775171065493646
"C2003T",0.0012515644555694619,1,0.0005858230814294083
"C2005T",0.0012515644555694619,1,0.0007032348804500703
"A2026G",0.0012515644555694619,1,0.0011363636363636363
"A2031G",0.0012515644555694619,1,0.0010570824524312897
"A2045G",0.0025031289111389237,2,0.0024600246002460025
"G2059A",0.0037546933667083854,3,0.0024019215372297837
"G2060A",0.0012515644555694619,1,0.000058596038907769834
"C2062T",0.006257822277847309,5,0.002074688796680498
"C2065T",0.001287001287001287,1,0.0001764602082230457
"T2068C",0.0025031289111389237,2,0.0021390374331550803
"T2074C",0.002512562814070352,2,0.0023228803716608595
"G2089T",0.0012515644555694619,1,0.0012285012285012285
"C2094T",0.01877346683354193,15,0.008460236886632826
"G2095A",0.005012531328320802,4,0.0004512126339537507
"A2109G",0.0012515644555694619,1,0.0011976047904191617
"C2135T",0.00125,1,0.001037344398340249
"C2137T",0.00125,1,0.0008438818565400844
"C2141T",0.00125,1,0.0010080645161290322
"A2176G",0.0012515644555694619,1,0.0011574074074074073
"A2182G",0.0012531328320802004,1,0.0011135857461024498
"C2189T",0.0012547051442910915,1,0.0005293806246691371
"C2197T",0.006273525721455458,5,0.002565418163160595
"G2204A",0.0012547051442910915,1,0.0011947431302270011
"C2232T",0.0012547051442910915,1,0.0003475842891901286
"C2260T",0.001277139208173691,1,0.001072961373390558
"C2262A",0.011523687580025609,9,0.01076555023923445
"G2272A",0.001272264631043257,1,0.0007674597083653108
"G2305T",0.0012674271229404308,1,0.000864304235090752
"G2323A",0.0025348542458808617,2,0.0022172949002217295
"C2334T",0.0076045627376425855,6,0.00008733624454148471
"T2339G",0.0012674271229404308,1,0.0012077294685990338
"C2344T",0.0025348542458808617,2,0.0019249278152069298
"C2388T",0.0025380710659898475,2,0.0010309278350515464
"G2398T",0.0025380710659898475,2,0.002347417840375587
"C2399T",0.001272264631043257,1,0.0011876484560570072
"C2416T",0.0025380710659898475,2,0.0014847809948032665
"T2432C",0.0038071065989847717,3,0.002843601895734597
"C2434T",0.0025380710659898475,2,0.0016806722689075631
"A2440G",0.0012690355329949238,1,0.0011695906432748538
"C2449T",0.0025380710659898475,2,0.001936108422071636
"C2455T",0.0012690355329949238,1,0.0004187604690117253
"C2462T",0.0012706480304955528,1,0.0007267441860465116
"C2485T",0.008928571428571428,7,0.0015967153284671533
"C2502T",0.0012755102040816326,1,0.0011363636363636363
"C2508T",0.0012804097311139564,1,0.0006798096532970768
"A2515T",0.0025477707006369425,2,0.0024630541871921183
"C2523T",0.002544529262086514,2,0.001076426264800861
"G2527A",0.0012738853503184713,1,0.0008718395815170009
"C2536T",0.0012738853503184713,1,0.00044802867383512545
"T2602A",0.0012674271229404308,1,0.0012254901960784314
"C2638T",0.0029940119760479044,2,0.0017301038062283738
"C2644T",0.0014992503748125937,1,0.0004078303425774878
"C2662T",0.0029850746268656717,2,0.0016556291390728477
"C2695T",0.0030075187969924814,2,0.0006605019815059445
"T2698C",0.0015082956259426848,1,0.0004906771344455348
"A2699G",0.0015060240963855422,1,0.001148105625717566
"G2731A",0.0030211480362537764,2,0.001893939393939394
"T2737C",0.0030165912518853697,2,0.002352941176470588
"C2773T",0.0029806259314456036,2,0.0010065425264217413
"C2790G",0.0015220700152207,1,0.0012345679012345679
"C2790T",0.9969558599695586,655,0.0009046811378816926
"G2808T",0.0015082956259426848,1,0.001226993865030675
"T2824C",0.0015060240963855422,1,0.0005330490405117271
"C2842T",0.0045385779122541605,3,0.0017814726840855108
"A2853T",0.001519756838905775,1,0.0012360939431396785
"G2883A",0.003870967741935484,3,0.0031282586027111575
"C2919T",0.0012836970474967907,1,0.0009689922480620155
"C2937T",0.0012755102040816326,1,0.0005136106831022085
"T3011C",0.0012755102040816326,1,0.0011961722488038277
"A3019G",0.0012738853503184713,1,0.001076426264800861
"C3020T",0.0012738853503184713,1,0.0007246376811594203
"C3037T",1,785,0.0010282271268583405
"C3042A",0.012738853503184714,10,0.0041876046901172526
"C3042T",0.0012738853503184713,1,0.0011614401858304297
"G3080A",0.0012755102040816326,1,0.0011350737797956867
"T3087G",0.0012755102040816326,1,0.0012345679012345679
"C3096T",0.007653061224489796,6,0.0012510425354462051
"T3104C",0.001272264631043257,1,0.0011160714285714285
"A3116G",0.001272264631043257,1,0.0011723329425556857
"C3140T",0.001272264631043257,1,0.0005681818181818182
"T3151C",0.0012738853503184713,1,0.0010718113612004287
"T3172C",0.001277139208173691,1,0.0009823182711198428
"A3174G",0.001277139208173691,1,0.0011441647597254005
"C3176T",0.001277139208173691,1,0.0005488474204171241
"C3177T",0.002554278416347382,2,0.0007342143906020558
"T3208C",0.0012903225806451613,1,0.0010976948408342481
"G3227A",0.011780104712041885,9,0.010416666666666666
"A3238G",0.00676818950930626,4,0.004550625711035267
"C3241T",0.001692047377326565,1,0.0004170141784820684
"G3259T",0.0017006802721088435,1,0.0003049710277523635
"C3267T",0.003367003367003367,2,0.0011494252873563218
"A3301G",0.0016891891891891893,1,0.0012195121951219512
"C3311T",0.0016891891891891893,1,0.001026694045174538
"T3313C",0.0016891891891891893,1,0.000931098696461825
"C3330T",0.003367003367003367,2,0.00130718954248366
"A3332-",0.0016891891891891893,1,0.001059322033898305
"T3333-",0.0016891891891891893,1,0.000984251968503937
"T3334-",0.001692047377326565,1,0.000984251968503937
"G3335-",0.001692047377326565,1,0.000946073793755913
"A3336-",0.001692047377326565,1,0.001004016064257028
"A3337-",0.001694915254237288,1,0.001004016064257028
"G3338-",0.001694915254237288,1,0.001004016064257028
"T3339-",0.001697792869269949,1,0.0010080645161290322
"G3340-",0.001694915254237288,1,0.0010080645161290322
"A3341-",0.001697792869269949,1,0.0010362694300518134
"A3342-",0.001697792869269949,1,0.0010395010395010396
"T3343-",0.001697792869269949,1,0.0010395010395010396
"G3403A",0.0034602076124567475,2,0.0021482277121374865
"G3404A",0.0034602076124567475,2,0.002285714285714286
"G3418A",0.0017152658662092624,1,0.0011001100110011
"G3431T",0.993103448275862,576,0.0024023022062810194
"G3433A",0.0034423407917383822,2,0.0019138755980861245
"G3476A",0.0017094017094017094,1,0.000998003992015968
"T3477C",0.0017094017094017094,1,0.0011325028312570782
"A3481G",0.0017123287671232876,1,0.0010741138560687433
"T3541A",0.0012578616352201257,1,0.0012254901960784314
"A3542G",0.0012578616352201257,1,0.001017293997965412
"C3543T",0.0012578616352201257,1,0.0010775862068965517
"T3565C",0.9961685823754789,780,0.0029948396608920013
"C3583T",0.0012578616352201257,1,0.0006807351940095302
"C3602T",0.001256281407035176,1,0.00034638032559750607
"T3616C",0.00880503144654088,7,0.00682261208576998
"C3619T",0.002512562814070352,2,0.0007507507507507507
"C3622T",0.001256281407035176,1,0.0008658008658008658
"A3647G",0.0037688442211055275,3,0.003329633740288568
"C3653T",0.001256281407035176,1,0.0005470459518599562
"C3686T",0.0025188916876574307,2,0.00023126734505087883
"C3688T",0.001256281407035176,1,0.0005449591280653951
"A3690G",0.001256281407035176,1,0.0011806375442739079
"A3712G",0.0037688442211055275,3,0.0034924330616996507
"C3743T",0.011306532663316583,9,0.004665629860031105
"T3745G",0.001256281407035176,1,0.0012077294685990338
"T3766C",0.001256281407035176,1,0.000791765637371338
"C3773T",0.0025284450063211127,2,0.0015151515151515152
"C3787T",0.0025188916876574307,2,0.0005896226415094339
"C3792T",0.0012610340479192938,1,0.0009861932938856016
"G3794A",0.0012610340479192938,1,0.001128668171557562
"C3796T",0.0025220680958385876,2,0.00006198859409868585
"T3814C",0.0012642225031605564,1,0.0005743825387708214
"C3817T",0.0012626262626262627,1,0.0005359056806002144
"C3828T",0.0037735849056603774,3,0.0019880715705765406
"A3859G",0.001256281407035176,1,0.001075268817204301
"A3868G",0.002512562814070352,2,0.0023894862604540022
"C3885T",0.001310615989515072,1,0.0009250693802035153
"C3903T",0.0012987012987012987,1,0.0006557377049180328
"A3908G",0.0012970168612191958,1,0.0010775862068965517
"A3915C",0.01303780964797914,10,0.012121212121212121
"C3924T",0.0013020833333333333,1,0.0005698005698005698
"T3949C",0.0012970168612191958,1,0.0011173184357541898
"G3994A",0.00258732212160414,2,0.0020060180541624875
"A3997G",0.00258732212160414,2,0.002280501710376283
"G4006A",0.0012903225806451613,1,0.0009363295880149813
"C4009T",0.0012919896640826874,1,0.0007564296520423601
"C4021T",0.002564102564102564,2,0.0011350737797956867
"T4054C",0.0012836970474967907,1,0.0011325028312570782
"C4099T",0.0012903225806451613,1,0.0008257638315441783
"A4110C",0.0012610340479192938,1,0.0012330456226880395
"C4113T",0.0012594458438287153,1,0.0010638297872340426
"G4184A",1,787,0.0010315805202993288
"C4202T",0.0063371356147021544,5,0.002406159769008662
"T4214C",0.9858611825192802,767,0.025326069011061582
"G4232A",0.0012642225031605564,1,0.0010775862068965517
"A4241G",0.0012658227848101266,1,0.0011494252873563218
"G4255A",0.0012706480304955528,1,0.00031635558367605187
"G4255T",0.0012706480304955528,1,0.0008183306055646482
"T4258G",0.0063371356147021544,5,0.005417118093174431
"G4261A",0.0012674271229404308,1,0.0008123476848090983
"C4276T",0.0063371356147021544,5,0.0014273479874393378
"G4285T",0.0012658227848101266,1,0.0010683760683760685
"C4321T",0.9987325728770595,788,0.0010469159159119262
"C4331T",0.0025284450063211127,2,0.0007434944237918215
"G4354A",0.0038119440914866584,3,0.0017626321974148062
"A4364G",0.001272264631043257,1,0.001176470588235294
"C4455T",0.0012642225031605564,1,0.00078125
"C4456T",0.0012658227848101266,1,0.0002656042496679947
"G4476A",0.0012987012987012987,1,0.0011904761904761906
"G4504A",0.0012953367875647669,1,0.0009115770282588879
"C4543T",0.0039011703511053317,3,0.0013630168105406633
"C4551T",0.012953367875647668,10,0.005479452054794521
"G4561A",0.0012953367875647669,1,0.000946969696969697
"C4575T",0.0012919896640826874,1,0.0009478672985781991
"T4579A",0.006459948320413436,5,0.0006128201985537443
"C4582T",0.002583979328165375,2,0.0008382229673093043
"C4586T",0.0025906735751295338,2,0.00006106310872286508
"T4600C",0.0012903225806451613,1,0.001142857142857143
"C4683T",0.0012738853503184713,1,0.00009784735812133073
"C4752T",0.0012738853503184713,1,0.0005396654074473826
"C4755T",0.00510204081632653,4,0.0027662517289073307
"C4763T",0.0012391573729863693,1,0.0008503401360544217
"C4788T",0.00125,1,0.0008532423208191126
"C4795T",0.00125,1,0.00041152263374485596
"C4824T",0.00125,1,0.0009970089730807576
"C4832T",0.00125,1,0.0005254860746190226
"A4865G",0.002506265664160401,2,0.0024271844660194173
"T4879C",0.0012515644555694619,1,0.0011655011655011655
"C4891T",0.0012515644555694619,1,0.00048123195380173246
"C4893T",0.0025031289111389237,2,0.0006942034015966678
"C4897T",0.0012547051442910915,1,0.0005012531328320802
"C4900T",0.0037593984962406013,3,0.001969796454366382
"C4918T",0.00125,1,0.0009784735812133072
"C4927T",0.005,4,0.0017226528854435831
"A4937G",0.03,24,0.029411764705882353
"C4965T",0.005012531328320802,4,0.0035938903863432167
"C4999T",0.0037593984962406013,3,0.00013777267508610793
"C5007A",0.0012515644555694619,1,0.0012121212121212121
"C5009A",0.0012515644555694619,1,0.001201923076923077
"G5012A",0.0012515644555694619,1,0.0011325028312570782
"C5031T",0.00125,1,0.00041649312786339027
"G5044A",0.00125,1,0.001081081081081081
"C5093T",0.0013315579227696406,1,0.0009025270758122744
"A5107C",0.001326259946949602,1,0.0012195121951219512
"T5120C",0.0026455026455026454,2,0.002127659574468085
"C5140T",0.0013245033112582781,1,0.0008163265306122449
"C5144T",0.0026455026455026454,2,0.0006422607578676942
"A5177G",0.0013227513227513227,1,0.001152073732718894
"C5178A",0.005298013245033113,4,0.002686366689053056
"C5178T",0.02119205298013245,16,0.006799830004249894
"G5180A",0.011920529801324504,9,0.006311360448807854
"T5182G",0.0013227513227513227,1,0.001226993865030675
"C5184T",0.003968253968253968,3,0.0012787723785166241
"C5221T",0.0013245033112582781,1,0.000513347022587269
"G5230T",0.0013245033112582781,1,0.0006313131313131314
"C5239T",0.9946308724832215,741,0.021099088838268793
"C5284T",0.005298013245033113,4,0.0014914243102162564
"T5293A",0.003973509933774834,3,0.0035671819262782403
"G5294A",0.0013245033112582781,1,0.0012033694344163659
"C5296T",0.0013245033112582781,1,0.0009737098344693282
"C5310T",0.0013245033112582781,1,0.0006009615384615385
"C5457T",0.00125,1,0.0010649627263045794
"T5479C",0.0012484394506866417,1,0.001141552511415525
"C5481T",0.00125,1,0.0010471204188481676
"T5492C",0.00125,1,0.0012135922330097086
"C5497T",0.00125,1,0.0005194805194805195
"C5512T",0.0075,6,0.0015298317185109638
"T5514C",0.00125,1,0.0012121212121212121
"G5515A",0.02,16,0.018161180476730987
"A5553T",0.00125,1,0.0012315270935960591
"C5622T",0.0025031289111389237,2,0.000663129973474801
"C5646T",0.012515644555694618,10,0.006180469715698393
"A5647C",0.0012515644555694619,1,0.0012345679012345679
"C5654T",0.011264080100125156,9,0.00482573726541555
"G5665A",0.0012515644555694619,1,0.001004016064257028
"T5701G",0.0024906600249066002,2,0.0023923444976076554
"C5730T",0.002631578947368421,2,0.000851063829787234
"C5746T",0.001310615989515072,1,0.00102880658436214
"A5793G",0.00130718954248366,1,0.0012285012285012285
"C5806T",0.0013054830287206266,1,0.0005274261603375527
"C5812T",0.00261437908496732,2,0.0005941770647653001
"C5826T",0.009150326797385621,7,0.003001715265866209
"A5844G",0.0013054830287206266,1,0.0009049773755656109
"T5848C",0.001303780964797914,1,0.001201923076923077
"C5849T",0.001303780964797914,1,0.0007886435331230284
"A5874C",0.0013089005235602095,1,0.0012315270935960591
"C5884T",0.0013003901170351106,1,0.00033444816053511704
"G5924A",0.0012437810945273632,1,0.0011198208286674132
"G5950T",0.0012422360248447205,1,0.0010162601626016261
"T5962C",0.0012422360248447205,1,0.0011918951132300357
"A5991C",0.0012437810945273632,1,0.0012239902080783353
"C6016T",0.0012422360248447205,1,0.0004985044865403788
"T6025C",0.0012437810945273632,1,0.0010245901639344263
"C6026T",0.0024875621890547263,2,0.0006700167504187605
"C6027T",0.0024875621890547263,2,0.0009212344541685859
"C6031T",0.0024875621890547263,2,0.0008729812309035355
"G6032A",0.00125,1,0.00046425255338904364
"A6063G",0.0012468827930174563,1,0.001148105625717566
"C6070T",0.0024906600249066002,2,0.00041476565740356696
"G6080A",0.0012453300124533001,1,0.0011918951132300357
"T6130C",0.0012468827930174563,1,0.0011376564277588168
"C6145T",0.0012468827930174563,1,0.0005359056806002144
"A6183G",1,799,0.0029399643819083645
"C6190T",0.00125,1,0.0009930486593843098
"C6255T",0.0025031289111389237,2,0.00011173808592658808
"C6268T",0.0012755102040816326,1,0.0009182736455463728
"T6274C",0.0012690355329949238,1,0.0009041591320072332
"C6286T",0.0025380710659898475,2,0.0008003201280512205
"T6292C",0.0012658227848101266,1,0.001184834123222749
"A6293G",0.0037926675094816687,3,0.001791044776119403
"C6310T",0.0012610340479192938,1,0.0003081664098613251
"A6313G",0.0025220680958385876,2,0.0023837902264600714
"C6317T",0.0025220680958385876,2,0.0010851871947911015
"C6318T",0.0037831021437578815,3,0.0023328149300155523
"C6336T",0.0012626262626262627,1,0.000502008032128514
"T6345C",0.0012578616352201257,1,0.001201923076923077
"A6350-",0.0012578616352201257,1,0.0012165450121654502
"A6351-",0.0012578616352201257,1,0.001218026796589525
"G6352-",0.0012578616352201257,1,0.0012195121951219512
"T6353-",0.0012594458438287153,1,0.001218026796589525
"C6354-",0.0012610340479192938,1,0.0012106537530266344
"C6354T",0.0037831021437578815,3,0.0009055236945366737
"A6355-",0.0012610340479192938,1,0.0012091898428053204
"G6356-",0.0012610340479192938,1,0.0011976047904191617
"A6357-",0.0012594458438287153,1,0.0011976047904191617
"G6358-",0.0012594458438287153,1,0.001201923076923077
"G6359-",0.0012610340479192938,1,0.0011947431302270011
"A6360-",0.0012610340479192938,1,0.0011961722488038277
"C6361-",0.0012626262626262627,1,0.0011961722488038277
"G6362-",0.0012658227848101266,1,0.0011947431302270011
"C6363-",0.0012626262626262627,1,0.0011918951132300357
"G6364-",0.0012626262626262627,1,0.0011918951132300357
"G6364A",0.0025252525252525255,2,0.0016652789342214821
"C6365-",0.0012626262626262627,1,0.0011918951132300357
"A6366-",0.0012626262626262627,1,0.0011918951132300357
"G6367-",0.0012610340479192938,1,0.0011933174224343676
"G6368-",0.0012610340479192938,1,0.0011890606420927466
"G6369-",0.0012610340479192938,1,0.0011904761904761906
"G6369A",0.0012610340479192938,1,0.001145475372279496
"A6370-",0.0012610340479192938,1,0.0011904761904761906
"A6371-",0.0012610340479192938,1,0.0011933174224343676
"T6372-",0.0012610340479192938,1,0.0011961722488038277
"G6373-",0.0012610340479192938,1,0.0011976047904191617
"G6374-",0.0012610340479192938,1,0.0011750881316098707
"A6375-",0.0012610340479192938,1,0.0011750881316098707
"A6375G",0.0012610340479192938,1,0.0011507479861910242
"T6376-",0.0012610340479192938,1,0.0011737089201877935
"A6377-",0.0012610340479192938,1,0.0011792452830188679
"A6378-",0.0012610340479192938,1,0.0011792452830188679
"T6379-",0.0012642225031605564,1,0.0011792452830188679
"C6380-",0.0012626262626262627,1,0.0011792452830188679
"T6381-",0.0012626262626262627,1,0.0011792452830188679
"T6382-",0.0012658227848101266,1,0.0011806375442739079
"G6383-",0.0012658227848101266,1,0.0011862396204033216
"C6384-",0.0012658227848101266,1,0.0011862396204033216
"C6385-",0.0012674271229404308,1,0.0011890606420927466
"C6385T",0.0012674271229404308,1,0.0010351966873706005
"T6386-",0.0012642225031605564,1,0.0011904761904761906
"G6387-",0.0012626262626262627,1,0.0011904761904761906
"C6388-",0.0012626262626262627,1,0.0011904761904761906
"G6389-",0.0012626262626262627,1,0.0011904761904761906
"A6390-",0.0012626262626262627,1,0.0011976047904191617
"A6391-",0.0012626262626262627,1,0.0012004801920768306
"G6392-",0.0012626262626262627,1,0.001199040767386091
"A6393-",0.0012626262626262627,1,0.0012033694344163659
"T6394-",0.0012610340479192938,1,0.0012062726176115801
"C6395-",0.0012610340479192938,1,0.0012077294685990338
"C6402T",0.0012610340479192938,1,0.0005189413596263622
"G6404T",0.0012642225031605564,1,0.0008110300081103001
"A6415G",0.0037831021437578815,3,0.003579952267303103
"C6429T",0.0025188916876574307,2,0.002107481559536354
"C6445T",0.0012626262626262627,1,0.0007598784194528875
"G6446T",0.0025188916876574307,2,0.001953125
"C6449T",0.0025157232704402514,2,0.0008900756564307966
"C6471A",0.0037831021437578815,3,0.0026905829596412557
"C6472T",0.0012610340479192938,1,0.000846740050804403
"C6487T",0.001256281407035176,1,0.0009587727708533077
"A6493G",0.0012578616352201257,1,0.0012004801920768306
"A6506-",0.0012626262626262627,1,0.0009328358208955224
"A6507-",0.0012626262626262627,1,0.0009337068160597573
"T6508-",0.0012610340479192938,1,0.0009363295880149813
"C6539T",0.005063291139240506,4,0.000946969696969697
"C6541T",0.02204928664072633,17,0.0006279782793395146
"C6543T",0.005050505050505051,4,0.0010638297872340426
"C6555T",0.0012578616352201257,1,0.0005892751915144372
"T6562C",0.0012578616352201257,1,0.0011918951132300357
"A6569C",0.001358695652173913,1,0.0009372071227741331
"G6589T",0.0013568521031207597,1,0.0011904761904761906
"C6593T",0.002702702702702703,2,0.002053388090349076
"C6606T",0.001358695652173913,1,0.0006583278472679394
"C6629T",0.002717391304347826,2,0.0007639419404125286
"C6633T",0.02857142857142857,21,0.010515773660490736
"C6636T",0.001364256480218281,1,0.00046948356807511736
"C6638T",0.021828103683492497,16,0.009821976672805401
"A6659G",0.006793478260869565,5,0.004306632213608958
"T6673C",0.001358695652173913,1,0.0007836990595611285
"C6675T",0.004070556309362279,3,0.0033707865168539327
"C6696T",0.001358695652173913,1,0.00039184952978056425
"C6701T",0.0013605442176870747,1,0.00026116479498563595
"C6706T",0.005442176870748299,4,0.00245398773006135
"C6726T",0.0013623978201634877,1,0.0006333122229259025
"C6730T",0.001364256480218281,1,0.0005878894767783657
"A6739G",0.004092769440654843,3,0.003271537622682661
"T6775C",0.0013568521031207597,1,0.0011961722488038277
"C6813T",0.0013531799729364006,1,0.0009337068160597573
"G6850A",0.0027100271002710027,2,0.0020387359836901123
"A6864G",0.00125,1,0.001152073732718894
"C6883T",0.0012658227848101266,1,0.0007892659826361484
"C6936T",0.0037974683544303796,3,0.002271006813020439
"T6937C",0.002531645569620253,2,0.0024183796856106408
"C6941T",0.0012658227848101266,1,0.0006882312456985547
"T6969C",0.0012658227848101266,1,0.0012091898428053204
"T6991C",0.0037974683544303796,3,0.00351288056206089
"T6992G",0.0012658227848101266,1,0.0012285012285012285
"T6993C",0.0037974683544303796,3,0.0036188178528347406
"C7002T",0.006329113924050633,5,0.0030048076923076925
"C7011T",0.0012658227848101266,1,0.0006207324643078833
"T7033C",0.0012674271229404308,1,0.001002004008016032
"C7043T",0.0025348542458808617,2,0.002098635886673662
"C7081T",0.0012658227848101266,1,0.0006915629322268327
"C7083T",0.008860759493670886,7,0.006065857885615251
"C7086T",0.002531645569620253,2,0.0002820078962210942
"C7108T",0.002531645569620253,2,0.0021390374331550803
"T7111C",0.0012658227848101266,1,0.0010183299389002036
"C7113T",0.003816793893129771,3,0.000026694903942837313
"C7119T",0.002531645569620253,2,0.0006205398696866273
"C7164T",0.0012690355329949238,1,0.0002892681515765114
"C7165T",0.0012674271229404308,1,0.0005387931034482759
"C7195T",0.0012626262626262627,1,0.0009090909090909091
"T7225G",0.001447178002894356,1,0.00099601593625498
"C7231T",0.0014388489208633094,1,0.0008598452278589854
"A7259G",0.0014367816091954023,1,0.0011013215859030838
"C7279T",0.0014285714285714286,1,0.0005099439061703213
"T7386C",0.002840909090909091,2,0.002066115702479339
"G7393T",0.0070921985815602835,5,0.00250501002004008
"C7420T",0.00423728813559322,3,0.0011005135730007337
"C7488T",0.0014367816091954023,1,0.0008237232289950577
"C7528T",0.0034482758620689655,2,0.00025246149962130775
"C7688T",0.0016778523489932886,1,0.0009487666034155598
"C7728T",0.0016666666666666668,1,0.0006119951040391676
"C7764T",0.0050335570469798654,3,0.0008683068017366136
"C7765T",0.0016778523489932886,1,0.0003661662394727206
"C7777T",0.0016750418760469012,1,0.0009671179883945841
"G7798T",0.0012706480304955528,1,0.0007880220646178094
"C7819T",0.0012594458438287153,1,0.0008665511265164644
"C7834T",0.0012626262626262627,1,0.00034722222222222224
"C7840T",0.0012610340479192938,1,0.0004462293618920125
"A7842G",0.9949044585987261,781,0.0028463862557082617
"C7844T",0.0012610340479192938,1,0.0009560229445506692
"G7846T",0.0037831021437578815,3,0.0036231884057971015
"G7850T",0.0012594458438287153,1,0.0011299435028248588
"T7852C",0.0012578616352201257,1,0.0009784735812133072
"T7861C",0.001256281407035176,1,0.0011547344110854503
"C7869T",0.9949109414758269,782,0.02222285373270056
"T7924C",0.001256281407035176,1,0.0011695906432748538
"G7934A",0.001256281407035176,1,0.0011876484560570072
"C7945T",0.0025157232704402514,2,0.0008203445447087777
"T7957C",0.013819095477386936,11,0.012835472578763127
"G7996A",0.0012594458438287153,1,0.0010976948408342481
"C8016T",0.0025157232704402514,2,0.0008920606601248885
"G8017A",0.0012594458438287153,1,0.0010131712259371835
"T8036C",0.0012578616352201257,1,0.001218026796589525
"T8041C",0.0012578616352201257,1,0.0011376564277588168
"G8056T",0.0012594458438287153,1,0.0011918951132300357
"C8074T",0.0012578616352201257,1,0.000663129973474801
"C8092T",0.0012578616352201257,1,0.0003937007874015748
"T8134C",0.0012468827930174563,1,0.0010893246187363835
"C8140A",0.0012547051442910915,1,0.0011723329425556857
"C8146T",0.0012531328320802004,1,0.0008628127696289905
"C8152T",0.002506265664160401,2,0.0007399186089530152
"T8156C",0.0012531328320802004,1,0.0009823182711198428
"A8165G",0.001256281407035176,1,0.0010649627263045794
"A8173T",0.0012578616352201257,1,0.001122334455667789
"C8240T",0.0012547051442910915,1,0.000580046403712297
"G8258T",0.002509410288582183,2,0.002162162162162162
"T8278C",0.016270337922403004,13,0.013184584178498986
"C8290T",0.002509410288582183,2,0.000864304235090752
"C8293T",1,793,0.0028722309954652796
"T8305C",0.001256281407035176,1,0.0010526315789473684
"C8311T",0.002509410288582183,2,0.0015625
"T8329C",0.0025031289111389237,2,0.002242152466367713
"T8341C",0.0012531328320802004,1,0.0011173184357541898
"C8344T",0.03136762860727729,25,0.012639029322548028
"T8350C",0.98856416772554,778,0.025043455868151678
"C8367T",0.0012531328320802004,1,0.001088139281828074
"G8368A",0.008771929824561403,7,0.0069721115537848604
"C8389T",0.033877038895859475,27,0.01404786680541103
"G8393A",1,794,0.0028783550599596887
"C8407T",0.0012547051442910915,1,0.0007022471910112359
"C8480T",0.0012610340479192938,1,0.0009569377990430622
"G8548A",0.0037831021437578815,3,0.0026292725679228747
"C8597A",0.0025220680958385876,2,0.00234192037470726
"C8605T",0.0012626262626262627,1,0.0006738544474393531
"T8607A",0.0012626262626262627,1,0.0012360939431396785
"T8623C",0.0012610340479192938,1,0.0009328358208955224
"T8641C",0.0012626262626262627,1,0.0011876484560570072
"C8655T",0.0037926675094816687,3,0.00129366106080207
"T8669C",0.0012626262626262627,1,0.001221001221001221
"C8683T",0.0012642225031605564,1,0.00046948356807511736
"C8692T",0.0012610340479192938,1,0.00022466861379465288
"C8733T",0.0012674271229404308,1,0.00035161744022503517
"T8737C",0.0063371356147021544,5,0.0007927699381639448
"T8743C",0.0012674271229404308,1,0.0011792452830188679
"C8748T",0.0012658227848101266,1,0.000856898029134533
"C8772T",0.001256281407035176,1,0.0008481764206955047
"T8800C",0.005263157894736842,4,0.0031520882584712374
"C8802T",0.003947368421052632,3,0.001487357461576599
"C8818T",0.996005326231691,748,0.02145294978059483
"C8829T",0.0013123359580052493,1,0.0008496176720475786
"C8832T",0.0013123359580052493,1,0.0009737098344693282
"A8837G",0.001310615989515072,1,0.001141552511415525
"G8849A",0.001310615989515072,1,0.000970873786407767
"T8857C",0.0013123359580052493,1,0.00117096018735363
"G8872T",0.0013123359580052493,1,0.0010384215991692627
"T8906G",0.00784313725490196,6,0.007281553398058253
"C8937T",0.0013020833333333333,1,0.0008097165991902834
"C8947T",0.0013020833333333333,1,0.00007617886798202179
"C8991T",0.00261437908496732,2,0.001092896174863388
"T9031C",0.00130718954248366,1,0.001201923076923077
"C9073T",0.001256281407035176,1,0.00047596382674916705
"T9147C",0.0012787723785166241,1,0.001226993865030675
"G9190A",0.0012804097311139564,1,0.0011061946902654867
"T9205C",0.005115089514066497,4,0.0040858018386108275
"C9223T",0.002560819462227913,2,0.0008223684210526315
"T9258C",0.0012804097311139564,1,0.001218026796589525
"T9334G",0.0012626262626262627,1,0.0012195121951219512
"A9343-",0.0012626262626262627,1,0.0012330456226880395
"A9343G",0.0012626262626262627,1,0.0010298661174047373
"C9344-",0.0012690355329949238,1,0.0012315270935960591
"C9344T",0.9923857868020305,782,0.001036382045940086
"C9391T",0.0012610340479192938,1,0.0005083884087442806
"G9416A",0.006535947712418301,5,0.0053475935828877
"A9419G",0.0013054830287206266,1,0.0007122507122507123
"A9424G",0.9986928104575163,764,0.001024711095850725
"C9430T",0.00130718954248366,1,0.0003059039461609055
"C9448T",0.0039164490861618795,3,0.002228826151560178
"C9532T",0.003937007874015748,3,0.0006374840628984276
"C9534T",0.9973753280839895,760,0.0010099667774086378
"C9561T",0.003947368421052632,3,0.0025041736227045075
"G9572A",0.0013054830287206266,1,0.0011862396204033216
"C9598T",0.001303780964797914,1,0.0007763975155279503
"C9611T",0.0037735849056603774,3,0.0013020833333333333
"T9668A",0.0012547051442910915,1,0.0012345679012345679
"C9693T",0.0012903225806451613,1,0.00001530596626565035
"C9712T",0.0012903225806451613,1,0.0009380863039399625
"C9724T",0.01032258064516129,8,0.0039273441335297005
"C9733A",0.0012953367875647669,1,0.0012224938875305623
"G9753A",0.001303780964797914,1,0.0008598452278589854
"C9803T",0.0013054830287206266,1,0.0003002101471029721
"G9844A",0.0013089005235602095,1,0.0011376564277588168
"A9848G",0.002621231979030144,2,0.002127659574468085
"C9857T",0.005235602094240838,4,0.0017406440382941688
"C9893T",0.009186351706036745,7,0.006398537477148081
"A9909G",0.0013175230566534915,1,0.0011655011655011655
"A9922C",0.001321003963011889,1,0.0011248593925759281
"C9943T",0.0012738853503184713,1,0.0004889975550122249
"A9949G",0.0012738853503184713,1,0.0011273957158962795
"C9994T",0.0013774104683195593,1,0.0009398496240601503
"C10002T",0.002751031636863824,2,0.0024242424242424242
"C10015T",0.001379310344827586,1,0.000625
"C10029T",1,727,0.0009665522403537554
"C10030T",0.002751031636863824,2,0.000898069151324652
"A10042G",0.001375515818431912,1,0.00009833808634083981
"G10065A",0.001375515818431912,1,0.0011123470522803114
"C10078T",0.0013774104683195593,1,0.0004950495049504951
"A10110G",0.001375515818431912,1,0.0012077294685990338
"G10121A",0.001379310344827586,1,0.0010141987829614604
"C10138T",0.016483516483516484,12,0.003499562554680665
"A10159G",0.0013736263736263737,1,0.0011494252873563218
"C10198T",1,725,0.0009689404469154282
"C10228T",0.002758620689655172,2,0.0007328691828508611
"C10252T",0.0012422360248447205,1,0.0004310344827586207
"C10263T",0.0012406947890818859,1,0.001002004008016032
"A10323G",0.0037359900373599006,3,0.0004267425320056899
"G10447A",0.99875,799,0.0010436000151511392
"C10449A",0.99875,799,0.0010434623622211775
"C10456T",0.0024937655860349127,2,0.001026694045174538
"G10465A",0.0012453300124533001,1,0.000949667616334283
"T10504C",0.0012453300124533001,1,0.0012254901960784314
"G10523A",0.0012453300124533001,1,0.001221001221001221
"C10525T",0.0012468827930174563,1,0.0007861635220125787
"C10582T",0.0037174721189591076,3,0.0013934045517882026
"A10593G",0.0037546933667083854,3,0.003663003663003663
"T10600C",0.0012515644555694619,1,0.0009276437847866419
"C10615T",0.0038510911424903724,3,0.0002782157099137531
"C10645T",0.0025220680958385876,2,0.0017316017316017316
"T10660C",0.0012547051442910915,1,0.0011185682326621924
"G10688A",0.0037641154328732747,3,0.0031746031746031746
"C10726A",0.001256281407035176,1,0.0010822510822510823
"C10741A",0.002512562814070352,2,0.0024390243902439024
"C10741T",0.002512562814070352,2,0.001059322033898305
"T10744C",0.0037688442211055275,3,0.0033370411568409346
"C10755T",0.001256281407035176,1,0.0008503401360544217
"A10761G",0.001256281407035176,1,0.0010362694300518134
"A10774G",0.001256281407035176,1,0.0012004801920768306
"C10775T",0.002512562814070352,2,0.001941747572815534
"C10776G",0.001256281407035176,1,0.0012135922330097086
"C10776T",0.001256281407035176,1,0.0005927682276229994
"C10789T",0.001256281407035176,1,0.0004847309743092584
"T10819C",0.0037641154328732747,3,0.002938295788442703
"C10833T",0.0012531328320802004,1,0.0006459948320413437
"C10834A",0.0012531328320802004,1,0.0011976047904191617
"G10870T",0.0012453300124533001,1,0.0007262164124909223
"A10875C",0.0012453300124533001,1,0.00101010101010101
"A10884C",0.0012453300124533001,1,0.001221001221001221
"C10969T",0.001277139208173691,1,0.0004476275738585497
"C10977T",0.0012787723785166241,1,0.0009746588693957114
"C11003T",0.001277139208173691,1,0.0004152823920265781
"G11014A",0.0012804097311139564,1,0.000925925925925926
"C11020T",0.005115089514066497,4,0.000794912559618442
"G11042T",0.9974293059125964,776,0.0028448667751822033
"T11059C",0.0038363171355498722,3,0.0036144578313253013
"C11074T",0.001282051282051282,1,0.0005952380952380953
"T11080C",0.0012787723785166241,1,0.0011933174224343676
"G11083T",0.03209242618741977,25,0.0020143421158649584
"C11109T",0.0012787723785166241,1,0.0006105006105006105
"G11114A",0.0012755102040816326,1,0.0011185682326621924
"C11152T",0.0012755102040816326,1,0.0006218905472636816
"C11171T",0.0012787723785166241,1,0.0012048192771084338
"T11212C",0.003778337531486146,3,0.0034522439585730723
"C11224T",0.005037783375314861,4,0.0028530670470756064
"T11227C",0.0012594458438287153,1,0.0008503401360544217
"T11247C",0.0012578616352201257,1,0.0011210762331838565
"C11249T",0.0012578616352201257,1,0.00101010101010101
"A11252G",0.0025157232704402514,2,0.0021344717182497333
"G11272T",0.002512562814070352,2,0.002127659574468085
"T11288-",1,786,0.0010587056313441522
"C11289-",1,786,0.001062437821705091
"T11290-",1,785,0.0010649988468165352
"G11291-",1,784,0.0010648441171437187
"G11292-",1,783,0.0010653423585836252
"T11293-",1,783,0.0010660777596845608
"T11294-",1,783,0.0010745678741259702
"T11295-",1,783,0.0010766068322597055
"T11296-",1,783,0.0010775446843881253
"C11300T",0.0025157232704402514,2,0.001692047377326565
"C11345T",0.005031446540880503,4,0.003316749585406302
"T11419A",0.0012578616352201257,1,0.0012345679012345679
"C11455T",0.0012610340479192938,1,0.0005288207297726071
"C11471T",0.0025220680958385876,2,0.0015552099533437014
"A11474G",0.0012610340479192938,1,0.0010416666666666667
"C11514T",0.0012594458438287153,1,0.00044483985765124553
"C11518T",0.003076923076923077,2,0.0005586592178770949
"T11560C",0.0226928895612708,15,0.016251354279523293
"C11565T",0.0015128593040847202,1,0.001081081081081081
"C11572T",0.009104704097116844,6,0.0006524575902566333
"C11575T",0.0015128593040847202,1,0.0003786444528587656
"C11620T",0.0030165912518853697,2,0.0005815644082582146
"C11681T",0.003003003003003003,2,0.001488095238095238
"C11704T",0.003003003003003003,2,0.0009746588693957114
"G11727A",0.9984939759036144,663,0.002698324840868022
"C11752T",0.0014858841010401188,1,0.0006006006006006006
"C11758T",0.002976190476190476,2,0.0009799118079372856
"T11795C",0.003003003003003003,2,0.0014749262536873156
"G11801A",0.0015015015015015015,1,0.0011025358324145535
"C11824T",0.002652519893899204,2,0.0006148170919151552
"G11828A",0.003978779840848806,3,0.0012009607686148918
"C11866T",0.00130718954248366,1,0.0006724949562878278
"C11902T",0.00130718954248366,1,0.0009191176470588235
"G11926A",0.001310615989515072,1,0.0008904719501335708
"A11947G",0.001310615989515072,1,0.000980392156862745
"C11962T",0.003937007874015748,3,0.0016233766233766235
"T11963C",0.003937007874015748,3,0.003436426116838488
"C12049T",0.0038860103626943004,3,0.0015282730514518594
"C12068T",0.0012987012987012987,1,0.000578368999421631
"C12073T",0.0025974025974025974,2,0.0011299435028248588
"A12097T",0.0012987012987012987,1,0.0012330456226880395
"C12116T",0.0026041666666666665,2,0.0016433853738701725
"C12119T",0.0013020833333333333,1,0.0006377551020408163
"C12132T",0.001303780964797914,1,0.0009633911368015414
"G12160A",0.0012484394506866417,1,0.000011981500563130526
"G12191A",0.001256281407035176,1,0.001017293997965412
"C12213T",0.001256281407035176,1,0.0010976948408342481
"A12250T",0.001256281407035176,1,0.0012285012285012285
"T12280C",0.001256281407035176,1,0.0011862396204033216
"C12294A",0.002509410288582183,2,0.0024509803921568627
"C12295T",0.0012547051442910915,1,0.000792393026941363
"G12332A",0.0012547051442910915,1,0.0011668611435239206
"G12355A",0.0012531328320802004,1,0.0011025358324145535
"C12400T",0.005012531328320802,4,0.0018315018315018315
"C12403T",0.0012531328320802004,1,0.0008312551953449709
"C12415T",0.0012531328320802004,1,0.0007022471910112359
"T12418C",0.0012531328320802004,1,0.0005524861878453039
"C12439T",0.0012578616352201257,1,0.00023272050267628578
"C12462T",0.0012515644555694619,1,0.001184834123222749
"A12466G",0.00125,1,0.0011547344110854503
"C12469T",0.00125,1,0.000671591672263264
"C12473T",0.0050062578222778474,4,0.0003450953325856268
"C12513T",0.0025477707006369425,2,0.00021247211303516414
"C12525T",0.001272264631043257,1,0.000432152117545376
"C12596T",0.008883248730964468,7,0.006769825918762089
"C12624T",0.0012690355329949238,1,0.001006036217303823
"T12628C",0.0012690355329949238,1,0.0011587485515643105
"C12651T",0.0012706480304955528,1,0.00030111412225233364
"C12664T",0.0012706480304955528,1,0.0008539709649871904
"A12682G",0.0012706480304955528,1,0.001215066828675577
"G12699A",0.0012706480304955528,1,0.0012106537530266344
"C12710T",0.001272264631043257,1,0.001004016064257028
"T12730A",0.001272264631043257,1,0.000022683452421458545
"T12739C",0.003816793893129771,3,0.003
"C12754T",0.0025477707006369425,2,0.0011117287381878821
"A12755G",0.002544529262086514,2,0.002336448598130841
"T12760C",0.001272264631043257,1,0.0011560693641618498
"C12781T",0.0024875621890547263,2,0.0006821282401091405
"C12789T",0.9987484355444305,798,0.002041552500901814
"G12793T",0.0012422360248447205,1,0.0011123470522803114
"A12796G",0.0012547051442910915,1,0.0011737089201877935
"C12815T",0.998745294855709,796,0.0028959355035871764
"C12823T",0.00125,1,0.000693000693000693
"G12832A",0.0024968789013732834,2,0.0015723270440251573
"A12840G",0.0012484394506866417,1,0.0011750881316098707
"C12854T",0.0012515644555694619,1,0.00010760787689658883
"T12865C",0.005018820577164366,4,0.003137254901960784
"A12875G",0.0012484394506866417,1,0.001215066828675577
"A12875T",0.0012484394506866417,1,0.0012345679012345679
"C12880T",1,802,0.0010486607347162929
"C12885T",0.0012468827930174563,1,0.0008764241893076249
"G12892A",0.9962168978562421,790,0.021558781792380743
"C12924T",0.00125,1,0.00009564801530368245
"A12928G",0.007481296758104738,6,0.0017543859649122807
"C12970T",0.00749063670411985,6,0.00041600221867849963
"C12973T",0.0012484394506866417,1,0.0009267840593141798
"C13011T",0.002512562814070352,2,0.0011580775911986102
"G13049T",0.0012515644555694619,1,0.0011947431302270011
"T13069C",0.0012547051442910915,1,0.0011299435028248588
"C13115T",0.006273525721455458,5,0.0025484199796126403
"C13119T",0.002509410288582183,2,0.0006956521739130435
"G13126A",0.0029498525073746312,2,0.002136752136752137
"C13138T",0.0029498525073746312,2,0.0014858841010401188
"T13180C",0.00145985401459854,1,0.0011173184357541898
"G13201T",0.018950437317784258,13,0.013669821240799159
"T13246C",0.0014577259475218659,1,0.0011574074074074073
"T13259A",0.001455604075691412,1,0.001176470588235294
"T13298C",0.008733624454148471,6,0.007211538461538462
"C13326T",0.001455604075691412,1,0.0008298755186721991
"C13329T",0.00291970802919708,2,0.0014378145219266715
"T13339C",0.9970760233918129,682,0.002608279950282054
"C13366T",0.001455604075691412,1,0.0008620689655172414
"G13385A",0.0014619883040935672,1,0.0011655011655011655
"T13417C",0.0029498525073746312,2,0.0017391304347826088
"C13426T",0.0014684287812041115,1,0.000505050505050505
"G13427A",0.07204116638078903,42,0.004690117252931323
"C13430T",0.0014684287812041115,1,0.0010787486515641855
"C13452T",0.0012531328320802004,1,0.0009930486593843098
"C13458T",0.0012547051442910915,1,0.000585480093676815
"G13471A",0.0012531328320802004,1,0.0011135857461024498
"C13499T",0.0012453300124533001,1,0.0011904761904761906
"C13551T",0.0012468827930174563,1,0.0006944444444444445
"C13605T",0.0012468827930174563,1,0.0010504201680672268
"T13626C",0.0012468827930174563,1,0.001037344398340249
"G13627T",0.019975031210986267,16,0.015655577299412915
"C13629T",0.0012468827930174563,1,0.0010964912280701754
"G13639A",0.0012468827930174563,1,0.001201923076923077
"C13665T",0.006242197253433208,5,0.0022055580061755625
"C13721T",0.0012468827930174563,1,0.0006858710562414266
"C13724T",0.0012468827930174563,1,0.0009372071227741331
"C13730T",0.0012468827930174563,1,0.0006944444444444445
"C13740T",0.003740648379052369,3,0.0035419126328217238
"T13746C",0.0024937655860349127,2,0.0023923444976076554
"C13774T",0.0012376237623762376,1,0.0010582010582010583
"T13779C",0.0012360939431396785,1,0.0011061946902654867
"G13812T",0.0012515644555694619,1,0.000984251968503937
"C13862T",0.0012531328320802004,1,0.0006706908115358819
"C13883T",0.0025031289111389237,2,0.0022026431718061676
"A13907G",0.002509410288582183,2,0.0024183796856106408
"T13952C",0.002512562814070352,2,0.002364066193853428
"C13965T",0.01256281407035176,10,0.0048216007714561235
"C13994T",0.0012547051442910915,1,0.00039231071008238524
"A14026G",0.001256281407035176,1,0.0011737089201877935
"T14034C",0.0012547051442910915,1,0.0009345794392523365
"A14058G",0.0012547051442910915,1,0.001176470588235294
"T14067C",0.0012547051442910915,1,0.00023917723032767282
"T14073C",0.0012547051442910915,1,0.0009505703422053232
"C14076T",0.0012547051442910915,1,0.0011614401858304297
"C14119T",0.0012391573729863693,1,0.000774593338497289
"C14120T",0.0037174721189591076,3,0.0009640102827763496
"G14123A",0.0012484394506866417,1,0.0010940919037199124
"C14183T",0.003745318352059925,3,0.0018159806295399517
"G14187A",0.008728179551122194,7,0.006422018348623854
"G14187T",0.007481296758104738,6,0.006779661016949152
"C14216T",0.0012468827930174563,1,0.0008928571428571428
"C14220T",0.0024937655860349127,2,0.0008428150021070375
"G14229A",0.0012468827930174563,1,0.0010741138560687433
"C14235T",0.0012468827930174563,1,0.0008726003490401396
"C14267T",0.0012468827930174563,1,0.0007047216349541931
"G14268A",0.0024937655860349127,2,0.0007426661715558856
"A14283G",0.0012468827930174563,1,0.0011876484560570072
"G14290T",0.003745318352059925,3,0.00035816618911174784
"T14295C",0.0012468827930174563,1,0.0010638297872340426
"C14327T",0.0012626262626262627,1,0.0011574074074074073
"C14352T",0.0012437810945273632,1,0.0010834236186348862
"C14362T",0.0024875621890547263,2,0.0016778523489932886
"C14376T",0.004975124378109453,4,0.003988035892323031
"C14408T",1,807,0.0010512562316567513
"T14418C",0.0012391573729863693,1,0.0006613756613756613
"C14422T",0.0012391573729863693,1,0.0011976047904191617
"T14460C",0.0013089005235602095,1,0.0012165450121654502
"G14461A",0.0013089005235602095,1,0.0012345679012345679
"C14484T",0.0013089005235602095,1,0.0009132420091324201
"A14546G",0.0013123359580052493,1,0.0012106537530266344
"G14559C",0.0013123359580052493,1,0.0012285012285012285
"T14592C",0.00130718954248366,1,0.0012062726176115801
"C14599T",0.00261437908496732,2,0.0004975124378109452
"T14610C",0.002621231979030144,2,0.0019342359767891683
"C14616T",0.00261437908496732,2,0.0016849199663016006
"C14621T",0.0013054830287206266,1,0.0008888888888888889
"T14646G",0.00130718954248366,1,0.0010183299389002036
"C14670A",0.002628120893561104,2,0.0022471910112359553
"C14676T",0.013140604467805518,10,0.0038774718883288098
"C14724T",0.005412719891745603,4,0.0014953271028037382
"G14772T",0.0012594458438287153,1,0.0011123470522803114
"C14793T",0.0012578616352201257,1,0.0009174311926605505
"C14805T",0.0037735849056603774,3,0.0011574074074074073
"G14829T",0.0012578616352201257,1,0.0010277492291880781
"C14838T",0.0025157232704402514,2,0.0018832391713747645
"C14848T",0.0025157232704402514,2,0.002207505518763797
"A14856G",0.0012578616352201257,1,0.000022830528983356545
"G14857A",0.0012578616352201257,1,0.001145475372279496
"G14874T",0.001256281407035176,1,0.0008438818565400844
"C14925T",0.03508771929824561,28,0.009497964721845319
"A14934G",0.0012531328320802004,1,0.0012048192771084338
"C14937T",0.0012531328320802004,1,0.0005803830528148578
"G15007A",0.0038022813688212928,3,0.0035671819262782403
"C15026T",0.0012658227848101266,1,0.00024894199651481205
"C15045T",0.0012738853503184713,1,0.00102880658436214
"G15093A",0.0012547051442910915,1,0.0011723329425556857
"C15108T",0.0012547051442910915,1,0.0009624639076034649
"C15120T",0.005018820577164366,4,0.004020100502512563
"G15150A",0.001256281407035176,1,0.0011961722488038277
"A15189G",0.005012531328320802,4,0.004232804232804233
"T15207C",0.0012547051442910915,1,0.0010416666666666667
"A15213G",0.0012547051442910915,1,0.001076426264800861
"C15216T",0.002509410288582183,2,0.0017605633802816902
"A15249G",0.0012531328320802004,1,0.0012165450121654502
"A15271G",0.0012515644555694619,1,0.0011918951132300357
"C15277T",0.0012531328320802004,1,0.0005980861244019139
"C15324T",0.0012531328320802004,1,0.0007698229407236335
"T15357A",0.001256281407035176,1,0.0012315270935960591
"A15362G",0.001256281407035176,1,0.001226993865030675
"C15368T",0.0012406947890818859,1,0.0008123476848090983
"G15372T",0.0037220843672456576,3,0.00006344238374183179
"T15393G",0.0012468827930174563,1,0.0012315270935960591
"T15394C",0.0012484394506866417,1,0.001218026796589525
"A15436G",0.0012484394506866417,1,0.001160092807424594
"G15444T",0.0024968789013732834,2,0.002366863905325444
"C15540T",0.0025,2,0.0007145409074669524
"G15543T",0.00125,1,0.0005973715651135006
"C15588T",0.0012437810945273632,1,0.000835421888053467
"T15597C",0.0012437810945273632,1,0.0008496176720475786
"C15656T",0.007462686567164179,6,0.0029717682020802376
"G15708T",0.0012376237623762376,1,0.0011792452830188679
"C15712A",0.0012376237623762376,1,0.0012300123001230013
"C15714T",1,807,0.0010551502314270025
"C15720T",0.007782101167315175,6,0.0014627011214041932
"G15732T",0.006476683937823834,5,0.006024096385542169
"C15738T",0.0025974025974025974,2,0.000005401989012354349
"T15756A",1,769,0.002817303887806093
"C15763T",0.015463917525773196,12,0.004893964110929853
"C15774T",0.001288659793814433,1,0.0009950248756218905
"G15780A",0.001288659793814433,1,0.0011248593925759281
"C15857T",0.001282051282051282,1,0.0007331378299120235
"G15906A",0.005141388174807198,4,0.0042417815482502655
"G15906T",0.002570694087403599,2,0.0018467220683287165
"T15909C",0.029525032092426188,23,0.0265282583621684
"C15924T",0.0038560411311053984,3,0.0021629416005767843
"T15939C",0.003861003861003861,3,0.000008130940668525942
"A15942G",0.001287001287001287,1,0.0008264462809917355
"C15951T",0.005154639175257732,4,0.0020222446916076846
"C15952T",0.010309278350515464,8,0.004733727810650888
"C15960T",0.002583979328165375,2,0.00019054878048780488
"C15981T",0.0012919896640826874,1,0.0002595380223202699
"G15982T",0.0012903225806451613,1,0.0011876484560570072
"C16049T",0.0012376237623762376,1,0.0009389671361502347
"A16064G",0.0012376237623762376,1,0.0010330578512396695
"T16077C",0.0012376237623762376,1,0.000846740050804403
"C16111T",0.0024752475247524753,2,0.0008499787505312367
"T16224C",0.01608910891089109,13,0.003607103218645949
"C16260T",0.0024783147459727386,2,0.000946073793755913
"C16289T",0.0024752475247524753,2,0.001224739742804654
"C16293T",0.0012376237623762376,1,0.0004008016032064128
"C16323T",0.0024783147459727386,2,0.00021141649048625792
"C16338T",0.0012376237623762376,1,0.0005417118093174431
"T16342C",0.0012391573729863693,1,0.0000028236543169439026
"A16359G",0.0012376237623762376,1,0.001218026796589525
"G16377A",0.0024752475247524753,2,0.001448225923244026
"G16377T",0.0012376237623762376,1,0.0005899705014749262
"T16404C",0.0013531799729364006,1,0.0008032128514056225
"C16457T",0.012345679012345678,9,0.003203987184051264
"T16479C",0.0013679890560875513,1,0.0011655011655011655
"T16548C",0.0013605442176870747,1,0.0011587485515643105
"T16572C",0.0013550135501355014,1,0.0010741138560687433
"T16600C",0.9972489683631361,725,0.020580220279323266
"T16656G",0.004975124378109453,4,0.0049382716049382715
"G16665A",0.0012422360248447205,1,0.0011074197120708748
"T16697C",0.0012406947890818859,1,0.0011904761904761906
"G16705T",0.004962779156327543,4,0.004519774011299435
"G16707T",0.0012406947890818859,1,0.0012077294685990338
"C16726T",0.0012406947890818859,1,0.0003536067892503536
"C16750T",0.0012406947890818859,1,0.0008333333333333334
"C16806T",0.0037220843672456576,3,0.0026666666666666666
"C16877T",0.0037220843672456576,3,0.0025
"C16887T",0.009950248756218905,8,0.0005394470667565745
"T16891C",0.0012406947890818859,1,0.001091703056768559
"C16946T",0.0012406947890818859,1,0.0010121457489878543
"G16957A",0.0012406947890818859,1,0.0010416666666666667
"G16975T",0.0012391573729863693,1,0.0009643201542912247
"A16992G",0.0012391573729863693,1,0.0011135857461024498
"C17004T",0.002472187886279357,2,0.0011757789535567313
"T17007C",0.0012422360248447205,1,0.00037750094375235937
"C17012T",0.0012391573729863693,1,0.0007616146230007616
"T17031C",0.0024783147459727386,2,0.002331002331002331
"A17046G",0.0012376237623762376,1,0.001218026796589525
"T17067C",0.0024752475247524753,2,0.001635322976287817
"C17072T",0.0012376237623762376,1,0.0012285012285012285
"C17118T",0.0012376237623762376,1,0.000966183574879227
"T17124C",0.0049504950495049506,4,0.000023470734927387414
"T17142C",0.0012376237623762376,1,0.0009115770282588879
"T17247C",0.0012360939431396785,1,0.001148105625717566
"T17268C",0.0012360939431396785,1,0.0005685048322910744
"C17288T",0.004944375772558714,4,0.0025575447570332483
"G17302T",0.002472187886279357,2,0.0024067388688327317
"C17304T",0.003708281829419036,3,0.0011325028312570782
"G17334T",0.0024813895781637717,2,0.000019849934495216167
"G17338T",0.0012406947890818859,1,0.0009970089730807576
"A17344G",0.0012406947890818859,1,0.0008795074758135445
"C17397T",0.004962779156327543,4,0.004145077720207254
"C17403T",0.0012406947890818859,1,0.0008944543828264759
"C17410T",1,806,0.0010534887338137207
"G17427A",0.0012406947890818859,1,0.0011376564277588168
"C17436T",0.0012406947890818859,1,0.0006609385327164573
"T17454C",0.0012422360248447205,1,0.0004623208506703652
"C17474T",0.004962779156327543,4,0.002704530087897228
"C17491T",0.0012406947890818859,1,0.0009950248756218905
"C17550T",0.002472187886279357,2,0.0006988120195667365
"G17584T",0.0024813895781637717,2,0.0020833333333333333
"G17616A",0.0012406947890818859,1,0.0012062726176115801
"A17630G",0.0012422360248447205,1,0.0012300123001230013
"C17634A",0.0012406947890818859,1,0.0009523809523809524
"C17678T",0.006211180124223602,5,0.0025933609958506223
"C17733T",0.0012406947890818859,1,0.000555247084952804
"C17738T",0.0012406947890818859,1,0.00102880658436214
"C17746T",0.0012406947890818859,1,0.00043706293706293706
"C17747T",0.0024813895781637717,2,0.0009107468123861566
"C17750T",0.0024813895781637717,2,0.0014925373134328358
"T17859C",0.0012376237623762376,1,0.0000027109307438522867
"A17861G",0.0024813895781637717,2,0.0024271844660194173
"A17880G",0.0012406947890818859,1,0.0011560693641618498
"G17938A",0.0012391573729863693,1,0.0011160714285714285
"C17977T",0.0012391573729863693,1,0.0004714757190004715
"A18039G",0.0012422360248447205,1,0.001148105625717566
"A18054G",0.0012422360248447205,1,0.0010741138560687433
"C18086T",0.0012422360248447205,1,0.00047551117451260106
"A18093G",0.004962779156327543,4,0.004268943436499467
"G18105T",0.004968944099378882,4,0.0015866719555731853
"C18115T",0.004975124378109453,4,0.0018433179723502304
"C18120A",0.004975124378109453,4,0.0049382716049382715
"C18129T",0.0024875621890547263,2,0.001
"C18138T",0.0012437810945273632,1,0.0010319917440660474
"G18155A",0.0012391573729863693,1,0.0011792452830188679
"C18162T",0.0012391573729863693,1,0.0005037783375314861
"A18163G",0.9987593052109182,805,0.0010677284706812373
"C18176T",0.0012406947890818859,1,0.0009389671361502347
"T18237C",0.0012642225031605564,1,0.001176470588235294
"C18246T",0.0025252525252525255,2,0.0020060180541624875
"T18249C",0.0012626262626262627,1,0.0011587485515643105
"C18252T",0.0012610340479192938,1,0.0003940110323089047
"C18267T",0.0012610340479192938,1,0.0007961783439490446
"A18277G",0.0012547051442910915,1,0.0011494252873563218
"T18291C",0.001256281407035176,1,0.0011750881316098707
"A18298G",0.002512562814070352,2,0.0018467220683287165
"G18310A",0.00628140703517588,5,0.00589622641509434
"T18330C",0.005025125628140704,4,0.004807692307692308
"C18348T",0.0012578616352201257,1,0.0004514672686230248
"G18391A",0.0012578616352201257,1,0.0011947431302270011
"C18395T",0.0025157232704402514,2,0.00049079754601227
"C18404T",0.0012578616352201257,1,0.0010615711252653928
"G18433A",0.0025252525252525255,2,0.002242152466367713
"G18449T",0.0012610340479192938,1,0.0009216589861751152
"A18455G",0.0012610340479192938,1,0.0012004801920768306
"G18462A",0.00510204081632653,4,0.003933136676499509
"G18462T",0.0012755102040816326,1,0.0010384215991692627
"C18486T",0.0012360939431396785,1,0.0005485463521667581
"C18491T",0.002472187886279357,2,0.0015325670498084292
"A18492G",0.9987593052109182,805,0.002349452621317853
"C18508T",0.0037267080745341614,3,0.0009845749917952085
"T18510C",0.0012422360248447205,1,0.0010976948408342481
"C18512T",0.0012422360248447205,1,0.0009285051067780873
"C18526T",0.006234413965087282,5,0.0029832935560859188
"T18537G",0.0012422360248447205,1,0.0012300123001230013
"G18546T",0.0012422360248447205,1,0.001145475372279496
"C18555T",0.009937888198757764,8,0.0012728719172633255
"T18567C",0.002484472049689441,2,0.0022197558268590455
"C18570T",0.0012422360248447205,1,0.0003929273084479371
"C18646T",0.0012453300124533001,1,0.0006242197253433209
"C18647T",0.0012437810945273632,1,0.0004716981132075472
"T18648C",0.0012437810945273632,1,0.0009099181073703367
"C18657A",0.0012422360248447205,1,0.0010193679918450561
"T18663C",0.0012437810945273632,1,0.0007782101167315176
"A18684G",0.0012437810945273632,1,0.0007304601899196494
"C18687T",0.008717310087173101,7,0.0039303761931499155
"C18705T",0.0012437810945273632,1,0.0008382229673093043
"T18723C",0.0012437810945273632,1,0.0010526315789473684
"C18744T",0.002484472049689441,2,0.0006745362563237774
"C18747T",0.0012422360248447205,1,0.0005333333333333334
"T18765A",0.0012422360248447205,1,0.0008896797153024911
"C18788T",0.0012422360248447205,1,0.0004506534474988734
"G18803A",0.002484472049689441,2,0.0022396416573348264
"C18804T",0.014906832298136646,12,0.008651766402307137
"G18826A",0.0049504950495049506,4,0.0034752389226759338
"C18828T",0.0024752475247524753,2,0.0007493443237167478
"C18864T",0.002628120893561104,2,0.002176278563656148
"A18879G",0.001314060446780552,1,0.0010718113612004287
"C18885T",0.0026490066225165563,2,0.0003916960438699569
"C18894T",1,758,0.002906196563173352
"C18904T",0.001314060446780552,1,0.0011547344110854503
"G18937T",0.0013157894736842105,1,0.0011560693641618498
"C18981T",0.0026246719160104987,2,0.0007797270955165692
"C19011T",0.001310615989515072,1,0.0004967709885742673
"C19029T",0.0013123359580052493,1,0.00033101621979476995
"C19032T",0.002628120893561104,2,0.0012084592145015106
"A19062G",0.001314060446780552,1,0.0011933174224343676
"T19074C",0.002631578947368421,2,0.002205071664829107
"A19079C",0.0013157894736842105,1,0.0012091898428053204
"A19080G",0.0013157894736842105,1,0.0011111111111111111
"G19086T",0.0013175230566534915,1,0.0008032128514056225
"C19089T",0.002631578947368421,2,0.0018570102135561746
"G19101T",0.0026246719160104987,2,0.0020920502092050207
"C19113T",0.0012531328320802004,1,0.0009132420091324201
"A19137G",0.0025031289111389237,2,0.001899335232668566
"C19170T",0.0075282308657465494,6,0.0017704337562702863
"C19220T",0.001256281407035176,1,0.0006042296072507553
"T19230C",0.001256281407035176,1,0.0011976047904191617
"T19233C",0.001256281407035176,1,0.0012224938875305623
"C19245T",0.0012547051442910915,1,0.0010604453870625664
"C19263T",0.002509410288582183,2,0.001005530417295123
"C19269T",0.00628140703517588,5,0.002026753141467369
"G19285A",0.001256281407035176,1,0.001184834123222749
"C19374T",0.002509410288582183,2,0.0011086474501108647
"T19418C",0.0012578616352201257,1,0.0012360939431396785
"G19419T",0.006289308176100629,5,0.005257623554153523
"G19455A",0.007444168734491315,6,0.00702576112412178
"G19518T",0.0012437810945273632,1,0.0008264462809917355
"C19524T",0.0037313432835820895,3,0.0006161429451632779
"G19525T",0.0012437810945273632,1,0.0011337868480725624
"C19586T",0.0012437810945273632,1,0.0006393861892583121
"T19590C",0.0012437810945273632,1,0.0008865248226950354
"C19593T",0.0012453300124533001,1,0.00034376074252320387
"C19610T",0.0012437810945273632,1,0.0008904719501335708
"G19656T",0.0012484394506866417,1,0.0009199632014719411
"G19670A",0.0012484394506866417,1,0.00099601593625498
"G19677T",0.0024968789013732834,2,0.001694915254237288
"G19684T",0.0024968789013732834,2,0.0017376194613379669
"C19709T",0.0012484394506866417,1,0.0012077294685990338
"T19725C",0.0012484394506866417,1,0.0012048192771084338
"A19761G",0.0012453300124533001,1,0.0012239902080783353
"G19800A",0.0015037593984962407,1,0.0008857395925597874
"G19827T",0.001483679525222552,1,0.0011402508551881414
"C19862T",0.002967359050445104,2,0.001299545159194282
"G19872T",0.0014858841010401188,1,0.0009910802775024777
"G19894A",0.0015174506828528073,1,0.001152073732718894
"C19955T",0.9985007496251874,666,0.000943753161785649
"C19983T",0.0029895366218236174,2,0.00043965706748735987
"C20016T",0.0015037593984962407,1,0.0005390835579514825
"A20055G",0.9973684210526316,758,0.0010572667562135343
"G20069A",0.0013020833333333333,1,0.0011363636363636363
"A20094G",0.002628120893561104,2,0.002105263157894737
"G20102T",0.005242463958060288,4,0.0019002375296912114
"A20129G",0.0026041666666666665,2,0.002352941176470588
"G20134A",0.0013020833333333333,1,0.000945179584120983
"G20134T",0.010416666666666666,8,0.006158583525789068
"C20178T",0.7746666666666666,581,0.03450528566338045
"C20233T",0.0026041666666666665,2,0.0008176614881439084
"C20235T",0.0013020833333333333,1,0.00011732957878681215
"A20236T",0.0026041666666666665,2,0.0024390243902439024
"G20292A",0.0012987012987012987,1,0.001088139281828074
"C20320T",0.002600780234070221,2,0.001394700139470014
"C20325T",0.0025974025974025974,2,0.0022026431718061676
"C20384T",0.002617801047120419,2,0.001718213058419244
"G20397A",0.0012674271229404308,1,0.0008271298593879239
"C20404T",0.019011406844106463,15,0.009671179883945842
"T20421C",0.0013020833333333333,1,0.001040582726326743
"G20433A",0.0103359173126615,8,0.008298755186721992
"G20433T",0.0012919896640826874,1,0.0009302325581395349
"C20451T",0.0012903225806451613,1,0.0004906771344455348
"G20477T",0.001288659793814433,1,0.0010152284263959391
"T20478C",0.001288659793814433,1,0.0011614401858304297
"C20543T",0.001288659793814433,1,0.0010141987829614604
"C20544T",0.002577319587628866,2,0.0013324450366422385
"A20547C",0.001288659793814433,1,0.001215066828675577
"T20558C",0.0012853470437017994,1,0.0012285012285012285
"G20578T",0.001288659793814433,1,0.0005192107995846313
"T20586A",0.0025673940949935813,2,0.00243605359317905
"T20605C",0.001288659793814433,1,0.0010582010582010583
"C20628T",0.002574002574002574,2,0.0013449899125756557
"C20629T",0.003861003861003861,3,0.0021398002853067048
"T20631C",0.002574002574002574,2,0.0020408163265306124
"G20635C",0.001287001287001287,1,0.0010121457489878543
"A20636G",0.001288659793814433,1,0.0012254901960784314
"C20647T",0.0012903225806451613,1,0.0011325028312570782
"T20661C",0.0012903225806451613,1,0.0011534025374855825
"G20679T",0.016352201257861635,13,0.008403361344537815
"C20703T",0.0025188916876574307,2,0.0009713453132588635
"A20712G",0.005025125628140704,4,0.0033444816053511705
"C20762T",0.04804045512010114,38,0.014221556886227544
"C20825T",0.0012578616352201257,1,0.0010384215991692627
"A20860G",0.0012626262626262627,1,0.0010683760683760685
"A20914C",0.0012610340479192938,1,0.001182033096926714
"G20919T",0.0012610340479192938,1,0.0012004801920768306
"C20930T",0.008838383838383838,7,0.002368064952638701
"G20931A",0.0012610340479192938,1,0.0006613756613756613
"T20955C",0.012578616352201259,10,0.011185682326621925
"C20956A",0.007547169811320755,6,0.006772009029345372
"C20964T",0.0012594458438287153,1,0.0009416195856873823
"G20991A",0.0012594458438287153,1,0.0012048192771084338
"C21005T",0.0012610340479192938,1,0.0009216589861751152
"C21034T",0.008793969849246231,7,0.004830917874396135
"C21054T",0.0012547051442910915,1,0.0006609385327164573
"C21057T",0.0012547051442910915,1,0.0005224660397074191
"A21071G",0.002506265664160401,2,0.0024096385542168677
"C21077T",0.0025031289111389237,2,0.0007601672367920942
"T21087C",0.0012515644555694619,1,0.0010471204188481676
"G21123T",0.00125,1,0.0002181976871045167
"A21137G",0.01020408163265306,8,0.0003013523185294007
"T21195C",0.0012515644555694619,1,0.0011337868480725624
"T21264A",0.0012515644555694619,1,0.001221001221001221
"T21273C",0.0012515644555694619,1,0.001226993865030675
"T21294A",0.0012515644555694619,1,0.0007468259895444362
"G21295A",0.0012515644555694619,1,0.0007309941520467836
"G21296A",0.0012515644555694619,1,0.0007132667617689016
"C21302T",0.0012515644555694619,1,0.000676132521974307
"C21304A",0.005018820577164366,4,0.0015521924718665113
"G21305A",0.0025031289111389237,2,0.0008054772452678212
"C21306T",0.0012515644555694619,1,0.00038684719535783365
"A21323G",0.006265664160401002,5,0.0051440329218107
"C21365T",0.002506265664160401,2,0.0015987210231814548
"G21372T",0.001256281407035176,1,0.000946969696969697
"T21435C",0.005284015852047556,4,0.004410143329658214
"C21552T",0.0013175230566534915,1,0.0009132420091324201
"C21575T",0.005235602094240838,4,0.00048262548262548264
"T21610C",0.013986013986013986,10,0.001541782300339192
"C21614T",0.001422475106685633,1,0.00048756704046806434
"C21618T",0.9985074626865672,669,0.000925175562089099
"C21622T",0.9985185185185185,674,0.002652185889111872
"A21623-",0.0014184397163120568,1,0.001092896174863388
"G21624-",0.0015337423312883436,1,0.0010893246187363835
"G21624C",0.995398773006135,649,0.002612721417069243
"G21624T",0.0015337423312883436,1,0.0010940919037199124
"C21627A",0.9985754985754985,701,0.010959289600400225
"T21633-",0.9943262411347518,701,0.000982384349117816
"A21634-",0.9943262411347518,701,0.000982355438899874
"C21635-",0.9957386363636364,701,0.0009798056602296744
"C21636-",0.9985754985754985,701,0.0009798056602296744
"C21637-",0.9957386363636364,701,0.0009798234640463494
"C21638-",0.9957386363636364,701,0.000979852225424719
"C21639-",0.9943262411347518,701,0.0009798549646916743
"T21640-",0.9943262411347518,701,0.0009799713976964381
"G21641-",0.9668965517241379,701,0.0009852299830360543
"G21641T",0.02620689655172414,19,0.002167959835691465
"A21643C",0.0012787723785166241,1,0.001226993865030675
"T21644C",0.0012787723785166241,1,0.0009199632014719411
"C21646T",0.001277139208173691,1,0.0005473453749315818
"T21652C",0.001277139208173691,1,0.0011111111111111111
"T21653-",0.005134788189987163,4,0.00004984051036682616
"T21653C",0.9948652118100129,775,0.021194552316359458
"C21654-",0.005108556832694764,4,0.000049852312524147217
"T21655-",0.00510204081632653,4,0.00004982933452923736
"T21673C",0.05343511450381679,42,0.04516129032258064
"C21691T",0.0012738853503184713,1,0.00035829451809387314
"C21697T",0.001392757660167131,1,0.0007911392405063291
"C21711T",1,711,0.00265111544470504
"G21718A",0.001392757660167131,1,0.0010152284263959391
"C21742G",0.0013966480446927375,1,0.0011933174224343676
"C21742T",0.002793296089385475,2,0.0009935419771485345
"G21754T",0.0013966480446927375,1,0.0011123470522803114
"C21757T",0.0013986013986013986,1,0.001049317943336831
"C21762T",0.005610098176718092,4,0.0014419610670511895
"T21763C",0.001402524544179523,1,0.000819672131147541
"T21765-",1,690,0.002097870205682492
"A21766-",1,690,0.0020972899366557647
"C21767-",1,692,0.00209320826514778
"A21768-",1,690,0.002095099289488067
"T21769-",1,690,0.0020951883543965555
"G21770-",1,690,0.0021113701874529533
"C21774T",0.0013986013986013986,1,0.0007369196757553427
"G21786T",0.001392757660167131,1,0.0006369426751592356
"C21789T",0.001392757660167131,1,0.0006293266205160479
"A21791G",0.001392757660167131,1,0.0012106537530266344
"T21823A",0.0028169014084507044,2,0.002336448598130841
"G21850T",0.001392757660167131,1,0.0004580852038479157
"G21898T",0.0012515644555694619,1,0.0010438413361169101
"C21914T",0.0012531328320802004,1,0.0010504201680672268
"G21929T",0.017834394904458598,14,0.015250544662309368
"G21941T",1,784,0.002787892580791989
"A21949G",0.0012706480304955528,1,0.001215066828675577
"C21952T",0.012690355329949238,10,0.004156275976724855
"T21982C",0.0012690355329949238,1,0.0012033694344163659
"G21986T",0.0012690355329949238,1,0.0011904761904761906
"G21987A",1,788,0.0010587399114044293
"T21992-",0.9974391805377721,779,0.0012325812847009607
"A21993-",0.9974391805377721,779,0.0012328543823304588
"T21994-",0.9885786802030457,779,0.0012335708630245446
"T21995-",0.0025380710659898475,2,0.0004386926957666155
"A21996-",0.0025380710659898475,2,0.0004772130756382725
"C21997-",0.0025380710659898475,2,0.000671591672263264
"C21998T",0.0038071065989847717,3,0.0017341040462427746
"A21999G",0.0012690355329949238,1,0.0011641443538998836
"C22000A",0.0012706480304955528,1,0.0000027654102486103814
"C22000T",0.0038119440914866584,3,0.0015822784810126582
"A22002C",0.0012690355329949238,1,0.0011248593925759281
"A22003T",0.0012690355329949238,1,0.00019245573518090838
"A22004G",0.0012690355329949238,1,0.001059322033898305
"A22005C",0.005076142131979695,4,0.0009583133684714902
"A22010G",0.0025380710659898475,2,0.0011086474501108647
"A22012G",0.0012690355329949238,1,0.001183431952662722
"T22020A",0.0025380710659898475,2,0.002290950744558992
"T22020C",0.0012690355329949238,1,0.0006640106241699867
"A22024G",0.0025380710659898475,2,0.002442002442002442
"T22032C",0.9909208819714657,764,0.0027180873772591433
"C22033A",0.9948186528497409,768,0.0022476448018824025
"A22034G",0.9935064935064936,765,0.0027284302431334504
"G22037T",0.0012674271229404308,1,0.0011976047904191617
"G22051T",0.0025348542458808617,2,0.0016474464579901153
"C22075A",0.005134788189987163,4,0.004672897196261682
"C22088T",0.002564102564102564,2,0.000550357732526142
"A22091G",0.001282051282051282,1,0.0011750881316098707
"A22107G",0.9961783439490446,782,0.021125428857011644
"A22107T",0.0012738853503184713,1,0.0005878894767783657
"T22119C",0.0012658227848101266,1,0.0005885815185403178
"C22120A",0.0012674271229404308,1,0.00006209251785159888
"C22127T",0.0012658227848101266,1,0.0011001100110011
"T22129A",0.0012658227848101266,1,0.0012360939431396785
"G22131C",0.0012658227848101266,1,0.0005411255411255411
"G22132T",1,786,0.014714967705700646
"A22151G",0.0012674271229404308,1,0.0010193679918450561
"C22185T",0.0012642225031605564,1,0.0008250825082508251
"G22186A",0.0012642225031605564,1,0.0010245901639344263
"A22193-",0.0024906600249066002,2,0.0020060180541624875
"A22194-",0.9974715549936789,789,0.002830087162380286
"T22195-",0.9912060301507538,789,0.0028299958034282762
"T22196-",1,796,0.0028483707748570447
"T22197-",0.008739076154806492,7,0.004557291666666667
"T22200G",1,801,0.0020265090661613465
"G22205C",0.0012484394506866417,1,0.00040096230954290296
"C22208T",1,802,0.002834853856567706
"C22214G",0.0012468827930174563,1,0.0010298661174047373
"G22218A",0.0024968789013732834,2,0.0019550342130987292
"G22218T",0.0012484394506866417,1,0.0012062726176115801
"C22224-",0.0012658227848101266,1,0.0011261261261261261
"C22224G",0.0012658227848101266,1,0.0012239902080783353
"G22225T",0.0024937655860349127,2,0.0015479876160990713
"C22227A",0.0012468827930174563,1,0.0012330456226880395
"C22227T",0.0012468827930174563,1,0.00045829514207149406
"T22229C",0.0012468827930174563,1,0.0011587485515643105
"T22242C",0.001287001287001287,1,0.001201923076923077
"A22259G",0.0012919896640826874,1,0.0010893246187363835
"C22264T",0.0025806451612903226,2,0.0008814455707360071
"C22267T",0.005161290322580645,4,0.004667444574095682
"A22278G",0.0012903225806451613,1,0.0009541984732824427
"C22281T",0.0025806451612903226,2,0.0014419610670511895
"G22289-",0.0012903225806451613,1,0.0004987531172069825
"C22290-",0.0012903225806451613,1,0.0004975124378109452
"C22290T",0.003870967741935484,3,0.003409090909090909
"T22291-",0.0012903225806451613,1,0.0004975124378109452
"T22292-",0.0012903225806451613,1,0.0005058168942842691
"T22293-",0.0012919896640826874,1,0.0005055611729019212
"A22294-",0.0012919896640826874,1,0.0004906771344455348
"C22295A",1,774,0.002779463570712929
"T22297C",0.0012919896640826874,1,0.0010471204188481676
"T22303C",0.0012953367875647669,1,0.0012091898428053204
"G22309T",0.0012919896640826874,1,0.001160092807424594
"A22320G",0.00646830530401035,5,0.0002514964036014285
"C22323T",0.00258732212160414,2,0.0010911074740861974
"C22326T",0.0025906735751295338,2,0.0007024938531787847
"T22328G",0.007761966364812419,6,0.006535947712418301
"C22329T",0.00129366106080207,1,0.00036886757654002215
"T22333C",0.002583979328165375,2,0.002197802197802198
"C22350T",0.00129366106080207,1,0.0007993605115907274
"C22353A",1,773,0.002797298959969313
"C22388T",0.0012919896640826874,1,0.00047080979284369113
"C22413T",0.0012903225806451613,1,0.0005913660555884093
"A22420T",0.002583979328165375,2,0.002386634844868735
"G22436T",0.0012987012987012987,1,0.00117096018735363
"G22468A",0.0013245033112582781,1,0.0010695187165775401
"C22480T",0.005326231691078562,4,0.000060454009612187525
"C22498T",0.00258732212160414,2,0.001034126163391934
"A22504G",0.00129366106080207,1,0.0012048192771084338
"A22512G",0.001288659793814433,1,0.0012165450121654502
"C22513T",0.002577319587628866,2,0.001516300227445034
"C22530T",0.004005340453938585,3,0.0009487666034155598
"A22556G",1,749,0.002705387296599303
"G22567T",0.0053475935828877,4,0.001971414489896501
"C22570T",0.001336898395721925,1,0.00009191176470588235
"G22577C",1,747,0.0011366921801056044
"G22578A",1,747,0.001008094445089217
"C22591T",0.0013333333333333333,1,0.0004020908725371934
"A22595T",0.0026702269692923898,2,0.0019398642095053346
"G22599C",1,748,0.0013710280510872911
"A22629C",0.9986577181208054,744,0.0026222482254005626
"A22629T",0.0013422818791946308,1,0.0011627906976744186
"G22630C",0.0026845637583892616,2,0.002207505518763797
"T22672C",0.0013280212483399733,1,0.0009285051067780873
"C22674T",0.99867197875166,752,0.0010214185493411714
"T22679C",1,752,0.0010205549538986013
"C22686T",0.9973262032085561,746,0.0010134175946139436
"A22688G",0.9932705248990579,738,0.001005212667858938
"C22716T",0.0013280212483399733,1,0.0006720430107526882
"T22750C",0.0013280212483399733,1,0.0011547344110854503
"A22759G",0.002663115845539281,2,0.002277904328018223
"G22770A",0.9954407294832827,655,0.002686529209340098
"G22775A",1,780,0.001045772665111415
"A22786C",1,780,0.0010810031709426347
"C22792T",0.9974160206718347,772,0.02093956818921558
"G22801T",0.001282051282051282,1,0.0007530120481927711
"G22813T",1,782,0.001117407842431205
"G22865T",0.004005340453938585,3,0.00021869077124945328
"T22873C",0.0013333333333333333,1,0.0010660980810234541
"A22881G",0.0013297872340425532,1,0.0005966587112171838
"T22882G",1,751,0.0010183893176249155
"A22893C",0.0013513513513513514,1,0.000011498085568752803
"A22893G",0.9945945945945946,736,0.02131541602710765
"G22895C",0.9986648865153538,748,0.0012083186601232227
"T22896A",0.00267379679144385,2,0.000008978232275847208
"T22896C",0.0053475935828877,4,0.000011270304157333446
"T22896G",0.9893048128342246,740,0.01658597812443966
"G22898A",0.9986648865153538,748,0.0011431505718809412
"A22910G",1,757,0.002723021582733813
"C22916A",0.001326259946949602,1,0.000363901018922853
"C22916T",0.9960212201591512,751,0.002733891518019658
"T22917G",1,754,0.0018750341932628081
"T22926C",1,759,0.002834733893557423
"T22928C",1,758,0.003586756445988085
"T22942A",1,761,0.0022404032136979606
"G22984A",0.001303780964797914,1,0.0010869565217391304
"G22985-",0.0013020833333333333,1,0.0012254901960784314
"C22986-",0.0013054830287206266,1,0.0012239902080783353
"C22987-",0.001303780964797914,1,0.0012254901960784314
"C22987T",0.001303780964797914,1,0.0005803830528148578
"G22992A",1,764,0.0010180192064513636
"C22995A",1,763,0.0011383268534736126
"T23005A",1,762,0.0027499594002057056
"G23006-",0.002621231979030144,2,0.0017683465959328027
"G23006A",0.001310615989515072,1,0.0009442870632672333
"G23007-",0.002621231979030144,2,0.0019157088122605363
"T23008-",0.002840909090909091,2,0.0019193857965451055
"T23008A",0.0014204545454545455,1,0.0011148272017837235
"G23009-",0.9956958393113343,694,0.0027975523432524165
"T23010-",0.9971264367816092,694,0.0027981275930054872
"T23010A",0.0028735632183908046,2,0.0022172949002217295
"T23011-",0.9178807947019868,693,0.0027945351312987934
"G23012A",1,754,0.002723073533819923
"T23018C",1,755,0.001200243546107634
"T23019C",1,755,0.0011477391059796448
"A23021G",0.9973154362416108,743,0.023729679665293348
"T23026C",0.0013020833333333333,1,0.0012077294685990338
"C23029T",0.005208333333333333,4,0.00258732212160414
"C23039G",0.9986910994764397,763,0.0057192543231716
"T23047C",0.0013020833333333333,1,0.0011574074074074073
"A23055G",0.9986754966887417,754,0.0010043517468927036
"A23063T",1,759,0.0010102744512372867
"G23069A",0.0013192612137203166,1,0.0011976047904191617
"T23075C",0.9973544973544973,754,0.001005029144512261
"C23114T",0.0012422360248447205,1,0.0005938242280285036
"C23130A",0.0012468827930174563,1,0.0009587727708533077
"T23137C",0.0012453300124533001,1,0.0010152284263959391
"A23148C",0.0024937655860349127,2,0.0007377351530800443
"A23148G",0.0024937655860349127,2,0.0022371364653243847
"T23150G",0.0012437810945273632,1,0.0012345679012345679
"A23156G",0.004975124378109453,4,0.004651162790697674
"T23158G",0.0012437810945273632,1,0.0011312217194570137
"C23191T",0.0062266500622665,5,0.0013796909492273732
"C23202T",0.0012453300124533001,1,0.00013008976193573565
"G23222A",1,803,0.0027772205659581236
"G23236T",0.0012484394506866417,1,0.0008368200836820083
"C23271T",1,802,0.0028147461814914646
"C23277-",0.002509410288582183,2,0.002457002457002457
"C23277T",0.9937264742785445,792,0.01455240335146259
"C23280T",0.0012437810945273632,1,0.00016326530612244898
"G23285T",0.0012422360248447205,1,0.0005938242280285036
"T23293C",0.0012422360248447205,1,0.0009727626459143969
"G23311A",0.0012422360248447205,1,0.0011273957158962795
"T23317C",0.0012422360248447205,1,0.001184834123222749
"A23365G",0.0012422360248447205,1,0.0011792452830188679
"T23371C",0.0024875621890547263,2,0.0017152658662092624
"C23373T",0.0024906600249066002,2,0.0008613264427217916
"C23393T",0.0012437810945273632,1,0.0012004801920768306
"A23403G",1,804,0.0010468259300345296
"C23410T",0.0012437810945273632,1,0.000864304235090752
"C23415T",0.0012437810945273632,1,0.0010362694300518134
"A23416T",0.033623910336239106,27,0.010089686098654708
"C23423-",0.0012468827930174563,1,0.0011947431302270011
"C23423T",0.9987531172069826,801,0.0027895314214073028
"C23424-",0.0012468827930174563,1,0.001199040767386091
"T23428A",0.0012468827930174563,1,0.001226993865030675
"G23477A",0.0015290519877675841,1,0.0011641443538998836
"T23487G",0.004594180704441042,3,0.0017899761336515514
"T23488C",0.0015337423312883436,1,0.0010319917440660474
"A23503G",0.033690658499234305,22,0.024886877828054297
"C23525T",1,652,0.0008911791037635916
"C23533T",0.0030816640986132513,2,0.0016012810248198558
"C23557T",0.0015552099533437014,1,0.000727802037845706
"G23593C",0.0038071065989847717,3,0.0017482517482517483
"G23593T",0.0012690355329949238,1,0.0005285412262156448
"C23595T",0.0025380710659898475,2,0.0009940357852882703
"A23598G",0.017766497461928935,14,0.0010180337405468296
"T23599C",0.0012755102040816326,1,0.0009250693802035153
"T23599G",0.9923469387755102,778,0.0010297597933068261
"T23600C",0.0012690355329949238,1,0.0002678810608090008
"C23601A",0.0025380710659898475,2,0.0016406890894175555
"C23601T",0.03934010152284264,31,0.010364426613172852
"C23603-",0.0012690355329949238,1,0.0012254901960784314
"C23604-",0.0012755102040816326,1,0.0012285012285012285
"C23604A",0.015306122448979591,12,0.00002516324656207144
"C23604G",0.9821428571428571,770,0.0027564382522033606
"G23608T",0.013959390862944163,11,0.007352941176470588
"G23610A",0.0025673940949935813,2,0.0015503875968992248
"G23611T",0.002560819462227913,2,0.0015527950310559005
"C23613T",0.0012853470437017994,1,0.0007412898443291327
"T23622C",0.001282051282051282,1,0.0012300123001230013
"C23625T",0.0038510911424903724,3,0.0008307947936859596
"C23635T",0.002560819462227913,2,0.00040096230954290296
"C23638T",0.0038412291933418692,3,0.0008443568815085843
"C23673T",0.005095541401273885,4,0.00032770768474520726
"C23683T",0.0038119440914866584,3,0.0012594458438287153
"T23722A",0.0038119440914866584,3,0.003703703703703704
"C23741T",0.0038071065989847717,3,0.0013850415512465374
"C23744G",0.0012706480304955528,1,0.0012360939431396785
"G23749A",0.0012706480304955528,1,0.0011337868480725624
"C23758T",0.0025412960609911056,2,0.000998502246630055
"C23809T",0.0012690355329949238,1,0.001088139281828074
"T23849C",0.001272264631043257,1,0.0008904719501335708
"C23854A",1,788,0.0010490259900182782
"C23887T",0.0012738853503184713,1,0.0010384215991692627
"C23893T",0.0012738853503184713,1,0.001076426264800861
"C23896T",0.0012755102040816326,1,0.0004997501249375312
"A23898T",0.0012755102040816326,1,0.0012004801920768306
"G23948T",1,685,0.0009467851461159003
"C23988G",0.001451378809869376,1,0.0012135922330097086
"C24023T",0.005797101449275362,4,0.0014964459408903852
"G24038C",0.0014492753623188406,1,0.0012224938875305623
"T24073C",0.001445086705202312,1,0.0009009009009009009
"A24118G",0.001447178002894356,1,0.001177856301531213
"C24130T",0.001445086705202312,1,0.0002778549597110308
"C24133T",0.001440922190201729,1,0.0008347245409015025
"T24163C",0.001451378809869376,1,0.0008347245409015025
"G24199T",0.0013531799729364006,1,0.0010030090270812437
"T24226A",0.003115264797507788,2,0.0023781212841854932
"T24283C",0.0048,3,0.0006138735420503376
"G24348C",0.0015455950540958269,1,0.0010121457489878543
"C24378T",1,645,0.0024682665115549314
"C24382T",0.0015552099533437014,1,0.000407000407000407
"G24398A",0.0015552099533437014,1,0.000671591672263264
"C24418T",0.0015503875968992248,1,0.0006297229219143577
"C24421T",0.0015552099533437014,1,0.001004016064257028
"A24424T",1,643,0.0008747549529768197
"G24434T",0.0015748031496062992,1,0.000693000693000693
"C24442T",0.006289308176100629,4,0.0026702269692923898
"C24444T",0.001579778830963665,1,0.0008130081300813008
"T24469A",0.9909326424870466,765,0.0010175077842670686
"T24487C",0.005115089514066497,4,0.0045871559633027525
"A24520G",0.001272264631043257,1,0.0011806375442739079
"G24547A",0.008997429305912597,7,0.008111239860950173
"G24550A",0.002570694087403599,2,0.0022271714922048997
"C24588T",0.0012836970474967907,1,0.0010204081632653062
"C24616T",0.0025673940949935813,2,0.0016220600162206002
"T24633G",0.001282051282051282,1,0.001226993865030675
"T24706C",0.001272264631043257,1,0.0009242144177449168
"T24721G",0.0012738853503184713,1,0.0012033694344163659
"G24751T",0.0012738853503184713,1,0.00117096018735363
"G24794T",0.0012515644555694619,1,0.0005797101449275362
"C24797A",0.0012515644555694619,1,0.0011363636363636363
"A24819G",0.002577319587628866,2,0.00008664385045271411
"A24823G",0.002570694087403599,2,0.0024183796856106408
"T24841C",0.001288659793814433,1,0.0011792452830188679
"C24865T",0.003861003861003861,3,0.0014720314033366045
"G24872T",0.002577319587628866,2,0.000016279486219414914
"C24904T",0.001287001287001287,1,0.00035435861091424523
"C24912T",0.001287001287001287,1,0.00040160642570281126
"C24989T",0.002583979328165375,2,0.0010498687664041995
"C24990T",1,774,0.002777568443377437
"C25000T",1,775,0.0010272805960613398
"C25006T",0.001287001287001287,1,0.00003311367926090268
"A25042T",0.002574002574002574,2,0.002331002331002331
"C25046T",0.0025806451612903226,2,0.0007507507507507507
"C25047T",0.00902061855670103,7,0.0034063260340632603
"C25069A",0.00129366106080207,1,0.0011668611435239206
"C25083T",0.00258732212160414,2,0.0008028904054596548
"G25088T",0.0012919896640826874,1,0.0008453085376162299
"A25097G",0.0012953367875647669,1,0.0011534025374855825
"C25117T",0.00129366106080207,1,0.0009970089730807576
"T25159C",0.0014771048744460858,1,0.0009208103130755065
"A25167C",0.0014814814814814814,1,0.001226993865030675
"G25183A",0.0029498525073746312,2,0.002244668911335578
"T25187C",0.0014749262536873156,1,0.0012224938875305623
"C25207T",1,676,0.0025419076339953826
"T25210G",0.0014749262536873156,1,0.0012285012285012285
"G25234T",0.01636904761904762,11,0.004822446295484437
"G25244T",0.0028653295128939827,2,0.0017513134851138354
"G25249T",0.0028530670470756064,2,0.0006071645415907711
"G25250T",0.007132667617689016,5,0.0058823529411764705
"G25273C",0.001430615164520744,1,0.001088139281828074
"C25276T",0.001430615164520744,1,0.0005662514156285391
"A25296G",0.0014285714285714286,1,0.001142857142857143
"G25298A",0.0014285714285714286,1,0.0011376564277588168
"C25321T",0.0028653295128939827,2,0.001949317738791423
"G25340A",0.001430615164520744,1,0.0009025270758122744
"C25349A",0.001440922190201729,1,0.0011792452830188679
"C25350T",0.002886002886002886,2,0.0009610764055742432
"G25352T",0.0014492753623188406,1,0.0001948178453146308
"A25408C",0.0012468827930174563,1,0.0012165450121654502
"C25413A",0.0012484394506866417,1,0.0010204081632653062
"C25413T",0.004993757802746567,4,0.000986679822397632
"A25420G",0.0012422360248447205,1,0.001184834123222749
"G25429C",0.0012484394506866417,1,0.00040816326530612246
"G25429T",0.0012484394506866417,1,0.0005408328826392645
"G25444A",0.0012468827930174563,1,0.0010893246187363835
"A25450C",0.0012468827930174563,1,0.0012121212121212121
"C25452A",0.0024906600249066002,2,0.002352941176470588
"C25452T",0.0062266500622665,5,0.0018254837531945967
"G25455T",0.0049813200498132005,4,0.0020800832033281333
"C25463T",0.0012468827930174563,1,0.0006101281269066504
"T25464C",0.0012468827930174563,1,0.0011574074074074073
"C25466T",0.0012468827930174563,1,0.0010256410256410256
"A25472G",0.0012453300124533001,1,0.0011074197120708748
"G25477-",0.0161892901618929,13,0.013963480128893663
"T25478-",0.0161892901618929,13,0.014145810663764961
"T25479-",0.0161892901618929,13,0.014207650273224045
"T25479C",0.0024906600249066002,2,0.0008438818565400844
"T25485C",0.0012453300124533001,1,0.0009140767824497258
"C25487T",0.0012453300124533001,1,0.0007535795026375283
"G25489T",0.0024906600249066002,2,0.0016597510373443983
"A25492C",0.0012453300124533001,1,0.0011723329425556857
"C25513T",0.0012453300124533001,1,0.0005711022272986865
"T25514C",0.0012453300124533001,1,0.000856898029134533
"T25519C",0.0024906600249066002,2,0.001564945226917058
"C25521T",0.006234413965087282,5,0.0011138338159946536
"G25523A",0.0062266500622665,5,0.0030998140111593306
"G25534T",0.0049813200498132005,4,0.003639672429481347
"G25540T",0.0037359900373599006,3,0.0035169988276670576
"C25546T",0.0012453300124533001,1,0.0005211047420531526
"C25549T",0.0037359900373599006,3,0.0012244897959183673
"G25563T",0.0049813200498132005,4,0.003663003663003663
"C25572T",0.0062266500622665,5,0.00023884589662749594
"C25578T",0.008717310087173101,7,0.0034263338228095936
"C25584T",1,803,0.0010503075059709263
"G25593T",0.003740648379052369,3,0.00027925160569673273
"C25603A",0.017456359102244388,14,0.005615724027276374
"C25603T",0.0012468827930174563,1,0.0003874467260751647
"C25611T",0.0037359900373599006,3,0.0021770682148040637
"T25623C",0.008717310087173101,7,0.007936507936507936
"T25639C",0.0024906600249066002,2,0.002162162162162162
"G25644T",0.0012453300124533001,1,0.0008960573476702509
"A25664G",0.0012484394506866417,1,0.0008481764206955047
"C25669T",0.0012484394506866417,1,0.000689655172413793
"C25672T",0.0025,2,0.0016025641025641025
"T25674C",0.0012531328320802004,1,0.0008968609865470852
"C25688T",0.0024906600249066002,2,0.0009847365829640572
"T25695C",0.0012468827930174563,1,0.001059322033898305
"C25700A",0.0012468827930174563,1,0.001215066828675577
"C25703T",0.0024937655860349127,2,0.0013123359580052493
"T25707C",0.0012484394506866417,1,0.0011655011655011655
"C25708T",0.0025,2,0.0008435259384226065
"C25710T",0.0024937655860349127,2,0.0006559527714004591
"C25714T",0.0049813200498132005,4,0.001548586914440573
"C25721T",0.0012437810945273632,1,0.00011228385358185493
"C25728T",0.0024875621890547263,2,0.0007079646017699115
"A25768C",0.001326259946949602,1,0.001201923076923077
"C25782T",0.0013280212483399733,1,0.0006199628022318661
"G25784T",0.0013280212483399733,1,0.0011248593925759281
"C25792T",0.001358695652173913,1,0.0009000900090009
"C25797T",0.0013297872340425532,1,0.000779423226812159
"C25803T",0.001326259946949602,1,0.0004462293618920125
"T25833C",0.011984021304926764,9,0.008159564823209429
"A25841G",0.001326259946949602,1,0.0010449320794148381
"C25844T",0.001326259946949602,1,0.0005339028296849973
"T25848C",0.001326259946949602,1,0.0011890606420927466
"C25889T",0.0013333333333333333,1,0.0006195786864931846
"C25904T",0.0039946737683089215,3,0.0013921113689095127
"G25906T",0.0013315579227696406,1,0.0003045066991473812
"G25909A",0.004,3,0.0033333333333333335
"G25909T",0.0013333333333333333,1,0.0011806375442739079
"A25915G",0.0013351134846461949,1,0.0012135922330097086
"C25916T",0.004005340453938585,3,0.0011398176291793312
"C25925T",0.0013386880856760374,1,0.0000610016470444702
"T25932C",0.0013315579227696406,1,0.0011668611435239206
"A25937G",0.005326231691078562,4,0.0043907793633369925
"T25938C",0.0013315579227696406,1,0.0011389521640091116
"G25970T",0.0013315579227696406,1,0.0008244023083264633
"C26010T",0.0026917900403768506,2,0.0009746588693957114
"T26012A",0.0013458950201884253,1,0.0012165450121654502
"C26029A",0.022911051212938006,17,0.006415094339622641
"G26034T",0.002702702702702703,2,0.0023391812865497076
"C26060T",1,770,0.0010201364333115616
"T26061C",0.0025940337224383916,2,0.002364066193853428
"G26063T",0.0012970168612191958,1,0.001201923076923077
"T26067C",0.0012987012987012987,1,0.0012106537530266344
"C26125A",0.0012919896640826874,1,0.0010706638115631692
"C26147T",0.0012919896640826874,1,0.0009398496240601503
"G26167T",0.00129366106080207,1,0.0009718172983479105
"C26176T",0.00129366106080207,1,0.0008176614881439084
"A26186G",0.00129366106080207,1,0.001218026796589525
"A26190G",0.0012970168612191958,1,0.0011918951132300357
"G26209C",0.0012953367875647669,1,0.0011695906432748538
"T26216-",0.00129366106080207,1,0.0012285012285012285
"G26217-",0.0012953367875647669,1,0.0012254901960784314
"A26237G",0.00129366106080207,1,0.0012033694344163659
"C26270T",1,778,0.0010278252644205998
"G26277T",0.001287001287001287,1,0.0012300123001230013
"C26322T",0.0012919896640826874,1,0.0009293680297397769
"C26340T",0.00129366106080207,1,0.0007849293563579278
"C26388T",0.0012658227848101266,1,0.0010362694300518134
"T26394C",0.0012658227848101266,1,0.0011862396204033216
"G26398A",0.002531645569620253,2,0.0019860973187686196
"T26409C",0.0012626262626262627,1,0.0011918951132300357
"G26428T",0.0012626262626262627,1,0.00024813895781637717
"A26449C",0.0012626262626262627,1,0.0012360939431396785
"T26491C",0.0012626262626262627,1,0.0009025270758122744
"A26492T",0.0012626262626262627,1,0.0008904719501335708
"T26494-",0.0012626262626262627,1,0.0009057971014492754
"T26497C",0.0012626262626262627,1,0.0007598784194528875
"A26507G",0.0012626262626262627,1,0.0011248593925759281
"G26529C",1,793,0.002824466361068667
"T26540C",0.007566204287515763,6,0.005870841487279843
"T26543C",0.0037831021437578815,3,0.003161222339304531
"A26563G",0.0012626262626262627,1,0.0011876484560570072
"C26570T",0.03792667509481669,30,0.03289473684210526
"C26577G",1,792,0.0010670561241880876
"C26586T",0.0012610340479192938,1,0.0006093845216331506
"C26607A",0.007556675062972292,6,0.006607929515418502
"A26610G",0.9878378378378379,731,0.002859568209112282
"C26622T",0.0012391573729863693,1,0.000945179584120983
"T26624C",0.0012391573729863693,1,0.0011918951132300357
"G26634T",0.0012391573729863693,1,0.0011806375442739079
"G26640T",0.0012391573729863693,1,0.0009025270758122744
"C26645T",0.0024813895781637717,2,0.0005113781641523907
"C26681T",0.9987608426270136,806,0.0028220399217111507
"G26709A",1,807,0.0010597129189116078
"G26720T",0.0012391573729863693,1,0.0011750881316098707
"G26727T",0.0012391573729863693,1,0.000984251968503937
"C26750T",0.006211180124223602,5,0.0022271714922048997
"C26753T",0.0012422360248447205,1,0.00043196544276457883
"C26801T",0.0012422360248447205,1,0.00023380874444704232
"T26820A",0.002484472049689441,2,0.002457002457002457
"C26822T",0.0037359900373599006,3,0.0011005135730007337
"G26828A",0.0012422360248447205,1,0.001053740779768177
"G26832T",0.0012422360248447205,1,0.000444247001332741
"C26833T",0.9987577639751553,804,0.002821428822088559
"G26834T",0.0024875621890547263,2,0.0019940179461615153
"C26858T",1,801,0.001181015289798446
"C26873T",0.007481296758104738,6,0.0016625103906899418
"C26885T",0.0012468827930174563,1,0.00035211267605633805
"C26894T",0.0024875621890547263,2,0.00020347949944043138
"C26907T",0.0012422360248447205,1,0.00038138825324180017
"A26927G",0.004968944099378882,4,0.0029607698001480384
"C26936T",0.0012453300124533001,1,0.0006476683937823834
"G27033C",0.0012787723785166241,1,0.0012330456226880395
"T27071C",0.005121638924455826,4,0.004246284501061571
"G27074A",0.0012787723785166241,1,0.000847457627118644
"A27076G",0.0012787723785166241,1,0.0012285012285012285
"G27084A",0.0012787723785166241,1,0.0011933174224343676
"C27128T",0.02681992337164751,21,0.0136275146009085
"T27152C",0.0012787723785166241,1,0.0011210762331838565
"T27164C",0.002551020408163265,2,0.002107481559536354
"A27246G",0.0012391573729863693,1,0.001226993865030675
"A27259C",1,807,0.0011956600651019866
"A27268-",0.0012391573729863693,1,0.0008012820512820513
"A27269-",0.0012391573729863693,1,0.0008090614886731392
"A27270-",0.0012391573729863693,1,0.0008097165991902834
"G27271-",0.0012391573729863693,1,0.0008084074373484236
"T27272-",0.0012406947890818859,1,0.0008097165991902834
"T27273-",0.0012406947890818859,1,0.0008097165991902834
"T27274-",0.0012406947890818859,1,0.0008064516129032258
"C27275-",0.0012406947890818859,1,0.0008064516129032258
"C27276-",0.0012406947890818859,1,0.0008058017727639
"A27277-",0.0012406947890818859,1,0.0008051529790660225
"T27278-",0.0012406947890818859,1,0.0008058017727639
"T27279-",0.0012406947890818859,1,0.0008064516129032258
"T27280-",0.0012406947890818859,1,0.0008051529790660225
"G27281-",0.0012406947890818859,1,0.0008097165991902834
"G27282-",0.0012406947890818859,1,0.0008116883116883117
"A27283-",0.0012406947890818859,1,0.0008116883116883117
"A27284-",0.0012406947890818859,1,0.0008123476848090983
"T27285-",0.0012406947890818859,1,0.0008123476848090983
"C27286-",0.0012406947890818859,1,0.0008084074373484236
"T27287-",0.0012406947890818859,1,0.0008090614886731392
"T27288-",0.0012406947890818859,1,0.0008176614881439084
"G27289-",0.0012406947890818859,1,0.0008012820512820513
"A27290-",0.0012406947890818859,1,0.0008012820512820513
"T27291-",0.0012406947890818859,1,0.0008333333333333334
"T27292-",0.0012406947890818859,1,0.0009302325581395349
"A27293-",0.0012406947890818859,1,0.0009881422924901185
"C27294T",0.0012406947890818859,1,0.0004065040650406504
"C27297T",0.008684863523573201,7,0.002938706968933669
"T27299C",0.0012422360248447205,1,0.0010384215991692627
"A27300G",0.0012422360248447205,1,0.0011098779134295228
"C27335A",0.0024813895781637717,2,0.0023781212841854932
"T27346A",0.0012422360248447205,1,0.0012315270935960591
"A27354G",0.0012787723785166241,1,0.0009794319294809011
"G27382C",1,781,0.0011724314968242268
"A27383T",1,780,0.001179386144632054
"T27384C",0.9987179487179487,779,0.0011728642277916126
"C27416T",0.005141388174807198,4,0.0035971223021582736
"T27419C",0.002570694087403599,2,0.0023923444976076554
"A27421G",0.0012836970474967907,1,0.0009505703422053232
"T27432C",0.003861003861003861,3,0.0028222013170272815
"C27434T",0.001287001287001287,1,0.0004655493482309125
"C27453T",0.0038560411311053984,3,0.0032822757111597373
"G27459T",0.0012853470437017994,1,0.0009165902841429881
"C27476T",0.007702182284980745,6,0.0006675567423230974
"G27478T",0.0012836970474967907,1,0.001088139281828074
"T27484C",0.002570694087403599,2,0.0007044734061289186
"C27493T",0.002574002574002574,2,0.001343183344526528
"T27501C",0.002574002574002574,2,0.0011918951132300357
"A27507C",0.003870967741935484,3,0.0000388088277146775
"C27509T",0.003870967741935484,3,0.0009505703422053232
"T27511C",0.00646830530401035,5,0.005112474437627812
"C27513T",0.0012903225806451613,1,0.0000874355163067238
"G27516A",0.0012903225806451613,1,0.001053740779768177
"C27532A",0.0012919896640826874,1,0.0006978367062107466
"C27538T",0.00129366106080207,1,0.001098901098901099
"C27559A",0.0012690355329949238,1,0.001182033096926714
"T27569A",0.0025348542458808617,2,0.0023094688221709007
"C27575G",0.0012674271229404308,1,0.0007309941520467836
"C27575T",0.0038022813688212928,3,0.0024390243902439024
"C27584T",0.001282051282051282,1,0.0011494252873563218
"G27589A",0.001282051282051282,1,0.0011668611435239206
"T27594C",0.001282051282051282,1,0.001182033096926714
"T27597G",0.001282051282051282,1,0.001221001221001221
"A27599-",0.001282051282051282,1,0.0004899559039686428
"C27600-",0.001282051282051282,1,0.0004909180166912126
"C27600A",0.001282051282051282,1,0.0011123470522803114
"G27601-",0.001282051282051282,1,0.000481000481000481
"G27602-",0.001282051282051282,1,0.0004807692307692308
"C27603-",0.001282051282051282,1,0.00048146364949446316
"G27604-",0.0012836970474967907,1,0.0004805382027871216
"T27605-",0.001282051282051282,1,0.0004786979415988511
"A27606-",0.001282051282051282,1,0.00048355899419729207
"A27607-",0.001282051282051282,1,0.000493339911198816
"A27608-",0.001282051282051282,1,0.000499001996007984
"A27609-",0.0012836970474967907,1,0.0004997501249375312
"C27610-",0.0012836970474967907,1,0.0004995004995004995
"C27610T",0.0012836970474967907,1,0.0007267441860465116
"A27611-",0.0012836970474967907,1,0.0005037783375314861
"C27612-",0.0012836970474967907,1,0.0005037783375314861
"G27613-",0.0012836970474967907,1,0.0005037783375314861
"G27613T",0.0012836970474967907,1,0.001122334455667789
"T27614-",0.0012836970474967907,1,0.0005042864346949068
"C27615-",0.0012836970474967907,1,0.0005073566717402334
"T27616-",0.001282051282051282,1,0.0005030181086519115
"A27617-",0.001282051282051282,1,0.0005184033177812338
"T27618-",0.001282051282051282,1,0.0005159958720330237
"C27619-",0.001282051282051282,1,0.0005305039787798408
"A27620-",0.001282051282051282,1,0.0005356186395286556
"G27621-",0.001282051282051282,1,0.0005341880341880342
"T27622-",0.001282051282051282,1,0.0005558643690939411
"T27623-",0.001282051282051282,1,0.0005717552887364208
"A27624-",0.001282051282051282,1,0.0006476683937823834
"A27636G",0.001282051282051282,1,0.0011682242990654205
"G27637T",0.01797175866495507,14,0.014675052410901468
"C27644T",0.001272264631043257,1,0.0007102272727272727
"T27682C",0.001272264631043257,1,0.0010787486515641855
"G27703T",0.001277139208173691,1,0.0010449320794148381
"C27707T",0.001277139208173691,1,0.0007117437722419929
"G27708T",0.001277139208173691,1,0.0011173184357541898
"G27709T",0.001277139208173691,1,0.0011641443538998836
"C27741T",0.008917197452229299,7,0.0017482517482517483
"C27752T",0.0063532401524777635,5,0.0018261504747991235
"G27754C",0.003821656050955414,3,0.0011773940345368916
"C27765T",0.0025412960609911056,2,0.0014727540500736377
"A27774G",0.0025412960609911056,2,0.0023752969121140144
"T27786A",0.0012690355329949238,1,0.0012360939431396785
"T27792-",0.008883248730964468,7,0.0015073212747631353
"T27793-",0.008883248730964468,7,0.0018153526970954357
"T27794-",0.007585335018963337,6,0.004542013626040878
"T27794A",0.0025284450063211127,2,0.0016142050040355124
"T27795-",0.0012642225031605564,1,0.0007251631617113851
"T27796-",0.0012642225031605564,1,0.0006882312456985547
"A27797-",0.0012642225031605564,1,0.0006901311249137336
"G27798-",0.0012626262626262627,1,0.0008326394671107411
"C27799-",0.0012626262626262627,1,0.0008340283569641367
"C27800-",0.0012626262626262627,1,0.0008368200836820083
"T27801-",0.003787878787878788,3,0.0025619128949615714
"T27802-",0.003787878787878788,3,0.002770083102493075
"T27803-",0.0025252525252525255,2,0.002364066193853428
"C27804-",0.0025252525252525255,2,0.002171552660152009
"C27804T",0.0025252525252525255,2,0.0006629101756711965
"T27805-",0.0025252525252525255,2,0.002254791431792559
"G27806-",0.0025252525252525255,2,0.0022522522522522522
"C27807-",0.0025284450063211127,2,0.0021645021645021645
"C27807T",0.9974715549936789,789,0.00104430555665854
"T27808-",0.0025252525252525255,2,0.00234192037470726
"A27809-",0.0025252525252525255,2,0.002355712603062426
"T27810-",0.0025284450063211127,2,0.002366863905325444
"T27810C",0.9936788874841972,786,0.0028723345940908844
"T27811-",0.0025220680958385876,2,0.002380952380952381
"C27812-",0.0025220680958385876,2,0.002380952380952381
"C27813-",0.0025220680958385876,2,0.002386634844868735
"T27819-",0.017654476670870115,14,0.015765765765765764
"C27849T",0.0012626262626262627,1,0.0005991611743559018
"A27853T",0.0012642225031605564,1,0.0006635700066357001
"C27874T",0.0012468827930174563,1,0.0007513148009015778
"T27875C",0.0012468827930174563,1,0.001160092807424594
"A27880T",0.0024937655860349127,2,0.002244668911335578
"C27881G",0.0012468827930174563,1,0.0011363636363636363
"C27881T",0.006234413965087282,5,0.0022391401701746527
"G27882-",0.0012468827930174563,1,0.0005906674542232723
"G27882C",0.0012468827930174563,1,0.0008748906386701663
"C27883T",0.0024937655860349127,2,0.0009328358208955224
"C27942T",0.0013054830287206266,1,0.0005497526113249038
"C27944T",0.006510416666666667,5,0.0024390243902439024
"C27972A",0.0013003901170351106,1,0.0007818608287724785
"C27998T",0.0012987012987012987,1,0.000725689404934688
"C27999T",0.003896103896103896,3,0.001893939393939394
"G28001T",0.0013003901170351106,1,0.0006341154090044388
"A28008-",0.041666666666666664,32,0.03361344537815126
"T28009-",0.04296875,33,0.03466386554621849
"T28010-",0.04296875,33,0.03470031545741325
"C28011-",0.04302477183833116,33,0.03455497382198953
"T28026-",0.0013020833333333333,1,0.0010319917440660474
"G28027-",0.0013020833333333333,1,0.0010309278350515464
"G28027A",0.0013020833333333333,1,0.0010940919037199124
"G28028-",0.0012987012987012987,1,0.0009487666034155598
"T28029-",0.0012987012987012987,1,0.0009124087591240876
"A28030-",0.0012987012987012987,1,0.0009199632014719411
"T28031-",0.0012987012987012987,1,0.0010152284263959391
"A28032-",0.0012987012987012987,1,0.001001001001001001
"A28032G",0.0025974025974025974,2,0.0019138755980861245
"C28045T",0.01038961038961039,8,0.0033585222502099076
"T28053C",0.0012970168612191958,1,0.001037344398340249
"C28054T",0.011673151750972763,9,0.00472193074501574
"C28057T",0.0012970168612191958,1,0.00051440329218107
"G28077C",0.0012987012987012987,1,0.0008149959250203749
"G28079T",0.019455252918287938,15,0.0018050541516245488
"A28081G",0.0012970168612191958,1,0.000998003992015968
"G28085T",0.0012970168612191958,1,0.0007547169811320754
"G28086A",0.0012970168612191958,1,0.0009293680297397769
"C28087T",0.007782101167315175,6,0.0006583278472679394
"C28093T",0.0038910505836575876,3,0.0005255781359495446
"C28153T",0.0013003901170351106,1,0.00045495905368516835
"A28154T",0.0012987012987012987,1,0.0011947431302270011
"T28172C",0.0012674271229404308,1,0.001040582726326743
"G28188A",0.0012674271229404308,1,0.0011273957158962795
"C28201T",0.0012674271229404308,1,0.00020576131687242798
"G28223T",0.0012987012987012987,1,0.0011976047904191617
"A28254-",0.014248704663212436,11,0.0007968704723268617
"C28256T",0.00129366106080207,1,0.000724112961622013
"A28271T",1,774,0.0010202763446161309
"T28282C",0.0012903225806451613,1,0.00015830299192654741
"C28289A",0.001288659793814433,1,0.0008539709649871904
"C28289T",0.001288659793814433,1,0.0009174311926605505
"C28290T",0.002577319587628866,2,0.0013477088948787063
"C28291T",0.001288659793814433,1,0.0004470272686633885
"A28294T",0.001288659793814433,1,0.001226993865030675
"T28297C",1,773,0.003780487208454989
"C28311T",1,774,0.0010192659704755258
"C28312T",0.0025806451612903226,2,0.00002936814437379774
"T28318C",0.001288659793814433,1,0.001201923076923077
"G28328A",0.001288659793814433,1,0.0011210762331838565
"C28332T",0.001287001287001287,1,0.0009633911368015414
"A28342T",0.001288659793814433,1,0.0011876484560570072
"C28344T",0.005154639175257732,4,0.0018373909049150207
"G28350A",0.003865979381443299,3,0.0031088082901554403
"G28361-",0.0012919896640826874,1,0.0005549389567147614
"G28362-",1,759,0.0010392320362786456
"A28363-",1,759,0.001039446943012561
"G28364-",1,759,0.0010394839557911172
"A28365-",1,757,0.0010368172859492768
"A28366-",1,757,0.0010368187060173836
"C28367-",1,757,0.0010368229662450436
"G28368-",1,757,0.0010368542089843349
"C28369-",1,754,0.001033423152516262
"A28370-",0.998641304347826,735,0.0010246858675603972
"G28371A",0.0012919896640826874,1,0.0010090817356205853
"G28378A",0.0012919896640826874,1,0.0007974481658692185
"T28382C",0.0012903225806451613,1,0.0005162622612287042
"A28384T",0.0012903225806451613,1,0.0008857395925597874
"G28395A",0.0012903225806451613,1,0.0008532423208191126
"C28399T",0.0012903225806451613,1,0.0007127583749109052
"C28432T",0.00258732212160414,2,0.0001947230065232207
"A28461T",0.003875968992248062,3,0.003676470588235294
"A28467G",0.0012953367875647669,1,0.0011261261261261261
"C28473T",0.0025940337224383916,2,0.0015372790161414297
"G28487A",0.0012987012987012987,1,0.0008488964346349745
"A28492G",0.003896103896103896,3,0.0031023784901758012
"C28498T",0.0012376237623762376,1,0.0005370569280343716
"G28562A",0.0012578616352201257,1,0.0010548523206751054
"T28582C",0.0012578616352201257,1,0.0010214504596527069
"C28603T",0.0012578616352201257,1,0.0001841959845275373
"C28606T",0.0012578616352201257,1,0.0005589714924538849
"G28621A",0.0012594458438287153,1,0.0007220216606498195
"C28647T",0.0012578616352201257,1,0.0010604453870625664
"C28657T",0.006289308176100629,5,0.0006735821096591674
"C28660T",0.0025157232704402514,2,0.0021668472372697724
"C28674T",0.0025157232704402514,2,0.0008453085376162299
"T28678G",0.0012578616352201257,1,0.0011655011655011655
"G28681A",0.0025157232704402514,2,0.0011904761904761906
"T28693C",0.0012578616352201257,1,0.0004106776180698152
"G28703A",0.0012578616352201257,1,0.000970873786407767
"G28703C",0.0025157232704402514,2,0.001563721657544957
"C28708T",0.0012578616352201257,1,0.00047961630695443646
"C28724T",0.0012578616352201257,1,0.000576036866359447
"C28737T",0.0012610340479192938,1,0.0006600660066006601
"G28739T",0.0012578616352201257,1,0.001026694045174538
"A28741T",0.0012578616352201257,1,0.0010111223458038423
"C28748T",0.0012578616352201257,1,0.0006816632583503749
"C28754T",0.0012578616352201257,1,0.0004470272686633885
"T28759C",0.0012578616352201257,1,0.0010638297872340426
"C28770T",0.0037735849056603774,3,0.0014367816091954023
"T28772C",0.0025157232704402514,2,0.002285714285714286
"C28791T",0.0012594458438287153,1,0.0004332755632582322
"A28792T",0.01509433962264151,12,0.007067137809187279
"G28798T",0.0012578616352201257,1,0.0010893246187363835
"C28801T",0.0012578616352201257,1,0.0007955449482895784
"G28806A",0.0012578616352201257,1,0.0010845986984815619
"C28819T",0.0012578616352201257,1,0.0010787486515641855
"T28822G",0.005082592121982211,4,0.0008312551953449709
"G28845A",0.0012360939431396785,1,0.0011806375442739079
"C28849T",0.004956629491945477,4,0.0012706480304955528
"G28871A",0.0012642225031605564,1,0.0010141987829614604
"G28875A",0.0012642225031605564,1,0.000819000819000819
"A28877T",0.0076045627376425855,6,0.0006536659766859135
"G28878C",0.0076045627376425855,6,0.0006618133686300463
"G28881A",1,790,0.0010377886431767367
"G28882A",1,790,0.001048154054764059
"G28883C",1,790,0.0010468207127391454
"G28884T",0.0025284450063211127,2,0.0021008403361344537
"G28895-",0.0012626262626262627,1,0.001122334455667789
"C28896-",0.0012626262626262627,1,0.0010718113612004287
"C28896T",0.0012626262626262627,1,0.0006523157208088715
"T28897-",0.0012626262626262627,1,0.0010706638115631692
"A28898-",0.0012626262626262627,1,0.0011001100110011
"G28899-",0.0025252525252525255,2,0.0022371364653243847
"A28900-",0.0012626262626262627,1,0.0011185682326621924
"G28904T",0.0050568900126422255,4,0.0028797696184305254
"C28915T",0.0012626262626262627,1,0.0008865248226950354
"G28916A",0.0012626262626262627,1,0.0009191176470588235
"G28917A",0.0012626262626262627,1,0.0011947431302270011
"C28957T",0.0012610340479192938,1,0.0005834305717619603
"C28958A",0.9974683544303797,788,0.0028835105643337552
"G28985T",0.003787878787878788,3,0.002336448598130841
"C29003A",0.0012626262626262627,1,0.0011890606420927466
"T29038C",0.0012594458438287153,1,0.001088139281828074
"G29044A",0.0012610340479192938,1,0.0007668711656441718
"C29065T",0.0025220680958385876,2,0.0022222222222222222
"C29067T",0.0012610340479192938,1,0.0005834305717619603
"T29080C",0.0012594458438287153,1,0.0010080645161290322
"G29081T",0.006418485237483954,5,0.0008745845723281442
"C29095T",0.012610340479192938,10,0.0019481784531463083
"C29108A",0.0012594458438287153,1,0.0012048192771084338
"C29109A",0.0012594458438287153,1,0.0010235414534288639
"C29109T",0.0012594458438287153,1,0.0010559662090813093
"A29116T",0.0025252525252525255,2,0.0024009603841536613
"C29118T",0.0025252525252525255,2,0.0017376194613379669
"A29139C",0.016414141414141416,13,0.015587529976019185
"G29140A",0.0012626262626262627,1,0.0010893246187363835
"C29144T",0.0025284450063211127,2,0.0009341429238673517
"A29146T",0.0012626262626262627,1,0.001183431952662722
"C29153A",0.0012658227848101266,1,0.0010964912280701754
"T29164C",0.0012690355329949238,1,0.0001165093790050099
"C29167T",0.011421319796954314,9,0.004699738903394256
"C29171T",0.0025348542458808617,2,0.0006736274840013472
"G29179A",0.001272264631043257,1,0.0008038585209003215
"T29185C",0.0037220843672456576,3,0.0030991735537190084
"C29200T",0.009925558312655087,8,0.003631411711302769
"C29215T",0.0012578616352201257,1,0.0003891050583657588
"G29227T",0.00878293601003764,7,0.003869541182974019
"C29228T",0.0012547051442910915,1,0.0012315270935960591
"G29243A",0.0012531328320802004,1,0.0011961722488038277
"C29249T",0.0012531328320802004,1,0.0007716049382716049
"C29269T",0.006257822277847309,5,0.004897159647404506
"T29278C",0.0012515644555694619,1,0.001182033096926714
"C29280T",0.0012515644555694619,1,0.0010615711252653928
"C29284T",0.0037546933667083854,3,0.001261564339781329
"C29296T",0.0012515644555694619,1,0.0002671653753673524
"G29300C",0.0012515644555694619,1,0.0010905125408942203
"T29302C",0.0025031289111389237,2,0.002103049421661409
"C29311T",0.0012531328320802004,1,0.0002416626389560174
"G29315T",0.0012515644555694619,1,0.0011148272017837235
"T29326C",0.0025031289111389237,2,0.0024390243902439024
"A29334G",0.0012515644555694619,1,0.001199040767386091
"T29335C",0.0012515644555694619,1,0.0010775862068965517
"G29348T",0.0025031289111389237,2,0.0017316017316017316
"A29356T",0.0012515644555694619,1,0.0011961722488038277
"C29358A",0.0012515644555694619,1,0.0008650519031141869
"C29363T",0.0012515644555694619,1,0.0009930486593843098
"C29370T",0.0012531328320802004,1,0.0003834355828220859
"C29375T",0.0012531328320802004,1,0.000992063492063492
"G29395T",0.0012547051442910915,1,0.001002004008016032
"C29409T",0.9936224489795918,779,0.022334355916167323
"G29414T",0.0012531328320802004,1,0.0010660980810234541
"C29421T",0.0012547051442910915,1,0.0005934718100890207
"G29427T",0.0012547051442910915,1,0.0011210762331838565
"C29441-",0.0012547051442910915,1,0.0012300123001230013
"A29442-",0.0012547051442910915,1,0.0012300123001230013
"A29443-",0.0012547051442910915,1,0.0012300123001230013
"A29444-",0.0012547051442910915,1,0.0012300123001230013
"C29445-",0.0012547051442910915,1,0.0012300123001230013
"C29445T",0.0012547051442910915,1,0.0007987220447284345
"T29446-",0.0012547051442910915,1,0.0012300123001230013
"G29447-",0.0012547051442910915,1,0.001226993865030675
"T29448-",0.0012547051442910915,1,0.001226993865030675
"G29449-",0.0012547051442910915,1,0.001226993865030675
"C29466T",0.001256281407035176,1,0.0005012531328320802
"A29467G",0.001256281407035176,1,0.001075268817204301
"A29510C",1,806,0.0010602166209344112
"G29511A",0.0024783147459727386,2,0.001813236627379873
"T29515C",0.0012391573729863693,1,0.0010515247108307045
"C29518T",0.006195786864931847,5,0.003244646333549643
"C29523T",0.0012376237623762376,1,0.0008143322475570033
"C29530G",0.0012376237623762376,1,0.0011086474501108647
"C29530T",0.0012376237623762376,1,0.0005665722379603399
"C29541T",0.0012642225031605564,1,0.0003097893432465923
"C29545T",0.0012642225031605564,1,0.0006988120195667365
"C29555T",0.0025220680958385876,2,0.000643915003219575
"G29557T",0.0012594458438287153,1,0.001122334455667789
"C29585T",0.006297229219143577,5,0.0031113876789047915
"C29586T",0.0025188916876574307,2,0.001813236627379873
"A29596G",0.001256281407035176,1,0.0009727626459143969
"C29614T",0.0012578616352201257,1,0.00027247956403269756
"C29625T",0.0037735849056603774,3,0.00004408782294330306
"C29642T",0.0025157232704402514,2,0.000936768149882904
"G29651T",0.0025188916876574307,2,0.0024009603841536613
"C29666T",0.0012610340479192938,1,0.0002554278416347382
"C29668T",0.005076142131979695,4,0.0038948393378773127
"C29670T",0.0012690355329949238,1,0.0009107468123861566
"C29675T",0.0012690355329949238,1,0.0006191950464396285
"T29699C",0.0012642225031605564,1,0.0011976047904191617
"A29700G",0.006329113924050633,5,0.0007944073721004131
"G29705T",0.0012919896640826874,1,0.0010718113612004287
"C29719T",0.0012919896640826874,1,0.0009165902841429881
"T29728-",0.0038860103626943004,3,0.0012140833670578712
"T29729-",0.0038860103626943004,3,0.0011244377811094452
"C29730-",0.0038860103626943004,3,0.0011131725417439704
"C29730T",0.0012953367875647669,1,0.0009737098344693282
"A29731-",0.0038860103626943004,3,0.001104158998895841
"C29732-",0.0038860103626943004,3,0.0010699001426533524
"C29733-",0.010884353741496598,8,0.0017809439002671415
"G29734-",0.9637155297532656,664,0.0011763392817598318
"G29734T",0.010159651669085631,7,0.0016455101081335214
"A29735-",0.9693430656934306,664,0.0011766206886775067
"G29736-",0.9807976366322009,664,0.0011765769054255435
"G29737-",0.9880952380952381,664,0.0011765935843754043
"C29738-",0.9880952380952381,664,0.001176612348759241
"C29739-",0.9880952380952381,664,0.001176612348759241
"A29740-",0.991044776119403,664,0.0011766081788444432
"C29741-",0.991044776119403,664,0.0011766081788444432
"G29742-",0.992526158445441,664,0.001176581075118677
"C29743-",0.992526158445441,664,0.0011765977541867566
"G29744-",0.9940119760479041,664,0.001176599839103516
"G29745-",0.9955022488755623,664,0.0011766019240276643
"A29746-",0.9940119760479041,664,0.0011766040089592016
"G29747-",0.9940119760479041,664,0.0011766102637981476
"T29748-",0.9940119760479041,664,0.0011767312037570335
"A29749-",0.9940119760479041,664,0.0011767416307795913
"C29750-",0.9955089820359282,665,0.001178522186344738
"G29751-",0.9955089820359282,665,0.001178444913459613
"A29752-",0.9955089820359282,665,0.0011784553551492296
"T29753-",0.9955089820359282,665,0.0011785013007818868
"C29754-",0.9955089820359282,665,0.0011785033893048603
"G29755-",0.9955089820359282,665,0.0011784908582780564
"A29756-",0.9955089820359282,665,0.0011785952916447341
"G29757-",0.9955089820359282,665,0.0011786224473519101
"T29758-",0.9955022488755623,664,0.0011771713848073978
"G29759-",0.9791976225854383,659,0.0011721202570482846
"G29759A",0.0014858841010401188,1,0.0008920606601248885
"G29759C",0.010401188707280832,7,0.002705836876691148
"G29759T",0.004457652303120356,3,0.0014713094654242277
"T29760-",0.004207573632538569,3,0.0009953550099535502
"A29761-",0.004207573632538569,3,0.0010235414534288639
"C29762-",0.004213483146067416,3,0.0011086474501108647
"C29762T",0.011235955056179775,8,0.001105583195135434
"A29763-",0.004207573632538569,3,0.0011123470522803114
"G29764-",0.004207573632538569,3,0.0011160714285714285
"T29765-",0.004207573632538569,3,0.0011269722013523666
"G29766-",0.004207573632538569,3,0.0011682242990654205
"A29767-",0.004207573632538569,3,0.001244296972210701
"A29767G",0.001402524544179523,1,0.0011737089201877935
"A29768-",0.004207573632538569,3,0.0012505210504376823
"C29769-",0.005649717514124294,4,0.0016666666666666668
"C29769A",0.005649717514124294,4,0.004700352526439483
"C29769T",0.002824858757062147,2,0.0004975124378109452
"A29770-",0.005649717514124294,4,0.00117820324005891
"A29771-",0.002824858757062147,2,0.0006011421701232341
"T29772-",0.002824858757062147,2,0.0006317119393556538
"G29773-",0.002824858757062147,2,0.0006333122229259025
"C29774-",0.002824858757062147,2,0.0006377551020408163
"C29774A",0.0014124293785310734,1,0.001182033096926714
"C29774G",0.009887005649717515,7,0.008158508158508158
"C29774T",0.00423728813559322,3,0.0008603383997705764
"T29775-",0.0028208744710860366,2,0.0006406149903907751
"A29776-",0.0014084507042253522,1,0.0004995004995004995
"G29777C",0.0014084507042253522,1,0.001145475372279496
"G29779T",0.056338028169014086,40,0.010848928668294006
"G29781T",0.009859154929577466,7,0.0017721518987341772
"C29784T",0.002824858757062147,2,0.00010767160161507402
"C29802T",0.0014388489208633094,1,0.001076426264800861
"G29810T",0.0014388489208633094,1,0.00042589437819420784
"C29837T",0.0015082956259426848,1,0.0008613264427217916