period,aa_position,priest_score
Q4-2019,1,0.0
Q4-2019,2,0.0
Q4-2019,3,0.0
Q4-2019,4,0.0
Q4-2019,5,0.0
Q4-2019,6,0.0
Q4-2019,7,0.0
Q4-2019,8,0.0
Q4-2019,9,0.0
Q4-2019,10,0.0
Q4-2019,11,0.0
Q4-2019,12,0.0
Q4-2019,13,0.0
Q4-2019,14,0.0
Q4-2019,15,0.0
Q4-2019,16,0.0
Q4-2019,17,0.0
Q4-2019,18,0.0
Q4-2019,19,0.0
Q4-2019,20,0.0
Q4-2019,21,0.0
Q4-2019,22,0.0
Q4-2019,23,0.0
Q4-2019,24,0.0
Q4-2019,25,0.0
Q4-2019,26,0.0
Q4-2019,27,0.0
Q4-2019,28,0.0
Q4-2019,29,0.0
Q4-2019,30,0.0
Q4-2019,31,0.0
Q4-2019,32,0.5
Q4-2019,33,0.0
Q4-2019,34,0.0
Q4-2019,35,0.0
Q4-2019,36,0.0
Q4-2019,37,0.0
Q4-2019,38,0.0
Q4-2019,39,0.0
Q4-2019,40,0.0
Q4-2019,41,0.0
Q4-2019,42,0.0
Q4-2019,43,0.0
Q4-2019,44,0.0
Q4-2019,45,0.0
Q4-2019,46,0.0
Q4-2019,47,0.0
Q4-2019,48,0.0
Q4-2019,49,0.0
Q4-2019,50,0.0
Q4-2019,51,0.0
Q4-2019,52,0.0
Q4-2019,53,0.0
Q4-2019,54,0.0
Q4-2019,55,0.0
Q4-2019,56,0.0
Q4-2019,57,0.0
Q4-2019,58,0.0
Q4-2019,59,0.0
Q4-2019,60,0.0
Q4-2019,61,0.0
Q4-2019,62,0.0
Q4-2019,63,0.0
Q4-2019,64,0.0
Q4-2019,65,0.0
Q4-2019,66,0.0
Q4-2019,67,0.0
Q4-2019,68,0.0
Q4-2019,69,0.0
Q4-2019,70,0.0
Q4-2019,71,0.0
Q4-2019,72,0.0
Q4-2019,73,0.0
Q4-2019,74,0.0
Q4-2019,75,0.0
Q4-2019,76,0.0
Q4-2019,77,0.0
Q4-2019,78,0.0
Q4-2019,79,0.0
Q4-2019,80,0.0
Q4-2019,81,0.0
Q4-2019,82,0.0
Q4-2019,83,0.0
Q4-2019,84,0.0
Q4-2019,85,0.0
Q4-2019,86,0.0
Q4-2019,87,0.0
Q4-2019,88,0.0
Q4-2019,89,0.0
Q4-2019,90,0.0
Q4-2019,91,0.0
Q4-2019,92,0.0
Q4-2019,93,0.0
Q4-2019,94,0.0
Q4-2019,95,0.0
Q4-2019,96,0.0
Q4-2019,97,0.0
Q4-2019,98,0.0
Q4-2019,99,0.0
Q4-2019,100,0.0
Q4-2019,101,0.0
Q4-2019,102,0.0
Q4-2019,103,0.0
Q4-2019,104,0.0
Q4-2019,105,0.0
Q4-2019,106,0.0
Q4-2019,107,0.0
Q4-2019,108,0.0
Q4-2019,109,0.0
Q4-2019,110,0.0
Q4-2019,111,0.0
Q4-2019,112,0.0
Q4-2019,113,0.0
Q4-2019,114,0.0
Q4-2019,115,0.0
Q4-2019,116,0.0
Q4-2019,117,0.0
Q4-2019,118,0.0
Q4-2019,119,0.0
Q4-2019,120,0.0
Q4-2019,121,0.0
Q4-2019,122,0.0
Q4-2019,123,0.0
Q4-2019,124,0.0
Q4-2019,125,0.0
Q4-2019,126,0.0
Q4-2019,127,0.0
Q4-2019,128,0.0
Q4-2019,129,0.0
Q4-2019,130,0.0
Q4-2019,131,0.0
Q4-2019,132,0.0
Q4-2019,133,0.0
Q4-2019,134,0.0
Q4-2019,135,0.0
Q4-2019,136,0.0
Q4-2019,137,0.0
Q4-2019,138,0.0
Q4-2019,139,0.0
Q4-2019,140,0.0
Q4-2019,141,0.0
Q4-2019,142,0.0
Q4-2019,143,0.0
Q4-2019,144,0.0
Q4-2019,145,0.0
Q4-2019,146,0.0
Q4-2019,147,0.0
Q4-2019,148,0.0
Q4-2019,149,0.0
Q4-2019,150,0.0
Q4-2019,151,0.0
Q4-2019,152,0.0
Q4-2019,153,0.0
Q4-2019,154,0.0
Q4-2019,155,0.0
Q4-2019,156,0.0
Q4-2019,157,0.0
Q4-2019,158,0.0
Q4-2019,159,0.0
Q4-2019,160,0.0
Q4-2019,161,0.0
Q4-2019,162,0.0
Q4-2019,163,0.0
Q4-2019,164,0.0
Q4-2019,165,0.0
Q4-2019,166,0.0
Q4-2019,167,0.0
Q4-2019,168,0.0
Q4-2019,169,0.0
Q4-2019,170,0.0
Q4-2019,171,0.0
Q4-2019,172,0.0
Q4-2019,173,0.0
Q4-2019,174,0.0
Q4-2019,175,0.0
Q4-2019,176,0.0
Q4-2019,177,0.0
Q4-2019,178,0.0
Q4-2019,179,0.0
Q4-2019,180,0.0
Q4-2019,181,0.0
Q4-2019,182,0.0
Q4-2019,183,0.0
Q4-2019,184,0.0
Q4-2019,185,0.0
Q4-2019,186,0.0
Q4-2019,187,0.0
Q4-2019,188,0.0
Q4-2019,189,0.0
Q4-2019,190,0.0
Q4-2019,191,0.0
Q4-2019,192,0.0
Q4-2019,193,0.0
Q4-2019,194,0.0
Q4-2019,195,0.0
Q4-2019,196,0.0
Q4-2019,197,0.0
Q4-2019,198,0.0
Q4-2019,199,0.0
Q4-2019,200,0.0
Q4-2019,201,0.0
Q4-2019,202,0.0
Q4-2019,203,0.0
Q4-2019,204,0.0
Q4-2019,205,0.0
Q4-2019,206,0.0
Q4-2019,207,0.0
Q4-2019,208,0.0
Q4-2019,209,0.0
Q4-2019,210,0.0
Q4-2019,211,0.0
Q4-2019,212,0.0
Q4-2019,213,0.0
Q4-2019,214,0.0
Q4-2019,215,0.0
Q4-2019,216,0.0
Q4-2019,217,0.0
Q4-2019,218,0.0
Q4-2019,219,0.0
Q4-2019,220,0.0
Q4-2019,221,0.0
Q4-2019,222,0.0
Q4-2019,223,0.0
Q4-2019,224,0.0
Q4-2019,225,0.0
Q4-2019,226,0.0
Q4-2019,227,0.0
Q4-2019,228,0.0
Q4-2019,229,0.0
Q4-2019,230,0.0
Q4-2019,231,0.0
Q4-2019,232,0.0
Q4-2019,233,0.0
Q4-2019,234,0.0
Q4-2019,235,0.0
Q4-2019,236,0.0
Q4-2019,237,0.0
Q4-2019,238,0.0
Q4-2019,239,0.0
Q4-2019,240,0.0
Q4-2019,241,0.0
Q4-2019,242,0.0
Q4-2019,243,0.0
Q4-2019,244,0.0
Q4-2019,245,0.0
Q4-2019,246,0.0
Q4-2019,247,0.0
Q4-2019,248,0.0
Q4-2019,249,0.0
Q4-2019,250,0.0
Q4-2019,251,0.0
Q4-2019,252,0.0
Q4-2019,253,0.0
Q4-2019,254,0.0
Q4-2019,255,0.0
Q4-2019,256,0.0
Q4-2019,257,0.0
Q4-2019,258,0.0
Q4-2019,259,0.0
Q4-2019,260,0.0
Q4-2019,261,0.0
Q4-2019,262,0.0
Q4-2019,263,0.0
Q4-2019,264,0.0
Q4-2019,265,0.0
Q4-2019,266,0.0
Q4-2019,267,0.0
Q4-2019,268,0.0
Q4-2019,269,0.0
Q4-2019,270,0.0
Q4-2019,271,0.0
Q4-2019,272,0.0
Q4-2019,273,0.0
Q4-2019,274,0.0
Q4-2019,275,0.0
Q4-2019,276,0.0
Q4-2019,277,0.0
Q4-2019,278,0.0
Q4-2019,279,0.0
Q4-2019,280,0.0
Q4-2019,281,0.0
Q4-2019,282,0.0
Q4-2019,283,0.0
Q4-2019,284,0.0
Q4-2019,285,0.0
Q4-2019,286,0.0
Q4-2019,287,0.0
Q4-2019,288,0.0
Q4-2019,289,0.0
Q4-2019,290,0.0
Q4-2019,291,0.0
Q4-2019,292,0.0
Q4-2019,293,0.0
Q4-2019,294,0.0
Q4-2019,295,0.0
Q4-2019,296,0.0
Q4-2019,297,0.0
Q4-2019,298,0.0
Q4-2019,299,0.0
Q4-2019,300,0.0
Q4-2019,301,0.0
Q4-2019,302,0.0
Q4-2019,303,0.0
Q4-2019,304,0.0
Q4-2019,305,0.0
Q4-2019,306,0.0
Q4-2019,307,0.0
Q4-2019,308,0.0
Q4-2019,309,0.0
Q4-2019,310,0.0
Q4-2019,311,0.0
Q4-2019,312,0.0
Q4-2019,313,0.0
Q4-2019,314,0.0
Q4-2019,315,0.0
Q4-2019,316,0.0
Q4-2019,317,0.0
Q4-2019,318,0.0
Q4-2019,319,0.0
Q4-2019,320,0.0
Q4-2019,321,0.0
Q4-2019,322,0.0
Q4-2019,323,0.0
Q4-2019,324,0.0
Q4-2019,325,0.0
Q4-2019,326,0.0
Q4-2019,327,0.0
Q4-2019,328,0.0
Q4-2019,329,0.0
Q4-2019,330,0.0
Q4-2019,331,0.0
Q4-2019,332,0.0
Q4-2019,333,0.0
Q4-2019,334,0.0
Q4-2019,335,0.0
Q4-2019,336,0.0
Q4-2019,337,0.0
Q4-2019,338,0.0
Q4-2019,339,0.0
Q4-2019,340,0.0
Q4-2019,341,0.0
Q4-2019,342,0.0
Q4-2019,343,0.0
Q4-2019,344,0.0
Q4-2019,345,0.0
Q4-2019,346,0.0
Q4-2019,347,0.0
Q4-2019,348,0.0
Q4-2019,349,0.0
Q4-2019,350,0.0
Q4-2019,351,0.0
Q4-2019,352,0.0
Q4-2019,353,0.0
Q4-2019,354,0.0
Q4-2019,355,0.0
Q4-2019,356,0.0
Q4-2019,357,0.0
Q4-2019,358,0.0
Q4-2019,359,0.0
Q4-2019,360,0.0
Q4-2019,361,0.0
Q4-2019,362,0.0
Q4-2019,363,0.0
Q4-2019,364,0.0
Q4-2019,365,0.0
Q4-2019,366,0.0
Q4-2019,367,0.0
Q4-2019,368,0.0
Q4-2019,369,0.0
Q4-2019,370,0.0
Q4-2019,371,0.0
Q4-2019,372,0.0
Q4-2019,373,0.0
Q4-2019,374,0.0
Q4-2019,375,0.0
Q4-2019,376,0.0
Q4-2019,377,0.0
Q4-2019,378,0.0
Q4-2019,379,0.0
Q4-2019,380,0.0
Q4-2019,381,0.0
Q4-2019,382,0.0
Q4-2019,383,0.0
Q4-2019,384,0.0
Q4-2019,385,0.0
Q4-2019,386,0.0
Q4-2019,387,0.0
Q4-2019,388,0.0
Q4-2019,389,0.0
Q4-2019,390,0.0
Q4-2019,391,0.0
Q4-2019,392,0.0
Q4-2019,393,0.0
Q4-2019,394,0.0
Q4-2019,395,0.0
Q4-2019,396,0.0
Q4-2019,397,0.0
Q4-2019,398,0.0
Q4-2019,399,0.0
Q4-2019,400,0.0
Q4-2019,401,0.0
Q4-2019,402,0.0
Q4-2019,403,0.0
Q4-2019,404,0.0
Q4-2019,405,0.0
Q4-2019,406,0.0
Q4-2019,407,0.0
Q4-2019,408,0.0
Q4-2019,409,0.0
Q4-2019,410,0.0
Q4-2019,411,0.0
Q4-2019,412,0.0
Q4-2019,413,0.0
Q4-2019,414,0.0
Q4-2019,415,0.0
Q4-2019,416,0.0
Q4-2019,417,0.0
Q4-2019,418,0.0
Q4-2019,419,0.0
Q4-2019,420,0.0
Q4-2019,421,0.0
Q4-2019,422,0.0
Q4-2019,423,0.0
Q4-2019,424,0.0
Q4-2019,425,0.0
Q4-2019,426,0.0
Q4-2019,427,0.0
Q4-2019,428,0.0
Q4-2019,429,0.0
Q4-2019,430,0.0
Q4-2019,431,0.0
Q4-2019,432,0.0
Q4-2019,433,0.0
Q4-2019,434,0.0
Q4-2019,435,0.0
Q4-2019,436,0.0
Q4-2019,437,0.0
Q4-2019,438,0.0
Q4-2019,439,0.0
Q4-2019,440,0.0
Q4-2019,441,0.0
Q4-2019,442,0.0
Q4-2019,443,0.0
Q4-2019,444,0.0
Q4-2019,445,0.0
Q4-2019,446,0.0
Q4-2019,447,0.0
Q4-2019,448,0.0
Q4-2019,449,0.0
Q4-2019,450,0.0
Q4-2019,451,0.0
Q4-2019,452,0.0
Q4-2019,453,0.0
Q4-2019,454,0.0
Q4-2019,455,0.0
Q4-2019,456,0.0
Q4-2019,457,0.0
Q4-2019,458,0.0
Q4-2019,459,0.0
Q4-2019,460,0.0
Q4-2019,461,0.0
Q4-2019,462,0.0
Q4-2019,463,0.0
Q4-2019,464,0.0
Q4-2019,465,0.0
Q4-2019,466,0.0
Q4-2019,467,0.0
Q4-2019,468,0.0
Q4-2019,469,0.0
Q4-2019,470,0.0
Q4-2019,471,0.0
Q4-2019,472,0.0
Q4-2019,473,0.0
Q4-2019,474,0.0
Q4-2019,475,0.0
Q4-2019,476,0.0
Q4-2019,477,0.0
Q4-2019,478,0.0
Q4-2019,479,0.0
Q4-2019,480,0.0
Q4-2019,481,0.0
Q4-2019,482,0.0
Q4-2019,483,0.0
Q4-2019,484,0.0
Q4-2019,485,0.0
Q4-2019,486,0.0
Q4-2019,487,0.0
Q4-2019,488,0.0
Q4-2019,489,0.0
Q4-2019,490,0.0
Q4-2019,491,0.0
Q4-2019,492,0.0
Q4-2019,493,0.0
Q4-2019,494,0.0
Q4-2019,495,0.0
Q4-2019,496,0.0
Q4-2019,497,0.0
Q4-2019,498,0.0
Q4-2019,499,0.0
Q4-2019,500,0.0
Q4-2019,501,0.0
Q4-2019,502,0.0
Q4-2019,503,0.0
Q4-2019,504,0.0
Q4-2019,505,0.0
Q4-2019,506,0.0
Q4-2019,507,0.0
Q4-2019,508,0.0
Q4-2019,509,0.0
Q4-2019,510,0.0
Q4-2019,511,0.0
Q4-2019,512,0.0
Q4-2019,513,0.0
Q4-2019,514,0.0
Q4-2019,515,0.0
Q4-2019,516,0.0
Q4-2019,517,0.0
Q4-2019,518,0.0
Q4-2019,519,0.0
Q4-2019,520,0.0
Q4-2019,521,0.0
Q4-2019,522,0.0
Q4-2019,523,0.0
Q4-2019,524,0.0
Q4-2019,525,0.0
Q4-2019,526,0.0
Q4-2019,527,0.0
Q4-2019,528,0.0
Q4-2019,529,0.0
Q4-2019,530,0.0
Q4-2019,531,0.0
Q4-2019,532,0.0
Q4-2019,533,0.0
Q4-2019,534,0.0
Q4-2019,535,0.0
Q4-2019,536,0.0
Q4-2019,537,0.0
Q4-2019,538,0.0
Q4-2019,539,0.0
Q4-2019,540,0.0
Q4-2019,541,0.0
Q4-2019,542,0.0
Q4-2019,543,0.0
Q4-2019,544,0.0
Q4-2019,545,0.0
Q4-2019,546,0.0
Q4-2019,547,0.0
Q4-2019,548,0.0
Q4-2019,549,0.0
Q4-2019,550,0.0
Q4-2019,551,0.0
Q4-2019,552,0.0
Q4-2019,553,0.0
Q4-2019,554,0.0
Q4-2019,555,0.0
Q4-2019,556,0.0
Q4-2019,557,0.0
Q4-2019,558,0.0
Q4-2019,559,0.0
Q4-2019,560,0.0
Q4-2019,561,0.0
Q4-2019,562,0.0
Q4-2019,563,0.0
Q4-2019,564,0.0
Q4-2019,565,0.0
Q4-2019,566,0.0
Q4-2019,567,0.0
Q4-2019,568,0.0
Q4-2019,569,0.0
Q4-2019,570,0.0
Q4-2019,571,0.0
Q4-2019,572,0.0
Q4-2019,573,0.0
Q4-2019,574,0.0
Q4-2019,575,0.0
Q4-2019,576,0.0
Q4-2019,577,0.0
Q4-2019,578,0.0
Q4-2019,579,0.0
Q4-2019,580,0.0
Q4-2019,581,0.0
Q4-2019,582,0.0
Q4-2019,583,0.0
Q4-2019,584,0.0
Q4-2019,585,0.0
Q4-2019,586,0.0
Q4-2019,587,0.0
Q4-2019,588,0.0
Q4-2019,589,0.0
Q4-2019,590,0.0
Q4-2019,591,0.0
Q4-2019,592,0.0
Q4-2019,593,0.0
Q4-2019,594,0.0
Q4-2019,595,0.0
Q4-2019,596,0.0
Q4-2019,597,0.0
Q4-2019,598,0.0
Q4-2019,599,0.0
Q4-2019,600,0.0
Q4-2019,601,0.0
Q4-2019,602,0.0
Q4-2019,603,0.0
Q4-2019,604,0.0
Q4-2019,605,0.0
Q4-2019,606,0.0
Q4-2019,607,0.0
Q4-2019,608,0.0
Q4-2019,609,0.0
Q4-2019,610,0.0
Q4-2019,611,0.0
Q4-2019,612,0.0
Q4-2019,613,0.0
Q4-2019,614,0.0
Q4-2019,615,0.0
Q4-2019,616,0.0
Q4-2019,617,0.0
Q4-2019,618,0.0
Q4-2019,619,0.0
Q4-2019,620,0.0
Q4-2019,621,0.0
Q4-2019,622,0.0
Q4-2019,623,0.0
Q4-2019,624,0.0
Q4-2019,625,0.0
Q4-2019,626,0.0
Q4-2019,627,0.0
Q4-2019,628,0.0
Q4-2019,629,0.0
Q4-2019,630,0.0
Q4-2019,631,0.0
Q4-2019,632,0.0
Q4-2019,633,0.0
Q4-2019,634,0.0
Q4-2019,635,0.0
Q4-2019,636,0.0
Q4-2019,637,0.0
Q4-2019,638,0.0
Q4-2019,639,0.0
Q4-2019,640,0.0
Q4-2019,641,0.0
Q4-2019,642,0.0
Q4-2019,643,0.0
Q4-2019,644,0.0
Q4-2019,645,0.0
Q4-2019,646,0.0
Q4-2019,647,0.0
Q4-2019,648,0.0
Q4-2019,649,0.0
Q4-2019,650,0.0
Q4-2019,651,0.0
Q4-2019,652,0.0
Q4-2019,653,0.0
Q4-2019,654,0.0
Q4-2019,655,0.0
Q4-2019,656,0.0
Q4-2019,657,0.0
Q4-2019,658,0.0
Q4-2019,659,0.0
Q4-2019,660,0.0
Q4-2019,661,0.0
Q4-2019,662,0.0
Q4-2019,663,0.0
Q4-2019,664,0.0
Q4-2019,665,0.0
Q4-2019,666,0.0
Q4-2019,667,0.0
Q4-2019,668,0.0
Q4-2019,669,0.0
Q4-2019,670,0.0
Q4-2019,671,0.0
Q4-2019,672,0.0
Q4-2019,673,0.0
Q4-2019,674,0.0
Q4-2019,675,0.0
Q4-2019,676,0.0
Q4-2019,677,0.0
Q4-2019,678,0.0
Q4-2019,679,0.0
Q4-2019,680,0.0
Q4-2019,681,0.0
Q4-2019,682,0.0
Q4-2019,683,0.0
Q4-2019,684,0.0
Q4-2019,685,0.0
Q4-2019,686,0.0
Q4-2019,687,0.0
Q4-2019,688,0.0
Q4-2019,689,0.0
Q4-2019,690,0.0
Q4-2019,691,0.0
Q4-2019,692,0.0
Q4-2019,693,0.0
Q4-2019,694,0.0
Q4-2019,695,0.0
Q4-2019,696,0.0
Q4-2019,697,0.0
Q4-2019,698,0.0
Q4-2019,699,0.0
Q4-2019,700,0.0
Q4-2019,701,0.0
Q4-2019,702,0.0
Q4-2019,703,0.0
Q4-2019,704,0.0
Q4-2019,705,0.0
Q4-2019,706,0.0
Q4-2019,707,0.0
Q4-2019,708,0.0
Q4-2019,709,0.0
Q4-2019,710,0.0
Q4-2019,711,0.0
Q4-2019,712,0.0
Q4-2019,713,0.0
Q4-2019,714,0.0
Q4-2019,715,0.0
Q4-2019,716,0.0
Q4-2019,717,0.0
Q4-2019,718,0.0
Q4-2019,719,0.0
Q4-2019,720,0.0
Q4-2019,721,0.0
Q4-2019,722,0.0
Q4-2019,723,0.25
Q4-2019,724,0.0
Q4-2019,725,0.0
Q4-2019,726,0.0
Q4-2019,727,0.0
Q4-2019,728,0.0
Q4-2019,729,0.0
Q4-2019,730,0.0
Q4-2019,731,0.0
Q4-2019,732,0.0
Q4-2019,733,0.0
Q4-2019,734,0.0
Q4-2019,735,0.0
Q4-2019,736,0.0
Q4-2019,737,0.0
Q4-2019,738,0.0
Q4-2019,739,0.0
Q4-2019,740,0.0
Q4-2019,741,0.0
Q4-2019,742,0.0
Q4-2019,743,0.0
Q4-2019,744,0.0
Q4-2019,745,0.0
Q4-2019,746,0.0
Q4-2019,747,0.0
Q4-2019,748,0.0
Q4-2019,749,0.0
Q4-2019,750,0.0
Q4-2019,751,0.0
Q4-2019,752,0.0
Q4-2019,753,0.0
Q4-2019,754,0.0
Q4-2019,755,0.0
Q4-2019,756,0.0
Q4-2019,757,0.0
Q4-2019,758,0.0
Q4-2019,759,0.0
Q4-2019,760,0.0
Q4-2019,761,0.0
Q4-2019,762,0.0
Q4-2019,763,0.0
Q4-2019,764,0.0
Q4-2019,765,0.0
Q4-2019,766,0.0
Q4-2019,767,0.0
Q4-2019,768,0.0
Q4-2019,769,0.0
Q4-2019,770,0.0
Q4-2019,771,0.0
Q4-2019,772,0.0
Q4-2019,773,0.0
Q4-2019,774,0.0
Q4-2019,775,0.0
Q4-2019,776,0.0
Q4-2019,777,0.0
Q4-2019,778,0.0
Q4-2019,779,0.0
Q4-2019,780,0.0
Q4-2019,781,0.0
Q4-2019,782,0.0
Q4-2019,783,0.0
Q4-2019,784,0.0
Q4-2019,785,0.0
Q4-2019,786,0.0
Q4-2019,787,0.0
Q4-2019,788,0.0
Q4-2019,789,0.0
Q4-2019,790,0.0
Q4-2019,791,0.0
Q4-2019,792,0.0
Q4-2019,793,0.0
Q4-2019,794,0.0
Q4-2019,795,0.0
Q4-2019,796,0.0
Q4-2019,797,0.0
Q4-2019,798,0.0
Q4-2019,799,0.0
Q4-2019,800,0.0
Q4-2019,801,0.0
Q4-2019,802,0.0
Q4-2019,803,0.0
Q4-2019,804,0.0
Q4-2019,805,0.0
Q4-2019,806,0.0
Q4-2019,807,0.0
Q4-2019,808,0.0
Q4-2019,809,0.0
Q4-2019,810,0.0
Q4-2019,811,0.0
Q4-2019,812,0.0
Q4-2019,813,0.0
Q4-2019,814,0.0
Q4-2019,815,0.0
Q4-2019,816,0.0
Q4-2019,817,0.0
Q4-2019,818,0.0
Q4-2019,819,0.0
Q4-2019,820,0.0
Q4-2019,821,0.0
Q4-2019,822,0.0
Q4-2019,823,0.0
Q4-2019,824,0.0
Q4-2019,825,0.0
Q4-2019,826,0.0
Q4-2019,827,0.0
Q4-2019,828,0.0
Q4-2019,829,0.0
Q4-2019,830,0.0
Q4-2019,831,0.0
Q4-2019,832,0.0
Q4-2019,833,0.0
Q4-2019,834,0.0
Q4-2019,835,0.0
Q4-2019,836,0.0
Q4-2019,837,0.0
Q4-2019,838,0.0
Q4-2019,839,0.0
Q4-2019,840,0.0
Q4-2019,841,0.0
Q4-2019,842,0.0
Q4-2019,843,0.0
Q4-2019,844,0.0
Q4-2019,845,0.0
Q4-2019,846,0.0
Q4-2019,847,0.0
Q4-2019,848,0.0
Q4-2019,849,0.0
Q4-2019,850,0.0
Q4-2019,851,0.0
Q4-2019,852,0.0
Q4-2019,853,0.0
Q4-2019,854,0.0
Q4-2019,855,0.0
Q4-2019,856,0.0
Q4-2019,857,0.0
Q4-2019,858,0.0
Q4-2019,859,0.0
Q4-2019,860,0.0
Q4-2019,861,0.0
Q4-2019,862,0.0
Q4-2019,863,0.0
Q4-2019,864,0.0
Q4-2019,865,0.0
Q4-2019,866,0.0
Q4-2019,867,0.0
Q4-2019,868,0.0
Q4-2019,869,0.0
Q4-2019,870,0.0
Q4-2019,871,0.0
Q4-2019,872,0.0
Q4-2019,873,0.0
Q4-2019,874,0.0
Q4-2019,875,0.0
Q4-2019,876,0.0
Q4-2019,877,0.0
Q4-2019,878,0.0
Q4-2019,879,0.0
Q4-2019,880,0.0
Q4-2019,881,0.0
Q4-2019,882,0.0
Q4-2019,883,0.0
Q4-2019,884,0.0
Q4-2019,885,0.0
Q4-2019,886,0.0
Q4-2019,887,0.0
Q4-2019,888,0.0
Q4-2019,889,0.0
Q4-2019,890,0.0
Q4-2019,891,0.0
Q4-2019,892,0.0
Q4-2019,893,0.0
Q4-2019,894,0.0
Q4-2019,895,0.0
Q4-2019,896,0.0
Q4-2019,897,0.0
Q4-2019,898,0.0
Q4-2019,899,0.0
Q4-2019,900,0.0
Q4-2019,901,0.0
Q4-2019,902,0.0
Q4-2019,903,0.0
Q4-2019,904,0.0
Q4-2019,905,0.0
Q4-2019,906,0.0
Q4-2019,907,0.0
Q4-2019,908,0.0
Q4-2019,909,0.0
Q4-2019,910,0.0
Q4-2019,911,0.0
Q4-2019,912,0.0
Q4-2019,913,0.0
Q4-2019,914,0.0
Q4-2019,915,0.0
Q4-2019,916,0.0
Q4-2019,917,0.0
Q4-2019,918,0.0
Q4-2019,919,0.0
Q4-2019,920,0.0
Q4-2019,921,0.0
Q4-2019,922,0.0
Q4-2019,923,0.0
Q4-2019,924,0.0
Q4-2019,925,0.0
Q4-2019,926,0.0
Q4-2019,927,0.0
Q4-2019,928,0.0
Q4-2019,929,0.0
Q4-2019,930,0.0
Q4-2019,931,0.0
Q4-2019,932,0.0
Q4-2019,933,0.0
Q4-2019,934,0.0
Q4-2019,935,0.0
Q4-2019,936,0.0
Q4-2019,937,0.0
Q4-2019,938,0.0
Q4-2019,939,0.0
Q4-2019,940,0.0
Q4-2019,941,0.0
Q4-2019,942,0.0
Q4-2019,943,0.0
Q4-2019,944,0.0
Q4-2019,945,0.0
Q4-2019,946,0.0
Q4-2019,947,0.0
Q4-2019,948,0.0
Q4-2019,949,0.0
Q4-2019,950,0.0
Q4-2019,951,0.0
Q4-2019,952,0.0
Q4-2019,953,0.0
Q4-2019,954,0.0
Q4-2019,955,0.0
Q4-2019,956,0.0
Q4-2019,957,0.0
Q4-2019,958,0.0
Q4-2019,959,0.0
Q4-2019,960,0.0
Q4-2019,961,0.0
Q4-2019,962,0.0
Q4-2019,963,0.0
Q4-2019,964,0.0
Q4-2019,965,0.0
Q4-2019,966,0.0
Q4-2019,967,0.0
Q4-2019,968,0.0
Q4-2019,969,0.0
Q4-2019,970,0.0
Q4-2019,971,0.0
Q4-2019,972,0.0
Q4-2019,973,0.0
Q4-2019,974,0.0
Q4-2019,975,0.0
Q4-2019,976,0.0
Q4-2019,977,0.0
Q4-2019,978,0.0
Q4-2019,979,0.0
Q4-2019,980,0.0
Q4-2019,981,0.0
Q4-2019,982,0.0
Q4-2019,983,0.0
Q4-2019,984,0.0
Q4-2019,985,0.0
Q4-2019,986,0.0
Q4-2019,987,0.0
Q4-2019,988,0.0
Q4-2019,989,0.0
Q4-2019,990,0.0
Q4-2019,991,0.0
Q4-2019,992,0.0
Q4-2019,993,0.0
Q4-2019,994,0.0
Q4-2019,995,0.0
Q4-2019,996,0.0
Q4-2019,997,0.0
Q4-2019,998,0.0
Q4-2019,999,0.0
Q4-2019,1000,0.0
Q4-2019,1001,0.0
Q4-2019,1002,0.0
Q4-2019,1003,0.0
Q4-2019,1004,0.0
Q4-2019,1005,0.0
Q4-2019,1006,0.0
Q4-2019,1007,0.0
Q4-2019,1008,0.0
Q4-2019,1009,0.0
Q4-2019,1010,0.0
Q4-2019,1011,0.0
Q4-2019,1012,0.0
Q4-2019,1013,0.0
Q4-2019,1014,0.0
Q4-2019,1015,0.0
Q4-2019,1016,0.0
Q4-2019,1017,0.0
Q4-2019,1018,0.0
Q4-2019,1019,0.0
Q4-2019,1020,0.0
Q4-2019,1021,0.0
Q4-2019,1022,0.0
Q4-2019,1023,0.0
Q4-2019,1024,0.0
Q4-2019,1025,0.0
Q4-2019,1026,0.0
Q4-2019,1027,0.0
Q4-2019,1028,0.0
Q4-2019,1029,0.0
Q4-2019,1030,0.0
Q4-2019,1031,0.0
Q4-2019,1032,0.0
Q4-2019,1033,0.0
Q4-2019,1034,0.0
Q4-2019,1035,0.0
Q4-2019,1036,0.0
Q4-2019,1037,0.0
Q4-2019,1038,0.0
Q4-2019,1039,0.0
Q4-2019,1040,0.0
Q4-2019,1041,0.0
Q4-2019,1042,0.0
Q4-2019,1043,0.0
Q4-2019,1044,0.0
Q4-2019,1045,0.0
Q4-2019,1046,0.0
Q4-2019,1047,0.0
Q4-2019,1048,0.0
Q4-2019,1049,0.0
Q4-2019,1050,0.0
Q4-2019,1051,0.0
Q4-2019,1052,0.0
Q4-2019,1053,0.0
Q4-2019,1054,0.0
Q4-2019,1055,0.0
Q4-2019,1056,0.0
Q4-2019,1057,0.0
Q4-2019,1058,0.0
Q4-2019,1059,0.0
Q4-2019,1060,0.0
Q4-2019,1061,0.0
Q4-2019,1062,0.0
Q4-2019,1063,0.0
Q4-2019,1064,0.0
Q4-2019,1065,0.0
Q4-2019,1066,0.0
Q4-2019,1067,0.0
Q4-2019,1068,0.0
Q4-2019,1069,0.0
Q4-2019,1070,0.0
Q4-2019,1071,0.0
Q4-2019,1072,0.0
Q4-2019,1073,0.0
Q4-2019,1074,0.0
Q4-2019,1075,0.0
Q4-2019,1076,0.0
Q4-2019,1077,0.0
Q4-2019,1078,0.0
Q4-2019,1079,0.0
Q4-2019,1080,0.0
Q4-2019,1081,0.0
Q4-2019,1082,0.0
Q4-2019,1083,0.0
Q4-2019,1084,0.0
Q4-2019,1085,0.0
Q4-2019,1086,0.0
Q4-2019,1087,0.0
Q4-2019,1088,0.0
Q4-2019,1089,0.0
Q4-2019,1090,0.0
Q4-2019,1091,0.0
Q4-2019,1092,0.0
Q4-2019,1093,0.0
Q4-2019,1094,0.0
Q4-2019,1095,0.0
Q4-2019,1096,0.0
Q4-2019,1097,0.0
Q4-2019,1098,0.0
Q4-2019,1099,0.0
Q4-2019,1100,0.0
Q4-2019,1101,0.0
Q4-2019,1102,0.0
Q4-2019,1103,0.0
Q4-2019,1104,0.0
Q4-2019,1105,0.0
Q4-2019,1106,0.0
Q4-2019,1107,0.0
Q4-2019,1108,0.0
Q4-2019,1109,0.0
Q4-2019,1110,0.0
Q4-2019,1111,0.0
Q4-2019,1112,0.0
Q4-2019,1113,0.0
Q4-2019,1114,0.0
Q4-2019,1115,0.0
Q4-2019,1116,0.0
Q4-2019,1117,0.0
Q4-2019,1118,0.0
Q4-2019,1119,0.0
Q4-2019,1120,0.0
Q4-2019,1121,0.0
Q4-2019,1122,0.0
Q4-2019,1123,0.0
Q4-2019,1124,0.0
Q4-2019,1125,0.0
Q4-2019,1126,0.0
Q4-2019,1127,0.0
Q4-2019,1128,0.0
Q4-2019,1129,0.0
Q4-2019,1130,0.0
Q4-2019,1131,0.0
Q4-2019,1132,0.0
Q4-2019,1133,0.0
Q4-2019,1134,0.0
Q4-2019,1135,0.0
Q4-2019,1136,0.0
Q4-2019,1137,0.0
Q4-2019,1138,0.0
Q4-2019,1139,0.0
Q4-2019,1140,0.0
Q4-2019,1141,0.0
Q4-2019,1142,0.0
Q4-2019,1143,0.0
Q4-2019,1144,0.0
Q4-2019,1145,0.0
Q4-2019,1146,0.0
Q4-2019,1147,0.0
Q4-2019,1148,0.0
Q4-2019,1149,0.0
Q4-2019,1150,0.0
Q4-2019,1151,0.0
Q4-2019,1152,0.0
Q4-2019,1153,0.0
Q4-2019,1154,0.0
Q4-2019,1155,0.0
Q4-2019,1156,0.0
Q4-2019,1157,0.0
Q4-2019,1158,0.0
Q4-2019,1159,0.0
Q4-2019,1160,0.0
Q4-2019,1161,0.0
Q4-2019,1162,0.0
Q4-2019,1163,0.0
Q4-2019,1164,0.0
Q4-2019,1165,0.0
Q4-2019,1166,0.0
Q4-2019,1167,0.0
Q4-2019,1168,0.0
Q4-2019,1169,0.0
Q4-2019,1170,0.0
Q4-2019,1171,0.0
Q4-2019,1172,0.0
Q4-2019,1173,0.0
Q4-2019,1174,0.0
Q4-2019,1175,0.0
Q4-2019,1176,0.0
Q4-2019,1177,0.0
Q4-2019,1178,0.0
Q4-2019,1179,0.0
Q4-2019,1180,0.0
Q4-2019,1181,0.0
Q4-2019,1182,0.0
Q4-2019,1183,0.0
Q4-2019,1184,0.0
Q4-2019,1185,0.0
Q4-2019,1186,0.0
Q4-2019,1187,0.0
Q4-2019,1188,0.0
Q4-2019,1189,0.0
Q4-2019,1190,0.0
Q4-2019,1191,0.0
Q4-2019,1192,0.0
Q4-2019,1193,0.0
Q4-2019,1194,0.0
Q4-2019,1195,0.0
Q4-2019,1196,0.0
Q4-2019,1197,0.0
Q4-2019,1198,0.0
Q4-2019,1199,0.0
Q4-2019,1200,0.0
Q4-2019,1201,0.0
Q4-2019,1202,0.0
Q4-2019,1203,0.0
Q4-2019,1204,0.0
Q4-2019,1205,0.0
Q4-2019,1206,0.0
Q4-2019,1207,0.0
Q4-2019,1208,0.0
Q4-2019,1209,0.0
Q4-2019,1210,0.0
Q4-2019,1211,0.0
Q4-2019,1212,0.0
Q4-2019,1213,0.0
Q4-2019,1214,0.0
Q4-2019,1215,0.0
Q4-2019,1216,0.0
Q4-2019,1217,0.0
Q4-2019,1218,0.0
Q4-2019,1219,0.0
Q4-2019,1220,0.0
Q4-2019,1221,0.0
Q4-2019,1222,0.0
Q4-2019,1223,0.0
Q4-2019,1224,0.0
Q4-2019,1225,0.0
Q4-2019,1226,0.0
Q4-2019,1227,0.0
Q4-2019,1228,0.0
Q4-2019,1229,0.0
Q4-2019,1230,0.0
Q4-2019,1231,0.0
Q4-2019,1232,0.0
Q4-2019,1233,0.0
Q4-2019,1234,0.0
Q4-2019,1235,0.0
Q4-2019,1236,0.0
Q4-2019,1237,0.0
Q4-2019,1238,0.0
Q4-2019,1239,0.0
Q4-2019,1240,0.0
Q4-2019,1241,0.0
Q4-2019,1242,0.0
Q4-2019,1243,0.0
Q4-2019,1244,0.0
Q4-2019,1245,0.0
Q4-2019,1246,0.0
Q4-2019,1247,0.0
Q4-2019,1248,0.0
Q4-2019,1249,0.0
Q4-2019,1250,0.0
Q4-2019,1251,0.0
Q4-2019,1252,0.0
Q4-2019,1253,0.0
Q4-2019,1254,0.0
Q4-2019,1255,0.0
Q4-2019,1256,0.0
Q4-2019,1257,0.0
Q4-2019,1258,0.0
Q4-2019,1259,0.0
Q4-2019,1260,0.0
Q4-2019,1261,0.0
Q4-2019,1262,0.0
Q4-2019,1263,0.0
Q4-2019,1264,0.0
Q4-2019,1265,0.0
Q4-2019,1266,0.0
Q4-2019,1267,0.0
Q4-2019,1268,0.0
Q4-2019,1269,0.0
Q4-2019,1270,0.0
Q4-2019,1271,0.0
Q4-2019,1272,0.0
Q4-2019,1273,0.0
Q1-2020,1,0.0
Q1-2020,2,0.0
Q1-2020,3,0.000149
Q1-2020,4,0.0
Q1-2020,5,0.007322
Q1-2020,6,0.000298
Q1-2020,7,0.0
Q1-2020,8,0.000891
Q1-2020,9,0.00119
Q1-2020,10,0.000298
Q1-2020,11,0.0
Q1-2020,12,0.001473
Q1-2020,13,0.000295
Q1-2020,14,0.001037
Q1-2020,15,0.0
Q1-2020,16,0.000296
Q1-2020,17,0.000148
Q1-2020,18,0.00267
Q1-2020,19,0.000891
Q1-2020,20,0.000743
Q1-2020,21,0.002376
Q1-2020,22,0.00104
Q1-2020,23,0.000148
Q1-2020,24,0.000148
Q1-2020,25,0.000297
Q1-2020,26,0.000893
Q1-2020,27,0.002525
Q1-2020,28,0.000297
Q1-2020,29,0.001343
Q1-2020,30,0.0003
Q1-2020,31,0.0003
Q1-2020,32,0.0006
Q1-2020,33,0.000449
Q1-2020,34,0.0
Q1-2020,35,0.0
Q1-2020,36,0.0
Q1-2020,37,0.0
Q1-2020,38,0.0
Q1-2020,39,0.000143
Q1-2020,40,0.000143
Q1-2020,41,0.0
Q1-2020,42,0.0
Q1-2020,43,0.000137
Q1-2020,44,0.000137
Q1-2020,45,0.0
Q1-2020,46,0.000412
Q1-2020,47,0.000137
Q1-2020,48,0.000137
Q1-2020,49,0.002198
Q1-2020,50,0.002884
Q1-2020,51,0.000411
Q1-2020,52,0.000276
Q1-2020,53,0.000138
Q1-2020,54,0.003038
Q1-2020,55,0.000276
Q1-2020,56,0.0
Q1-2020,57,0.000141
Q1-2020,58,0.000142
Q1-2020,59,0.0
Q1-2020,60,0.0
Q1-2020,61,0.0
Q1-2020,62,0.000285
Q1-2020,63,0.0
Q1-2020,64,0.000142
Q1-2020,65,0.0
Q1-2020,66,0.000142
Q1-2020,67,0.00128
Q1-2020,68,0.000426
Q1-2020,69,0.001421
Q1-2020,70,0.000427
Q1-2020,71,0.000852
Q1-2020,72,0.000568
Q1-2020,73,0.000426
Q1-2020,74,0.00071
Q1-2020,75,0.00142
Q1-2020,76,0.000993
Q1-2020,77,0.000709
Q1-2020,78,0.000567
Q1-2020,79,0.000567
Q1-2020,80,0.001418
Q1-2020,81,0.000283
Q1-2020,82,0.000284
Q1-2020,83,0.000425
Q1-2020,84,0.000284
Q1-2020,85,0.000283
Q1-2020,86,0.000425
Q1-2020,87,0.000284
Q1-2020,88,0.000709
Q1-2020,89,0.000284
Q1-2020,90,0.00085
Q1-2020,91,0.000284
Q1-2020,92,0.000426
Q1-2020,93,0.000425
Q1-2020,94,0.000567
Q1-2020,95,0.001702
Q1-2020,96,0.000284
Q1-2020,97,0.000284
Q1-2020,98,0.000852
Q1-2020,99,0.000426
Q1-2020,100,0.000284
Q1-2020,101,0.000427
Q1-2020,102,0.000855
Q1-2020,103,0.000285
Q1-2020,104,0.000285
Q1-2020,105,0.000285
Q1-2020,106,0.000427
Q1-2020,107,0.000428
Q1-2020,108,0.000285
Q1-2020,109,0.000285
Q1-2020,110,0.000427
Q1-2020,111,0.000712
Q1-2020,112,0.000285
Q1-2020,113,0.000285
Q1-2020,114,0.000285
Q1-2020,115,0.00057
Q1-2020,116,0.000286
Q1-2020,117,0.000286
Q1-2020,118,0.00043
Q1-2020,119,0.000287
Q1-2020,120,0.000574
Q1-2020,121,0.000287
Q1-2020,122,0.000287
Q1-2020,123,0.000287
Q1-2020,124,0.000573
Q1-2020,125,0.00043
Q1-2020,126,0.000288
Q1-2020,127,0.000432
Q1-2020,128,0.000719
Q1-2020,129,0.000575
Q1-2020,130,0.000719
Q1-2020,131,0.000577
Q1-2020,132,0.000721
Q1-2020,133,0.000577
Q1-2020,134,0.000868
Q1-2020,135,0.000434
Q1-2020,136,0.000579
Q1-2020,137,0.000573
Q1-2020,138,0.001277
Q1-2020,139,0.000567
Q1-2020,140,0.000705
Q1-2020,141,0.00127
Q1-2020,142,0.002547
Q1-2020,143,0.001836
Q1-2020,144,0.001405
Q1-2020,145,0.003995
Q1-2020,146,0.003717
Q1-2020,147,0.00257
Q1-2020,148,0.001706
Q1-2020,149,0.003217
Q1-2020,150,0.003203
Q1-2020,151,0.003266
Q1-2020,152,0.003974
Q1-2020,153,0.004123
Q1-2020,154,0.002984
Q1-2020,155,0.003138
Q1-2020,156,0.003429
Q1-2020,157,0.003333
Q1-2020,158,0.003491
Q1-2020,159,0.00323
Q1-2020,160,0.003216
Q1-2020,161,0.001023
Q1-2020,162,0.003221
Q1-2020,163,0.003071
Q1-2020,164,0.001023
Q1-2020,165,0.003063
Q1-2020,166,0.003211
Q1-2020,167,0.003066
Q1-2020,168,0.003049
Q1-2020,169,0.003337
Q1-2020,170,0.00363
Q1-2020,171,0.003339
Q1-2020,172,0.003054
Q1-2020,173,0.003494
Q1-2020,174,0.003062
Q1-2020,175,0.003055
Q1-2020,176,0.00465
Q1-2020,177,0.003638
Q1-2020,178,0.003492
Q1-2020,179,0.003345
Q1-2020,180,0.003194
Q1-2020,181,0.003062
Q1-2020,182,0.003058
Q1-2020,183,0.00365
Q1-2020,184,0.003235
Q1-2020,185,0.002941
Q1-2020,186,0.003531
Q1-2020,187,0.003233
Q1-2020,188,0.003226
Q1-2020,189,0.003222
Q1-2020,190,0.00308
Q1-2020,191,0.003231
Q1-2020,192,0.002786
Q1-2020,193,0.003543
Q1-2020,194,0.00339
Q1-2020,195,0.00324
Q1-2020,196,0.003245
Q1-2020,197,0.006476
Q1-2020,198,0.003529
Q1-2020,199,0.00339
Q1-2020,200,0.003387
Q1-2020,201,0.003235
Q1-2020,202,0.002938
Q1-2020,203,0.003367
Q1-2020,204,0.003219
Q1-2020,205,0.003213
Q1-2020,206,0.003353
Q1-2020,207,0.003207
Q1-2020,208,0.003212
Q1-2020,209,0.003062
Q1-2020,210,0.003049
Q1-2020,211,0.003482
Q1-2020,212,0.002619
Q1-2020,213,0.003637
Q1-2020,214,0.003349
Q1-2020,215,0.004374
Q1-2020,216,0.003643
Q1-2020,217,0.003352
Q1-2020,218,0.0035
Q1-2020,219,0.003365
Q1-2020,220,0.003353
Q1-2020,221,0.004377
Q1-2020,222,0.006424
Q1-2020,223,0.002911
Q1-2020,224,0.003345
Q1-2020,225,0.003506
Q1-2020,226,0.003068
Q1-2020,227,0.004385
Q1-2020,228,0.003948
Q1-2020,229,0.004386
Q1-2020,230,0.003658
Q1-2020,231,0.002927
Q1-2020,232,0.003509
Q1-2020,233,0.00306
Q1-2020,234,0.003656
Q1-2020,235,0.003221
Q1-2020,236,0.00322
Q1-2020,237,0.003506
Q1-2020,238,0.003476
Q1-2020,239,0.004336
Q1-2020,240,0.00375
Q1-2020,241,0.00115
Q1-2020,242,0.004747
Q1-2020,243,0.005443
Q1-2020,244,0.005099
Q1-2020,245,0.00606
Q1-2020,246,0.005373
Q1-2020,247,0.005662
Q1-2020,248,0.005514
Q1-2020,249,0.005527
Q1-2020,250,0.005538
Q1-2020,251,0.00526
Q1-2020,252,0.004552
Q1-2020,253,0.004549
Q1-2020,254,0.004275
Q1-2020,255,0.003124
Q1-2020,256,0.004861
Q1-2020,257,0.004737
Q1-2020,258,0.00496
Q1-2020,259,0.004103
Q1-2020,260,0.002891
Q1-2020,261,0.00492
Q1-2020,262,0.004697
Q1-2020,263,0.003311
Q1-2020,264,0.004114
Q1-2020,265,0.00224
Q1-2020,266,0.003467
Q1-2020,267,0.00515
Q1-2020,268,0.004738
Q1-2020,269,0.004498
Q1-2020,270,0.004813
Q1-2020,271,0.004861
Q1-2020,272,0.00479
Q1-2020,273,0.005045
Q1-2020,274,0.00508
Q1-2020,275,0.005055
Q1-2020,276,0.003267
Q1-2020,277,0.004763
Q1-2020,278,0.005128
Q1-2020,279,0.005322
Q1-2020,280,0.004517
Q1-2020,281,0.005727
Q1-2020,282,0.005064
Q1-2020,283,0.004907
Q1-2020,284,0.004705
Q1-2020,285,0.005568
Q1-2020,286,0.005168
Q1-2020,287,0.004226
Q1-2020,288,0.005218
Q1-2020,289,0.005568
Q1-2020,290,0.005044
Q1-2020,291,0.005232
Q1-2020,292,0.005225
Q1-2020,293,0.003885
Q1-2020,294,0.004989
Q1-2020,295,0.005436
Q1-2020,296,0.00554
Q1-2020,297,0.005911
Q1-2020,298,0.005889
Q1-2020,299,0.004135
Q1-2020,300,0.005125
Q1-2020,301,0.005548
Q1-2020,302,0.005922
Q1-2020,303,0.005314
Q1-2020,304,0.004917
Q1-2020,305,0.005344
Q1-2020,306,0.005367
Q1-2020,307,0.006394
Q1-2020,308,0.006002
Q1-2020,309,0.00584
Q1-2020,310,0.005178
Q1-2020,311,0.005328
Q1-2020,312,0.005301
Q1-2020,313,0.00525
Q1-2020,314,0.005445
Q1-2020,315,0.005295
Q1-2020,316,0.005109
Q1-2020,317,0.00534
Q1-2020,318,0.005609
Q1-2020,319,0.005499
Q1-2020,320,0.005574
Q1-2020,321,0.006098
Q1-2020,322,0.005286
Q1-2020,323,0.005434
Q1-2020,324,0.004939
Q1-2020,325,0.00568
Q1-2020,326,0.005651
Q1-2020,327,0.005951
Q1-2020,328,0.005328
Q1-2020,329,0.005324
Q1-2020,330,0.005578
Q1-2020,331,0.003367
Q1-2020,332,0.00517
Q1-2020,333,0.005169
Q1-2020,334,0.005027
Q1-2020,335,0.005168
Q1-2020,336,0.00517
Q1-2020,337,0.005041
Q1-2020,338,0.005036
Q1-2020,339,0.005455
Q1-2020,340,0.005172
Q1-2020,341,0.005314
Q1-2020,342,0.005311
Q1-2020,343,0.005321
Q1-2020,344,0.00518
Q1-2020,345,0.005311
Q1-2020,346,0.005454
Q1-2020,347,0.005309
Q1-2020,348,0.004896
Q1-2020,349,0.00531
Q1-2020,350,0.005433
Q1-2020,351,0.005299
Q1-2020,352,0.005023
Q1-2020,353,0.005599
Q1-2020,354,0.005876
Q1-2020,355,0.004935
Q1-2020,356,0.00551
Q1-2020,357,0.005937
Q1-2020,358,0.005519
Q1-2020,359,0.005819
Q1-2020,360,0.005553
Q1-2020,361,0.006015
Q1-2020,362,0.00557
Q1-2020,363,0.005309
Q1-2020,364,0.005422
Q1-2020,365,0.005002
Q1-2020,366,0.005575
Q1-2020,367,0.006853
Q1-2020,368,0.00542
Q1-2020,369,0.004976
Q1-2020,370,0.005285
Q1-2020,371,0.004727
Q1-2020,372,0.005727
Q1-2020,373,0.005293
Q1-2020,374,0.003432
Q1-2020,375,0.005152
Q1-2020,376,0.005596
Q1-2020,377,0.005291
Q1-2020,378,0.005858
Q1-2020,379,0.005578
Q1-2020,380,0.005542
Q1-2020,381,0.005407
Q1-2020,382,0.005843
Q1-2020,383,0.005413
Q1-2020,384,0.005842
Q1-2020,385,0.005408
Q1-2020,386,0.005411
Q1-2020,387,0.003701
Q1-2020,388,0.005662
Q1-2020,389,0.00552
Q1-2020,390,0.005523
Q1-2020,391,0.005517
Q1-2020,392,0.005522
Q1-2020,393,0.005804
Q1-2020,394,0.005955
Q1-2020,395,0.005952
Q1-2020,396,0.005673
Q1-2020,397,0.005685
Q1-2020,398,0.005682
Q1-2020,399,0.005962
Q1-2020,400,0.005819
Q1-2020,401,0.005818
Q1-2020,402,0.005671
Q1-2020,403,0.00568
Q1-2020,404,0.005693
Q1-2020,405,0.005686
Q1-2020,406,0.005693
Q1-2020,407,0.006121
Q1-2020,408,0.006264
Q1-2020,409,0.005847
Q1-2020,410,0.005854
Q1-2020,411,0.005997
Q1-2020,412,0.005718
Q1-2020,413,0.00385
Q1-2020,414,0.005871
Q1-2020,415,0.00596
Q1-2020,416,0.005646
Q1-2020,417,0.005798
Q1-2020,418,0.005802
Q1-2020,419,0.005954
Q1-2020,420,0.005798
Q1-2020,421,0.005342
Q1-2020,422,0.005747
Q1-2020,423,0.005756
Q1-2020,424,0.005752
Q1-2020,425,0.005897
Q1-2020,426,0.005762
Q1-2020,427,0.003374
Q1-2020,428,0.005752
Q1-2020,429,0.005881
Q1-2020,430,0.005872
Q1-2020,431,0.005866
Q1-2020,432,0.006003
Q1-2020,433,0.005702
Q1-2020,434,0.005982
Q1-2020,435,0.005854
Q1-2020,436,0.005297
Q1-2020,437,0.00362
Q1-2020,438,0.005281
Q1-2020,439,0.00489
Q1-2020,440,0.005333
Q1-2020,441,0.005785
Q1-2020,442,0.005778
Q1-2020,443,0.00563
Q1-2020,444,0.005643
Q1-2020,445,0.006687
Q1-2020,446,0.003531
Q1-2020,447,0.006253
Q1-2020,448,0.005809
Q1-2020,449,0.005645
Q1-2020,450,0.006265
Q1-2020,451,0.005593
Q1-2020,452,0.004639
Q1-2020,453,0.005867
Q1-2020,454,0.004455
Q1-2020,455,0.0062
Q1-2020,456,0.006175
Q1-2020,457,0.006208
Q1-2020,458,0.00573
Q1-2020,459,0.006187
Q1-2020,460,0.006343
Q1-2020,461,0.006184
Q1-2020,462,0.006027
Q1-2020,463,0.006674
Q1-2020,464,0.006181
Q1-2020,465,0.006199
Q1-2020,466,0.006319
Q1-2020,467,0.006308
Q1-2020,468,0.006455
Q1-2020,469,0.00614
Q1-2020,470,0.006121
Q1-2020,471,0.006276
Q1-2020,472,0.005808
Q1-2020,473,0.00613
Q1-2020,474,0.006134
Q1-2020,475,0.006448
Q1-2020,476,0.006914
Q1-2020,477,0.00878
Q1-2020,478,0.006442
Q1-2020,479,0.006109
Q1-2020,480,0.006099
Q1-2020,481,0.006101
Q1-2020,482,0.004253
Q1-2020,483,0.007067
Q1-2020,484,0.007353
Q1-2020,485,0.006112
Q1-2020,486,0.00546
Q1-2020,487,0.00641
Q1-2020,488,0.005945
Q1-2020,489,0.005937
Q1-2020,490,0.005792
Q1-2020,491,0.006133
Q1-2020,492,0.005939
Q1-2020,493,0.005947
Q1-2020,494,0.006094
Q1-2020,495,0.006106
Q1-2020,496,0.006155
Q1-2020,497,0.006168
Q1-2020,498,0.00615
Q1-2020,499,0.006163
Q1-2020,500,0.006469
Q1-2020,501,0.006777
Q1-2020,502,0.005541
Q1-2020,503,0.006347
Q1-2020,504,0.006476
Q1-2020,505,0.004259
Q1-2020,506,0.006318
Q1-2020,507,0.005965
Q1-2020,508,0.00612
Q1-2020,509,0.006287
Q1-2020,510,0.002979
Q1-2020,511,0.003291
Q1-2020,512,0.00584
Q1-2020,513,0.005392
Q1-2020,514,0.006082
Q1-2020,515,0.005878
Q1-2020,516,0.005893
Q1-2020,517,0.003027
Q1-2020,518,0.005577
Q1-2020,519,0.006358
Q1-2020,520,0.005911
Q1-2020,521,0.006266
Q1-2020,522,0.007032
Q1-2020,523,0.006157
Q1-2020,524,0.005715
Q1-2020,525,0.005681
Q1-2020,526,0.005971
Q1-2020,527,0.006103
Q1-2020,528,0.003519
Q1-2020,529,0.005823
Q1-2020,530,0.005687
Q1-2020,531,0.005547
Q1-2020,532,0.005413
Q1-2020,533,0.005683
Q1-2020,534,0.005957
Q1-2020,535,0.005275
Q1-2020,536,0.004733
Q1-2020,537,0.00527
Q1-2020,538,0.005406
Q1-2020,539,0.005541
Q1-2020,540,0.004459
Q1-2020,541,0.005001
Q1-2020,542,0.004869
Q1-2020,543,0.005413
Q1-2020,544,0.00514
Q1-2020,545,0.003789
Q1-2020,546,0.00555
Q1-2020,547,0.006095
Q1-2020,548,0.005011
Q1-2020,549,0.005014
Q1-2020,550,0.00555
Q1-2020,551,0.005557
Q1-2020,552,0.005554
Q1-2020,553,0.005552
Q1-2020,554,0.005692
Q1-2020,555,0.005556
Q1-2020,556,0.005552
Q1-2020,557,0.003255
Q1-2020,558,0.006233
Q1-2020,559,0.003796
Q1-2020,560,0.005559
Q1-2020,561,0.006107
Q1-2020,562,0.003663
Q1-2020,563,0.003392
Q1-2020,564,0.005425
Q1-2020,565,0.005425
Q1-2020,566,0.005558
Q1-2020,567,0.005558
Q1-2020,568,0.00393
Q1-2020,569,0.005559
Q1-2020,570,0.005692
Q1-2020,571,0.003794
Q1-2020,572,0.003931
Q1-2020,573,0.006096
Q1-2020,574,0.005555
Q1-2020,575,0.00569
Q1-2020,576,0.005549
Q1-2020,577,0.005553
Q1-2020,578,0.005282
Q1-2020,579,0.005691
Q1-2020,580,0.005554
Q1-2020,581,0.005553
Q1-2020,582,0.00379
Q1-2020,583,0.005956
Q1-2020,584,0.003788
Q1-2020,585,0.005413
Q1-2020,586,0.005821
Q1-2020,587,0.005408
Q1-2020,588,0.005544
Q1-2020,589,0.005547
Q1-2020,590,0.005547
Q1-2020,591,0.005548
Q1-2020,592,0.005817
Q1-2020,593,0.003383
Q1-2020,594,0.005555
Q1-2020,595,0.005279
Q1-2020,596,0.00582
Q1-2020,597,0.005546
Q1-2020,598,0.005816
Q1-2020,599,0.003788
Q1-2020,600,0.005552
Q1-2020,601,0.005552
Q1-2020,602,0.005413
Q1-2020,603,0.004331
Q1-2020,604,0.005683
Q1-2020,605,0.005553
Q1-2020,606,0.00596
Q1-2020,607,0.005693
Q1-2020,608,0.005154
Q1-2020,609,0.005691
Q1-2020,610,0.005554
Q1-2020,611,0.006235
Q1-2020,612,0.005825
Q1-2020,613,0.006642
Q1-2020,614,0.612771
Q1-2020,615,0.006913
Q1-2020,616,0.005691
Q1-2020,617,0.005829
Q1-2020,618,0.005969
Q1-2020,619,0.005562
Q1-2020,620,0.005156
Q1-2020,621,0.005698
Q1-2020,622,0.00651
Q1-2020,623,0.004882
Q1-2020,624,0.00556
Q1-2020,625,0.005693
Q1-2020,626,0.006913
Q1-2020,627,0.005828
Q1-2020,628,0.005688
Q1-2020,629,0.005551
Q1-2020,630,0.005278
Q1-2020,631,0.006352
Q1-2020,632,0.005541
Q1-2020,633,0.005676
Q1-2020,634,0.005681
Q1-2020,635,0.005947
Q1-2020,636,0.005669
Q1-2020,637,0.003914
Q1-2020,638,0.00567
Q1-2020,639,0.00567
Q1-2020,640,0.00567
Q1-2020,641,0.005801
Q1-2020,642,0.005937
Q1-2020,643,0.006071
Q1-2020,644,0.005398
Q1-2020,645,0.005398
Q1-2020,646,0.005401
Q1-2020,647,0.005724
Q1-2020,648,0.005042
Q1-2020,649,0.00545
Q1-2020,650,0.00545
Q1-2020,651,0.005321
Q1-2020,652,0.005598
Q1-2020,653,0.005882
Q1-2020,654,0.005616
Q1-2020,655,0.006597
Q1-2020,656,0.005472
Q1-2020,657,0.002946
Q1-2020,658,0.005475
Q1-2020,659,0.005755
Q1-2020,660,0.005475
Q1-2020,661,0.006179
Q1-2020,662,0.005436
Q1-2020,663,0.005436
Q1-2020,664,0.005022
Q1-2020,665,0.005446
Q1-2020,666,0.005171
Q1-2020,667,0.005031
Q1-2020,668,0.005032
Q1-2020,669,0.005312
Q1-2020,670,0.005591
Q1-2020,671,0.00545
Q1-2020,672,0.00545
Q1-2020,673,0.005444
Q1-2020,674,0.005439
Q1-2020,675,0.00892
Q1-2020,676,0.005297
Q1-2020,677,0.006555
Q1-2020,678,0.005997
Q1-2020,679,0.00572
Q1-2020,680,0.005999
Q1-2020,681,0.007395
Q1-2020,682,0.00237
Q1-2020,683,0.005306
Q1-2020,684,0.005583
Q1-2020,685,0.005307
Q1-2020,686,0.004051
Q1-2020,687,0.006003
Q1-2020,688,0.006983
Q1-2020,689,0.005307
Q1-2020,690,0.005722
Q1-2020,691,0.005725
Q1-2020,692,0.003071
Q1-2020,693,0.005444
Q1-2020,694,0.005859
Q1-2020,695,0.005858
Q1-2020,696,0.00558
Q1-2020,697,0.006001
Q1-2020,698,0.00558
Q1-2020,699,0.005582
Q1-2020,700,0.005584
Q1-2020,701,0.006012
Q1-2020,702,0.005592
Q1-2020,703,0.005726
Q1-2020,704,0.005868
Q1-2020,705,0.005868
Q1-2020,706,0.006564
Q1-2020,707,0.005586
Q1-2020,708,0.004331
Q1-2020,709,0.003074
Q1-2020,710,0.005448
Q1-2020,711,0.00545
Q1-2020,712,0.005175
Q1-2020,713,0.005604
Q1-2020,714,0.005468
Q1-2020,715,0.005609
Q1-2020,716,0.004347
Q1-2020,717,0.005742
Q1-2020,718,0.005463
Q1-2020,719,0.005183
Q1-2020,720,0.005461
Q1-2020,721,0.005601
Q1-2020,722,0.005604
Q1-2020,723,0.002807
Q1-2020,724,0.005612
Q1-2020,725,0.005474
Q1-2020,726,0.005619
Q1-2020,727,0.005482
Q1-2020,728,0.005484
Q1-2020,729,0.005485
Q1-2020,730,0.005627
Q1-2020,731,0.00717
Q1-2020,732,0.005485
Q1-2020,733,0.005481
Q1-2020,734,0.005342
Q1-2020,735,0.00576
Q1-2020,736,0.005474
Q1-2020,737,0.005471
Q1-2020,738,0.005478
Q1-2020,739,0.005478
Q1-2020,740,0.005761
Q1-2020,741,0.005471
Q1-2020,742,0.005471
Q1-2020,743,0.005615
Q1-2020,744,0.005614
Q1-2020,745,0.005605
Q1-2020,746,0.005114
Q1-2020,747,0.005612
Q1-2020,748,0.005746
Q1-2020,749,0.00575
Q1-2020,750,0.00575
Q1-2020,751,0.00571
Q1-2020,752,0.003532
Q1-2020,753,0.003126
Q1-2020,754,0.005529
Q1-2020,755,0.00581
Q1-2020,756,0.005944
Q1-2020,757,0.005809
Q1-2020,758,0.006139
Q1-2020,759,0.006031
Q1-2020,760,0.005922
Q1-2020,761,0.006062
Q1-2020,762,0.005906
Q1-2020,763,0.005587
Q1-2020,764,0.005882
Q1-2020,765,0.007851
Q1-2020,766,0.005884
Q1-2020,767,0.005886
Q1-2020,768,0.006015
Q1-2020,769,0.007131
Q1-2020,770,0.006008
Q1-2020,771,0.006565
Q1-2020,772,0.006138
Q1-2020,773,0.006134
Q1-2020,774,0.006008
Q1-2020,775,0.00601
Q1-2020,776,0.00601
Q1-2020,777,0.00588
Q1-2020,778,0.006575
Q1-2020,779,0.006862
Q1-2020,780,0.006164
Q1-2020,781,0.005613
Q1-2020,782,0.00575
Q1-2020,783,0.006035
Q1-2020,784,0.004215
Q1-2020,785,0.006032
Q1-2020,786,0.005614
Q1-2020,787,0.005901
Q1-2020,788,0.006044
Q1-2020,789,0.006189
Q1-2020,790,0.005903
Q1-2020,791,0.006467
Q1-2020,792,0.003514
Q1-2020,793,0.006043
Q1-2020,794,0.006171
Q1-2020,795,0.00604
Q1-2020,796,0.006051
Q1-2020,797,0.004358
Q1-2020,798,0.003519
Q1-2020,799,0.005909
Q1-2020,800,0.005333
Q1-2020,801,0.005897
Q1-2020,802,0.005747
Q1-2020,803,0.005885
Q1-2020,804,0.006025
Q1-2020,805,0.006
Q1-2020,806,0.005868
Q1-2020,807,0.005461
Q1-2020,808,0.006165
Q1-2020,809,0.004202
Q1-2020,810,0.004197
Q1-2020,811,0.004059
Q1-2020,812,0.007287
Q1-2020,813,0.004481
Q1-2020,814,0.005884
Q1-2020,815,0.005886
Q1-2020,816,0.005743
Q1-2020,817,0.006017
Q1-2020,818,0.006162
Q1-2020,819,0.00587
Q1-2020,820,0.005867
Q1-2020,821,0.003492
Q1-2020,822,0.006004
Q1-2020,823,0.006138
Q1-2020,824,0.006142
Q1-2020,825,0.006132
Q1-2020,826,0.006837
Q1-2020,827,0.005994
Q1-2020,828,0.00599
Q1-2020,829,0.010874
Q1-2020,830,0.006974
Q1-2020,831,0.006412
Q1-2020,832,0.006411
Q1-2020,833,0.006
Q1-2020,834,0.006136
Q1-2020,835,0.00628
Q1-2020,836,0.006277
Q1-2020,837,0.006267
Q1-2020,838,0.005859
Q1-2020,839,0.016956
Q1-2020,840,0.005986
Q1-2020,841,0.006128
Q1-2020,842,0.005666
Q1-2020,843,0.005933
Q1-2020,844,0.00592
Q1-2020,845,0.005647
Q1-2020,846,0.007295
Q1-2020,847,0.006004
Q1-2020,848,0.005998
Q1-2020,849,0.006134
Q1-2020,850,0.006409
Q1-2020,851,0.005871
Q1-2020,852,0.006132
Q1-2020,853,0.005855
Q1-2020,854,0.005854
Q1-2020,855,0.005849
Q1-2020,856,0.00721
Q1-2020,857,0.005991
Q1-2020,858,0.004495
Q1-2020,859,0.006263
Q1-2020,860,0.00599
Q1-2020,861,0.003672
Q1-2020,862,0.003173
Q1-2020,863,0.006209
Q1-2020,864,0.003034
Q1-2020,865,0.00552
Q1-2020,866,0.006068
Q1-2020,867,0.006347
Q1-2020,868,0.006077
Q1-2020,869,0.005942
Q1-2020,870,0.006763
Q1-2020,871,0.005928
Q1-2020,872,0.005788
Q1-2020,873,0.005785
Q1-2020,874,0.006059
Q1-2020,875,0.005777
Q1-2020,876,0.004125
Q1-2020,877,0.003161
Q1-2020,878,0.005634
Q1-2020,879,0.008525
Q1-2020,880,0.005792
Q1-2020,881,0.005377
Q1-2020,882,0.005792
Q1-2020,883,0.005383
Q1-2020,884,0.00649
Q1-2020,885,0.005379
Q1-2020,886,0.005923
Q1-2020,887,0.005509
Q1-2020,888,0.005781
Q1-2020,889,0.005231
Q1-2020,890,0.003854
Q1-2020,891,0.005647
Q1-2020,892,0.003858
Q1-2020,893,0.006064
Q1-2020,894,0.005784
Q1-2020,895,0.00579
Q1-2020,896,0.005778
Q1-2020,897,0.00578
Q1-2020,898,0.005786
Q1-2020,899,0.005655
Q1-2020,900,0.005382
Q1-2020,901,0.00579
Q1-2020,902,0.00565
Q1-2020,903,0.005508
Q1-2020,904,0.005786
Q1-2020,905,0.005933
Q1-2020,906,0.005787
Q1-2020,907,0.005783
Q1-2020,908,0.005376
Q1-2020,909,0.006197
Q1-2020,910,0.005655
Q1-2020,911,0.005245
Q1-2020,912,0.005659
Q1-2020,913,0.005663
Q1-2020,914,0.00566
Q1-2020,915,0.005524
Q1-2020,916,0.005661
Q1-2020,917,0.005937
Q1-2020,918,0.005659
Q1-2020,919,0.005668
Q1-2020,920,0.005668
Q1-2020,921,0.005667
Q1-2020,922,0.006497
Q1-2020,923,0.005677
Q1-2020,924,0.006097
Q1-2020,925,0.004018
Q1-2020,926,0.005815
Q1-2020,927,0.005669
Q1-2020,928,0.005532
Q1-2020,929,0.00596
Q1-2020,930,0.005961
Q1-2020,931,0.004161
Q1-2020,932,0.005816
Q1-2020,933,0.005957
Q1-2020,934,0.005544
Q1-2020,935,0.005687
Q1-2020,936,0.014996
Q1-2020,937,0.004025
Q1-2020,938,0.006103
Q1-2020,939,0.003746
Q1-2020,940,0.004863
Q1-2020,941,0.006228
Q1-2020,942,0.006238
Q1-2020,943,0.005415
Q1-2020,944,0.005683
Q1-2020,945,0.00416
Q1-2020,946,0.005819
Q1-2020,947,0.00595
Q1-2020,948,0.005803
Q1-2020,949,0.0058
Q1-2020,950,0.006766
Q1-2020,951,0.00345
Q1-2020,952,0.006087
Q1-2020,953,0.005495
Q1-2020,954,0.004145
Q1-2020,955,0.00586
Q1-2020,956,0.005586
Q1-2020,957,0.006147
Q1-2020,958,0.006003
Q1-2020,959,0.004226
Q1-2020,960,0.006275
Q1-2020,961,0.006061
Q1-2020,962,0.00551
Q1-2020,963,0.006056
Q1-2020,964,0.006343
Q1-2020,965,0.005938
Q1-2020,966,0.005668
Q1-2020,967,0.003741
Q1-2020,968,0.005543
Q1-2020,969,0.005685
Q1-2020,970,0.005975
Q1-2020,971,0.005706
Q1-2020,972,0.00569
Q1-2020,973,0.005961
Q1-2020,974,0.003326
Q1-2020,975,0.005544
Q1-2020,976,0.005955
Q1-2020,977,0.005398
Q1-2020,978,0.005955
Q1-2020,979,0.005812
Q1-2020,980,0.005812
Q1-2020,981,0.003455
Q1-2020,982,0.005529
Q1-2020,983,0.005669
Q1-2020,984,0.005527
Q1-2020,985,0.005668
Q1-2020,986,0.005941
Q1-2020,987,0.005523
Q1-2020,988,0.005247
Q1-2020,989,0.005796
Q1-2020,990,0.005788
Q1-2020,991,0.005513
Q1-2020,992,0.005788
Q1-2020,993,0.00537
Q1-2020,994,0.005781
Q1-2020,995,0.005784
Q1-2020,996,0.005792
Q1-2020,997,0.005511
Q1-2020,998,0.005793
Q1-2020,999,0.005793
Q1-2020,1000,0.005792
Q1-2020,1001,0.003992
Q1-2020,1002,0.004132
Q1-2020,1003,0.005788
Q1-2020,1004,0.00565
Q1-2020,1005,0.005648
Q1-2020,1006,0.00427
Q1-2020,1007,0.005784
Q1-2020,1008,0.005924
Q1-2020,1009,0.005929
Q1-2020,1010,0.003446
Q1-2020,1011,0.005645
Q1-2020,1012,0.005916
Q1-2020,1013,0.005772
Q1-2020,1014,0.005916
Q1-2020,1015,0.00344
Q1-2020,1016,0.005227
Q1-2020,1017,0.005916
Q1-2020,1018,0.005917
Q1-2020,1019,0.005913
Q1-2020,1020,0.006052
Q1-2020,1021,0.006046
Q1-2020,1022,0.003707
Q1-2020,1023,0.005767
Q1-2020,1024,0.005906
Q1-2020,1025,0.003161
Q1-2020,1026,0.005495
Q1-2020,1027,0.006314
Q1-2020,1028,0.005763
Q1-2020,1029,0.005761
Q1-2020,1030,0.005762
Q1-2020,1031,0.005759
Q1-2020,1032,0.005765
Q1-2020,1033,0.005761
Q1-2020,1034,0.005761
Q1-2020,1035,0.005764
Q1-2020,1036,0.005768
Q1-2020,1037,0.005779
Q1-2020,1038,0.005763
Q1-2020,1039,0.005767
Q1-2020,1040,0.006176
Q1-2020,1041,0.005772
Q1-2020,1042,0.005774
Q1-2020,1043,0.005772
Q1-2020,1044,0.005362
Q1-2020,1045,0.005789
Q1-2020,1046,0.005916
Q1-2020,1047,0.006043
Q1-2020,1048,0.006148
Q1-2020,1049,0.005868
Q1-2020,1050,0.006002
Q1-2020,1051,0.005593
Q1-2020,1052,0.005868
Q1-2020,1053,0.005454
Q1-2020,1054,0.005783
Q1-2020,1055,0.005783
Q1-2020,1056,0.005921
Q1-2020,1057,0.005515
Q1-2020,1058,0.006184
Q1-2020,1059,0.005776
Q1-2020,1060,0.003355
Q1-2020,1061,0.005233
Q1-2020,1062,0.00577
Q1-2020,1063,0.005904
Q1-2020,1064,0.005769
Q1-2020,1065,0.003758
Q1-2020,1066,0.005906
Q1-2020,1067,0.005771
Q1-2020,1068,0.005786
Q1-2020,1069,0.005917
Q1-2020,1070,0.006051
Q1-2020,1071,0.00578
Q1-2020,1072,0.005781
Q1-2020,1073,0.00632
Q1-2020,1074,0.005787
Q1-2020,1075,0.00566
Q1-2020,1076,0.003237
Q1-2020,1077,0.005668
Q1-2020,1078,0.007151
Q1-2020,1079,0.005936
Q1-2020,1080,0.005532
Q1-2020,1081,0.005668
Q1-2020,1082,0.005669
Q1-2020,1083,0.005673
Q1-2020,1084,0.006076
Q1-2020,1085,0.005805
Q1-2020,1086,0.005939
Q1-2020,1087,0.005942
Q1-2020,1088,0.005805
Q1-2020,1089,0.005804
Q1-2020,1090,0.005671
Q1-2020,1091,0.006483
Q1-2020,1092,0.005666
Q1-2020,1093,0.005804
Q1-2020,1094,0.005261
Q1-2020,1095,0.005667
Q1-2020,1096,0.005532
Q1-2020,1097,0.005666
Q1-2020,1098,0.00567
Q1-2020,1099,0.005811
Q1-2020,1100,0.005679
Q1-2020,1101,0.006346
Q1-2020,1102,0.005674
Q1-2020,1103,0.005805
Q1-2020,1104,0.006347
Q1-2020,1105,0.005676
Q1-2020,1106,0.005813
Q1-2020,1107,0.005948
Q1-2020,1108,0.005677
Q1-2020,1109,0.005675
Q1-2020,1110,0.005682
Q1-2020,1111,0.005819
Q1-2020,1112,0.005686
Q1-2020,1113,0.005819
Q1-2020,1114,0.003248
Q1-2020,1115,0.005547
Q1-2020,1116,0.002841
Q1-2020,1117,0.004197
Q1-2020,1118,0.005956
Q1-2020,1119,0.005682
Q1-2020,1120,0.005684
Q1-2020,1121,0.005681
Q1-2020,1122,0.006226
Q1-2020,1123,0.005819
Q1-2020,1124,0.009502
Q1-2020,1125,0.005823
Q1-2020,1126,0.005683
Q1-2020,1127,0.005686
Q1-2020,1128,0.003383
Q1-2020,1129,0.005413
Q1-2020,1130,0.005553
Q1-2020,1131,0.005693
Q1-2020,1132,0.00596
Q1-2020,1133,0.005283
Q1-2020,1134,0.00325
Q1-2020,1135,0.005692
Q1-2020,1136,0.00569
Q1-2020,1137,0.00542
Q1-2020,1138,0.005825
Q1-2020,1139,0.005825
Q1-2020,1140,0.004148
Q1-2020,1141,0.005292
Q1-2020,1142,0.005696
Q1-2020,1143,0.005963
Q1-2020,1144,0.005685
Q1-2020,1145,0.005416
Q1-2020,1146,0.006771
Q1-2020,1147,0.006369
Q1-2020,1148,0.005676
Q1-2020,1149,0.005541
Q1-2020,1150,0.003782
Q1-2020,1151,0.005543
Q1-2020,1152,0.005949
Q1-2020,1153,0.00622
Q1-2020,1154,0.003923
Q1-2020,1155,0.00595
Q1-2020,1156,0.00568
Q1-2020,1157,0.00568
Q1-2020,1158,0.005814
Q1-2020,1159,0.005676
Q1-2020,1160,0.006488
Q1-2020,1161,0.005812
Q1-2020,1162,0.007709
Q1-2020,1163,0.005275
Q1-2020,1164,0.005602
Q1-2020,1165,0.004781
Q1-2020,1166,0.00574
Q1-2020,1167,0.005876
Q1-2020,1168,0.006013
Q1-2020,1169,0.004116
Q1-2020,1170,0.005631
Q1-2020,1171,0.005495
Q1-2020,1172,0.005383
Q1-2020,1173,0.005514
Q1-2020,1174,0.00593
Q1-2020,1175,0.005515
Q1-2020,1176,0.005518
Q1-2020,1177,0.005654
Q1-2020,1178,0.006066
Q1-2020,1179,0.005513
Q1-2020,1180,0.005809
Q1-2020,1181,0.005657
Q1-2020,1182,0.006069
Q1-2020,1183,0.005379
Q1-2020,1184,0.005931
Q1-2020,1185,0.005795
Q1-2020,1186,0.005646
Q1-2020,1187,0.005641
Q1-2020,1188,0.005641
Q1-2020,1189,0.005643
Q1-2020,1190,0.005784
Q1-2020,1191,0.006479
Q1-2020,1192,0.005235
Q1-2020,1193,0.005228
Q1-2020,1194,0.005777
Q1-2020,1195,0.005641
Q1-2020,1196,0.005643
Q1-2020,1197,0.00385
Q1-2020,1198,0.005622
Q1-2020,1199,0.0059
Q1-2020,1200,0.003843
Q1-2020,1201,0.0059
Q1-2020,1202,0.006038
Q1-2020,1203,0.005764
Q1-2020,1204,0.005904
Q1-2020,1205,0.005903
Q1-2020,1206,0.004118
Q1-2020,1207,0.007128
Q1-2020,1208,0.006173
Q1-2020,1209,0.005622
Q1-2020,1210,0.005898
Q1-2020,1211,0.005629
Q1-2020,1212,0.005223
Q1-2020,1213,0.005911
Q1-2020,1214,0.003891
Q1-2020,1215,0.00563
Q1-2020,1216,0.005768
Q1-2020,1217,0.005497
Q1-2020,1218,0.005627
Q1-2020,1219,0.009466
Q1-2020,1220,0.005756
Q1-2020,1221,0.005209
Q1-2020,1222,0.00521
Q1-2020,1223,0.005488
Q1-2020,1224,0.005766
Q1-2020,1225,0.005074
Q1-2020,1226,0.005348
Q1-2020,1227,0.005754
Q1-2020,1228,0.005782
Q1-2020,1229,0.005643
Q1-2020,1230,0.005646
Q1-2020,1231,0.005646
Q1-2020,1232,0.006052
Q1-2020,1233,0.00509
Q1-2020,1234,0.005789
Q1-2020,1235,0.003444
Q1-2020,1236,0.005649
Q1-2020,1237,0.008406
Q1-2020,1238,0.005653
Q1-2020,1239,0.004545
Q1-2020,1240,0.001237
Q1-2020,1241,0.005353
Q1-2020,1242,0.005898
Q1-2020,1243,0.005479
Q1-2020,1244,0.00725
Q1-2020,1245,0.006296
Q1-2020,1246,0.006288
Q1-2020,1247,0.002463
Q1-2020,1248,0.006093
Q1-2020,1249,0.004321
Q1-2020,1250,0.004049
Q1-2020,1251,0.00635
Q1-2020,1252,0.006621
Q1-2020,1253,0.003375
Q1-2020,1254,0.005946
Q1-2020,1255,0.006086
Q1-2020,1256,0.006084
Q1-2020,1257,0.003786
Q1-2020,1258,0.006089
Q1-2020,1259,0.005006
Q1-2020,1260,0.00636
Q1-2020,1261,0.006093
Q1-2020,1262,0.005966
Q1-2020,1263,0.018466
Q1-2020,1264,0.006375
Q1-2020,1265,0.006235
Q1-2020,1266,0.004472
Q1-2020,1267,0.00626
Q1-2020,1268,0.005854
Q1-2020,1269,0.00627
Q1-2020,1270,0.006271
Q1-2020,1271,0.005856
Q1-2020,1272,0.005859
Q1-2020,1273,0.005456
Q2-2020,1,0.000202
Q2-2020,2,0.000537
Q2-2020,3,0.000469
Q2-2020,4,0.000134
Q2-2020,5,0.016173
Q2-2020,6,0.001476
Q2-2020,7,0.000402
Q2-2020,8,0.000267
Q2-2020,9,0.001413
Q2-2020,10,0.000202
Q2-2020,11,0.001141
Q2-2020,12,0.001667
Q2-2020,13,0.001201
Q2-2020,14,0.001214
Q2-2020,15,0.000673
Q2-2020,16,0.00027
Q2-2020,17,0.000539
Q2-2020,18,0.004537
Q2-2020,19,0.002106
Q2-2020,20,0.001759
Q2-2020,21,0.009277
Q2-2020,22,0.003113
Q2-2020,23,0.000337
Q2-2020,24,0.00054
Q2-2020,25,0.000677
Q2-2020,26,0.003806
Q2-2020,27,0.00224
Q2-2020,28,0.001497
Q2-2020,29,0.003614
Q2-2020,30,0.003947
Q2-2020,31,0.000347
Q2-2020,32,0.000625
Q2-2020,33,0.000279
Q2-2020,34,0.000349
Q2-2020,35,0.000138
Q2-2020,36,0.000193
Q2-2020,37,6.4e-05
Q2-2020,38,0.000257
Q2-2020,39,0.000257
Q2-2020,40,0.000386
Q2-2020,41,0.000298
Q2-2020,42,0.00041
Q2-2020,43,0.000351
Q2-2020,44,0.000351
Q2-2020,45,0.000234
Q2-2020,46,0.000469
Q2-2020,47,0.000527
Q2-2020,48,0.000234
Q2-2020,49,0.004214
Q2-2020,50,0.00082
Q2-2020,51,0.000584
Q2-2020,52,0.002182
Q2-2020,53,0.000177
Q2-2020,54,0.01173
Q2-2020,55,0.000177
Q2-2020,56,0.000118
Q2-2020,57,0.000237
Q2-2020,58,0.000296
Q2-2020,59,0.000178
Q2-2020,60,0.000178
Q2-2020,61,0.000178
Q2-2020,62,0.000356
Q2-2020,63,0.000237
Q2-2020,64,0.000533
Q2-2020,65,0.000118
Q2-2020,66,0.000177
Q2-2020,67,0.001947
Q2-2020,68,0.000471
Q2-2020,69,0.002826
Q2-2020,70,0.002653
Q2-2020,71,0.002475
Q2-2020,72,0.00259
Q2-2020,73,0.002414
Q2-2020,74,0.002413
Q2-2020,75,0.005069
Q2-2020,76,0.003709
Q2-2020,77,0.002945
Q2-2020,78,0.002888
Q2-2020,79,0.002239
Q2-2020,80,0.004124
Q2-2020,81,0.002178
Q2-2020,82,0.002238
Q2-2020,83,0.002353
Q2-2020,84,0.002942
Q2-2020,85,0.002234
Q2-2020,86,0.00224
Q2-2020,87,0.002234
Q2-2020,88,0.002941
Q2-2020,89,0.002175
Q2-2020,90,0.002762
Q2-2020,91,0.002352
Q2-2020,92,0.002177
Q2-2020,93,0.002469
Q2-2020,94,0.002471
Q2-2020,95,0.004996
Q2-2020,96,0.002529
Q2-2020,97,0.002646
Q2-2020,98,0.003524
Q2-2020,99,0.002292
Q2-2020,100,0.002645
Q2-2020,101,0.00235
Q2-2020,102,0.003529
Q2-2020,103,0.002413
Q2-2020,104,0.002415
Q2-2020,105,0.002713
Q2-2020,106,0.002418
Q2-2020,107,0.002539
Q2-2020,108,0.002303
Q2-2020,109,0.002481
Q2-2020,110,0.002482
Q2-2020,111,0.002895
Q2-2020,112,0.002902
Q2-2020,113,0.002602
Q2-2020,114,0.002483
Q2-2020,115,0.00266
Q2-2020,116,0.0026
Q2-2020,117,0.002365
Q2-2020,118,0.002845
Q2-2020,119,0.00273
Q2-2020,120,0.002614
Q2-2020,121,0.002377
Q2-2020,122,0.002377
Q2-2020,123,0.002855
Q2-2020,124,0.002731
Q2-2020,125,0.002613
Q2-2020,126,0.00244
Q2-2020,127,0.003514
Q2-2020,128,0.002678
Q2-2020,129,0.002678
Q2-2020,130,0.002683
Q2-2020,131,0.002692
Q2-2020,132,0.002633
Q2-2020,133,0.000778
Q2-2020,134,0.002651
Q2-2020,135,0.002711
Q2-2020,136,0.002709
Q2-2020,137,0.002755
Q2-2020,138,0.008124
Q2-2020,139,0.002684
Q2-2020,140,0.003213
Q2-2020,141,0.007155
Q2-2020,142,0.009192
Q2-2020,143,0.008033
Q2-2020,144,0.007046
Q2-2020,145,0.013218
Q2-2020,146,0.014705
Q2-2020,147,0.009787
Q2-2020,148,0.006539
Q2-2020,149,0.011352
Q2-2020,150,0.011481
Q2-2020,151,0.009864
Q2-2020,152,0.011848
Q2-2020,153,0.016165
Q2-2020,154,0.009638
Q2-2020,155,0.011153
Q2-2020,156,0.010642
Q2-2020,157,0.011461
Q2-2020,158,0.010913
Q2-2020,159,0.011165
Q2-2020,160,0.010622
Q2-2020,161,0.00572
Q2-2020,162,0.010988
Q2-2020,163,0.010554
Q2-2020,164,0.005547
Q2-2020,165,0.010558
Q2-2020,166,0.010611
Q2-2020,167,0.012195
Q2-2020,168,0.010747
Q2-2020,169,0.010609
Q2-2020,170,0.010791
Q2-2020,171,0.010813
Q2-2020,172,0.010753
Q2-2020,173,0.010766
Q2-2020,174,0.011018
Q2-2020,175,0.010568
Q2-2020,176,0.010351
Q2-2020,177,0.011668
Q2-2020,178,0.010986
Q2-2020,179,0.010699
Q2-2020,180,0.011119
Q2-2020,181,0.010654
Q2-2020,182,0.011301
Q2-2020,183,0.011322
Q2-2020,184,0.011664
Q2-2020,185,0.009279
Q2-2020,186,0.011314
Q2-2020,187,0.010906
Q2-2020,188,0.011202
Q2-2020,189,0.011124
Q2-2020,190,0.011347
Q2-2020,191,0.011029
Q2-2020,192,0.009469
Q2-2020,193,0.011103
Q2-2020,194,0.01099
Q2-2020,195,0.010857
Q2-2020,196,0.011072
Q2-2020,197,0.012998
Q2-2020,198,0.011032
Q2-2020,199,0.011071
Q2-2020,200,0.009237
Q2-2020,201,0.01102
Q2-2020,202,0.009013
Q2-2020,203,0.011242
Q2-2020,204,0.01086
Q2-2020,205,0.010904
Q2-2020,206,0.010851
Q2-2020,207,0.011294
Q2-2020,208,0.010992
Q2-2020,209,0.011408
Q2-2020,210,0.011558
Q2-2020,211,0.011626
Q2-2020,212,0.00948
Q2-2020,213,0.012801
Q2-2020,214,0.012561
Q2-2020,215,0.014147
Q2-2020,216,0.012268
Q2-2020,217,0.011445
Q2-2020,218,0.011643
Q2-2020,219,0.011868
Q2-2020,220,0.012658
Q2-2020,221,0.012943
Q2-2020,222,0.014072
Q2-2020,223,0.008891
Q2-2020,224,0.01131
Q2-2020,225,0.011045
Q2-2020,226,0.008782
Q2-2020,227,0.011193
Q2-2020,228,0.011601
Q2-2020,229,0.011099
Q2-2020,230,0.011043
Q2-2020,231,0.00801
Q2-2020,232,0.011384
Q2-2020,233,0.009837
Q2-2020,234,0.011111
Q2-2020,235,0.011383
Q2-2020,236,0.009643
Q2-2020,237,0.011477
Q2-2020,238,0.011382
Q2-2020,239,0.011105
Q2-2020,240,0.012075
Q2-2020,241,0.004298
Q2-2020,242,0.012342
Q2-2020,243,0.01514
Q2-2020,244,0.013874
Q2-2020,245,0.021967
Q2-2020,246,0.014654
Q2-2020,247,0.015137
Q2-2020,248,0.014691
Q2-2020,249,0.014604
Q2-2020,250,0.014977
Q2-2020,251,0.014807
Q2-2020,252,0.014328
Q2-2020,253,0.024254
Q2-2020,254,0.007631
Q2-2020,255,0.010639
Q2-2020,256,0.015108
Q2-2020,257,0.011522
Q2-2020,258,0.015401
Q2-2020,259,0.013791
Q2-2020,260,0.006483
Q2-2020,261,0.017213
Q2-2020,262,0.009953
Q2-2020,263,0.009666
Q2-2020,264,0.014838
Q2-2020,265,0.005511
Q2-2020,266,0.011123
Q2-2020,267,0.014627
Q2-2020,268,0.014365
Q2-2020,269,0.013985
Q2-2020,270,0.014044
Q2-2020,271,0.014411
Q2-2020,272,0.014087
Q2-2020,273,0.014331
Q2-2020,274,0.014615
Q2-2020,275,0.014385
Q2-2020,276,0.008914
Q2-2020,277,0.014201
Q2-2020,278,0.014263
Q2-2020,279,0.014051
Q2-2020,280,0.012225
Q2-2020,281,0.014982
Q2-2020,282,0.014233
Q2-2020,283,0.01387
Q2-2020,284,0.012392
Q2-2020,285,0.013822
Q2-2020,286,0.013793
Q2-2020,287,0.010972
Q2-2020,288,0.010333
Q2-2020,289,0.013761
Q2-2020,290,0.009907
Q2-2020,291,0.013494
Q2-2020,292,0.014009
Q2-2020,293,0.010801
Q2-2020,294,0.013696
Q2-2020,295,0.014003
Q2-2020,296,0.01333
Q2-2020,297,0.013815
Q2-2020,298,0.01394
Q2-2020,299,0.011607
Q2-2020,300,0.010414
Q2-2020,301,0.013905
Q2-2020,302,0.013269
Q2-2020,303,0.013492
Q2-2020,304,0.013591
Q2-2020,305,0.013596
Q2-2020,306,0.013495
Q2-2020,307,0.014458
Q2-2020,308,0.015942
Q2-2020,309,0.014424
Q2-2020,310,0.013454
Q2-2020,311,0.013861
Q2-2020,312,0.013752
Q2-2020,313,0.013662
Q2-2020,314,0.014216
Q2-2020,315,0.013897
Q2-2020,316,0.014049
Q2-2020,317,0.014397
Q2-2020,318,0.015841
Q2-2020,319,0.015771
Q2-2020,320,0.017266
Q2-2020,321,0.017629
Q2-2020,322,0.015803
Q2-2020,323,0.015949
Q2-2020,324,0.015619
Q2-2020,325,0.015999
Q2-2020,326,0.016273
Q2-2020,327,0.01679
Q2-2020,328,0.014234
Q2-2020,329,0.014157
Q2-2020,330,0.014496
Q2-2020,331,0.010806
Q2-2020,332,0.014145
Q2-2020,333,0.014055
Q2-2020,334,0.013865
Q2-2020,335,0.014091
Q2-2020,336,0.014037
Q2-2020,337,0.014246
Q2-2020,338,0.011441
Q2-2020,339,0.014384
Q2-2020,340,0.014566
Q2-2020,341,0.014283
Q2-2020,342,0.014524
Q2-2020,343,0.014553
Q2-2020,344,0.012605
Q2-2020,345,0.014713
Q2-2020,346,0.01502
Q2-2020,347,0.014825
Q2-2020,348,0.012647
Q2-2020,349,0.014887
Q2-2020,350,0.014618
Q2-2020,351,0.01463
Q2-2020,352,0.014886
Q2-2020,353,0.014755
Q2-2020,354,0.01549
Q2-2020,355,0.012492
Q2-2020,356,0.01516
Q2-2020,357,0.015922
Q2-2020,358,0.014985
Q2-2020,359,0.014861
Q2-2020,360,0.014965
Q2-2020,361,0.015298
Q2-2020,362,0.015133
Q2-2020,363,0.015384
Q2-2020,364,0.015135
Q2-2020,365,0.012601
Q2-2020,366,0.015117
Q2-2020,367,0.017475
Q2-2020,368,0.01522
Q2-2020,369,0.015087
Q2-2020,370,0.016123
Q2-2020,371,0.010022
Q2-2020,372,0.015426
Q2-2020,373,0.01308
Q2-2020,374,0.011904
Q2-2020,375,0.015099
Q2-2020,376,0.015489
Q2-2020,377,0.015096
Q2-2020,378,0.015382
Q2-2020,379,0.015214
Q2-2020,380,0.015236
Q2-2020,381,0.01522
Q2-2020,382,0.015613
Q2-2020,383,0.015308
Q2-2020,384,0.01641
Q2-2020,385,0.015601
Q2-2020,386,0.015157
Q2-2020,387,0.011838
Q2-2020,388,0.01497
Q2-2020,389,0.015274
Q2-2020,390,0.014913
Q2-2020,391,0.015031
Q2-2020,392,0.015037
Q2-2020,393,0.01505
Q2-2020,394,0.015044
Q2-2020,395,0.015031
Q2-2020,396,0.015042
Q2-2020,397,0.014999
Q2-2020,398,0.015112
Q2-2020,399,0.014928
Q2-2020,400,0.01492
Q2-2020,401,0.015039
Q2-2020,402,0.015079
Q2-2020,403,0.015222
Q2-2020,404,0.015117
Q2-2020,405,0.015035
Q2-2020,406,0.014935
Q2-2020,407,0.014805
Q2-2020,408,0.015462
Q2-2020,409,0.014805
Q2-2020,410,0.015006
Q2-2020,411,0.015123
Q2-2020,412,0.015245
Q2-2020,413,0.011883
Q2-2020,414,0.015733
Q2-2020,415,0.015096
Q2-2020,416,0.014743
Q2-2020,417,0.015157
Q2-2020,418,0.015091
Q2-2020,419,0.015147
Q2-2020,420,0.014944
Q2-2020,421,0.012403
Q2-2020,422,0.014708
Q2-2020,423,0.014655
Q2-2020,424,0.014694
Q2-2020,425,0.014696
Q2-2020,426,0.014832
Q2-2020,427,0.009019
Q2-2020,428,0.014714
Q2-2020,429,0.014743
Q2-2020,430,0.014801
Q2-2020,431,0.014751
Q2-2020,432,0.014768
Q2-2020,433,0.014914
Q2-2020,434,0.014727
Q2-2020,435,0.014672
Q2-2020,436,0.01456
Q2-2020,437,0.009083
Q2-2020,438,0.01395
Q2-2020,439,0.016847
Q2-2020,440,0.01545
Q2-2020,441,0.015482
Q2-2020,442,0.015279
Q2-2020,443,0.015311
Q2-2020,444,0.015364
Q2-2020,445,0.015984
Q2-2020,446,0.01084
Q2-2020,447,0.015526
Q2-2020,448,0.013519
Q2-2020,449,0.010358
Q2-2020,450,0.01588
Q2-2020,451,0.012833
Q2-2020,452,0.01305
Q2-2020,453,0.016025
Q2-2020,454,0.01177
Q2-2020,455,0.015298
Q2-2020,456,0.015413
Q2-2020,457,0.015346
Q2-2020,458,0.012779
Q2-2020,459,0.015239
Q2-2020,460,0.015499
Q2-2020,461,0.015378
Q2-2020,462,0.015245
Q2-2020,463,0.015706
Q2-2020,464,0.015425
Q2-2020,465,0.015485
Q2-2020,466,0.015398
Q2-2020,467,0.015353
Q2-2020,468,0.012668
Q2-2020,469,0.015355
Q2-2020,470,0.015526
Q2-2020,471,0.015441
Q2-2020,472,0.015351
Q2-2020,473,0.015344
Q2-2020,474,0.015312
Q2-2020,475,0.015552
Q2-2020,476,0.016438
Q2-2020,477,0.02258
Q2-2020,478,0.017503
Q2-2020,479,0.016885
Q2-2020,480,0.015068
Q2-2020,481,0.017137
Q2-2020,482,0.011605
Q2-2020,483,0.015935
Q2-2020,484,0.016863
Q2-2020,485,0.016153
Q2-2020,486,0.012777
Q2-2020,487,0.015333
Q2-2020,488,0.015223
Q2-2020,489,0.015194
Q2-2020,490,0.016018
Q2-2020,491,0.015316
Q2-2020,492,0.015307
Q2-2020,493,0.015637
Q2-2020,494,0.016387
Q2-2020,495,0.015509
Q2-2020,496,0.015511
Q2-2020,497,0.01547
Q2-2020,498,0.01569
Q2-2020,499,0.015637
Q2-2020,500,0.015459
Q2-2020,501,0.017392
Q2-2020,502,0.013354
Q2-2020,503,0.016074
Q2-2020,504,0.015744
Q2-2020,505,0.012299
Q2-2020,506,0.01592
Q2-2020,507,0.015923
Q2-2020,508,0.015732
Q2-2020,509,0.015673
Q2-2020,510,0.007108
Q2-2020,511,0.009324
Q2-2020,512,0.015343
Q2-2020,513,0.012885
Q2-2020,514,0.016069
Q2-2020,515,0.015556
Q2-2020,516,0.015907
Q2-2020,517,0.009959
Q2-2020,518,0.015767
Q2-2020,519,0.01609
Q2-2020,520,0.019654
Q2-2020,521,0.016609
Q2-2020,522,0.018747
Q2-2020,523,0.015567
Q2-2020,524,0.015165
Q2-2020,525,0.015257
Q2-2020,526,0.015389
Q2-2020,527,0.015495
Q2-2020,528,0.009885
Q2-2020,529,0.014621
Q2-2020,530,0.014555
Q2-2020,531,0.014598
Q2-2020,532,0.011913
Q2-2020,533,0.014592
Q2-2020,534,0.014599
Q2-2020,535,0.012313
Q2-2020,536,0.012139
Q2-2020,537,0.014416
Q2-2020,538,0.014647
Q2-2020,539,0.014602
Q2-2020,540,0.009637
Q2-2020,541,0.012279
Q2-2020,542,0.012383
Q2-2020,543,0.014503
Q2-2020,544,0.01448
Q2-2020,545,0.011237
Q2-2020,546,0.014486
Q2-2020,547,0.013238
Q2-2020,548,0.012028
Q2-2020,549,0.01221
Q2-2020,550,0.014551
Q2-2020,551,0.014522
Q2-2020,552,0.014571
Q2-2020,553,0.014916
Q2-2020,554,0.016007
Q2-2020,555,0.014576
Q2-2020,556,0.014641
Q2-2020,557,0.008752
Q2-2020,558,0.014711
Q2-2020,559,0.011159
Q2-2020,560,0.014654
Q2-2020,561,0.014708
Q2-2020,562,0.010873
Q2-2020,563,0.008754
Q2-2020,564,0.014534
Q2-2020,565,0.01493
Q2-2020,566,0.014745
Q2-2020,567,0.014676
Q2-2020,568,0.011307
Q2-2020,569,0.014962
Q2-2020,570,0.015601
Q2-2020,571,0.01097
Q2-2020,572,0.010516
Q2-2020,573,0.015422
Q2-2020,574,0.013251
Q2-2020,575,0.015132
Q2-2020,576,0.014729
Q2-2020,577,0.014851
Q2-2020,578,0.014674
Q2-2020,579,0.014782
Q2-2020,580,0.014718
Q2-2020,581,0.014662
Q2-2020,582,0.011238
Q2-2020,583,0.017288
Q2-2020,584,0.011295
Q2-2020,585,0.014838
Q2-2020,586,0.014671
Q2-2020,587,0.014429
Q2-2020,588,0.014713
Q2-2020,589,0.01483
Q2-2020,590,0.014652
Q2-2020,591,0.014668
Q2-2020,592,0.014766
Q2-2020,593,0.008724
Q2-2020,594,0.014714
Q2-2020,595,0.012436
Q2-2020,596,0.014886
Q2-2020,597,0.014713
Q2-2020,598,0.01466
Q2-2020,599,0.011181
Q2-2020,600,0.01472
Q2-2020,601,0.014661
Q2-2020,602,0.012321
Q2-2020,603,0.01152
Q2-2020,604,0.014886
Q2-2020,605,0.014879
Q2-2020,606,0.014542
Q2-2020,607,0.014768
Q2-2020,608,0.01243
Q2-2020,609,0.014658
Q2-2020,610,0.014652
Q2-2020,611,0.014836
Q2-2020,612,0.014646
Q2-2020,613,0.016148
Q2-2020,614,0.882214
Q2-2020,615,0.015569
Q2-2020,616,0.01505
Q2-2020,617,0.015005
Q2-2020,618,0.014885
Q2-2020,619,0.014943
Q2-2020,620,0.012556
Q2-2020,621,0.014784
Q2-2020,622,0.016266
Q2-2020,623,0.012271
Q2-2020,624,0.014781
Q2-2020,625,0.015132
Q2-2020,626,0.014965
Q2-2020,627,0.015021
Q2-2020,628,0.014836
Q2-2020,629,0.01483
Q2-2020,630,0.012533
Q2-2020,631,0.016161
Q2-2020,632,0.014851
Q2-2020,633,0.014854
Q2-2020,634,0.015026
Q2-2020,635,0.014851
Q2-2020,636,0.01483
Q2-2020,637,0.011528
Q2-2020,638,0.015225
Q2-2020,639,0.015003
Q2-2020,640,0.016307
Q2-2020,641,0.014818
Q2-2020,642,0.015057
Q2-2020,643,0.015102
Q2-2020,644,0.014822
Q2-2020,645,0.01476
Q2-2020,646,0.014829
Q2-2020,647,0.016197
Q2-2020,648,0.012281
Q2-2020,649,0.014869
Q2-2020,650,0.014809
Q2-2020,651,0.014767
Q2-2020,652,0.015035
Q2-2020,653,0.015936
Q2-2020,654,0.015857
Q2-2020,655,0.017925
Q2-2020,656,0.015038
Q2-2020,657,0.009121
Q2-2020,658,0.015353
Q2-2020,659,0.015044
Q2-2020,660,0.014862
Q2-2020,661,0.015101
Q2-2020,662,0.014909
Q2-2020,663,0.014896
Q2-2020,664,0.012676
Q2-2020,665,0.014798
Q2-2020,666,0.012147
Q2-2020,667,0.012554
Q2-2020,668,0.012669
Q2-2020,669,0.014959
Q2-2020,670,0.016082
Q2-2020,671,0.014871
Q2-2020,672,0.015412
Q2-2020,673,0.01538
Q2-2020,674,0.014948
Q2-2020,675,0.016441
Q2-2020,676,0.012808
Q2-2020,677,0.018899
Q2-2020,678,0.015027
Q2-2020,679,0.015506
Q2-2020,680,0.014878
Q2-2020,681,0.017642
Q2-2020,682,0.005747
Q2-2020,683,0.012609
Q2-2020,684,0.013196
Q2-2020,685,0.014764
Q2-2020,686,0.01154
Q2-2020,687,0.01511
Q2-2020,688,0.017589
Q2-2020,689,0.013
Q2-2020,690,0.015457
Q2-2020,691,0.015105
Q2-2020,692,0.008838
Q2-2020,693,0.014741
Q2-2020,694,0.015276
Q2-2020,695,0.014982
Q2-2020,696,0.014985
Q2-2020,697,0.015218
Q2-2020,698,0.016347
Q2-2020,699,0.014879
Q2-2020,700,0.015088
Q2-2020,701,0.017245
Q2-2020,702,0.015027
Q2-2020,703,0.014954
Q2-2020,704,0.012851
Q2-2020,705,0.015195
Q2-2020,706,0.015497
Q2-2020,707,0.015027
Q2-2020,708,0.011799
Q2-2020,709,0.008972
Q2-2020,710,0.015072
Q2-2020,711,0.014896
Q2-2020,712,0.012563
Q2-2020,713,0.015215
Q2-2020,714,0.015165
Q2-2020,715,0.015339
Q2-2020,716,0.012811
Q2-2020,717,0.015211
Q2-2020,718,0.015029
Q2-2020,719,0.013096
Q2-2020,720,0.015081
Q2-2020,721,0.015257
Q2-2020,722,0.015343
Q2-2020,723,0.009069
Q2-2020,724,0.015294
Q2-2020,725,0.015227
Q2-2020,726,0.015121
Q2-2020,727,0.015253
Q2-2020,728,0.015258
Q2-2020,729,0.015262
Q2-2020,730,0.015156
Q2-2020,731,0.017345
Q2-2020,732,0.016569
Q2-2020,733,0.015263
Q2-2020,734,0.015024
Q2-2020,735,0.015383
Q2-2020,736,0.015085
Q2-2020,737,0.015093
Q2-2020,738,0.015095
Q2-2020,739,0.015042
Q2-2020,740,0.015151
Q2-2020,741,0.015213
Q2-2020,742,0.015111
Q2-2020,743,0.01531
Q2-2020,744,0.015483
Q2-2020,745,0.015735
Q2-2020,746,0.012709
Q2-2020,747,0.015766
Q2-2020,748,0.015532
Q2-2020,749,0.015367
Q2-2020,750,0.015609
Q2-2020,751,0.015508
Q2-2020,752,0.006697
Q2-2020,753,0.008846
Q2-2020,754,0.01562
Q2-2020,755,0.015635
Q2-2020,756,0.015454
Q2-2020,757,0.015476
Q2-2020,758,0.015601
Q2-2020,759,0.015643
Q2-2020,760,0.015772
Q2-2020,761,0.015796
Q2-2020,762,0.015707
Q2-2020,763,0.012676
Q2-2020,764,0.015457
Q2-2020,765,0.016299
Q2-2020,766,0.015455
Q2-2020,767,0.015614
Q2-2020,768,0.015456
Q2-2020,769,0.019086
Q2-2020,770,0.015413
Q2-2020,771,0.016466
Q2-2020,772,0.015588
Q2-2020,773,0.015289
Q2-2020,774,0.015435
Q2-2020,775,0.015484
Q2-2020,776,0.015411
Q2-2020,777,0.015373
Q2-2020,778,0.015902
Q2-2020,779,0.015589
Q2-2020,780,0.015785
Q2-2020,781,0.012621
Q2-2020,782,0.015551
Q2-2020,783,0.015892
Q2-2020,784,0.012107
Q2-2020,785,0.015775
Q2-2020,786,0.012797
Q2-2020,787,0.016824
Q2-2020,788,0.015453
Q2-2020,789,0.015533
Q2-2020,790,0.015463
Q2-2020,791,0.016516
Q2-2020,792,0.00964
Q2-2020,793,0.015342
Q2-2020,794,0.015911
Q2-2020,795,0.015762
Q2-2020,796,0.018196
Q2-2020,797,0.012033
Q2-2020,798,0.009824
Q2-2020,799,0.01535
Q2-2020,800,0.012667
Q2-2020,801,0.015429
Q2-2020,802,0.015338
Q2-2020,803,0.015398
Q2-2020,804,0.016122
Q2-2020,805,0.01612
Q2-2020,806,0.015412
Q2-2020,807,0.013052
Q2-2020,808,0.015604
Q2-2020,809,0.012202
Q2-2020,810,0.011815
Q2-2020,811,0.012197
Q2-2020,812,0.0185
Q2-2020,813,0.012155
Q2-2020,814,0.0155
Q2-2020,815,0.015264
Q2-2020,816,0.015138
Q2-2020,817,0.015296
Q2-2020,818,0.015914
Q2-2020,819,0.01541
Q2-2020,820,0.015881
Q2-2020,821,0.009583
Q2-2020,822,0.017937
Q2-2020,823,0.015494
Q2-2020,824,0.015787
Q2-2020,825,0.015552
Q2-2020,826,0.016357
Q2-2020,827,0.015791
Q2-2020,828,0.015603
Q2-2020,829,0.01333
Q2-2020,830,0.015934
Q2-2020,831,0.015882
Q2-2020,832,0.015852
Q2-2020,833,0.015687
Q2-2020,834,0.015979
Q2-2020,835,0.015617
Q2-2020,836,0.01627
Q2-2020,837,0.015813
Q2-2020,838,0.013219
Q2-2020,839,0.014483
Q2-2020,840,0.01594
Q2-2020,841,0.016135
Q2-2020,842,0.01618
Q2-2020,843,0.015937
Q2-2020,844,0.015676
Q2-2020,845,0.012952
Q2-2020,846,0.019151
Q2-2020,847,0.017338
Q2-2020,848,0.01607
Q2-2020,849,0.016188
Q2-2020,850,0.015567
Q2-2020,851,0.015553
Q2-2020,852,0.01571
Q2-2020,853,0.015487
Q2-2020,854,0.015721
Q2-2020,855,0.015772
Q2-2020,856,0.019782
Q2-2020,857,0.015689
Q2-2020,858,0.01197
Q2-2020,859,0.017475
Q2-2020,860,0.015608
Q2-2020,861,0.008888
Q2-2020,862,0.009475
Q2-2020,863,0.015812
Q2-2020,864,0.009069
Q2-2020,865,0.015693
Q2-2020,866,0.015588
Q2-2020,867,0.015676
Q2-2020,868,0.015604
Q2-2020,869,0.015732
Q2-2020,870,0.015751
Q2-2020,871,0.016528
Q2-2020,872,0.015267
Q2-2020,873,0.015305
Q2-2020,874,0.015273
Q2-2020,875,0.01535
Q2-2020,876,0.012099
Q2-2020,877,0.009079
Q2-2020,878,0.015322
Q2-2020,879,0.018609
Q2-2020,880,0.015535
Q2-2020,881,0.013088
Q2-2020,882,0.015454
Q2-2020,883,0.012657
Q2-2020,884,0.015944
Q2-2020,885,0.012653
Q2-2020,886,0.015544
Q2-2020,887,0.015611
Q2-2020,888,0.01572
Q2-2020,889,0.013051
Q2-2020,890,0.009661
Q2-2020,891,0.015351
Q2-2020,892,0.010676
Q2-2020,893,0.015237
Q2-2020,894,0.015527
Q2-2020,895,0.01547
Q2-2020,896,0.015497
Q2-2020,897,0.01527
Q2-2020,898,0.015335
Q2-2020,899,0.014692
Q2-2020,900,0.013207
Q2-2020,901,0.01526
Q2-2020,902,0.015375
Q2-2020,903,0.015524
Q2-2020,904,0.015347
Q2-2020,905,0.015539
Q2-2020,906,0.015475
Q2-2020,907,0.01536
Q2-2020,908,0.013133
Q2-2020,909,0.015492
Q2-2020,910,0.0152
Q2-2020,911,0.01253
Q2-2020,912,0.01534
Q2-2020,913,0.015385
Q2-2020,914,0.015433
Q2-2020,915,0.01538
Q2-2020,916,0.015495
Q2-2020,917,0.015329
Q2-2020,918,0.015561
Q2-2020,919,0.015392
Q2-2020,920,0.015366
Q2-2020,921,0.015531
Q2-2020,922,0.015835
Q2-2020,923,0.015415
Q2-2020,924,0.015673
Q2-2020,925,0.012153
Q2-2020,926,0.015428
Q2-2020,927,0.015358
Q2-2020,928,0.015069
Q2-2020,929,0.016065
Q2-2020,930,0.015648
Q2-2020,931,0.011878
Q2-2020,932,0.015811
Q2-2020,933,0.015427
Q2-2020,934,0.015237
Q2-2020,935,0.015302
Q2-2020,936,0.030402
Q2-2020,937,0.009616
Q2-2020,938,0.01637
Q2-2020,939,0.010701
Q2-2020,940,0.012682
Q2-2020,941,0.015612
Q2-2020,942,0.013538
Q2-2020,943,0.016284
Q2-2020,944,0.015977
Q2-2020,945,0.012329
Q2-2020,946,0.016177
Q2-2020,947,0.015902
Q2-2020,948,0.015656
Q2-2020,949,0.015828
Q2-2020,950,0.016768
Q2-2020,951,0.009683
Q2-2020,952,0.016167
Q2-2020,953,0.013593
Q2-2020,954,0.012537
Q2-2020,955,0.017283
Q2-2020,956,0.014305
Q2-2020,957,0.016975
Q2-2020,958,0.015933
Q2-2020,959,0.012172
Q2-2020,960,0.01586
Q2-2020,961,0.016113
Q2-2020,962,0.012946
Q2-2020,963,0.016028
Q2-2020,964,0.01629
Q2-2020,965,0.015869
Q2-2020,966,0.015912
Q2-2020,967,0.009406
Q2-2020,968,0.015895
Q2-2020,969,0.015919
Q2-2020,970,0.016143
Q2-2020,971,0.016097
Q2-2020,972,0.016113
Q2-2020,973,0.016108
Q2-2020,974,0.009584
Q2-2020,975,0.01598
Q2-2020,976,0.016222
Q2-2020,977,0.013141
Q2-2020,978,0.015957
Q2-2020,979,0.016323
Q2-2020,980,0.016021
Q2-2020,981,0.012418
Q2-2020,982,0.016418
Q2-2020,983,0.015895
Q2-2020,984,0.01565
Q2-2020,985,0.015931
Q2-2020,986,0.016111
Q2-2020,987,0.013088
Q2-2020,988,0.013451
Q2-2020,989,0.015893
Q2-2020,990,0.015817
Q2-2020,991,0.015927
Q2-2020,992,0.015824
Q2-2020,993,0.013078
Q2-2020,994,0.015882
Q2-2020,995,0.01595
Q2-2020,996,0.015964
Q2-2020,997,0.016009
Q2-2020,998,0.015954
Q2-2020,999,0.015951
Q2-2020,1000,0.015893
Q2-2020,1001,0.012308
Q2-2020,1002,0.012188
Q2-2020,1003,0.01583
Q2-2020,1004,0.015652
Q2-2020,1005,0.015887
Q2-2020,1006,0.012656
Q2-2020,1007,0.015697
Q2-2020,1008,0.015891
Q2-2020,1009,0.015823
Q2-2020,1010,0.00937
Q2-2020,1011,0.015568
Q2-2020,1012,0.015679
Q2-2020,1013,0.015683
Q2-2020,1014,0.015922
Q2-2020,1015,0.009369
Q2-2020,1016,0.01276
Q2-2020,1017,0.015814
Q2-2020,1018,0.015815
Q2-2020,1019,0.015874
Q2-2020,1020,0.016088
Q2-2020,1021,0.015999
Q2-2020,1022,0.009432
Q2-2020,1023,0.015846
Q2-2020,1024,0.01592
Q2-2020,1025,0.009015
Q2-2020,1026,0.016088
Q2-2020,1027,0.016732
Q2-2020,1028,0.015724
Q2-2020,1029,0.015902
Q2-2020,1030,0.015791
Q2-2020,1031,0.015787
Q2-2020,1032,0.01579
Q2-2020,1033,0.015827
Q2-2020,1034,0.015726
Q2-2020,1035,0.015799
Q2-2020,1036,0.015811
Q2-2020,1037,0.015835
Q2-2020,1038,0.01582
Q2-2020,1039,0.015985
Q2-2020,1040,0.015918
Q2-2020,1041,0.015895
Q2-2020,1042,0.015776
Q2-2020,1043,0.015913
Q2-2020,1044,0.013388
Q2-2020,1045,0.01648
Q2-2020,1046,0.016128
Q2-2020,1047,0.016184
Q2-2020,1048,0.016095
Q2-2020,1049,0.016008
Q2-2020,1050,0.016406
Q2-2020,1051,0.013132
Q2-2020,1052,0.018287
Q2-2020,1053,0.01324
Q2-2020,1054,0.015653
Q2-2020,1055,0.015818
Q2-2020,1056,0.015879
Q2-2020,1057,0.015709
Q2-2020,1058,0.016048
Q2-2020,1059,0.015598
Q2-2020,1060,0.009392
Q2-2020,1061,0.012802
Q2-2020,1062,0.015592
Q2-2020,1063,0.016157
Q2-2020,1064,0.015594
Q2-2020,1065,0.012242
Q2-2020,1066,0.015826
Q2-2020,1067,0.015609
Q2-2020,1068,0.016152
Q2-2020,1069,0.015813
Q2-2020,1070,0.01649
Q2-2020,1071,0.0162
Q2-2020,1072,0.015918
Q2-2020,1073,0.01832
Q2-2020,1074,0.015875
Q2-2020,1075,0.015702
Q2-2020,1076,0.009564
Q2-2020,1077,0.015821
Q2-2020,1078,0.014967
Q2-2020,1079,0.015985
Q2-2020,1080,0.015652
Q2-2020,1081,0.015767
Q2-2020,1082,0.015709
Q2-2020,1083,0.016873
Q2-2020,1084,0.017213
Q2-2020,1085,0.016183
Q2-2020,1086,0.015709
Q2-2020,1087,0.016944
Q2-2020,1088,0.016307
Q2-2020,1089,0.015956
Q2-2020,1090,0.015845
Q2-2020,1091,0.016538
Q2-2020,1092,0.015705
Q2-2020,1093,0.015755
Q2-2020,1094,0.013562
Q2-2020,1095,0.015744
Q2-2020,1096,0.015686
Q2-2020,1097,0.015799
Q2-2020,1098,0.015862
Q2-2020,1099,0.016401
Q2-2020,1100,0.015814
Q2-2020,1101,0.016214
Q2-2020,1102,0.016276
Q2-2020,1103,0.015752
Q2-2020,1104,0.018288
Q2-2020,1105,0.015762
Q2-2020,1106,0.015714
Q2-2020,1107,0.015946
Q2-2020,1108,0.015834
Q2-2020,1109,0.015937
Q2-2020,1110,0.015729
Q2-2020,1111,0.01648
Q2-2020,1112,0.016082
Q2-2020,1113,0.015733
Q2-2020,1114,0.009978
Q2-2020,1115,0.015729
Q2-2020,1116,0.006858
Q2-2020,1117,0.012857
Q2-2020,1118,0.016207
Q2-2020,1119,0.015801
Q2-2020,1120,0.015867
Q2-2020,1121,0.017868
Q2-2020,1122,0.016374
Q2-2020,1123,0.015734
Q2-2020,1124,0.017261
Q2-2020,1125,0.015722
Q2-2020,1126,0.01573
Q2-2020,1127,0.015853
Q2-2020,1128,0.009508
Q2-2020,1129,0.012972
Q2-2020,1130,0.013379
Q2-2020,1131,0.015808
Q2-2020,1132,0.015915
Q2-2020,1133,0.013439
Q2-2020,1134,0.009346
Q2-2020,1135,0.015808
Q2-2020,1136,0.01569
Q2-2020,1137,0.015691
Q2-2020,1138,0.015971
Q2-2020,1139,0.015756
Q2-2020,1140,0.012762
Q2-2020,1141,0.013316
Q2-2020,1142,0.016071
Q2-2020,1143,0.015793
Q2-2020,1144,0.016583
Q2-2020,1145,0.015835
Q2-2020,1146,0.0171
Q2-2020,1147,0.016477
Q2-2020,1148,0.015848
Q2-2020,1149,0.015839
Q2-2020,1150,0.010533
Q2-2020,1151,0.015748
Q2-2020,1152,0.015742
Q2-2020,1153,0.016425
Q2-2020,1154,0.012075
Q2-2020,1155,0.015793
Q2-2020,1156,0.015793
Q2-2020,1157,0.015678
Q2-2020,1158,0.015736
Q2-2020,1159,0.0158
Q2-2020,1160,0.015744
Q2-2020,1161,0.015748
Q2-2020,1162,0.019209
Q2-2020,1163,0.014784
Q2-2020,1164,0.015994
Q2-2020,1165,0.012575
Q2-2020,1166,0.016001
Q2-2020,1167,0.01363
Q2-2020,1168,0.015701
Q2-2020,1169,0.012501
Q2-2020,1170,0.016172
Q2-2020,1171,0.016479
Q2-2020,1172,0.015787
Q2-2020,1173,0.016
Q2-2020,1174,0.016055
Q2-2020,1175,0.015885
Q2-2020,1176,0.019088
Q2-2020,1177,0.015931
Q2-2020,1178,0.016095
Q2-2020,1179,0.013166
Q2-2020,1180,0.016077
Q2-2020,1181,0.016298
Q2-2020,1182,0.016107
Q2-2020,1183,0.015976
Q2-2020,1184,0.016274
Q2-2020,1185,0.016469
Q2-2020,1186,0.015912
Q2-2020,1187,0.016462
Q2-2020,1188,0.015993
Q2-2020,1189,0.015984
Q2-2020,1190,0.015749
Q2-2020,1191,0.016745
Q2-2020,1192,0.013757
Q2-2020,1193,0.012935
Q2-2020,1194,0.015738
Q2-2020,1195,0.016098
Q2-2020,1196,0.015815
Q2-2020,1197,0.012169
Q2-2020,1198,0.015716
Q2-2020,1199,0.016087
Q2-2020,1200,0.012581
Q2-2020,1201,0.016187
Q2-2020,1202,0.016581
Q2-2020,1203,0.016003
Q2-2020,1204,0.015831
Q2-2020,1205,0.016415
Q2-2020,1206,0.012224
Q2-2020,1207,0.015846
Q2-2020,1208,0.016827
Q2-2020,1209,0.015585
Q2-2020,1210,0.015872
Q2-2020,1211,0.015763
Q2-2020,1212,0.013397
Q2-2020,1213,0.015914
Q2-2020,1214,0.012426
Q2-2020,1215,0.01575
Q2-2020,1216,0.015855
Q2-2020,1217,0.015511
Q2-2020,1218,0.015797
Q2-2020,1219,0.019657
Q2-2020,1220,0.015902
Q2-2020,1221,0.01306
Q2-2020,1222,0.013129
Q2-2020,1223,0.016057
Q2-2020,1224,0.019501
Q2-2020,1225,0.013426
Q2-2020,1226,0.015822
Q2-2020,1227,0.016075
Q2-2020,1228,0.014867
Q2-2020,1229,0.014312
Q2-2020,1230,0.016289
Q2-2020,1231,0.015979
Q2-2020,1232,0.016088
Q2-2020,1233,0.013294
Q2-2020,1234,0.016049
Q2-2020,1235,0.01004
Q2-2020,1236,0.013364
Q2-2020,1237,0.019793
Q2-2020,1238,0.0167
Q2-2020,1239,0.013021
Q2-2020,1240,0.006123
Q2-2020,1241,0.013804
Q2-2020,1242,0.016385
Q2-2020,1243,0.014377
Q2-2020,1244,0.017198
Q2-2020,1245,0.01668
Q2-2020,1246,0.01673
Q2-2020,1247,0.006945
Q2-2020,1248,0.014284
Q2-2020,1249,0.012977
Q2-2020,1250,0.009793
Q2-2020,1251,0.016738
Q2-2020,1252,0.016964
Q2-2020,1253,0.009394
Q2-2020,1254,0.016197
Q2-2020,1255,0.016189
Q2-2020,1256,0.016191
Q2-2020,1257,0.010497
Q2-2020,1258,0.014507
Q2-2020,1259,0.010289
Q2-2020,1260,0.016481
Q2-2020,1261,0.016303
Q2-2020,1262,0.016406
Q2-2020,1263,0.022738
Q2-2020,1264,0.014522
Q2-2020,1265,0.01641
Q2-2020,1266,0.012431
Q2-2020,1267,0.016298
Q2-2020,1268,0.016282
Q2-2020,1269,0.015767
Q2-2020,1270,0.015843
Q2-2020,1271,0.015041
Q2-2020,1272,0.014822
Q2-2020,1273,0.01415
Q3-2020,1,0.0002
Q3-2020,2,0.0003
Q3-2020,3,0.004643
Q3-2020,4,0.000199
Q3-2020,5,0.022373
Q3-2020,6,0.001896
Q3-2020,7,0.000349
Q3-2020,8,0.000349
Q3-2020,9,0.0011
Q3-2020,10,0.00025
Q3-2020,11,0.0002
Q3-2020,12,0.002585
Q3-2020,13,0.00164
Q3-2020,14,0.001604
Q3-2020,15,0.000651
Q3-2020,16,0.000551
Q3-2020,17,0.00035
Q3-2020,18,0.016229
Q3-2020,19,0.003976
Q3-2020,20,0.003265
Q3-2020,21,0.004761
Q3-2020,22,0.003561
Q3-2020,23,0.000902
Q3-2020,24,0.000352
Q3-2020,25,0.002767
Q3-2020,26,0.003686
Q3-2020,27,0.003826
Q3-2020,28,0.000453
Q3-2020,29,0.001863
Q3-2020,30,0.005989
Q3-2020,31,0.000409
Q3-2020,32,0.000461
Q3-2020,33,0.000984
Q3-2020,34,0.000467
Q3-2020,35,0.000617
Q3-2020,36,0.000395
Q3-2020,37,0.000147
Q3-2020,38,0.000148
Q3-2020,39,0.000296
Q3-2020,40,0.000247
Q3-2020,41,0.000278
Q3-2020,42,0.000366
Q3-2020,43,0.000229
Q3-2020,44,0.000412
Q3-2020,45,0.000229
Q3-2020,46,0.000275
Q3-2020,47,0.00032
Q3-2020,48,0.000183
Q3-2020,49,0.007543
Q3-2020,50,0.00064
Q3-2020,51,0.001278
Q3-2020,52,0.001988
Q3-2020,53,0.000184
Q3-2020,54,0.006913
Q3-2020,55,0.000138
Q3-2020,56,0.000184
Q3-2020,57,0.000231
Q3-2020,58,0.000277
Q3-2020,59,0.000509
Q3-2020,60,0.000185
Q3-2020,61,0.000418
Q3-2020,62,0.000972
Q3-2020,63,0.000509
Q3-2020,64,0.001018
Q3-2020,65,0.000277
Q3-2020,66,0.000323
Q3-2020,67,0.002629
Q3-2020,68,0.000739
Q3-2020,69,0.014174
Q3-2020,70,0.013771
Q3-2020,71,0.012757
Q3-2020,72,0.013034
Q3-2020,73,0.012669
Q3-2020,74,0.01247
Q3-2020,75,0.015723
Q3-2020,76,0.013672
Q3-2020,77,0.01257
Q3-2020,78,0.013038
Q3-2020,79,0.012391
Q3-2020,80,0.026393
Q3-2020,81,0.012206
Q3-2020,82,0.012289
Q3-2020,83,0.01243
Q3-2020,84,0.012448
Q3-2020,85,0.012216
Q3-2020,86,0.012175
Q3-2020,87,0.012392
Q3-2020,88,0.012589
Q3-2020,89,0.012169
Q3-2020,90,0.013272
Q3-2020,91,0.012208
Q3-2020,92,0.012221
Q3-2020,93,0.012361
Q3-2020,94,0.012409
Q3-2020,95,0.01618
Q3-2020,96,0.012946
Q3-2020,97,0.012401
Q3-2020,98,0.018355
Q3-2020,99,0.012307
Q3-2020,100,0.012308
Q3-2020,101,0.012621
Q3-2020,102,0.013423
Q3-2020,103,0.012644
Q3-2020,104,0.012509
Q3-2020,105,0.012607
Q3-2020,106,0.012602
Q3-2020,107,0.01266
Q3-2020,108,0.012337
Q3-2020,109,0.01272
Q3-2020,110,0.012663
Q3-2020,111,0.013256
Q3-2020,112,0.012769
Q3-2020,113,0.012624
Q3-2020,114,0.012621
Q3-2020,115,0.012723
Q3-2020,116,0.012676
Q3-2020,117,0.01231
Q3-2020,118,0.012735
Q3-2020,119,0.012831
Q3-2020,120,0.013129
Q3-2020,121,0.012211
Q3-2020,122,0.01256
Q3-2020,123,0.012715
Q3-2020,124,0.012838
Q3-2020,125,0.012641
Q3-2020,126,0.012255
Q3-2020,127,0.012993
Q3-2020,128,0.012661
Q3-2020,129,0.012715
Q3-2020,130,0.012886
Q3-2020,131,0.012767
Q3-2020,132,0.01334
Q3-2020,133,0.000795
Q3-2020,134,0.013026
Q3-2020,135,0.012922
Q3-2020,136,0.013
Q3-2020,137,0.01277
Q3-2020,138,0.017306
Q3-2020,139,0.012951
Q3-2020,140,0.01325
Q3-2020,141,0.015197
Q3-2020,142,0.017168
Q3-2020,143,0.017387
Q3-2020,144,0.015049
Q3-2020,145,0.019565
Q3-2020,146,0.021022
Q3-2020,147,0.017601
Q3-2020,148,0.015895
Q3-2020,149,0.017752
Q3-2020,150,0.017743
Q3-2020,151,0.018632
Q3-2020,152,0.022449
Q3-2020,153,0.030899
Q3-2020,154,0.007219
Q3-2020,155,0.018534
Q3-2020,156,0.020686
Q3-2020,157,0.021447
Q3-2020,158,0.020959
Q3-2020,159,0.020526
Q3-2020,160,0.02015
Q3-2020,161,0.016376
Q3-2020,162,0.020497
Q3-2020,163,0.020485
Q3-2020,164,0.016779
Q3-2020,165,0.020354
Q3-2020,166,0.020123
Q3-2020,167,0.020623
Q3-2020,168,0.019884
Q3-2020,169,0.019906
Q3-2020,170,0.019914
Q3-2020,171,0.02015
Q3-2020,172,0.019992
Q3-2020,173,0.021562
Q3-2020,174,0.020371
Q3-2020,175,0.01986
Q3-2020,176,0.023282
Q3-2020,177,0.020608
Q3-2020,178,0.021145
Q3-2020,179,0.020319
Q3-2020,180,0.020528
Q3-2020,181,0.019885
Q3-2020,182,0.019966
Q3-2020,183,0.020178
Q3-2020,184,0.020658
Q3-2020,185,0.018476
Q3-2020,186,0.02042
Q3-2020,187,0.01978
Q3-2020,188,0.020022
Q3-2020,189,0.020466
Q3-2020,190,0.020841
Q3-2020,191,0.02005
Q3-2020,192,0.006373
Q3-2020,193,0.020382
Q3-2020,194,0.020198
Q3-2020,195,0.020196
Q3-2020,196,0.020229
Q3-2020,197,0.020461
Q3-2020,198,0.020811
Q3-2020,199,0.020218
Q3-2020,200,0.019624
Q3-2020,201,0.020222
Q3-2020,202,0.019364
Q3-2020,203,0.020314
Q3-2020,204,0.020103
Q3-2020,205,0.020029
Q3-2020,206,0.02015
Q3-2020,207,0.02063
Q3-2020,208,0.020559
Q3-2020,209,0.020303
Q3-2020,210,0.021272
Q3-2020,211,0.021025
Q3-2020,212,0.020016
Q3-2020,213,0.023106
Q3-2020,214,0.022282
Q3-2020,215,0.026659
Q3-2020,216,0.02157
Q3-2020,217,0.021246
Q3-2020,218,0.021973
Q3-2020,219,0.021656
Q3-2020,220,0.021772
Q3-2020,221,0.021679
Q3-2020,222,0.066927
Q3-2020,223,0.019588
Q3-2020,224,0.021683
Q3-2020,225,0.021208
Q3-2020,226,0.019526
Q3-2020,227,0.021825
Q3-2020,228,0.021457
Q3-2020,229,0.021306
Q3-2020,230,0.021229
Q3-2020,231,0.006751
Q3-2020,232,0.021527
Q3-2020,233,0.007815
Q3-2020,234,0.02172
Q3-2020,235,0.021969
Q3-2020,236,0.021021
Q3-2020,237,0.022243
Q3-2020,238,0.021604
Q3-2020,239,0.021658
Q3-2020,240,0.022484
Q3-2020,241,0.015594
Q3-2020,242,0.009478
Q3-2020,243,0.024833
Q3-2020,244,0.022098
Q3-2020,245,0.023107
Q3-2020,246,0.022831
Q3-2020,247,0.022172
Q3-2020,248,0.022166
Q3-2020,249,0.02216
Q3-2020,250,0.022458
Q3-2020,251,0.022828
Q3-2020,252,0.021712
Q3-2020,253,0.026812
Q3-2020,254,0.005622
Q3-2020,255,0.02106
Q3-2020,256,0.025699
Q3-2020,257,0.02399
Q3-2020,258,0.02442
Q3-2020,259,0.023628
Q3-2020,260,0.006048
Q3-2020,261,0.02864
Q3-2020,262,0.01046
Q3-2020,263,0.02083
Q3-2020,264,0.025109
Q3-2020,265,0.01861
Q3-2020,266,0.022912
Q3-2020,267,0.025239
Q3-2020,268,0.024667
Q3-2020,269,0.024357
Q3-2020,270,0.024273
Q3-2020,271,0.024615
Q3-2020,272,0.027084
Q3-2020,273,0.024716
Q3-2020,274,0.024371
Q3-2020,275,0.024178
Q3-2020,276,0.019647
Q3-2020,277,0.024158
Q3-2020,278,0.024325
Q3-2020,279,0.023921
Q3-2020,280,0.008284
Q3-2020,281,0.025548
Q3-2020,282,0.0245
Q3-2020,283,0.024671
Q3-2020,284,0.008364
Q3-2020,285,0.024179
Q3-2020,286,0.024997
Q3-2020,287,0.023238
Q3-2020,288,0.02248
Q3-2020,289,0.024335
Q3-2020,290,0.022259
Q3-2020,291,0.024321
Q3-2020,292,0.024212
Q3-2020,293,0.022273
Q3-2020,294,0.024195
Q3-2020,295,0.024508
Q3-2020,296,0.024153
Q3-2020,297,0.024721
Q3-2020,298,0.024349
Q3-2020,299,0.023544
Q3-2020,300,0.023222
Q3-2020,301,0.02491
Q3-2020,302,0.024608
Q3-2020,303,0.024868
Q3-2020,304,0.024458
Q3-2020,305,0.024579
Q3-2020,306,0.024756
Q3-2020,307,0.026534
Q3-2020,308,0.027001
Q3-2020,309,0.025571
Q3-2020,310,0.024402
Q3-2020,311,0.024455
Q3-2020,312,0.024726
Q3-2020,313,0.024477
Q3-2020,314,0.02565
Q3-2020,315,0.024955
Q3-2020,316,0.02535
Q3-2020,317,0.025028
Q3-2020,318,0.025341
Q3-2020,319,0.026627
Q3-2020,320,0.029633
Q3-2020,321,0.026821
Q3-2020,322,0.024418
Q3-2020,323,0.024137
Q3-2020,324,0.023408
Q3-2020,325,0.023285
Q3-2020,326,0.023608
Q3-2020,327,0.02435
Q3-2020,328,0.020619
Q3-2020,329,0.02049
Q3-2020,330,0.021409
Q3-2020,331,0.01815
Q3-2020,332,0.020418
Q3-2020,333,0.020158
Q3-2020,334,0.020035
Q3-2020,335,0.020303
Q3-2020,336,0.020206
Q3-2020,337,0.020245
Q3-2020,338,0.018909
Q3-2020,339,0.020381
Q3-2020,340,0.020282
Q3-2020,341,0.020751
Q3-2020,342,0.020048
Q3-2020,343,0.020313
Q3-2020,344,0.019356
Q3-2020,345,0.020396
Q3-2020,346,0.020756
Q3-2020,347,0.020187
Q3-2020,348,0.019609
Q3-2020,349,0.020368
Q3-2020,350,0.020214
Q3-2020,351,0.019967
Q3-2020,352,0.020069
Q3-2020,353,0.019029
Q3-2020,354,0.019104
Q3-2020,355,0.008418
Q3-2020,356,0.019402
Q3-2020,357,0.019981
Q3-2020,358,0.01904
Q3-2020,359,0.019263
Q3-2020,360,0.018878
Q3-2020,361,0.018683
Q3-2020,362,0.01902
Q3-2020,363,0.018864
Q3-2020,364,0.018751
Q3-2020,365,0.017673
Q3-2020,366,0.018801
Q3-2020,367,0.020465
Q3-2020,368,0.019009
Q3-2020,369,0.018851
Q3-2020,370,0.019113
Q3-2020,371,0.007113
Q3-2020,372,0.019107
Q3-2020,373,0.008584
Q3-2020,374,0.017114
Q3-2020,375,0.01926
Q3-2020,376,0.019547
Q3-2020,377,0.018829
Q3-2020,378,0.019122
Q3-2020,379,0.019305
Q3-2020,380,0.019281
Q3-2020,381,0.019373
Q3-2020,382,0.02046
Q3-2020,383,0.019304
Q3-2020,384,0.021671
Q3-2020,385,0.019428
Q3-2020,386,0.01933
Q3-2020,387,0.017246
Q3-2020,388,0.019369
Q3-2020,389,0.019662
Q3-2020,390,0.019018
Q3-2020,391,0.019141
Q3-2020,392,0.019153
Q3-2020,393,0.019145
Q3-2020,394,0.019197
Q3-2020,395,0.019233
Q3-2020,396,0.019024
Q3-2020,397,0.019171
Q3-2020,398,0.01896
Q3-2020,399,0.018963
Q3-2020,400,0.018858
Q3-2020,401,0.019055
Q3-2020,402,0.019159
Q3-2020,403,0.018949
Q3-2020,404,0.019241
Q3-2020,405,0.019132
Q3-2020,406,0.019232
Q3-2020,407,0.019098
Q3-2020,408,0.019524
Q3-2020,409,0.018928
Q3-2020,410,0.019236
Q3-2020,411,0.019029
Q3-2020,412,0.018781
Q3-2020,413,0.016652
Q3-2020,414,0.020568
Q3-2020,415,0.01953
Q3-2020,416,0.019113
Q3-2020,417,0.019903
Q3-2020,418,0.020093
Q3-2020,419,0.0219
Q3-2020,420,0.021804
Q3-2020,421,0.008746
Q3-2020,422,0.021577
Q3-2020,423,0.021544
Q3-2020,424,0.021675
Q3-2020,425,0.021636
Q3-2020,426,0.021646
Q3-2020,427,0.017223
Q3-2020,428,0.02151
Q3-2020,429,0.021668
Q3-2020,430,0.021675
Q3-2020,431,0.021798
Q3-2020,432,0.021645
Q3-2020,433,0.021718
Q3-2020,434,0.021678
Q3-2020,435,0.021624
Q3-2020,436,0.021805
Q3-2020,437,0.014329
Q3-2020,438,0.021194
Q3-2020,439,0.029921
Q3-2020,440,0.024919
Q3-2020,441,0.024859
Q3-2020,442,0.024302
Q3-2020,443,0.024249
Q3-2020,444,0.02453
Q3-2020,445,0.028815
Q3-2020,446,0.024451
Q3-2020,447,0.028573
Q3-2020,448,0.010825
Q3-2020,449,0.009277
Q3-2020,450,0.028059
Q3-2020,451,0.011617
Q3-2020,452,0.028797
Q3-2020,453,0.027466
Q3-2020,454,0.024148
Q3-2020,455,0.027233
Q3-2020,456,0.026778
Q3-2020,457,0.026503
Q3-2020,458,0.025275
Q3-2020,459,0.027465
Q3-2020,460,0.027264
Q3-2020,461,0.026951
Q3-2020,462,0.026466
Q3-2020,463,0.026912
Q3-2020,464,0.026494
Q3-2020,465,0.026545
Q3-2020,466,0.026495
Q3-2020,467,0.02657
Q3-2020,468,0.025299
Q3-2020,469,0.026675
Q3-2020,470,0.026885
Q3-2020,471,0.027124
Q3-2020,472,0.026806
Q3-2020,473,0.026482
Q3-2020,474,0.026556
Q3-2020,475,0.027119
Q3-2020,476,0.026629
Q3-2020,477,0.177693
Q3-2020,478,0.029012
Q3-2020,479,0.027215
Q3-2020,480,0.026204
Q3-2020,481,0.027619
Q3-2020,482,0.023934
Q3-2020,483,0.027294
Q3-2020,484,0.029111
Q3-2020,485,0.026767
Q3-2020,486,0.025993
Q3-2020,487,0.026637
Q3-2020,488,0.02673
Q3-2020,489,0.026627
Q3-2020,490,0.027115
Q3-2020,491,0.026806
Q3-2020,492,0.026687
Q3-2020,493,0.026981
Q3-2020,494,0.027828
Q3-2020,495,0.026417
Q3-2020,496,0.026626
Q3-2020,497,0.026601
Q3-2020,498,0.026774
Q3-2020,499,0.027174
Q3-2020,500,0.026826
Q3-2020,501,0.03173
Q3-2020,502,0.010531
Q3-2020,503,0.027441
Q3-2020,504,0.027087
Q3-2020,505,0.024578
Q3-2020,506,0.027517
Q3-2020,507,0.027113
Q3-2020,508,0.026939
Q3-2020,509,0.027119
Q3-2020,510,0.004778
Q3-2020,511,0.021543
Q3-2020,512,0.027486
Q3-2020,513,0.026385
Q3-2020,514,0.028112
Q3-2020,515,0.028021
Q3-2020,516,0.028334
Q3-2020,517,0.022
Q3-2020,518,0.027959
Q3-2020,519,0.028831
Q3-2020,520,0.016049
Q3-2020,521,0.030565
Q3-2020,522,0.034214
Q3-2020,523,0.030948
Q3-2020,524,0.026085
Q3-2020,525,0.02604
Q3-2020,526,0.026084
Q3-2020,527,0.026106
Q3-2020,528,0.021111
Q3-2020,529,0.025313
Q3-2020,530,0.023346
Q3-2020,531,0.023365
Q3-2020,532,0.022361
Q3-2020,533,0.02342
Q3-2020,534,0.023801
Q3-2020,535,0.010234
Q3-2020,536,0.02217
Q3-2020,537,0.022875
Q3-2020,538,0.023394
Q3-2020,539,0.023401
Q3-2020,540,0.008937
Q3-2020,541,0.010135
Q3-2020,542,0.009813
Q3-2020,543,0.022912
Q3-2020,544,0.022618
Q3-2020,545,0.020812
Q3-2020,546,0.023254
Q3-2020,547,0.011153
Q3-2020,548,0.009931
Q3-2020,549,0.021669
Q3-2020,550,0.022663
Q3-2020,551,0.023257
Q3-2020,552,0.023382
Q3-2020,553,0.02316
Q3-2020,554,0.024089
Q3-2020,555,0.02316
Q3-2020,556,0.023266
Q3-2020,557,0.018419
Q3-2020,558,0.024076
Q3-2020,559,0.020836
Q3-2020,560,0.023183
Q3-2020,561,0.023458
Q3-2020,562,0.020741
Q3-2020,563,0.018466
Q3-2020,564,0.022452
Q3-2020,565,0.023627
Q3-2020,566,0.023353
Q3-2020,567,0.023166
Q3-2020,568,0.020217
Q3-2020,569,0.022918
Q3-2020,570,0.029275
Q3-2020,571,0.020523
Q3-2020,572,0.020346
Q3-2020,573,0.023208
Q3-2020,574,0.023486
Q3-2020,575,0.023962
Q3-2020,576,0.023416
Q3-2020,577,0.023357
Q3-2020,578,0.023237
Q3-2020,579,0.02336
Q3-2020,580,0.023308
Q3-2020,581,0.023179
Q3-2020,582,0.020908
Q3-2020,583,0.026564
Q3-2020,584,0.021085
Q3-2020,585,0.023675
Q3-2020,586,0.023234
Q3-2020,587,0.023021
Q3-2020,588,0.023285
Q3-2020,589,0.023292
Q3-2020,590,0.02315
Q3-2020,591,0.023262
Q3-2020,592,0.023238
Q3-2020,593,0.01845
Q3-2020,594,0.022473
Q3-2020,595,0.010017
Q3-2020,596,0.023373
Q3-2020,597,0.022529
Q3-2020,598,0.023171
Q3-2020,599,0.020832
Q3-2020,600,0.023224
Q3-2020,601,0.023177
Q3-2020,602,0.009977
Q3-2020,603,0.020761
Q3-2020,604,0.022981
Q3-2020,605,0.023157
Q3-2020,606,0.02299
Q3-2020,607,0.023261
Q3-2020,608,0.010655
Q3-2020,609,0.023193
Q3-2020,610,0.022599
Q3-2020,611,0.023287
Q3-2020,612,0.023093
Q3-2020,613,0.025184
Q3-2020,614,0.990271
Q3-2020,615,0.023484
Q3-2020,616,0.023206
Q3-2020,617,0.023196
Q3-2020,618,0.023555
Q3-2020,619,0.023733
Q3-2020,620,0.010208
Q3-2020,621,0.023441
Q3-2020,622,0.02585
Q3-2020,623,0.021341
Q3-2020,624,0.023179
Q3-2020,625,0.023793
Q3-2020,626,0.026288
Q3-2020,627,0.02342
Q3-2020,628,0.023362
Q3-2020,629,0.023293
Q3-2020,630,0.010144
Q3-2020,631,0.0235
Q3-2020,632,0.028157
Q3-2020,633,0.023115
Q3-2020,634,0.02311
Q3-2020,635,0.023375
Q3-2020,636,0.02302
Q3-2020,637,0.020549
Q3-2020,638,0.023544
Q3-2020,639,0.023409
Q3-2020,640,0.025549
Q3-2020,641,0.023327
Q3-2020,642,0.02364
Q3-2020,643,0.023136
Q3-2020,644,0.02306
Q3-2020,645,0.022839
Q3-2020,646,0.02312
Q3-2020,647,0.025391
Q3-2020,648,0.022148
Q3-2020,649,0.023156
Q3-2020,650,0.023098
Q3-2020,651,0.023073
Q3-2020,652,0.02315
Q3-2020,653,0.024148
Q3-2020,654,0.025828
Q3-2020,655,0.02719
Q3-2020,656,0.023363
Q3-2020,657,0.018613
Q3-2020,658,0.022702
Q3-2020,659,0.023404
Q3-2020,660,0.02335
Q3-2020,661,0.023668
Q3-2020,662,0.023361
Q3-2020,663,0.023267
Q3-2020,664,0.010404
Q3-2020,665,0.023557
Q3-2020,666,0.021566
Q3-2020,667,0.010341
Q3-2020,668,0.022615
Q3-2020,669,0.022946
Q3-2020,670,0.023787
Q3-2020,671,0.023477
Q3-2020,672,0.023673
Q3-2020,673,0.02438
Q3-2020,674,0.023403
Q3-2020,675,0.015917
Q3-2020,676,0.010582
Q3-2020,677,0.029374
Q3-2020,678,0.023429
Q3-2020,679,0.02372
Q3-2020,680,0.023779
Q3-2020,681,0.044376
Q3-2020,682,0.016216
Q3-2020,683,0.009871
Q3-2020,684,0.023948
Q3-2020,685,0.022695
Q3-2020,686,0.020999
Q3-2020,687,0.024973
Q3-2020,688,0.031416
Q3-2020,689,0.010909
Q3-2020,690,0.024
Q3-2020,691,0.023675
Q3-2020,692,0.018659
Q3-2020,693,0.022617
Q3-2020,694,0.023896
Q3-2020,695,0.023487
Q3-2020,696,0.023584
Q3-2020,697,0.023631
Q3-2020,698,0.02857
Q3-2020,699,0.023668
Q3-2020,700,0.02359
Q3-2020,701,0.025098
Q3-2020,702,0.023719
Q3-2020,703,0.023595
Q3-2020,704,0.022855
Q3-2020,705,0.023963
Q3-2020,706,0.024292
Q3-2020,707,0.023578
Q3-2020,708,0.021294
Q3-2020,709,0.018851
Q3-2020,710,0.023011
Q3-2020,711,0.023382
Q3-2020,712,0.010504
Q3-2020,713,0.02353
Q3-2020,714,0.022618
Q3-2020,715,0.023679
Q3-2020,716,0.023022
Q3-2020,717,0.024026
Q3-2020,718,0.023553
Q3-2020,719,0.022962
Q3-2020,720,0.023595
Q3-2020,721,0.023657
Q3-2020,722,0.023526
Q3-2020,723,0.021526
Q3-2020,724,0.022912
Q3-2020,725,0.023693
Q3-2020,726,0.023617
Q3-2020,727,0.023567
Q3-2020,728,0.023824
Q3-2020,729,0.023541
Q3-2020,730,0.023595
Q3-2020,731,0.024976
Q3-2020,732,0.017486
Q3-2020,733,0.023644
Q3-2020,734,0.022931
Q3-2020,735,0.024009
Q3-2020,736,0.02357
Q3-2020,737,0.023337
Q3-2020,738,0.023352
Q3-2020,739,0.023584
Q3-2020,740,0.023738
Q3-2020,741,0.023429
Q3-2020,742,0.023307
Q3-2020,743,0.023684
Q3-2020,744,0.023657
Q3-2020,745,0.02363
Q3-2020,746,0.022254
Q3-2020,747,0.024382
Q3-2020,748,0.023473
Q3-2020,749,0.02343
Q3-2020,750,0.023397
Q3-2020,751,0.023534
Q3-2020,752,0.005753
Q3-2020,753,0.017346
Q3-2020,754,0.022798
Q3-2020,755,0.024276
Q3-2020,756,0.02426
Q3-2020,757,0.024301
Q3-2020,758,0.024492
Q3-2020,759,0.02449
Q3-2020,760,0.024619
Q3-2020,761,0.024929
Q3-2020,762,0.024532
Q3-2020,763,0.022769
Q3-2020,764,0.024162
Q3-2020,765,0.025114
Q3-2020,766,0.024237
Q3-2020,767,0.024104
Q3-2020,768,0.024225
Q3-2020,769,0.027426
Q3-2020,770,0.022855
Q3-2020,771,0.026082
Q3-2020,772,0.024863
Q3-2020,773,0.02402
Q3-2020,774,0.024179
Q3-2020,775,0.024251
Q3-2020,776,0.024054
Q3-2020,777,0.02416
Q3-2020,778,0.026047
Q3-2020,779,0.024651
Q3-2020,780,0.028372
Q3-2020,781,0.022978
Q3-2020,782,0.024252
Q3-2020,783,0.024642
Q3-2020,784,0.021949
Q3-2020,785,0.024492
Q3-2020,786,0.022989
Q3-2020,787,0.024428
Q3-2020,788,0.024349
Q3-2020,789,0.024431
Q3-2020,790,0.024168
Q3-2020,791,0.024768
Q3-2020,792,0.019322
Q3-2020,793,0.023561
Q3-2020,794,0.02431
Q3-2020,795,0.024183
Q3-2020,796,0.026674
Q3-2020,797,0.021923
Q3-2020,798,0.019241
Q3-2020,799,0.023438
Q3-2020,800,0.010378
Q3-2020,801,0.024124
Q3-2020,802,0.023283
Q3-2020,803,0.024024
Q3-2020,804,0.024202
Q3-2020,805,0.024279
Q3-2020,806,0.024115
Q3-2020,807,0.010765
Q3-2020,808,0.024579
Q3-2020,809,0.022139
Q3-2020,810,0.021839
Q3-2020,811,0.021582
Q3-2020,812,0.02611
Q3-2020,813,0.022279
Q3-2020,814,0.02459
Q3-2020,815,0.024787
Q3-2020,816,0.024264
Q3-2020,817,0.024343
Q3-2020,818,0.024718
Q3-2020,819,0.024317
Q3-2020,820,0.024241
Q3-2020,821,0.01938
Q3-2020,822,0.026849
Q3-2020,823,0.02418
Q3-2020,824,0.024516
Q3-2020,825,0.024223
Q3-2020,826,0.024628
Q3-2020,827,0.024428
Q3-2020,828,0.024267
Q3-2020,829,0.010819
Q3-2020,830,0.024561
Q3-2020,831,0.023884
Q3-2020,832,0.024335
Q3-2020,833,0.024338
Q3-2020,834,0.024537
Q3-2020,835,0.024401
Q3-2020,836,0.024566
Q3-2020,837,0.024352
Q3-2020,838,0.023633
Q3-2020,839,0.024441
Q3-2020,840,0.024495
Q3-2020,841,0.025823
Q3-2020,842,0.02447
Q3-2020,843,0.024385
Q3-2020,844,0.024403
Q3-2020,845,0.022228
Q3-2020,846,0.024806
Q3-2020,847,0.024395
Q3-2020,848,0.023859
Q3-2020,849,0.023804
Q3-2020,850,0.023701
Q3-2020,851,0.023683
Q3-2020,852,0.023909
Q3-2020,853,0.023703
Q3-2020,854,0.024171
Q3-2020,855,0.023811
Q3-2020,856,0.025093
Q3-2020,857,0.023894
Q3-2020,858,0.021573
Q3-2020,859,0.027081
Q3-2020,860,0.023782
Q3-2020,861,0.01944
Q3-2020,862,0.019026
Q3-2020,863,0.023161
Q3-2020,864,0.018728
Q3-2020,865,0.023109
Q3-2020,866,0.024138
Q3-2020,867,0.024315
Q3-2020,868,0.024271
Q3-2020,869,0.024249
Q3-2020,870,0.024229
Q3-2020,871,0.024802
Q3-2020,872,0.024036
Q3-2020,873,0.023833
Q3-2020,874,0.024101
Q3-2020,875,0.023897
Q3-2020,876,0.021378
Q3-2020,877,0.018759
Q3-2020,878,0.022842
Q3-2020,879,0.025636
Q3-2020,880,0.02394
Q3-2020,881,0.010724
Q3-2020,882,0.023789
Q3-2020,883,0.022182
Q3-2020,884,0.024781
Q3-2020,885,0.022539
Q3-2020,886,0.023846
Q3-2020,887,0.023753
Q3-2020,888,0.023872
Q3-2020,889,0.010591
Q3-2020,890,0.008435
Q3-2020,891,0.023219
Q3-2020,892,0.020395
Q3-2020,893,0.022899
Q3-2020,894,0.023912
Q3-2020,895,0.023919
Q3-2020,896,0.023921
Q3-2020,897,0.02398
Q3-2020,898,0.023934
Q3-2020,899,0.023304
Q3-2020,900,0.010813
Q3-2020,901,0.023915
Q3-2020,902,0.02358
Q3-2020,903,0.024253
Q3-2020,904,0.023918
Q3-2020,905,0.023929
Q3-2020,906,0.023993
Q3-2020,907,0.023983
Q3-2020,908,0.010883
Q3-2020,909,0.024007
Q3-2020,910,0.023376
Q3-2020,911,0.022578
Q3-2020,912,0.023853
Q3-2020,913,0.024081
Q3-2020,914,0.023873
Q3-2020,915,0.024042
Q3-2020,916,0.023888
Q3-2020,917,0.023953
Q3-2020,918,0.024
Q3-2020,919,0.023908
Q3-2020,920,0.023916
Q3-2020,921,0.023949
Q3-2020,922,0.024648
Q3-2020,923,0.023893
Q3-2020,924,0.024189
Q3-2020,925,0.021465
Q3-2020,926,0.023973
Q3-2020,927,0.023866
Q3-2020,928,0.023664
Q3-2020,929,0.024863
Q3-2020,930,0.026938
Q3-2020,931,0.021408
Q3-2020,932,0.024146
Q3-2020,933,0.023897
Q3-2020,934,0.023871
Q3-2020,935,0.023984
Q3-2020,936,0.028416
Q3-2020,937,0.008642
Q3-2020,938,0.024703
Q3-2020,939,0.019752
Q3-2020,940,0.021371
Q3-2020,941,0.024682
Q3-2020,942,0.01117
Q3-2020,943,0.028906
Q3-2020,944,0.023764
Q3-2020,945,0.021781
Q3-2020,946,0.024757
Q3-2020,947,0.024291
Q3-2020,948,0.023677
Q3-2020,949,0.024127
Q3-2020,950,0.026415
Q3-2020,951,0.019278
Q3-2020,952,0.023941
Q3-2020,953,0.010879
Q3-2020,954,0.022173
Q3-2020,955,0.025373
Q3-2020,956,0.011705
Q3-2020,957,0.026637
Q3-2020,958,0.023434
Q3-2020,959,0.021398
Q3-2020,960,0.024019
Q3-2020,961,0.024394
Q3-2020,962,0.022711
Q3-2020,963,0.024311
Q3-2020,964,0.024219
Q3-2020,965,0.024261
Q3-2020,966,0.024281
Q3-2020,967,0.019073
Q3-2020,968,0.023521
Q3-2020,969,0.024385
Q3-2020,970,0.02466
Q3-2020,971,0.024803
Q3-2020,972,0.024782
Q3-2020,973,0.024541
Q3-2020,974,0.0193
Q3-2020,975,0.023757
Q3-2020,976,0.024489
Q3-2020,977,0.023087
Q3-2020,978,0.024452
Q3-2020,979,0.024512
Q3-2020,980,0.024398
Q3-2020,981,0.021582
Q3-2020,982,0.033871
Q3-2020,983,0.024382
Q3-2020,984,0.024278
Q3-2020,985,0.024349
Q3-2020,986,0.02438
Q3-2020,987,0.022995
Q3-2020,988,0.010875
Q3-2020,989,0.024332
Q3-2020,990,0.023716
Q3-2020,991,0.024366
Q3-2020,992,0.024371
Q3-2020,993,0.022978
Q3-2020,994,0.024343
Q3-2020,995,0.02426
Q3-2020,996,0.024291
Q3-2020,997,0.024251
Q3-2020,998,0.024286
Q3-2020,999,0.024576
Q3-2020,1000,0.024334
Q3-2020,1001,0.021754
Q3-2020,1002,0.02177
Q3-2020,1003,0.024353
Q3-2020,1004,0.024033
Q3-2020,1005,0.024177
Q3-2020,1006,0.022357
Q3-2020,1007,0.02448
Q3-2020,1008,0.024452
Q3-2020,1009,0.024518
Q3-2020,1010,0.019194
Q3-2020,1011,0.023418
Q3-2020,1012,0.024206
Q3-2020,1013,0.024232
Q3-2020,1014,0.024435
Q3-2020,1015,0.018967
Q3-2020,1016,0.022288
Q3-2020,1017,0.024217
Q3-2020,1018,0.024358
Q3-2020,1019,0.024334
Q3-2020,1020,0.013892
Q3-2020,1021,0.0243
Q3-2020,1022,0.020109
Q3-2020,1023,0.02427
Q3-2020,1024,0.024331
Q3-2020,1025,0.018791
Q3-2020,1026,0.02353
Q3-2020,1027,0.025434
Q3-2020,1028,0.024219
Q3-2020,1029,0.024395
Q3-2020,1030,0.024179
Q3-2020,1031,0.024208
Q3-2020,1032,0.024184
Q3-2020,1033,0.024279
Q3-2020,1034,0.024186
Q3-2020,1035,0.024394
Q3-2020,1036,0.024264
Q3-2020,1037,0.024416
Q3-2020,1038,0.024309
Q3-2020,1039,0.024308
Q3-2020,1040,0.024433
Q3-2020,1041,0.0243
Q3-2020,1042,0.024323
Q3-2020,1043,0.024348
Q3-2020,1044,0.011014
Q3-2020,1045,0.02528
Q3-2020,1046,0.023943
Q3-2020,1047,0.024446
Q3-2020,1048,0.024406
Q3-2020,1049,0.02439
Q3-2020,1050,0.024517
Q3-2020,1051,0.022901
Q3-2020,1052,0.025833
Q3-2020,1053,0.023033
Q3-2020,1054,0.023643
Q3-2020,1055,0.023557
Q3-2020,1056,0.02416
Q3-2020,1057,0.023927
Q3-2020,1058,0.024347
Q3-2020,1059,0.023679
Q3-2020,1060,0.018553
Q3-2020,1061,0.021553
Q3-2020,1062,0.023906
Q3-2020,1063,0.024297
Q3-2020,1064,0.023806
Q3-2020,1065,0.021438
Q3-2020,1066,0.023892
Q3-2020,1067,0.023668
Q3-2020,1068,0.024919
Q3-2020,1069,0.024152
Q3-2020,1070,0.027989
Q3-2020,1071,0.024076
Q3-2020,1072,0.024129
Q3-2020,1073,0.026021
Q3-2020,1074,0.02413
Q3-2020,1075,0.02387
Q3-2020,1076,0.018748
Q3-2020,1077,0.023112
Q3-2020,1078,0.014187
Q3-2020,1079,0.02401
Q3-2020,1080,0.023211
Q3-2020,1081,0.023885
Q3-2020,1082,0.023801
Q3-2020,1083,0.024369
Q3-2020,1084,0.029269
Q3-2020,1085,0.024625
Q3-2020,1086,0.023885
Q3-2020,1087,0.025724
Q3-2020,1088,0.023989
Q3-2020,1089,0.02389
Q3-2020,1090,0.023994
Q3-2020,1091,0.024574
Q3-2020,1092,0.024035
Q3-2020,1093,0.023838
Q3-2020,1094,0.010801
Q3-2020,1095,0.023899
Q3-2020,1096,0.023314
Q3-2020,1097,0.023972
Q3-2020,1098,0.023839
Q3-2020,1099,0.023992
Q3-2020,1100,0.023885
Q3-2020,1101,0.025341
Q3-2020,1102,0.024313
Q3-2020,1103,0.024014
Q3-2020,1104,0.026599
Q3-2020,1105,0.023835
Q3-2020,1106,0.023925
Q3-2020,1107,0.024065
Q3-2020,1108,0.024161
Q3-2020,1109,0.023973
Q3-2020,1110,0.023939
Q3-2020,1111,0.024666
Q3-2020,1112,0.025044
Q3-2020,1113,0.023813
Q3-2020,1114,0.01882
Q3-2020,1115,0.022955
Q3-2020,1116,0.017091
Q3-2020,1117,0.022787
Q3-2020,1118,0.026072
Q3-2020,1119,0.023901
Q3-2020,1120,0.02597
Q3-2020,1121,0.024162
Q3-2020,1122,0.02588
Q3-2020,1123,0.023883
Q3-2020,1124,0.026297
Q3-2020,1125,0.023931
Q3-2020,1126,0.023798
Q3-2020,1127,0.024136
Q3-2020,1128,0.018651
Q3-2020,1129,0.021731
Q3-2020,1130,0.010804
Q3-2020,1131,0.024015
Q3-2020,1132,0.023326
Q3-2020,1133,0.023105
Q3-2020,1134,0.018673
Q3-2020,1135,0.023205
Q3-2020,1136,0.023786
Q3-2020,1137,0.023859
Q3-2020,1138,0.02335
Q3-2020,1139,0.024302
Q3-2020,1140,0.021856
Q3-2020,1141,0.022612
Q3-2020,1142,0.023976
Q3-2020,1143,0.02391
Q3-2020,1144,0.026187
Q3-2020,1145,0.02385
Q3-2020,1146,0.02473
Q3-2020,1147,0.024269
Q3-2020,1148,0.023874
Q3-2020,1149,0.024101
Q3-2020,1150,0.018853
Q3-2020,1151,0.023073
Q3-2020,1152,0.02373
Q3-2020,1153,0.025215
Q3-2020,1154,0.021346
Q3-2020,1155,0.02412
Q3-2020,1156,0.023767
Q3-2020,1157,0.023724
Q3-2020,1158,0.023815
Q3-2020,1159,0.024281
Q3-2020,1160,0.023783
Q3-2020,1161,0.023746
Q3-2020,1162,0.025786
Q3-2020,1163,0.017207
Q3-2020,1164,0.024246
Q3-2020,1165,0.021326
Q3-2020,1166,0.02406
Q3-2020,1167,0.026859
Q3-2020,1168,0.023824
Q3-2020,1169,0.021688
Q3-2020,1170,0.024049
Q3-2020,1171,0.024379
Q3-2020,1172,0.024055
Q3-2020,1173,0.024229
Q3-2020,1174,0.024188
Q3-2020,1175,0.024154
Q3-2020,1176,0.027112
Q3-2020,1177,0.023246
Q3-2020,1178,0.023966
Q3-2020,1179,0.022696
Q3-2020,1180,0.024079
Q3-2020,1181,0.024438
Q3-2020,1182,0.024152
Q3-2020,1183,0.02402
Q3-2020,1184,0.024108
Q3-2020,1185,0.023904
Q3-2020,1186,0.023861
Q3-2020,1187,0.025609
Q3-2020,1188,0.023882
Q3-2020,1189,0.024152
Q3-2020,1190,0.023972
Q3-2020,1191,0.025366
Q3-2020,1192,0.011198
Q3-2020,1193,0.022526
Q3-2020,1194,0.023347
Q3-2020,1195,0.024135
Q3-2020,1196,0.023965
Q3-2020,1197,0.021611
Q3-2020,1198,0.023871
Q3-2020,1199,0.02424
Q3-2020,1200,0.021445
Q3-2020,1201,0.024799
Q3-2020,1202,0.024903
Q3-2020,1203,0.024044
Q3-2020,1204,0.023957
Q3-2020,1205,0.024311
Q3-2020,1206,0.021486
Q3-2020,1207,0.024491
Q3-2020,1208,0.024734
Q3-2020,1209,0.023683
Q3-2020,1210,0.023951
Q3-2020,1211,0.023956
Q3-2020,1212,0.010838
Q3-2020,1213,0.023997
Q3-2020,1214,0.021117
Q3-2020,1215,0.024067
Q3-2020,1216,0.024466
Q3-2020,1217,0.024027
Q3-2020,1218,0.024156
Q3-2020,1219,0.024976
Q3-2020,1220,0.024071
Q3-2020,1221,0.022671
Q3-2020,1222,0.0228
Q3-2020,1223,0.024357
Q3-2020,1224,0.025052
Q3-2020,1225,0.011039
Q3-2020,1226,0.024128
Q3-2020,1227,0.023557
Q3-2020,1228,0.01724
Q3-2020,1229,0.024794
Q3-2020,1230,0.023778
Q3-2020,1231,0.024831
Q3-2020,1232,0.024508
Q3-2020,1233,0.02273
Q3-2020,1234,0.024345
Q3-2020,1235,0.020596
Q3-2020,1236,0.022348
Q3-2020,1237,0.026949
Q3-2020,1238,0.024731
Q3-2020,1239,0.022049
Q3-2020,1240,0.016281
Q3-2020,1241,0.010351
Q3-2020,1242,0.024322
Q3-2020,1243,0.023132
Q3-2020,1244,0.025022
Q3-2020,1245,0.025072
Q3-2020,1246,0.024834
Q3-2020,1247,0.017577
Q3-2020,1248,0.010841
Q3-2020,1249,0.021769
Q3-2020,1250,0.021142
Q3-2020,1251,0.026277
Q3-2020,1252,0.025248
Q3-2020,1253,0.020573
Q3-2020,1254,0.023665
Q3-2020,1255,0.024384
Q3-2020,1256,0.024347
Q3-2020,1257,0.008881
Q3-2020,1258,0.023477
Q3-2020,1259,0.018501
Q3-2020,1260,0.025028
Q3-2020,1261,0.024695
Q3-2020,1262,0.024476
Q3-2020,1263,0.025934
Q3-2020,1264,0.025284
Q3-2020,1265,0.024548
Q3-2020,1266,0.021873
Q3-2020,1267,0.024558
Q3-2020,1268,0.024509
Q3-2020,1269,0.024365
Q3-2020,1270,0.024569
Q3-2020,1271,0.024013
Q3-2020,1272,0.023362
Q3-2020,1273,0.022888
Q4-2020,1,0.000124
Q4-2020,2,0.001018
Q4-2020,3,0.002707
Q4-2020,4,7.4e-05
Q4-2020,5,0.030621
Q4-2020,6,0.002285
Q4-2020,7,0.000447
Q4-2020,8,0.000992
Q4-2020,9,0.001619
Q4-2020,10,0.000622
Q4-2020,11,0.000967
Q4-2020,12,0.011316
Q4-2020,13,0.02066
Q4-2020,14,0.001765
Q4-2020,15,0.001042
Q4-2020,16,0.001192
Q4-2020,17,0.000793
Q4-2020,18,0.075761
Q4-2020,19,0.002492
Q4-2020,20,0.008662
Q4-2020,21,0.005501
Q4-2020,22,0.004125
Q4-2020,23,0.005979
Q4-2020,24,0.001171
Q4-2020,25,0.002769
Q4-2020,26,0.009135
Q4-2020,27,0.005789
Q4-2020,28,0.001047
Q4-2020,29,0.004117
Q4-2020,30,0.002212
Q4-2020,31,0.000957
Q4-2020,32,0.00129
Q4-2020,33,0.00173
Q4-2020,34,0.000977
Q4-2020,35,0.000912
Q4-2020,36,0.001063
Q4-2020,37,0.000597
Q4-2020,38,0.00046
Q4-2020,39,0.000718
Q4-2020,40,0.000741
Q4-2020,41,0.000719
Q4-2020,42,0.000737
Q4-2020,43,0.000694
Q4-2020,44,0.000672
Q4-2020,45,0.000693
Q4-2020,46,0.000455
Q4-2020,47,0.000822
Q4-2020,48,0.000713
Q4-2020,49,0.007983
Q4-2020,50,0.001211
Q4-2020,51,0.001555
Q4-2020,52,0.002516
Q4-2020,53,0.000787
Q4-2020,54,0.010353
Q4-2020,55,0.000459
Q4-2020,56,0.000655
Q4-2020,57,0.000789
Q4-2020,58,0.000527
Q4-2020,59,0.000593
Q4-2020,60,0.000725
Q4-2020,61,0.000815
Q4-2020,62,0.001122
Q4-2020,63,0.00077
Q4-2020,64,0.00132
Q4-2020,65,0.000879
Q4-2020,66,0.000747
Q4-2020,67,0.005116
Q4-2020,68,0.001478
Q4-2020,69,0.05198
Q4-2020,70,0.051362
Q4-2020,71,0.050414
Q4-2020,72,0.051876
Q4-2020,73,0.050004
Q4-2020,74,0.049786
Q4-2020,75,0.054211
Q4-2020,76,0.051026
Q4-2020,77,0.05014
Q4-2020,78,0.050956
Q4-2020,79,0.049584
Q4-2020,80,0.062879
Q4-2020,81,0.049615
Q4-2020,82,0.049581
Q4-2020,83,0.05068
Q4-2020,84,0.049753
Q4-2020,85,0.049724
Q4-2020,86,0.04968
Q4-2020,87,0.049733
Q4-2020,88,0.050162
Q4-2020,89,0.049754
Q4-2020,90,0.052068
Q4-2020,91,0.049624
Q4-2020,92,0.049579
Q4-2020,93,0.049683
Q4-2020,94,0.050085
Q4-2020,95,0.056053
Q4-2020,96,0.05187
Q4-2020,97,0.049881
Q4-2020,98,0.067501
Q4-2020,99,0.049942
Q4-2020,100,0.049694
Q4-2020,101,0.049526
Q4-2020,102,0.05157
Q4-2020,103,0.049583
Q4-2020,104,0.04975
Q4-2020,105,0.049906
Q4-2020,106,0.049619
Q4-2020,107,0.049687
Q4-2020,108,0.049415
Q4-2020,109,0.049547
Q4-2020,110,0.0498
Q4-2020,111,0.050731
Q4-2020,112,0.05
Q4-2020,113,0.049885
Q4-2020,114,0.049786
Q4-2020,115,0.04973
Q4-2020,116,0.049677
Q4-2020,117,0.049976
Q4-2020,118,0.050195
Q4-2020,119,0.05001
Q4-2020,120,0.050022
Q4-2020,121,0.049567
Q4-2020,122,0.04941
Q4-2020,123,0.050024
Q4-2020,124,0.050085
Q4-2020,125,0.049928
Q4-2020,126,0.049873
Q4-2020,127,0.049823
Q4-2020,128,0.050012
Q4-2020,129,0.050078
Q4-2020,130,0.050318
Q4-2020,131,0.050137
Q4-2020,132,0.050812
Q4-2020,133,0.001026
Q4-2020,134,0.050213
Q4-2020,135,0.050137
Q4-2020,136,0.050369
Q4-2020,137,0.050178
Q4-2020,138,0.06693
Q4-2020,139,0.049853
Q4-2020,140,0.049927
Q4-2020,141,0.052227
Q4-2020,142,0.053537
Q4-2020,143,0.054781
Q4-2020,144,0.051756
Q4-2020,145,0.057913
Q4-2020,146,0.060274
Q4-2020,147,0.046362
Q4-2020,148,0.053922
Q4-2020,149,0.054709
Q4-2020,150,0.054966
Q4-2020,151,0.055933
Q4-2020,152,0.077742
Q4-2020,153,0.069398
Q4-2020,154,0.017062
Q4-2020,155,0.056297
Q4-2020,156,0.056502
Q4-2020,157,0.060621
Q4-2020,158,0.057251
Q4-2020,159,0.057536
Q4-2020,160,0.05717
Q4-2020,161,0.052074
Q4-2020,162,0.057104
Q4-2020,163,0.057884
Q4-2020,164,0.053807
Q4-2020,165,0.056744
Q4-2020,166,0.05729
Q4-2020,167,0.057435
Q4-2020,168,0.056846
Q4-2020,169,0.056994
Q4-2020,170,0.057296
Q4-2020,171,0.05723
Q4-2020,172,0.05705
Q4-2020,173,0.067309
Q4-2020,174,0.057946
Q4-2020,175,0.057255
Q4-2020,176,0.05144
Q4-2020,177,0.058788
Q4-2020,178,0.059889
Q4-2020,179,0.056959
Q4-2020,180,0.057965
Q4-2020,181,0.049897
Q4-2020,182,0.057076
Q4-2020,183,0.056867
Q4-2020,184,0.057022
Q4-2020,185,0.046852
Q4-2020,186,0.057151
Q4-2020,187,0.056837
Q4-2020,188,0.05676
Q4-2020,189,0.057356
Q4-2020,190,0.058845
Q4-2020,191,0.056823
Q4-2020,192,0.016985
Q4-2020,193,0.057581
Q4-2020,194,0.057516
Q4-2020,195,0.05747
Q4-2020,196,0.057614
Q4-2020,197,0.057971
Q4-2020,198,0.058731
Q4-2020,199,0.057983
Q4-2020,200,0.057472
Q4-2020,201,0.057777
Q4-2020,202,0.057371
Q4-2020,203,0.057847
Q4-2020,204,0.057515
Q4-2020,205,0.057442
Q4-2020,206,0.057542
Q4-2020,207,0.058221
Q4-2020,208,0.057871
Q4-2020,209,0.057757
Q4-2020,210,0.059687
Q4-2020,211,0.059844
Q4-2020,212,0.059123
Q4-2020,213,0.060689
Q4-2020,214,0.06097
Q4-2020,215,0.06942
Q4-2020,216,0.060056
Q4-2020,217,0.05989
Q4-2020,218,0.060732
Q4-2020,219,0.060334
Q4-2020,220,0.059567
Q4-2020,221,0.061083
Q4-2020,222,0.219309
Q4-2020,223,0.048738
Q4-2020,224,0.060021
Q4-2020,225,0.060359
Q4-2020,226,0.049103
Q4-2020,227,0.061485
Q4-2020,228,0.060712
Q4-2020,229,0.060517
Q4-2020,230,0.060684
Q4-2020,231,0.019583
Q4-2020,232,0.060868
Q4-2020,233,0.021623
Q4-2020,234,0.06126
Q4-2020,235,0.061454
Q4-2020,236,0.061018
Q4-2020,237,0.061971
Q4-2020,238,0.060648
Q4-2020,239,0.060685
Q4-2020,240,0.061904
Q4-2020,241,0.041992
Q4-2020,242,0.02365
Q4-2020,243,0.06721
Q4-2020,244,0.063625
Q4-2020,245,0.064055
Q4-2020,246,0.063231
Q4-2020,247,0.063413
Q4-2020,248,0.063137
Q4-2020,249,0.063701
Q4-2020,250,0.063593
Q4-2020,251,0.066753
Q4-2020,252,0.061022
Q4-2020,253,0.059176
Q4-2020,254,0.016374
Q4-2020,255,0.061772
Q4-2020,256,0.069657
Q4-2020,257,0.067003
Q4-2020,258,0.065126
Q4-2020,259,0.064601
Q4-2020,260,0.009531
Q4-2020,261,0.071089
Q4-2020,262,0.028142
Q4-2020,263,0.061393
Q4-2020,264,0.068886
Q4-2020,265,0.059785
Q4-2020,266,0.055291
Q4-2020,267,0.069723
Q4-2020,268,0.069533
Q4-2020,269,0.069511
Q4-2020,270,0.068952
Q4-2020,271,0.068881
Q4-2020,272,0.07783
Q4-2020,273,0.068501
Q4-2020,274,0.068401
Q4-2020,275,0.068106
Q4-2020,276,0.060583
Q4-2020,277,0.06799
Q4-2020,278,0.068657
Q4-2020,279,0.068346
Q4-2020,280,0.023204
Q4-2020,281,0.069093
Q4-2020,282,0.068418
Q4-2020,283,0.068553
Q4-2020,284,0.023227
Q4-2020,285,0.067841
Q4-2020,286,0.069715
Q4-2020,287,0.056242
Q4-2020,288,0.065275
Q4-2020,289,0.066046
Q4-2020,290,0.06465
Q4-2020,291,0.067446
Q4-2020,292,0.066937
Q4-2020,293,0.053852
Q4-2020,294,0.067319
Q4-2020,295,0.067782
Q4-2020,296,0.067293
Q4-2020,297,0.067383
Q4-2020,298,0.067096
Q4-2020,299,0.054774
Q4-2020,300,0.066464
Q4-2020,301,0.06784
Q4-2020,302,0.067671
Q4-2020,303,0.067772
Q4-2020,304,0.067077
Q4-2020,305,0.067688
Q4-2020,306,0.067771
Q4-2020,307,0.069962
Q4-2020,308,0.069975
Q4-2020,309,0.069369
Q4-2020,310,0.067563
Q4-2020,311,0.067815
Q4-2020,312,0.067859
Q4-2020,313,0.067634
Q4-2020,314,0.068596
Q4-2020,315,0.067581
Q4-2020,316,0.067377
Q4-2020,317,0.068173
Q4-2020,318,0.069518
Q4-2020,319,0.06907
Q4-2020,320,0.070185
Q4-2020,321,0.067538
Q4-2020,322,0.063499
Q4-2020,323,0.065477
Q4-2020,324,0.062631
Q4-2020,325,0.064642
Q4-2020,326,0.066661
Q4-2020,327,0.067485
Q4-2020,328,0.057401
Q4-2020,329,0.057423
Q4-2020,330,0.058642
Q4-2020,331,0.044082
Q4-2020,332,0.057138
Q4-2020,333,0.057059
Q4-2020,334,0.056816
Q4-2020,335,0.057011
Q4-2020,336,0.05677
Q4-2020,337,0.056985
Q4-2020,338,0.056116
Q4-2020,339,0.057066
Q4-2020,340,0.056833
Q4-2020,341,0.056709
Q4-2020,342,0.056422
Q4-2020,343,0.056749
Q4-2020,344,0.05664
Q4-2020,345,0.056757
Q4-2020,346,0.057475
Q4-2020,347,0.05635
Q4-2020,348,0.056413
Q4-2020,349,0.05646
Q4-2020,350,0.055876
Q4-2020,351,0.055657
Q4-2020,352,0.056245
Q4-2020,353,0.051675
Q4-2020,354,0.051941
Q4-2020,355,0.021865
Q4-2020,356,0.052267
Q4-2020,357,0.054802
Q4-2020,358,0.051258
Q4-2020,359,0.050435
Q4-2020,360,0.050232
Q4-2020,361,0.04973
Q4-2020,362,0.050659
Q4-2020,363,0.05068
Q4-2020,364,0.050368
Q4-2020,365,0.049809
Q4-2020,366,0.051075
Q4-2020,367,0.055332
Q4-2020,368,0.050611
Q4-2020,369,0.049942
Q4-2020,370,0.050279
Q4-2020,371,0.021102
Q4-2020,372,0.050334
Q4-2020,373,0.022375
Q4-2020,374,0.036569
Q4-2020,375,0.050042
Q4-2020,376,0.05018
Q4-2020,377,0.049874
Q4-2020,378,0.050217
Q4-2020,379,0.050326
Q4-2020,380,0.050306
Q4-2020,381,0.050476
Q4-2020,382,0.052136
Q4-2020,383,0.050591
Q4-2020,384,0.053834
Q4-2020,385,0.051511
Q4-2020,386,0.050892
Q4-2020,387,0.037539
Q4-2020,388,0.051064
Q4-2020,389,0.051647
Q4-2020,390,0.050754
Q4-2020,391,0.050587
Q4-2020,392,0.05046
Q4-2020,393,0.050762
Q4-2020,394,0.050773
Q4-2020,395,0.050337
Q4-2020,396,0.050807
Q4-2020,397,0.050692
Q4-2020,398,0.050548
Q4-2020,399,0.050577
Q4-2020,400,0.050554
Q4-2020,401,0.050519
Q4-2020,402,0.050505
Q4-2020,403,0.050613
Q4-2020,404,0.050663
Q4-2020,405,0.050651
Q4-2020,406,0.050846
Q4-2020,407,0.050442
Q4-2020,408,0.051008
Q4-2020,409,0.050426
Q4-2020,410,0.050588
Q4-2020,411,0.052481
Q4-2020,412,0.051977
Q4-2020,413,0.038236
Q4-2020,414,0.057212
Q4-2020,415,0.055529
Q4-2020,416,0.054884
Q4-2020,417,0.056794
Q4-2020,418,0.056011
Q4-2020,419,0.061974
Q4-2020,420,0.061785
Q4-2020,421,0.023089
Q4-2020,422,0.060982
Q4-2020,423,0.061039
Q4-2020,424,0.06111
Q4-2020,425,0.061171
Q4-2020,426,0.061218
Q4-2020,427,0.054448
Q4-2020,428,0.06088
Q4-2020,429,0.06115
Q4-2020,430,0.061468
Q4-2020,431,0.061481
Q4-2020,432,0.061463
Q4-2020,433,0.061418
Q4-2020,434,0.061583
Q4-2020,435,0.06179
Q4-2020,436,0.060486
Q4-2020,437,0.038974
Q4-2020,438,0.059545
Q4-2020,439,0.074001
Q4-2020,440,0.069153
Q4-2020,441,0.065651
Q4-2020,442,0.065299
Q4-2020,443,0.065197
Q4-2020,444,0.06569
Q4-2020,445,0.06985
Q4-2020,446,0.063555
Q4-2020,447,0.069535
Q4-2020,448,0.025767
Q4-2020,449,0.024558
Q4-2020,450,0.070771
Q4-2020,451,0.02804
Q4-2020,452,0.084212
Q4-2020,453,0.069691
Q4-2020,454,0.054249
Q4-2020,455,0.069769
Q4-2020,456,0.069665
Q4-2020,457,0.069447
Q4-2020,458,0.068557
Q4-2020,459,0.069965
Q4-2020,460,0.069633
Q4-2020,461,0.069372
Q4-2020,462,0.069648
Q4-2020,463,0.069584
Q4-2020,464,0.06928
Q4-2020,465,0.06926
Q4-2020,466,0.069436
Q4-2020,467,0.069136
Q4-2020,468,0.068073
Q4-2020,469,0.069113
Q4-2020,470,0.069424
Q4-2020,471,0.069533
Q4-2020,472,0.068813
Q4-2020,473,0.068879
Q4-2020,474,0.068866
Q4-2020,475,0.069976
Q4-2020,476,0.069249
Q4-2020,477,0.132634
Q4-2020,478,0.073069
Q4-2020,479,0.06871
Q4-2020,480,0.068007
Q4-2020,481,0.068901
Q4-2020,482,0.053842
Q4-2020,483,0.069357
Q4-2020,484,0.078042
Q4-2020,485,0.068735
Q4-2020,486,0.067831
Q4-2020,487,0.068581
Q4-2020,488,0.068765
Q4-2020,489,0.068742
Q4-2020,490,0.069277
Q4-2020,491,0.068792
Q4-2020,492,0.068755
Q4-2020,493,0.068887
Q4-2020,494,0.07141
Q4-2020,495,0.068318
Q4-2020,496,0.06938
Q4-2020,497,0.069002
Q4-2020,498,0.069093
Q4-2020,499,0.068997
Q4-2020,500,0.068314
Q4-2020,501,0.080362
Q4-2020,502,0.024798
Q4-2020,503,0.069073
Q4-2020,504,0.068537
Q4-2020,505,0.053571
Q4-2020,506,0.068332
Q4-2020,507,0.067995
Q4-2020,508,0.06823
Q4-2020,509,0.067737
Q4-2020,510,0.016593
Q4-2020,511,0.059292
Q4-2020,512,0.067592
Q4-2020,513,0.067268
Q4-2020,514,0.068925
Q4-2020,515,0.068431
Q4-2020,516,0.068847
Q4-2020,517,0.060726
Q4-2020,518,0.068064
Q4-2020,519,0.069417
Q4-2020,520,0.031737
Q4-2020,521,0.06927
Q4-2020,522,0.073089
Q4-2020,523,0.067792
Q4-2020,524,0.06561
Q4-2020,525,0.065307
Q4-2020,526,0.066825
Q4-2020,527,0.067771
Q4-2020,528,0.060311
Q4-2020,529,0.062605
Q4-2020,530,0.062898
Q4-2020,531,0.062832
Q4-2020,532,0.061963
Q4-2020,533,0.062839
Q4-2020,534,0.063026
Q4-2020,535,0.023254
Q4-2020,536,0.061909
Q4-2020,537,0.062896
Q4-2020,538,0.062856
Q4-2020,539,0.063057
Q4-2020,540,0.022395
Q4-2020,541,0.023267
Q4-2020,542,0.023337
Q4-2020,543,0.062926
Q4-2020,544,0.06169
Q4-2020,545,0.047736
Q4-2020,546,0.061751
Q4-2020,547,0.024591
Q4-2020,548,0.02265
Q4-2020,549,0.060849
Q4-2020,550,0.061577
Q4-2020,551,0.062106
Q4-2020,552,0.062027
Q4-2020,553,0.062183
Q4-2020,554,0.063903
Q4-2020,555,0.06188
Q4-2020,556,0.062488
Q4-2020,557,0.054776
Q4-2020,558,0.063293
Q4-2020,559,0.047846
Q4-2020,560,0.062088
Q4-2020,561,0.062262
Q4-2020,562,0.047778
Q4-2020,563,0.054762
Q4-2020,564,0.061462
Q4-2020,565,0.062304
Q4-2020,566,0.061985
Q4-2020,567,0.061892
Q4-2020,568,0.04711
Q4-2020,569,0.06207
Q4-2020,570,0.065391
Q4-2020,571,0.047706
Q4-2020,572,0.058557
Q4-2020,573,0.061703
Q4-2020,574,0.061642
Q4-2020,575,0.063073
Q4-2020,576,0.061865
Q4-2020,577,0.061941
Q4-2020,578,0.061719
Q4-2020,579,0.061848
Q4-2020,580,0.06212
Q4-2020,581,0.061788
Q4-2020,582,0.047843
Q4-2020,583,0.068645
Q4-2020,584,0.047968
Q4-2020,585,0.062377
Q4-2020,586,0.061849
Q4-2020,587,0.061568
Q4-2020,588,0.063284
Q4-2020,589,0.061793
Q4-2020,590,0.061716
Q4-2020,591,0.061856
Q4-2020,592,0.061807
Q4-2020,593,0.054732
Q4-2020,594,0.061493
Q4-2020,595,0.022945
Q4-2020,596,0.061965
Q4-2020,597,0.061807
Q4-2020,598,0.061909
Q4-2020,599,0.047876
Q4-2020,600,0.061853
Q4-2020,601,0.061864
Q4-2020,602,0.022668
Q4-2020,603,0.048035
Q4-2020,604,0.061825
Q4-2020,605,0.061728
Q4-2020,606,0.061616
Q4-2020,607,0.062311
Q4-2020,608,0.022891
Q4-2020,609,0.061739
Q4-2020,610,0.061731
Q4-2020,611,0.061809
Q4-2020,612,0.061662
Q4-2020,613,0.067298
Q4-2020,614,0.994969
Q4-2020,615,0.062013
Q4-2020,616,0.062058
Q4-2020,617,0.061784
Q4-2020,618,0.06296
Q4-2020,619,0.062059
Q4-2020,620,0.023011
Q4-2020,621,0.062029
Q4-2020,622,0.065543
Q4-2020,623,0.049119
Q4-2020,624,0.06183
Q4-2020,625,0.062324
Q4-2020,626,0.064001
Q4-2020,627,0.062272
Q4-2020,628,0.061928
Q4-2020,629,0.061889
Q4-2020,630,0.022782
Q4-2020,631,0.063089
Q4-2020,632,0.061847
Q4-2020,633,0.061559
Q4-2020,634,0.061629
Q4-2020,635,0.061925
Q4-2020,636,0.061338
Q4-2020,637,0.047675
Q4-2020,638,0.061603
Q4-2020,639,0.06234
Q4-2020,640,0.064469
Q4-2020,641,0.062048
Q4-2020,642,0.06194
Q4-2020,643,0.06175
Q4-2020,644,0.061439
Q4-2020,645,0.061318
Q4-2020,646,0.061373
Q4-2020,647,0.063152
Q4-2020,648,0.061062
Q4-2020,649,0.061915
Q4-2020,650,0.061853
Q4-2020,651,0.061697
Q4-2020,652,0.062006
Q4-2020,653,0.063009
Q4-2020,654,0.06508
Q4-2020,655,0.067012
Q4-2020,656,0.062155
Q4-2020,657,0.055254
Q4-2020,658,0.062114
Q4-2020,659,0.062404
Q4-2020,660,0.062212
Q4-2020,661,0.062352
Q4-2020,662,0.06195
Q4-2020,663,0.061878
Q4-2020,664,0.022975
Q4-2020,665,0.062035
Q4-2020,666,0.061085
Q4-2020,667,0.022969
Q4-2020,668,0.061094
Q4-2020,669,0.062072
Q4-2020,670,0.062439
Q4-2020,671,0.062008
Q4-2020,672,0.062931
Q4-2020,673,0.066416
Q4-2020,674,0.062438
Q4-2020,675,0.041581
Q4-2020,676,0.024013
Q4-2020,677,0.091157
Q4-2020,678,0.062982
Q4-2020,679,0.064646
Q4-2020,680,0.062262
Q4-2020,681,0.096385
Q4-2020,682,0.041152
Q4-2020,683,0.022869
Q4-2020,684,0.063123
Q4-2020,685,0.062261
Q4-2020,686,0.048327
Q4-2020,687,0.063077
Q4-2020,688,0.068114
Q4-2020,689,0.025162
Q4-2020,690,0.06327
Q4-2020,691,0.063401
Q4-2020,692,0.0552
Q4-2020,693,0.06197
Q4-2020,694,0.062666
Q4-2020,695,0.062413
Q4-2020,696,0.062395
Q4-2020,697,0.062471
Q4-2020,698,0.06267
Q4-2020,699,0.062428
Q4-2020,700,0.062391
Q4-2020,701,0.066464
Q4-2020,702,0.063216
Q4-2020,703,0.062474
Q4-2020,704,0.062921
Q4-2020,705,0.062746
Q4-2020,706,0.063129
Q4-2020,707,0.062474
Q4-2020,708,0.047768
Q4-2020,709,0.05424
Q4-2020,710,0.061097
Q4-2020,711,0.061419
Q4-2020,712,0.023087
Q4-2020,713,0.061516
Q4-2020,714,0.060653
Q4-2020,715,0.061557
Q4-2020,716,0.052184
Q4-2020,717,0.061833
Q4-2020,718,0.061474
Q4-2020,719,0.061573
Q4-2020,720,0.061581
Q4-2020,721,0.061535
Q4-2020,722,0.061555
Q4-2020,723,0.055549
Q4-2020,724,0.061216
Q4-2020,725,0.061446
Q4-2020,726,0.061549
Q4-2020,727,0.061822
Q4-2020,728,0.061919
Q4-2020,729,0.061756
Q4-2020,730,0.061767
Q4-2020,731,0.06284
Q4-2020,732,0.042357
Q4-2020,733,0.06193
Q4-2020,734,0.061803
Q4-2020,735,0.062082
Q4-2020,736,0.061898
Q4-2020,737,0.060843
Q4-2020,738,0.060806
Q4-2020,739,0.060951
Q4-2020,740,0.061639
Q4-2020,741,0.061187
Q4-2020,742,0.061216
Q4-2020,743,0.061555
Q4-2020,744,0.061777
Q4-2020,745,0.061749
Q4-2020,746,0.060407
Q4-2020,747,0.062747
Q4-2020,748,0.061804
Q4-2020,749,0.06158
Q4-2020,750,0.061607
Q4-2020,751,0.060669
Q4-2020,752,0.015445
Q4-2020,753,0.052488
Q4-2020,754,0.06134
Q4-2020,755,0.061684
Q4-2020,756,0.061463
Q4-2020,757,0.061376
Q4-2020,758,0.061895
Q4-2020,759,0.062305
Q4-2020,760,0.062827
Q4-2020,761,0.064766
Q4-2020,762,0.063679
Q4-2020,763,0.062359
Q4-2020,764,0.063595
Q4-2020,765,0.064571
Q4-2020,766,0.063548
Q4-2020,767,0.063359
Q4-2020,768,0.063653
Q4-2020,769,0.070752
Q4-2020,770,0.055574
Q4-2020,771,0.066051
Q4-2020,772,0.06434
Q4-2020,773,0.063402
Q4-2020,774,0.063482
Q4-2020,775,0.063521
Q4-2020,776,0.063589
Q4-2020,777,0.063574
Q4-2020,778,0.064894
Q4-2020,779,0.063999
Q4-2020,780,0.06817
Q4-2020,781,0.062656
Q4-2020,782,0.063733
Q4-2020,783,0.064102
Q4-2020,784,0.049761
Q4-2020,785,0.063821
Q4-2020,786,0.062779
Q4-2020,787,0.064003
Q4-2020,788,0.063952
Q4-2020,789,0.063939
Q4-2020,790,0.063846
Q4-2020,791,0.064523
Q4-2020,792,0.056732
Q4-2020,793,0.063707
Q4-2020,794,0.064289
Q4-2020,795,0.063993
Q4-2020,796,0.066879
Q4-2020,797,0.049729
Q4-2020,798,0.056574
Q4-2020,799,0.063372
Q4-2020,800,0.023275
Q4-2020,801,0.063747
Q4-2020,802,0.063522
Q4-2020,803,0.063524
Q4-2020,804,0.063633
Q4-2020,805,0.063502
Q4-2020,806,0.063471
Q4-2020,807,0.02374
Q4-2020,808,0.06409
Q4-2020,809,0.052291
Q4-2020,810,0.049513
Q4-2020,811,0.049446
Q4-2020,812,0.068501
Q4-2020,813,0.05054
Q4-2020,814,0.063645
Q4-2020,815,0.063799
Q4-2020,816,0.063348
Q4-2020,817,0.063577
Q4-2020,818,0.064003
Q4-2020,819,0.063541
Q4-2020,820,0.063308
Q4-2020,821,0.056015
Q4-2020,822,0.06349
Q4-2020,823,0.063449
Q4-2020,824,0.063506
Q4-2020,825,0.063419
Q4-2020,826,0.063725
Q4-2020,827,0.063454
Q4-2020,828,0.063544
Q4-2020,829,0.023602
Q4-2020,830,0.063513
Q4-2020,831,0.06403
Q4-2020,832,0.063675
Q4-2020,833,0.063678
Q4-2020,834,0.064208
Q4-2020,835,0.063693
Q4-2020,836,0.064452
Q4-2020,837,0.063723
Q4-2020,838,0.063474
Q4-2020,839,0.064171
Q4-2020,840,0.063944
Q4-2020,841,0.065087
Q4-2020,842,0.064351
Q4-2020,843,0.063286
Q4-2020,844,0.063617
Q4-2020,845,0.060877
Q4-2020,846,0.064917
Q4-2020,847,0.062919
Q4-2020,848,0.062789
Q4-2020,849,0.062946
Q4-2020,850,0.063072
Q4-2020,851,0.063104
Q4-2020,852,0.06361
Q4-2020,853,0.063177
Q4-2020,854,0.063676
Q4-2020,855,0.063305
Q4-2020,856,0.064009
Q4-2020,857,0.063223
Q4-2020,858,0.049106
Q4-2020,859,0.066374
Q4-2020,860,0.063494
Q4-2020,861,0.047784
Q4-2020,862,0.056546
Q4-2020,863,0.063629
Q4-2020,864,0.056206
Q4-2020,865,0.063389
Q4-2020,866,0.064271
Q4-2020,867,0.064455
Q4-2020,868,0.064404
Q4-2020,869,0.064737
Q4-2020,870,0.065456
Q4-2020,871,0.065802
Q4-2020,872,0.064839
Q4-2020,873,0.064612
Q4-2020,874,0.064685
Q4-2020,875,0.064486
Q4-2020,876,0.050207
Q4-2020,877,0.056768
Q4-2020,878,0.063921
Q4-2020,879,0.067917
Q4-2020,880,0.064463
Q4-2020,881,0.023934
Q4-2020,882,0.064536
Q4-2020,883,0.063338
Q4-2020,884,0.064921
Q4-2020,885,0.063431
Q4-2020,886,0.064465
Q4-2020,887,0.064071
Q4-2020,888,0.064299
Q4-2020,889,0.023698
Q4-2020,890,0.009599
Q4-2020,891,0.064191
Q4-2020,892,0.057562
Q4-2020,893,0.063677
Q4-2020,894,0.064133
Q4-2020,895,0.064235
Q4-2020,896,0.064198
Q4-2020,897,0.064234
Q4-2020,898,0.064288
Q4-2020,899,0.0635
Q4-2020,900,0.023893
Q4-2020,901,0.064301
Q4-2020,902,0.064313
Q4-2020,903,0.064185
Q4-2020,904,0.064128
Q4-2020,905,0.064091
Q4-2020,906,0.064165
Q4-2020,907,0.064194
Q4-2020,908,0.023925
Q4-2020,909,0.064369
Q4-2020,910,0.064198
Q4-2020,911,0.063175
Q4-2020,912,0.064209
Q4-2020,913,0.064462
Q4-2020,914,0.064296
Q4-2020,915,0.064187
Q4-2020,916,0.064223
Q4-2020,917,0.064249
Q4-2020,918,0.064354
Q4-2020,919,0.064317
Q4-2020,920,0.064583
Q4-2020,921,0.064358
Q4-2020,922,0.064438
Q4-2020,923,0.064317
Q4-2020,924,0.065158
Q4-2020,925,0.05011
Q4-2020,926,0.064391
Q4-2020,927,0.064448
Q4-2020,928,0.06417
Q4-2020,929,0.066249
Q4-2020,930,0.064621
Q4-2020,931,0.050251
Q4-2020,932,0.065102
Q4-2020,933,0.064558
Q4-2020,934,0.064273
Q4-2020,935,0.064538
Q4-2020,936,0.069259
Q4-2020,937,0.009891
Q4-2020,938,0.066052
Q4-2020,939,0.063164
Q4-2020,940,0.051123
Q4-2020,941,0.065832
Q4-2020,942,0.024676
Q4-2020,943,0.065525
Q4-2020,944,0.064869
Q4-2020,945,0.050618
Q4-2020,946,0.065673
Q4-2020,947,0.065116
Q4-2020,948,0.064604
Q4-2020,949,0.064641
Q4-2020,950,0.066915
Q4-2020,951,0.057498
Q4-2020,952,0.064889
Q4-2020,953,0.0241
Q4-2020,954,0.050519
Q4-2020,955,0.066268
Q4-2020,956,0.024808
Q4-2020,957,0.067206
Q4-2020,958,0.063987
Q4-2020,959,0.049391
Q4-2020,960,0.063716
Q4-2020,961,0.065048
Q4-2020,962,0.063591
Q4-2020,963,0.064822
Q4-2020,964,0.064898
Q4-2020,965,0.065157
Q4-2020,966,0.065262
Q4-2020,967,0.058018
Q4-2020,968,0.065304
Q4-2020,969,0.065913
Q4-2020,970,0.066034
Q4-2020,971,0.066027
Q4-2020,972,0.065943
Q4-2020,973,0.065845
Q4-2020,974,0.058124
Q4-2020,975,0.065513
Q4-2020,976,0.065857
Q4-2020,977,0.06462
Q4-2020,978,0.065886
Q4-2020,979,0.065827
Q4-2020,980,0.065661
Q4-2020,981,0.0508
Q4-2020,982,0.068263
Q4-2020,983,0.065704
Q4-2020,984,0.065501
Q4-2020,985,0.06569
Q4-2020,986,0.065785
Q4-2020,987,0.064548
Q4-2020,988,0.024538
Q4-2020,989,0.065597
Q4-2020,990,0.065563
Q4-2020,991,0.06551
Q4-2020,992,0.065582
Q4-2020,993,0.064429
Q4-2020,994,0.065627
Q4-2020,995,0.065592
Q4-2020,996,0.065657
Q4-2020,997,0.065453
Q4-2020,998,0.065639
Q4-2020,999,0.065604
Q4-2020,1000,0.065665
Q4-2020,1001,0.050731
Q4-2020,1002,0.050732
Q4-2020,1003,0.065439
Q4-2020,1004,0.065217
Q4-2020,1005,0.065311
Q4-2020,1006,0.051006
Q4-2020,1007,0.065294
Q4-2020,1008,0.065382
Q4-2020,1009,0.065769
Q4-2020,1010,0.057663
Q4-2020,1011,0.064736
Q4-2020,1012,0.065168
Q4-2020,1013,0.065113
Q4-2020,1014,0.065343
Q4-2020,1015,0.057446
Q4-2020,1016,0.063739
Q4-2020,1017,0.064995
Q4-2020,1018,0.065119
Q4-2020,1019,0.064984
Q4-2020,1020,0.028601
Q4-2020,1021,0.065252
Q4-2020,1022,0.049246
Q4-2020,1023,0.064772
Q4-2020,1024,0.064981
Q4-2020,1025,0.056882
Q4-2020,1026,0.064707
Q4-2020,1027,0.066088
Q4-2020,1028,0.06474
Q4-2020,1029,0.064667
Q4-2020,1030,0.064793
Q4-2020,1031,0.064667
Q4-2020,1032,0.064746
Q4-2020,1033,0.064221
Q4-2020,1034,0.064435
Q4-2020,1035,0.064457
Q4-2020,1036,0.064483
Q4-2020,1037,0.064519
Q4-2020,1038,0.064634
Q4-2020,1039,0.064555
Q4-2020,1040,0.066806
Q4-2020,1041,0.06463
Q4-2020,1042,0.064552
Q4-2020,1043,0.06457
Q4-2020,1044,0.024403
Q4-2020,1045,0.065946
Q4-2020,1046,0.064124
Q4-2020,1047,0.063946
Q4-2020,1048,0.062701
Q4-2020,1049,0.06282
Q4-2020,1050,0.063028
Q4-2020,1051,0.061738
Q4-2020,1052,0.063041
Q4-2020,1053,0.061958
Q4-2020,1054,0.062255
Q4-2020,1055,0.062146
Q4-2020,1056,0.062232
Q4-2020,1057,0.062127
Q4-2020,1058,0.062754
Q4-2020,1059,0.062205
Q4-2020,1060,0.054871
Q4-2020,1061,0.060564
Q4-2020,1062,0.062296
Q4-2020,1063,0.06331
Q4-2020,1064,0.062169
Q4-2020,1065,0.048623
Q4-2020,1066,0.062145
Q4-2020,1067,0.062089
Q4-2020,1068,0.062982
Q4-2020,1069,0.062806
Q4-2020,1070,0.065257
Q4-2020,1071,0.064049
Q4-2020,1072,0.062873
Q4-2020,1073,0.06729
Q4-2020,1074,0.062624
Q4-2020,1075,0.062408
Q4-2020,1076,0.05548
Q4-2020,1077,0.061981
Q4-2020,1078,0.029431
Q4-2020,1079,0.062992
Q4-2020,1080,0.062338
Q4-2020,1081,0.062511
Q4-2020,1082,0.06237
Q4-2020,1083,0.062758
Q4-2020,1084,0.065471
Q4-2020,1085,0.063886
Q4-2020,1086,0.062614
Q4-2020,1087,0.063742
Q4-2020,1088,0.062539
Q4-2020,1089,0.062473
Q4-2020,1090,0.062468
Q4-2020,1091,0.063236
Q4-2020,1092,0.062488
Q4-2020,1093,0.062405
Q4-2020,1094,0.023903
Q4-2020,1095,0.062452
Q4-2020,1096,0.062352
Q4-2020,1097,0.062395
Q4-2020,1098,0.062428
Q4-2020,1099,0.06299
Q4-2020,1100,0.062456
Q4-2020,1101,0.063967
Q4-2020,1102,0.062563
Q4-2020,1103,0.062517
Q4-2020,1104,0.065982
Q4-2020,1105,0.062308
Q4-2020,1106,0.062352
Q4-2020,1107,0.06285
Q4-2020,1108,0.062385
Q4-2020,1109,0.062512
Q4-2020,1110,0.062415
Q4-2020,1111,0.063034
Q4-2020,1112,0.062862
Q4-2020,1113,0.062605
Q4-2020,1114,0.05534
Q4-2020,1115,0.061699
Q4-2020,1116,0.054505
Q4-2020,1117,0.049461
Q4-2020,1118,0.065614
Q4-2020,1119,0.062398
Q4-2020,1120,0.063858
Q4-2020,1121,0.062636
Q4-2020,1122,0.064395
Q4-2020,1123,0.062394
Q4-2020,1124,0.064249
Q4-2020,1125,0.062539
Q4-2020,1126,0.062426
Q4-2020,1127,0.062708
Q4-2020,1128,0.055318
Q4-2020,1129,0.061012
Q4-2020,1130,0.023697
Q4-2020,1131,0.06256
Q4-2020,1132,0.06274
Q4-2020,1133,0.06238
Q4-2020,1134,0.05516
Q4-2020,1135,0.061951
Q4-2020,1136,0.062453
Q4-2020,1137,0.062336
Q4-2020,1138,0.061797
Q4-2020,1139,0.063499
Q4-2020,1140,0.049185
Q4-2020,1141,0.06171
Q4-2020,1142,0.062583
Q4-2020,1143,0.062416
Q4-2020,1144,0.062958
Q4-2020,1145,0.061998
Q4-2020,1146,0.063739
Q4-2020,1147,0.063276
Q4-2020,1148,0.062235
Q4-2020,1149,0.062441
Q4-2020,1150,0.055002
Q4-2020,1151,0.061675
Q4-2020,1152,0.062135
Q4-2020,1153,0.064352
Q4-2020,1154,0.048241
Q4-2020,1155,0.062862
Q4-2020,1156,0.062216
Q4-2020,1157,0.062222
Q4-2020,1158,0.062218
Q4-2020,1159,0.062448
Q4-2020,1160,0.062218
Q4-2020,1161,0.061862
Q4-2020,1162,0.066459
Q4-2020,1163,0.028995
Q4-2020,1164,0.062585
Q4-2020,1165,0.048795
Q4-2020,1166,0.062224
Q4-2020,1167,0.066953
Q4-2020,1168,0.063119
Q4-2020,1169,0.048484
Q4-2020,1170,0.062062
Q4-2020,1171,0.062476
Q4-2020,1172,0.062212
Q4-2020,1173,0.06244
Q4-2020,1174,0.063448
Q4-2020,1175,0.062406
Q4-2020,1176,0.067511
Q4-2020,1177,0.06173
Q4-2020,1178,0.062268
Q4-2020,1179,0.061236
Q4-2020,1180,0.06252
Q4-2020,1181,0.062706
Q4-2020,1182,0.062369
Q4-2020,1183,0.062246
Q4-2020,1184,0.062381
Q4-2020,1185,0.0626
Q4-2020,1186,0.062148
Q4-2020,1187,0.062778
Q4-2020,1188,0.062478
Q4-2020,1189,0.062536
Q4-2020,1190,0.062563
Q4-2020,1191,0.066403
Q4-2020,1192,0.023478
Q4-2020,1193,0.061262
Q4-2020,1194,0.062358
Q4-2020,1195,0.062764
Q4-2020,1196,0.062344
Q4-2020,1197,0.048572
Q4-2020,1198,0.062327
Q4-2020,1199,0.063078
Q4-2020,1200,0.04856
Q4-2020,1201,0.063704
Q4-2020,1202,0.064406
Q4-2020,1203,0.062808
Q4-2020,1204,0.062516
Q4-2020,1205,0.062851
Q4-2020,1206,0.048544
Q4-2020,1207,0.063434
Q4-2020,1208,0.063303
Q4-2020,1209,0.062152
Q4-2020,1210,0.062456
Q4-2020,1211,0.061929
Q4-2020,1212,0.023349
Q4-2020,1213,0.062293
Q4-2020,1214,0.049035
Q4-2020,1215,0.062441
Q4-2020,1216,0.063012
Q4-2020,1217,0.062127
Q4-2020,1218,0.062362
Q4-2020,1219,0.065284
Q4-2020,1220,0.062292
Q4-2020,1221,0.061299
Q4-2020,1222,0.06125
Q4-2020,1223,0.062249
Q4-2020,1224,0.063196
Q4-2020,1225,0.023503
Q4-2020,1226,0.062268
Q4-2020,1227,0.062232
Q4-2020,1228,0.028323
Q4-2020,1229,0.065132
Q4-2020,1230,0.062881
Q4-2020,1231,0.062651
Q4-2020,1232,0.062919
Q4-2020,1233,0.061823
Q4-2020,1234,0.062744
Q4-2020,1235,0.056198
Q4-2020,1236,0.061294
Q4-2020,1237,0.065047
Q4-2020,1238,0.063267
Q4-2020,1239,0.048942
Q4-2020,1240,0.041189
Q4-2020,1241,0.023099
Q4-2020,1242,0.062867
Q4-2020,1243,0.061708
Q4-2020,1244,0.062602
Q4-2020,1245,0.062697
Q4-2020,1246,0.063051
Q4-2020,1247,0.043184
Q4-2020,1248,0.023295
Q4-2020,1249,0.048381
Q4-2020,1250,0.048923
Q4-2020,1251,0.06296
Q4-2020,1252,0.064667
Q4-2020,1253,0.055306
Q4-2020,1254,0.061783
Q4-2020,1255,0.062273
Q4-2020,1256,0.062181
Q4-2020,1257,0.00975
Q4-2020,1258,0.061466
Q4-2020,1259,0.054958
Q4-2020,1260,0.063717
Q4-2020,1261,0.062246
Q4-2020,1262,0.062656
Q4-2020,1263,0.064946
Q4-2020,1264,0.064104
Q4-2020,1265,0.062516
Q4-2020,1266,0.048556
Q4-2020,1267,0.062672
Q4-2020,1268,0.062499
Q4-2020,1269,0.062167
Q4-2020,1270,0.062352
Q4-2020,1271,0.060298
Q4-2020,1272,0.058797
Q4-2020,1273,0.058803
Q1-2021,1,9e-06
Q1-2021,2,0.00085
Q1-2021,3,0.001733
Q1-2021,4,0.000135
Q1-2021,5,0.056503
Q1-2021,6,0.002787
Q1-2021,7,0.000381
Q1-2021,8,0.000907
Q1-2021,9,0.003285
Q1-2021,10,0.000501
Q1-2021,11,0.000972
Q1-2021,12,0.008524
Q1-2021,13,0.097848
Q1-2021,14,0.001944
Q1-2021,15,0.001147
Q1-2021,16,0.001508
Q1-2021,17,0.00128
Q1-2021,18,0.059928
Q1-2021,19,0.009822
Q1-2021,20,0.020149
Q1-2021,21,0.003013
Q1-2021,22,0.004496
Q1-2021,23,0.002008
Q1-2021,24,0.001347
Q1-2021,25,0.002577
Q1-2021,26,0.026692
Q1-2021,27,0.007145
Q1-2021,28,0.001282
Q1-2021,29,0.003418
Q1-2021,30,0.001201
Q1-2021,31,0.000804
Q1-2021,32,0.001222
Q1-2021,33,0.001604
Q1-2021,34,0.001352
Q1-2021,35,0.001291
Q1-2021,36,0.000992
Q1-2021,37,0.000527
Q1-2021,38,0.00045
Q1-2021,39,0.0009
Q1-2021,40,0.000753
Q1-2021,41,0.000879
Q1-2021,42,0.000786
Q1-2021,43,0.00076
Q1-2021,44,0.00077
Q1-2021,45,0.00072
Q1-2021,46,0.000579
Q1-2021,47,0.001027
Q1-2021,48,0.000734
Q1-2021,49,0.006273
Q1-2021,50,0.001495
Q1-2021,51,0.002191
Q1-2021,52,0.008048
Q1-2021,53,0.000909
Q1-2021,54,0.006278
Q1-2021,55,0.000586
Q1-2021,56,0.000715
Q1-2021,57,0.000789
Q1-2021,58,0.000555
Q1-2021,59,0.000506
Q1-2021,60,0.000778
Q1-2021,61,0.000914
Q1-2021,62,0.001291
Q1-2021,63,0.000852
Q1-2021,64,0.002082
Q1-2021,65,0.000816
Q1-2021,66,0.001201
Q1-2021,67,0.011125
Q1-2021,68,0.001611
Q1-2021,69,0.279313
Q1-2021,70,0.279564
Q1-2021,71,0.268459
Q1-2021,72,0.269585
Q1-2021,73,0.267291
Q1-2021,74,0.267108
Q1-2021,75,0.272166
Q1-2021,76,0.268259
Q1-2021,77,0.266196
Q1-2021,78,0.266809
Q1-2021,79,0.26578
Q1-2021,80,0.307606
Q1-2021,81,0.265552
Q1-2021,82,0.265134
Q1-2021,83,0.26534
Q1-2021,84,0.265165
Q1-2021,85,0.26518
Q1-2021,86,0.265297
Q1-2021,87,0.264837
Q1-2021,88,0.265504
Q1-2021,89,0.26474
Q1-2021,90,0.265394
Q1-2021,91,0.26478
Q1-2021,92,0.264334
Q1-2021,93,0.265521
Q1-2021,94,0.266724
Q1-2021,95,0.298717
Q1-2021,96,0.267408
Q1-2021,97,0.266198
Q1-2021,98,0.281753
Q1-2021,99,0.265842
Q1-2021,100,0.264879
Q1-2021,101,0.265649
Q1-2021,102,0.270038
Q1-2021,103,0.266422
Q1-2021,104,0.266569
Q1-2021,105,0.266844
Q1-2021,106,0.266664
Q1-2021,107,0.266987
Q1-2021,108,0.26566
Q1-2021,109,0.266512
Q1-2021,110,0.26669
Q1-2021,111,0.268141
Q1-2021,112,0.268931
Q1-2021,113,0.268622
Q1-2021,114,0.268284
Q1-2021,115,0.268384
Q1-2021,116,0.267782
Q1-2021,117,0.267233
Q1-2021,118,0.269019
Q1-2021,119,0.270099
Q1-2021,120,0.270556
Q1-2021,121,0.269637
Q1-2021,122,0.270177
Q1-2021,123,0.271068
Q1-2021,124,0.270146
Q1-2021,125,0.269455
Q1-2021,126,0.269013
Q1-2021,127,0.269918
Q1-2021,128,0.269587
Q1-2021,129,0.269563
Q1-2021,130,0.27018
Q1-2021,131,0.270412
Q1-2021,132,0.271011
Q1-2021,133,0.001824
Q1-2021,134,0.268017
Q1-2021,135,0.268199
Q1-2021,136,0.267143
Q1-2021,137,0.263538
Q1-2021,138,0.292617
Q1-2021,139,0.263437
Q1-2021,140,0.262677
Q1-2021,141,0.262758
Q1-2021,142,0.272179
Q1-2021,143,0.278977
Q1-2021,144,0.273292
Q1-2021,145,0.303668
Q1-2021,146,0.303561
Q1-2021,147,0.07917
Q1-2021,148,0.259953
Q1-2021,149,0.28627
Q1-2021,150,0.285192
Q1-2021,151,0.287569
Q1-2021,152,0.390506
Q1-2021,153,0.297887
Q1-2021,154,0.250051
Q1-2021,155,0.284412
Q1-2021,156,0.28652
Q1-2021,157,0.293273
Q1-2021,158,0.287898
Q1-2021,159,0.287451
Q1-2021,160,0.287399
Q1-2021,161,0.25573
Q1-2021,162,0.28745
Q1-2021,163,0.288559
Q1-2021,164,0.256414
Q1-2021,165,0.287075
Q1-2021,166,0.288293
Q1-2021,167,0.288221
Q1-2021,168,0.286612
Q1-2021,169,0.286224
Q1-2021,170,0.287015
Q1-2021,171,0.287173
Q1-2021,172,0.287433
Q1-2021,173,0.290255
Q1-2021,174,0.288189
Q1-2021,175,0.287751
Q1-2021,176,0.080627
Q1-2021,177,0.289322
Q1-2021,178,0.289608
Q1-2021,179,0.28924
Q1-2021,180,0.290251
Q1-2021,181,0.080082
Q1-2021,182,0.28788
Q1-2021,183,0.288118
Q1-2021,184,0.288263
Q1-2021,185,0.078102
Q1-2021,186,0.288261
Q1-2021,187,0.287842
Q1-2021,188,0.287867
Q1-2021,189,0.289918
Q1-2021,190,0.299507
Q1-2021,191,0.287534
Q1-2021,192,0.243687
Q1-2021,193,0.287728
Q1-2021,194,0.287629
Q1-2021,195,0.287824
Q1-2021,196,0.288139
Q1-2021,197,0.288597
Q1-2021,198,0.288758
Q1-2021,199,0.288401
Q1-2021,200,0.285322
Q1-2021,201,0.286955
Q1-2021,202,0.285037
Q1-2021,203,0.286767
Q1-2021,204,0.28651
Q1-2021,205,0.28682
Q1-2021,206,0.287118
Q1-2021,207,0.287901
Q1-2021,208,0.288476
Q1-2021,209,0.28807
Q1-2021,210,0.289191
Q1-2021,211,0.288144
Q1-2021,212,0.286542
Q1-2021,213,0.288855
Q1-2021,214,0.28901
Q1-2021,215,0.318545
Q1-2021,216,0.287848
Q1-2021,217,0.28756
Q1-2021,218,0.288769
Q1-2021,219,0.288457
Q1-2021,220,0.288404
Q1-2021,221,0.290235
Q1-2021,222,0.348505
Q1-2021,223,0.080044
Q1-2021,224,0.287757
Q1-2021,225,0.288374
Q1-2021,226,0.078495
Q1-2021,227,0.289516
Q1-2021,228,0.288957
Q1-2021,229,0.288077
Q1-2021,230,0.289318
Q1-2021,231,0.244559
Q1-2021,232,0.289245
Q1-2021,233,0.246341
Q1-2021,234,0.289403
Q1-2021,235,0.290592
Q1-2021,236,0.289601
Q1-2021,237,0.290955
Q1-2021,238,0.289407
Q1-2021,239,0.289382
Q1-2021,240,0.291826
Q1-2021,241,0.048877
Q1-2021,242,0.272709
Q1-2021,243,0.32044
Q1-2021,244,0.312237
Q1-2021,245,0.314169
Q1-2021,246,0.313624
Q1-2021,247,0.313389
Q1-2021,248,0.313016
Q1-2021,249,0.313846
Q1-2021,250,0.313485
Q1-2021,251,0.314537
Q1-2021,252,0.299737
Q1-2021,253,0.313073
Q1-2021,254,0.223752
Q1-2021,255,0.281455
Q1-2021,256,0.308586
Q1-2021,257,0.28657
Q1-2021,258,0.297204
Q1-2021,259,0.27974
Q1-2021,260,0.036454
Q1-2021,261,0.295996
Q1-2021,262,0.227125
Q1-2021,263,0.266487
Q1-2021,264,0.297816
Q1-2021,265,0.263241
Q1-2021,266,0.086878
Q1-2021,267,0.30049
Q1-2021,268,0.298688
Q1-2021,269,0.297889
Q1-2021,270,0.296232
Q1-2021,271,0.297344
Q1-2021,272,0.302922
Q1-2021,273,0.296484
Q1-2021,274,0.297483
Q1-2021,275,0.296012
Q1-2021,276,0.270696
Q1-2021,277,0.302157
Q1-2021,278,0.300569
Q1-2021,279,0.298696
Q1-2021,280,0.247937
Q1-2021,281,0.299559
Q1-2021,282,0.301356
Q1-2021,283,0.301564
Q1-2021,284,0.249343
Q1-2021,285,0.308077
Q1-2021,286,0.309779
Q1-2021,287,0.088681
Q1-2021,288,0.295317
Q1-2021,289,0.299406
Q1-2021,290,0.294117
Q1-2021,291,0.303829
Q1-2021,292,0.303507
Q1-2021,293,0.087091
Q1-2021,294,0.30341
Q1-2021,295,0.305226
Q1-2021,296,0.302569
Q1-2021,297,0.295586
Q1-2021,298,0.293507
Q1-2021,299,0.086529
Q1-2021,300,0.293621
Q1-2021,301,0.30064
Q1-2021,302,0.298128
Q1-2021,303,0.299399
Q1-2021,304,0.297473
Q1-2021,305,0.300535
Q1-2021,306,0.301951
Q1-2021,307,0.301636
Q1-2021,308,0.301839
Q1-2021,309,0.301325
Q1-2021,310,0.303159
Q1-2021,311,0.303231
Q1-2021,312,0.302401
Q1-2021,313,0.302323
Q1-2021,314,0.301882
Q1-2021,315,0.30176
Q1-2021,316,0.301853
Q1-2021,317,0.3041
Q1-2021,318,0.323354
Q1-2021,319,0.337996
Q1-2021,320,0.342433
Q1-2021,321,0.330988
Q1-2021,322,0.315481
Q1-2021,323,0.313771
Q1-2021,324,0.312537
Q1-2021,325,0.330518
Q1-2021,326,0.330479
Q1-2021,327,0.333002
Q1-2021,328,0.30956
Q1-2021,329,0.309527
Q1-2021,330,0.310669
Q1-2021,331,0.081127
Q1-2021,332,0.30883
Q1-2021,333,0.308868
Q1-2021,334,0.307108
Q1-2021,335,0.309097
Q1-2021,336,0.308823
Q1-2021,337,0.308862
Q1-2021,338,0.305931
Q1-2021,339,0.308693
Q1-2021,340,0.308064
Q1-2021,341,0.307566
Q1-2021,342,0.307213
Q1-2021,343,0.308974
Q1-2021,344,0.307203
Q1-2021,345,0.309594
Q1-2021,346,0.310722
Q1-2021,347,0.309099
Q1-2021,348,0.306889
Q1-2021,349,0.30907
Q1-2021,350,0.307378
Q1-2021,351,0.307837
Q1-2021,352,0.306574
Q1-2021,353,0.305484
Q1-2021,354,0.305845
Q1-2021,355,0.264963
Q1-2021,356,0.306744
Q1-2021,357,0.307257
Q1-2021,358,0.304743
Q1-2021,359,0.304673
Q1-2021,360,0.304136
Q1-2021,361,0.305182
Q1-2021,362,0.305645
Q1-2021,363,0.306556
Q1-2021,364,0.305883
Q1-2021,365,0.3032
Q1-2021,366,0.306331
Q1-2021,367,0.309416
Q1-2021,368,0.305506
Q1-2021,369,0.304703
Q1-2021,370,0.305377
Q1-2021,371,0.262891
Q1-2021,372,0.305606
Q1-2021,373,0.265821
Q1-2021,374,0.077367
Q1-2021,375,0.304169
Q1-2021,376,0.304881
Q1-2021,377,0.303174
Q1-2021,378,0.305022
Q1-2021,379,0.304737
Q1-2021,380,0.304749
Q1-2021,381,0.305052
Q1-2021,382,0.307446
Q1-2021,383,0.305734
Q1-2021,384,0.307363
Q1-2021,385,0.307333
Q1-2021,386,0.306431
Q1-2021,387,0.077763
Q1-2021,388,0.306685
Q1-2021,389,0.307047
Q1-2021,390,0.305334
Q1-2021,391,0.306974
Q1-2021,392,0.306881
Q1-2021,393,0.306862
Q1-2021,394,0.307024
Q1-2021,395,0.306988
Q1-2021,396,0.307667
Q1-2021,397,0.307922
Q1-2021,398,0.307719
Q1-2021,399,0.307284
Q1-2021,400,0.306945
Q1-2021,401,0.307014
Q1-2021,402,0.306973
Q1-2021,403,0.307097
Q1-2021,404,0.307423
Q1-2021,405,0.307146
Q1-2021,406,0.307186
Q1-2021,407,0.306227
Q1-2021,408,0.306759
Q1-2021,409,0.306391
Q1-2021,410,0.308147
Q1-2021,411,0.309346
Q1-2021,412,0.31036
Q1-2021,413,0.080013
Q1-2021,414,0.312072
Q1-2021,415,0.309373
Q1-2021,416,0.306878
Q1-2021,417,0.324125
Q1-2021,418,0.309929
Q1-2021,419,0.311223
Q1-2021,420,0.310954
Q1-2021,421,0.265678
Q1-2021,422,0.309241
Q1-2021,423,0.309148
Q1-2021,424,0.309235
Q1-2021,425,0.309425
Q1-2021,426,0.309682
Q1-2021,427,0.277932
Q1-2021,428,0.308747
Q1-2021,429,0.309353
Q1-2021,430,0.309481
Q1-2021,431,0.30938
Q1-2021,432,0.309327
Q1-2021,433,0.309091
Q1-2021,434,0.309439
Q1-2021,435,0.310038
Q1-2021,436,0.3012
Q1-2021,437,0.057007
Q1-2021,438,0.297913
Q1-2021,439,0.28744
Q1-2021,440,0.312835
Q1-2021,441,0.307779
Q1-2021,442,0.302727
Q1-2021,443,0.300333
Q1-2021,444,0.299344
Q1-2021,445,0.306343
Q1-2021,446,0.276428
Q1-2021,447,0.306756
Q1-2021,448,0.265221
Q1-2021,449,0.262233
Q1-2021,450,0.310351
Q1-2021,451,0.265435
Q1-2021,452,0.211022
Q1-2021,453,0.307579
Q1-2021,454,0.081344
Q1-2021,455,0.307846
Q1-2021,456,0.3088
Q1-2021,457,0.307626
Q1-2021,458,0.305751
Q1-2021,459,0.309135
Q1-2021,460,0.308345
Q1-2021,461,0.307855
Q1-2021,462,0.307741
Q1-2021,463,0.307515
Q1-2021,464,0.307948
Q1-2021,465,0.308392
Q1-2021,466,0.308128
Q1-2021,467,0.307652
Q1-2021,468,0.304605
Q1-2021,469,0.307876
Q1-2021,470,0.308511
Q1-2021,471,0.307883
Q1-2021,472,0.30713
Q1-2021,473,0.308069
Q1-2021,474,0.308639
Q1-2021,475,0.309069
Q1-2021,476,0.309558
Q1-2021,477,0.351324
Q1-2021,478,0.342063
Q1-2021,479,0.308989
Q1-2021,480,0.307793
Q1-2021,481,0.308185
Q1-2021,482,0.081798
Q1-2021,483,0.309897
Q1-2021,484,0.366542
Q1-2021,485,0.307901
Q1-2021,486,0.306219
Q1-2021,487,0.309028
Q1-2021,488,0.309176
Q1-2021,489,0.309251
Q1-2021,490,0.310592
Q1-2021,491,0.308102
Q1-2021,492,0.309603
Q1-2021,493,0.309193
Q1-2021,494,0.319761
Q1-2021,495,0.308543
Q1-2021,496,0.309377
Q1-2021,497,0.30945
Q1-2021,498,0.309234
Q1-2021,499,0.309291
Q1-2021,500,0.308213
Q1-2021,501,0.366434
Q1-2021,502,0.265445
Q1-2021,503,0.310087
Q1-2021,504,0.308265
Q1-2021,505,0.080706
Q1-2021,506,0.307449
Q1-2021,507,0.306505
Q1-2021,508,0.305053
Q1-2021,509,0.305375
Q1-2021,510,0.230789
Q1-2021,511,0.272356
Q1-2021,512,0.304932
Q1-2021,513,0.302844
Q1-2021,514,0.306201
Q1-2021,515,0.305712
Q1-2021,516,0.307444
Q1-2021,517,0.274036
Q1-2021,518,0.30847
Q1-2021,519,0.310235
Q1-2021,520,0.277101
Q1-2021,521,0.314025
Q1-2021,522,0.320426
Q1-2021,523,0.310471
Q1-2021,524,0.305451
Q1-2021,525,0.304797
Q1-2021,526,0.31472
Q1-2021,527,0.317094
Q1-2021,528,0.285292
Q1-2021,529,0.306872
Q1-2021,530,0.307652
Q1-2021,531,0.307529
Q1-2021,532,0.304937
Q1-2021,533,0.30792
Q1-2021,534,0.30828
Q1-2021,535,0.263905
Q1-2021,536,0.305013
Q1-2021,537,0.307751
Q1-2021,538,0.307845
Q1-2021,539,0.307902
Q1-2021,540,0.260613
Q1-2021,541,0.263525
Q1-2021,542,0.263231
Q1-2021,543,0.307781
Q1-2021,544,0.306752
Q1-2021,545,0.081709
Q1-2021,546,0.30682
Q1-2021,547,0.263926
Q1-2021,548,0.260895
Q1-2021,549,0.3038
Q1-2021,550,0.306594
Q1-2021,551,0.307097
Q1-2021,552,0.307156
Q1-2021,553,0.307283
Q1-2021,554,0.307429
Q1-2021,555,0.306916
Q1-2021,556,0.307111
Q1-2021,557,0.275272
Q1-2021,558,0.307505
Q1-2021,559,0.081869
Q1-2021,560,0.306874
Q1-2021,561,0.307126
Q1-2021,562,0.080307
Q1-2021,563,0.275368
Q1-2021,564,0.306324
Q1-2021,565,0.306158
Q1-2021,566,0.307154
Q1-2021,567,0.306454
Q1-2021,568,0.068099
Q1-2021,569,0.306352
Q1-2021,570,0.339008
Q1-2021,571,0.080298
Q1-2021,572,0.279601
Q1-2021,573,0.307945
Q1-2021,574,0.303864
Q1-2021,575,0.308804
Q1-2021,576,0.307946
Q1-2021,577,0.307989
Q1-2021,578,0.307897
Q1-2021,579,0.308301
Q1-2021,580,0.308355
Q1-2021,581,0.308223
Q1-2021,582,0.082592
Q1-2021,583,0.310468
Q1-2021,584,0.082331
Q1-2021,585,0.306812
Q1-2021,586,0.307914
Q1-2021,587,0.306357
Q1-2021,588,0.308559
Q1-2021,589,0.308122
Q1-2021,590,0.308057
Q1-2021,591,0.308212
Q1-2021,592,0.308042
Q1-2021,593,0.276037
Q1-2021,594,0.307381
Q1-2021,595,0.263858
Q1-2021,596,0.308152
Q1-2021,597,0.307939
Q1-2021,598,0.308124
Q1-2021,599,0.082236
Q1-2021,600,0.308247
Q1-2021,601,0.30814
Q1-2021,602,0.26218
Q1-2021,603,0.082165
Q1-2021,604,0.308422
Q1-2021,605,0.308306
Q1-2021,606,0.306834
Q1-2021,607,0.308746
Q1-2021,608,0.264288
Q1-2021,609,0.308338
Q1-2021,610,0.308148
Q1-2021,611,0.308285
Q1-2021,612,0.308429
Q1-2021,613,0.313257
Q1-2021,614,0.991305
Q1-2021,615,0.308436
Q1-2021,616,0.308465
Q1-2021,617,0.308377
Q1-2021,618,0.308822
Q1-2021,619,0.3085
Q1-2021,620,0.264198
Q1-2021,621,0.308688
Q1-2021,622,0.310848
Q1-2021,623,0.083071
Q1-2021,624,0.308663
Q1-2021,625,0.309033
Q1-2021,626,0.308138
Q1-2021,627,0.309772
Q1-2021,628,0.30908
Q1-2021,629,0.308932
Q1-2021,630,0.264608
Q1-2021,631,0.309384
Q1-2021,632,0.308521
Q1-2021,633,0.309048
Q1-2021,634,0.309285
Q1-2021,635,0.309586
Q1-2021,636,0.308663
Q1-2021,637,0.083153
Q1-2021,638,0.308918
Q1-2021,639,0.30909
Q1-2021,640,0.309495
Q1-2021,641,0.308925
Q1-2021,642,0.308945
Q1-2021,643,0.308577
Q1-2021,644,0.307739
Q1-2021,645,0.307208
Q1-2021,646,0.307332
Q1-2021,647,0.30987
Q1-2021,648,0.306107
Q1-2021,649,0.308175
Q1-2021,650,0.307656
Q1-2021,651,0.306816
Q1-2021,652,0.309256
Q1-2021,653,0.313941
Q1-2021,654,0.31171
Q1-2021,655,0.327109
Q1-2021,656,0.310455
Q1-2021,657,0.279892
Q1-2021,658,0.310275
Q1-2021,659,0.310825
Q1-2021,660,0.310803
Q1-2021,661,0.310899
Q1-2021,662,0.31014
Q1-2021,663,0.309923
Q1-2021,664,0.265441
Q1-2021,665,0.310081
Q1-2021,666,0.306865
Q1-2021,667,0.265578
Q1-2021,668,0.307203
Q1-2021,669,0.309821
Q1-2021,670,0.310059
Q1-2021,671,0.309847
Q1-2021,672,0.311162
Q1-2021,673,0.31094
Q1-2021,674,0.31014
Q1-2021,675,0.291759
Q1-2021,676,0.266067
Q1-2021,677,0.349888
Q1-2021,678,0.309721
Q1-2021,679,0.313838
Q1-2021,680,0.307825
Q1-2021,681,0.416911
Q1-2021,682,0.050554
Q1-2021,683,0.267702
Q1-2021,684,0.312116
Q1-2021,685,0.311521
Q1-2021,686,0.082466
Q1-2021,687,0.314305
Q1-2021,688,0.317945
Q1-2021,689,0.268456
Q1-2021,690,0.314296
Q1-2021,691,0.313722
Q1-2021,692,0.282788
Q1-2021,693,0.312729
Q1-2021,694,0.313997
Q1-2021,695,0.313722
Q1-2021,696,0.313659
Q1-2021,697,0.313661
Q1-2021,698,0.313877
Q1-2021,699,0.313466
Q1-2021,700,0.313677
Q1-2021,701,0.33063
Q1-2021,702,0.314379
Q1-2021,703,0.313891
Q1-2021,704,0.311786
Q1-2021,705,0.313983
Q1-2021,706,0.314379
Q1-2021,707,0.313915
Q1-2021,708,0.081899
Q1-2021,709,0.282801
Q1-2021,710,0.313057
Q1-2021,711,0.312362
Q1-2021,712,0.268646
Q1-2021,713,0.313297
Q1-2021,714,0.299504
Q1-2021,715,0.313953
Q1-2021,716,0.114128
Q1-2021,717,0.314319
Q1-2021,718,0.314132
Q1-2021,719,0.310994
Q1-2021,720,0.314396
Q1-2021,721,0.314209
Q1-2021,722,0.314391
Q1-2021,723,0.284164
Q1-2021,724,0.313874
Q1-2021,725,0.31444
Q1-2021,726,0.314458
Q1-2021,727,0.314662
Q1-2021,728,0.31495
Q1-2021,729,0.314715
Q1-2021,730,0.314664
Q1-2021,731,0.315505
Q1-2021,732,0.307402
Q1-2021,733,0.314999
Q1-2021,734,0.314936
Q1-2021,735,0.315826
Q1-2021,736,0.31503
Q1-2021,737,0.314653
Q1-2021,738,0.314521
Q1-2021,739,0.315141
Q1-2021,740,0.316008
Q1-2021,741,0.316267
Q1-2021,742,0.316998
Q1-2021,743,0.31749
Q1-2021,744,0.317915
Q1-2021,745,0.317487
Q1-2021,746,0.313521
Q1-2021,747,0.316991
Q1-2021,748,0.316615
Q1-2021,749,0.316405
Q1-2021,750,0.316633
Q1-2021,751,0.3126
Q1-2021,752,0.236598
Q1-2021,753,0.2796
Q1-2021,754,0.31461
Q1-2021,755,0.314397
Q1-2021,756,0.31365
Q1-2021,757,0.31189
Q1-2021,758,0.312576
Q1-2021,759,0.313169
Q1-2021,760,0.31485
Q1-2021,761,0.316079
Q1-2021,762,0.314453
Q1-2021,763,0.310835
Q1-2021,764,0.314436
Q1-2021,765,0.31563
Q1-2021,766,0.313493
Q1-2021,767,0.313105
Q1-2021,768,0.313043
Q1-2021,769,0.328659
Q1-2021,770,0.30598
Q1-2021,771,0.317547
Q1-2021,772,0.317275
Q1-2021,773,0.315225
Q1-2021,774,0.315428
Q1-2021,775,0.315211
Q1-2021,776,0.314953
Q1-2021,777,0.314163
Q1-2021,778,0.315132
Q1-2021,779,0.315099
Q1-2021,780,0.318145
Q1-2021,781,0.31129
Q1-2021,782,0.314441
Q1-2021,783,0.315223
Q1-2021,784,0.083946
Q1-2021,785,0.31532
Q1-2021,786,0.311274
Q1-2021,787,0.312743
Q1-2021,788,0.314314
Q1-2021,789,0.314374
Q1-2021,790,0.314091
Q1-2021,791,0.315257
Q1-2021,792,0.282683
Q1-2021,793,0.313798
Q1-2021,794,0.313573
Q1-2021,795,0.314103
Q1-2021,796,0.318529
Q1-2021,797,0.083885
Q1-2021,798,0.282838
Q1-2021,799,0.313759
Q1-2021,800,0.266118
Q1-2021,801,0.313924
Q1-2021,802,0.313489
Q1-2021,803,0.313894
Q1-2021,804,0.314239
Q1-2021,805,0.313445
Q1-2021,806,0.313607
Q1-2021,807,0.268965
Q1-2021,808,0.314389
Q1-2021,809,0.085779
Q1-2021,810,0.083778
Q1-2021,811,0.083567
Q1-2021,812,0.31619
Q1-2021,813,0.08289
Q1-2021,814,0.312267
Q1-2021,815,0.313812
Q1-2021,816,0.31207
Q1-2021,817,0.313898
Q1-2021,818,0.315234
Q1-2021,819,0.314865
Q1-2021,820,0.314569
Q1-2021,821,0.281414
Q1-2021,822,0.312882
Q1-2021,823,0.313224
Q1-2021,824,0.313359
Q1-2021,825,0.312871
Q1-2021,826,0.313072
Q1-2021,827,0.312985
Q1-2021,828,0.312886
Q1-2021,829,0.26772
Q1-2021,830,0.312636
Q1-2021,831,0.312594
Q1-2021,832,0.312598
Q1-2021,833,0.311821
Q1-2021,834,0.312502
Q1-2021,835,0.311884
Q1-2021,836,0.312726
Q1-2021,837,0.315018
Q1-2021,838,0.312888
Q1-2021,839,0.315116
Q1-2021,840,0.315716
Q1-2021,841,0.316024
Q1-2021,842,0.314157
Q1-2021,843,0.313698
Q1-2021,844,0.315574
Q1-2021,845,0.291077
Q1-2021,846,0.316458
Q1-2021,847,0.313756
Q1-2021,848,0.313581
Q1-2021,849,0.313641
Q1-2021,850,0.313551
Q1-2021,851,0.313592
Q1-2021,852,0.313698
Q1-2021,853,0.313572
Q1-2021,854,0.314968
Q1-2021,855,0.313562
Q1-2021,856,0.313702
Q1-2021,857,0.313713
Q1-2021,858,0.083369
Q1-2021,859,0.315517
Q1-2021,860,0.310734
Q1-2021,861,0.078514
Q1-2021,862,0.280534
Q1-2021,863,0.311682
Q1-2021,864,0.278087
Q1-2021,865,0.310784
Q1-2021,866,0.311944
Q1-2021,867,0.312388
Q1-2021,868,0.312393
Q1-2021,869,0.312457
Q1-2021,870,0.313734
Q1-2021,871,0.314067
Q1-2021,872,0.313241
Q1-2021,873,0.313004
Q1-2021,874,0.313012
Q1-2021,875,0.312863
Q1-2021,876,0.083684
Q1-2021,877,0.281761
Q1-2021,878,0.312053
Q1-2021,879,0.31398
Q1-2021,880,0.312884
Q1-2021,881,0.267109
Q1-2021,882,0.31255
Q1-2021,883,0.30988
Q1-2021,884,0.313489
Q1-2021,885,0.309852
Q1-2021,886,0.312527
Q1-2021,887,0.312187
Q1-2021,888,0.313521
Q1-2021,889,0.266642
Q1-2021,890,0.037277
Q1-2021,891,0.312301
Q1-2021,892,0.282074
Q1-2021,893,0.310521
Q1-2021,894,0.312849
Q1-2021,895,0.312897
Q1-2021,896,0.312581
Q1-2021,897,0.312607
Q1-2021,898,0.312665
Q1-2021,899,0.310725
Q1-2021,900,0.268068
Q1-2021,901,0.313541
Q1-2021,902,0.313445
Q1-2021,903,0.313223
Q1-2021,904,0.313321
Q1-2021,905,0.313419
Q1-2021,906,0.313285
Q1-2021,907,0.313281
Q1-2021,908,0.267842
Q1-2021,909,0.31335
Q1-2021,910,0.312166
Q1-2021,911,0.30933
Q1-2021,912,0.312447
Q1-2021,913,0.312631
Q1-2021,914,0.312413
Q1-2021,915,0.312443
Q1-2021,916,0.312365
Q1-2021,917,0.312303
Q1-2021,918,0.312068
Q1-2021,919,0.312522
Q1-2021,920,0.312504
Q1-2021,921,0.312158
Q1-2021,922,0.312529
Q1-2021,923,0.3126
Q1-2021,924,0.313382
Q1-2021,925,0.082594
Q1-2021,926,0.312933
Q1-2021,927,0.312617
Q1-2021,928,0.311108
Q1-2021,929,0.314291
Q1-2021,930,0.313374
Q1-2021,931,0.082744
Q1-2021,932,0.313571
Q1-2021,933,0.313238
Q1-2021,934,0.311553
Q1-2021,935,0.313124
Q1-2021,936,0.317941
Q1-2021,937,0.037995
Q1-2021,938,0.314988
Q1-2021,939,0.284115
Q1-2021,940,0.082325
Q1-2021,941,0.314264
Q1-2021,942,0.26898
Q1-2021,943,0.313702
Q1-2021,944,0.31367
Q1-2021,945,0.083351
Q1-2021,946,0.314757
Q1-2021,947,0.314327
Q1-2021,948,0.311687
Q1-2021,949,0.313456
Q1-2021,950,0.321422
Q1-2021,951,0.283853
Q1-2021,952,0.316149
Q1-2021,953,0.269222
Q1-2021,954,0.084784
Q1-2021,955,0.327292
Q1-2021,956,0.280846
Q1-2021,957,0.331126
Q1-2021,958,0.315537
Q1-2021,959,0.083498
Q1-2021,960,0.313107
Q1-2021,961,0.315303
Q1-2021,962,0.309661
Q1-2021,963,0.314158
Q1-2021,964,0.313157
Q1-2021,965,0.3131
Q1-2021,966,0.31272
Q1-2021,967,0.281492
Q1-2021,968,0.312866
Q1-2021,969,0.31431
Q1-2021,970,0.314286
Q1-2021,971,0.314256
Q1-2021,972,0.314048
Q1-2021,973,0.313864
Q1-2021,974,0.281867
Q1-2021,975,0.313339
Q1-2021,976,0.313899
Q1-2021,977,0.310465
Q1-2021,978,0.313822
Q1-2021,979,0.31308
Q1-2021,980,0.313087
Q1-2021,981,0.083039
Q1-2021,982,0.343858
Q1-2021,983,0.313694
Q1-2021,984,0.311983
Q1-2021,985,0.314117
Q1-2021,986,0.314164
Q1-2021,987,0.310797
Q1-2021,988,0.268613
Q1-2021,989,0.313771
Q1-2021,990,0.313364
Q1-2021,991,0.313389
Q1-2021,992,0.313623
Q1-2021,993,0.310484
Q1-2021,994,0.31532
Q1-2021,995,0.315436
Q1-2021,996,0.31386
Q1-2021,997,0.31347
Q1-2021,998,0.313806
Q1-2021,999,0.313848
Q1-2021,1000,0.313797
Q1-2021,1001,0.083588
Q1-2021,1002,0.083662
Q1-2021,1003,0.31377
Q1-2021,1004,0.311907
Q1-2021,1005,0.311848
Q1-2021,1006,0.083842
Q1-2021,1007,0.313239
Q1-2021,1008,0.313542
Q1-2021,1009,0.312121
Q1-2021,1010,0.281907
Q1-2021,1011,0.312836
Q1-2021,1012,0.313044
Q1-2021,1013,0.312829
Q1-2021,1014,0.313069
Q1-2021,1015,0.281175
Q1-2021,1016,0.309293
Q1-2021,1017,0.312891
Q1-2021,1018,0.313414
Q1-2021,1019,0.312918
Q1-2021,1020,0.270478
Q1-2021,1021,0.313215
Q1-2021,1022,0.080254
Q1-2021,1023,0.313687
Q1-2021,1024,0.31361
Q1-2021,1025,0.279093
Q1-2021,1026,0.312234
Q1-2021,1027,0.326843
Q1-2021,1028,0.312739
Q1-2021,1029,0.31262
Q1-2021,1030,0.31453
Q1-2021,1031,0.314533
Q1-2021,1032,0.314701
Q1-2021,1033,0.309855
Q1-2021,1034,0.309926
Q1-2021,1035,0.310205
Q1-2021,1036,0.310223
Q1-2021,1037,0.310445
Q1-2021,1038,0.310176
Q1-2021,1039,0.310177
Q1-2021,1040,0.31069
Q1-2021,1041,0.310301
Q1-2021,1042,0.309873
Q1-2021,1043,0.310442
Q1-2021,1044,0.266471
Q1-2021,1045,0.312869
Q1-2021,1046,0.311363
Q1-2021,1047,0.31174
Q1-2021,1048,0.310113
Q1-2021,1049,0.309687
Q1-2021,1050,0.310306
Q1-2021,1051,0.308533
Q1-2021,1052,0.312808
Q1-2021,1053,0.309417
Q1-2021,1054,0.310518
Q1-2021,1055,0.310513
Q1-2021,1056,0.310619
Q1-2021,1057,0.3104
Q1-2021,1058,0.31083
Q1-2021,1059,0.31028
Q1-2021,1060,0.278347
Q1-2021,1061,0.306519
Q1-2021,1062,0.310427
Q1-2021,1063,0.31239
Q1-2021,1064,0.310242
Q1-2021,1065,0.083067
Q1-2021,1066,0.310054
Q1-2021,1067,0.309957
Q1-2021,1068,0.309285
Q1-2021,1069,0.310809
Q1-2021,1070,0.312985
Q1-2021,1071,0.319598
Q1-2021,1072,0.31171
Q1-2021,1073,0.312615
Q1-2021,1074,0.309765
Q1-2021,1075,0.310154
Q1-2021,1076,0.279248
Q1-2021,1077,0.309656
Q1-2021,1078,0.271187
Q1-2021,1079,0.310681
Q1-2021,1080,0.310105
Q1-2021,1081,0.310453
Q1-2021,1082,0.310252
Q1-2021,1083,0.310721
Q1-2021,1084,0.31135
Q1-2021,1085,0.310688
Q1-2021,1086,0.310272
Q1-2021,1087,0.310936
Q1-2021,1088,0.310456
Q1-2021,1089,0.310441
Q1-2021,1090,0.310627
Q1-2021,1091,0.311416
Q1-2021,1092,0.310926
Q1-2021,1093,0.310604
Q1-2021,1094,0.266218
Q1-2021,1095,0.310687
Q1-2021,1096,0.310475
Q1-2021,1097,0.310797
Q1-2021,1098,0.310689
Q1-2021,1099,0.311321
Q1-2021,1100,0.310865
Q1-2021,1101,0.315522
Q1-2021,1102,0.310903
Q1-2021,1103,0.310872
Q1-2021,1104,0.312818
Q1-2021,1105,0.310749
Q1-2021,1106,0.310802
Q1-2021,1107,0.311139
Q1-2021,1108,0.311019
Q1-2021,1109,0.310993
Q1-2021,1110,0.310934
Q1-2021,1111,0.313363
Q1-2021,1112,0.311284
Q1-2021,1113,0.311141
Q1-2021,1114,0.280079
Q1-2021,1115,0.309057
Q1-2021,1116,0.276796
Q1-2021,1117,0.082451
Q1-2021,1118,0.340292
Q1-2021,1119,0.31101
Q1-2021,1120,0.309325
Q1-2021,1121,0.311146
Q1-2021,1122,0.312339
Q1-2021,1123,0.310965
Q1-2021,1124,0.312462
Q1-2021,1125,0.311107
Q1-2021,1126,0.310736
Q1-2021,1127,0.31078
Q1-2021,1128,0.279855
Q1-2021,1129,0.306771
Q1-2021,1130,0.266569
Q1-2021,1131,0.310969
Q1-2021,1132,0.310848
Q1-2021,1133,0.308228
Q1-2021,1134,0.279602
Q1-2021,1135,0.310046
Q1-2021,1136,0.310945
Q1-2021,1137,0.310063
Q1-2021,1138,0.31073
Q1-2021,1139,0.311932
Q1-2021,1140,0.083291
Q1-2021,1141,0.308567
Q1-2021,1142,0.311827
Q1-2021,1143,0.309389
Q1-2021,1144,0.312112
Q1-2021,1145,0.31196
Q1-2021,1146,0.313254
Q1-2021,1147,0.312994
Q1-2021,1148,0.311757
Q1-2021,1149,0.311934
Q1-2021,1150,0.279934
Q1-2021,1151,0.311132
Q1-2021,1152,0.311979
Q1-2021,1153,0.313786
Q1-2021,1154,0.083199
Q1-2021,1155,0.31241
Q1-2021,1156,0.311754
Q1-2021,1157,0.310182
Q1-2021,1158,0.311809
Q1-2021,1159,0.311924
Q1-2021,1160,0.311742
Q1-2021,1161,0.31054
Q1-2021,1162,0.314071
Q1-2021,1163,0.267711
Q1-2021,1164,0.313796
Q1-2021,1165,0.08358
Q1-2021,1166,0.312643
Q1-2021,1167,0.311642
Q1-2021,1168,0.309947
Q1-2021,1169,0.083278
Q1-2021,1170,0.310372
Q1-2021,1171,0.310356
Q1-2021,1172,0.309936
Q1-2021,1173,0.311882
Q1-2021,1174,0.312229
Q1-2021,1175,0.311963
Q1-2021,1176,0.30366
Q1-2021,1177,0.312001
Q1-2021,1178,0.311565
Q1-2021,1179,0.308355
Q1-2021,1180,0.311934
Q1-2021,1181,0.312135
Q1-2021,1182,0.312051
Q1-2021,1183,0.31176
Q1-2021,1184,0.312339
Q1-2021,1185,0.312492
Q1-2021,1186,0.311957
Q1-2021,1187,0.312265
Q1-2021,1188,0.311949
Q1-2021,1189,0.312123
Q1-2021,1190,0.312142
Q1-2021,1191,0.316149
Q1-2021,1192,0.267168
Q1-2021,1193,0.308294
Q1-2021,1194,0.311194
Q1-2021,1195,0.311581
Q1-2021,1196,0.311631
Q1-2021,1197,0.08307
Q1-2021,1198,0.311425
Q1-2021,1199,0.31181
Q1-2021,1200,0.081996
Q1-2021,1201,0.311805
Q1-2021,1202,0.313343
Q1-2021,1203,0.309938
Q1-2021,1204,0.311412
Q1-2021,1205,0.311745
Q1-2021,1206,0.083234
Q1-2021,1207,0.312074
Q1-2021,1208,0.31235
Q1-2021,1209,0.309377
Q1-2021,1210,0.311014
Q1-2021,1211,0.30667
Q1-2021,1212,0.266629
Q1-2021,1213,0.311316
Q1-2021,1214,0.083223
Q1-2021,1215,0.311118
Q1-2021,1216,0.311316
Q1-2021,1217,0.309498
Q1-2021,1218,0.311176
Q1-2021,1219,0.312261
Q1-2021,1220,0.310512
Q1-2021,1221,0.30745
Q1-2021,1222,0.307605
Q1-2021,1223,0.310794
Q1-2021,1224,0.311115
Q1-2021,1225,0.266712
Q1-2021,1226,0.310776
Q1-2021,1227,0.310216
Q1-2021,1228,0.272558
Q1-2021,1229,0.309921
Q1-2021,1230,0.311577
Q1-2021,1231,0.311151
Q1-2021,1232,0.310908
Q1-2021,1233,0.307868
Q1-2021,1234,0.310817
Q1-2021,1235,0.278902
Q1-2021,1236,0.307049
Q1-2021,1237,0.313934
Q1-2021,1238,0.312838
Q1-2021,1239,0.083919
Q1-2021,1240,0.050987
Q1-2021,1241,0.267668
Q1-2021,1242,0.311759
Q1-2021,1243,0.307877
Q1-2021,1244,0.312684
Q1-2021,1245,0.314352
Q1-2021,1246,0.315068
Q1-2021,1247,0.052265
Q1-2021,1248,0.266141
Q1-2021,1249,0.083591
Q1-2021,1250,0.079402
Q1-2021,1251,0.31237
Q1-2021,1252,0.313176
Q1-2021,1253,0.277133
Q1-2021,1254,0.310184
Q1-2021,1255,0.311225
Q1-2021,1256,0.310615
Q1-2021,1257,0.038797
Q1-2021,1258,0.309387
Q1-2021,1259,0.279506
Q1-2021,1260,0.309905
Q1-2021,1261,0.310608
Q1-2021,1262,0.3113
Q1-2021,1263,0.313523
Q1-2021,1264,0.310663
Q1-2021,1265,0.310553
Q1-2021,1266,0.082821
Q1-2021,1267,0.310766
Q1-2021,1268,0.310762
Q1-2021,1269,0.308895
Q1-2021,1270,0.310996
Q1-2021,1271,0.296366
Q1-2021,1272,0.295953
Q1-2021,1273,0.29428
Q2-2021,1,4.2e-05
Q2-2021,2,0.000589
Q2-2021,3,0.001067
Q2-2021,4,0.00021
Q2-2021,5,0.056006
Q2-2021,6,0.002063
Q2-2021,7,0.000319
Q2-2021,8,0.000731
Q2-2021,9,0.00299
Q2-2021,10,0.000338
Q2-2021,11,0.00065
Q2-2021,12,0.009102
Q2-2021,13,0.021046
Q2-2021,14,0.002457
Q2-2021,15,0.000689
Q2-2021,16,0.001675
Q2-2021,17,0.000992
Q2-2021,18,0.094578
Q2-2021,19,0.279379
Q2-2021,20,0.073589
Q2-2021,21,0.003905
Q2-2021,22,0.003287
Q2-2021,23,0.000831
Q2-2021,24,0.000981
Q2-2021,25,0.002414
Q2-2021,26,0.074231
Q2-2021,27,0.010273
Q2-2021,28,0.000889
Q2-2021,29,0.002395
Q2-2021,30,0.000772
Q2-2021,31,0.000435
Q2-2021,32,0.000754
Q2-2021,33,0.002124
Q2-2021,34,0.00182
Q2-2021,35,0.001905
Q2-2021,36,0.000802
Q2-2021,37,0.000305
Q2-2021,38,0.000194
Q2-2021,39,0.000479
Q2-2021,40,0.000422
Q2-2021,41,0.000604
Q2-2021,42,0.000484
Q2-2021,43,0.000452
Q2-2021,44,0.000413
Q2-2021,45,0.000429
Q2-2021,46,0.000311
Q2-2021,47,0.00062
Q2-2021,48,0.000389
Q2-2021,49,0.003555
Q2-2021,50,0.000907
Q2-2021,51,0.001147
Q2-2021,52,0.008557
Q2-2021,53,0.000752
Q2-2021,54,0.003038
Q2-2021,55,0.000449
Q2-2021,56,0.000449
Q2-2021,57,0.000498
Q2-2021,58,0.000349
Q2-2021,59,0.000363
Q2-2021,60,0.00053
Q2-2021,61,0.000652
Q2-2021,62,0.000839
Q2-2021,63,0.000774
Q2-2021,64,0.002286
Q2-2021,65,0.000615
Q2-2021,66,0.001201
Q2-2021,67,0.014254
Q2-2021,68,0.001764
Q2-2021,69,0.472187
Q2-2021,70,0.475912
Q2-2021,71,0.450644
Q2-2021,72,0.450797
Q2-2021,73,0.444904
Q2-2021,74,0.444235
Q2-2021,75,0.451445
Q2-2021,76,0.448052
Q2-2021,77,0.446632
Q2-2021,78,0.442599
Q2-2021,79,0.442486
Q2-2021,80,0.490615
Q2-2021,81,0.441687
Q2-2021,82,0.440033
Q2-2021,83,0.439389
Q2-2021,84,0.439918
Q2-2021,85,0.440599
Q2-2021,86,0.441692
Q2-2021,87,0.440616
Q2-2021,88,0.442531
Q2-2021,89,0.441665
Q2-2021,90,0.441439
Q2-2021,91,0.441651
Q2-2021,92,0.440409
Q2-2021,93,0.439581
Q2-2021,94,0.440522
Q2-2021,95,0.563662
Q2-2021,96,0.438534
Q2-2021,97,0.440657
Q2-2021,98,0.442618
Q2-2021,99,0.439247
Q2-2021,100,0.438662
Q2-2021,101,0.440074
Q2-2021,102,0.443272
Q2-2021,103,0.443177
Q2-2021,104,0.443141
Q2-2021,105,0.443711
Q2-2021,106,0.45104
Q2-2021,107,0.451717
Q2-2021,108,0.450196
Q2-2021,109,0.451207
Q2-2021,110,0.450073
Q2-2021,111,0.452502
Q2-2021,112,0.45656
Q2-2021,113,0.453808
Q2-2021,114,0.452043
Q2-2021,115,0.451644
Q2-2021,116,0.450811
Q2-2021,117,0.450957
Q2-2021,118,0.454415
Q2-2021,119,0.458739
Q2-2021,120,0.46042
Q2-2021,121,0.457584
Q2-2021,122,0.45944
Q2-2021,123,0.459676
Q2-2021,124,0.456382
Q2-2021,125,0.455709
Q2-2021,126,0.4562
Q2-2021,127,0.457842
Q2-2021,128,0.459778
Q2-2021,129,0.459448
Q2-2021,130,0.463256
Q2-2021,131,0.464061
Q2-2021,132,0.464194
Q2-2021,133,0.002468
Q2-2021,134,0.451762
Q2-2021,135,0.453019
Q2-2021,136,0.451646
Q2-2021,137,0.441251
Q2-2021,138,0.524164
Q2-2021,139,0.436238
Q2-2021,140,0.430734
Q2-2021,141,0.426653
Q2-2021,142,0.529493
Q2-2021,143,0.457642
Q2-2021,144,0.43168
Q2-2021,145,0.461559
Q2-2021,146,0.457435
Q2-2021,147,0.093532
Q2-2021,148,0.403099
Q2-2021,149,0.437841
Q2-2021,150,0.443931
Q2-2021,151,0.448098
Q2-2021,152,0.475863
Q2-2021,153,0.448831
Q2-2021,154,0.412066
Q2-2021,155,0.445765
Q2-2021,156,0.643221
Q2-2021,157,0.656054
Q2-2021,158,0.659128
Q2-2021,159,0.633266
Q2-2021,160,0.631299
Q2-2021,161,0.588134
Q2-2021,162,0.625222
Q2-2021,163,0.63177
Q2-2021,164,0.589234
Q2-2021,165,0.624434
Q2-2021,166,0.631416
Q2-2021,167,0.630842
Q2-2021,168,0.621076
Q2-2021,169,0.620142
Q2-2021,170,0.619667
Q2-2021,171,0.61966
Q2-2021,172,0.618587
Q2-2021,173,0.619547
Q2-2021,174,0.619055
Q2-2021,175,0.618709
Q2-2021,176,0.265495
Q2-2021,177,0.618707
Q2-2021,178,0.619153
Q2-2021,179,0.619748
Q2-2021,180,0.618164
Q2-2021,181,0.265514
Q2-2021,182,0.615699
Q2-2021,183,0.617225
Q2-2021,184,0.617078
Q2-2021,185,0.263907
Q2-2021,186,0.61705
Q2-2021,187,0.616828
Q2-2021,188,0.616619
Q2-2021,189,0.617724
Q2-2021,190,0.679291
Q2-2021,191,0.618278
Q2-2021,192,0.406109
Q2-2021,193,0.622036
Q2-2021,194,0.622329
Q2-2021,195,0.622286
Q2-2021,196,0.622974
Q2-2021,197,0.622122
Q2-2021,198,0.61751
Q2-2021,199,0.617672
Q2-2021,200,0.614024
Q2-2021,201,0.615945
Q2-2021,202,0.612308
Q2-2021,203,0.614057
Q2-2021,204,0.613669
Q2-2021,205,0.614808
Q2-2021,206,0.61495
Q2-2021,207,0.615722
Q2-2021,208,0.616781
Q2-2021,209,0.616486
Q2-2021,210,0.616051
Q2-2021,211,0.613565
Q2-2021,212,0.61236
Q2-2021,213,0.615451
Q2-2021,214,0.615045
Q2-2021,215,0.642077
Q2-2021,216,0.612037
Q2-2021,217,0.611605
Q2-2021,218,0.612973
Q2-2021,219,0.614556
Q2-2021,220,0.614235
Q2-2021,221,0.616993
Q2-2021,222,0.634935
Q2-2021,223,0.264455
Q2-2021,224,0.612741
Q2-2021,225,0.61635
Q2-2021,226,0.26518
Q2-2021,227,0.617182
Q2-2021,228,0.619222
Q2-2021,229,0.618615
Q2-2021,230,0.619414
Q2-2021,231,0.401305
Q2-2021,232,0.618861
Q2-2021,233,0.403377
Q2-2021,234,0.616326
Q2-2021,235,0.619419
Q2-2021,236,0.617136
Q2-2021,237,0.615876
Q2-2021,238,0.607206
Q2-2021,239,0.606905
Q2-2021,240,0.609133
Q2-2021,241,0.2201
Q2-2021,242,0.418168
Q2-2021,243,0.637307
Q2-2021,244,0.62157
Q2-2021,245,0.62062
Q2-2021,246,0.62212
Q2-2021,247,0.622234
Q2-2021,248,0.621551
Q2-2021,249,0.621295
Q2-2021,250,0.623319
Q2-2021,251,0.622694
Q2-2021,252,0.610674
Q2-2021,253,0.633328
Q2-2021,254,0.357844
Q2-2021,255,0.566045
Q2-2021,256,0.603304
Q2-2021,257,0.580612
Q2-2021,258,0.587251
Q2-2021,259,0.583075
Q2-2021,260,0.048839
Q2-2021,261,0.604341
Q2-2021,262,0.341639
Q2-2021,263,0.571168
Q2-2021,264,0.613984
Q2-2021,265,0.572351
Q2-2021,266,0.283907
Q2-2021,267,0.619573
Q2-2021,268,0.616888
Q2-2021,269,0.617133
Q2-2021,270,0.615832
Q2-2021,271,0.617644
Q2-2021,272,0.619174
Q2-2021,273,0.617538
Q2-2021,274,0.617956
Q2-2021,275,0.615904
Q2-2021,276,0.582217
Q2-2021,277,0.618182
Q2-2021,278,0.619415
Q2-2021,279,0.615904
Q2-2021,280,0.375173
Q2-2021,281,0.613724
Q2-2021,282,0.614273
Q2-2021,283,0.616724
Q2-2021,284,0.376993
Q2-2021,285,0.626716
Q2-2021,286,0.629543
Q2-2021,287,0.285873
Q2-2021,288,0.610821
Q2-2021,289,0.614885
Q2-2021,290,0.612726
Q2-2021,291,0.625181
Q2-2021,292,0.62401
Q2-2021,293,0.283984
Q2-2021,294,0.622679
Q2-2021,295,0.623434
Q2-2021,296,0.621929
Q2-2021,297,0.61231
Q2-2021,298,0.60716
Q2-2021,299,0.290197
Q2-2021,300,0.607583
Q2-2021,301,0.617871
Q2-2021,302,0.618666
Q2-2021,303,0.617021
Q2-2021,304,0.617872
Q2-2021,305,0.620464
Q2-2021,306,0.622133
Q2-2021,307,0.622724
Q2-2021,308,0.624094
Q2-2021,309,0.619724
Q2-2021,310,0.621803
Q2-2021,311,0.621643
Q2-2021,312,0.62295
Q2-2021,313,0.622988
Q2-2021,314,0.622104
Q2-2021,315,0.622188
Q2-2021,316,0.62066
Q2-2021,317,0.622677
Q2-2021,318,0.642966
Q2-2021,319,0.655737
Q2-2021,320,0.655987
Q2-2021,321,0.635887
Q2-2021,322,0.606101
Q2-2021,323,0.603933
Q2-2021,324,0.602756
Q2-2021,325,0.616339
Q2-2021,326,0.620819
Q2-2021,327,0.622816
Q2-2021,328,0.600891
Q2-2021,329,0.601439
Q2-2021,330,0.60132
Q2-2021,331,0.250364
Q2-2021,332,0.600674
Q2-2021,333,0.600985
Q2-2021,334,0.600213
Q2-2021,335,0.601111
Q2-2021,336,0.600516
Q2-2021,337,0.600842
Q2-2021,338,0.597338
Q2-2021,339,0.600391
Q2-2021,340,0.599377
Q2-2021,341,0.59884
Q2-2021,342,0.598613
Q2-2021,343,0.600163
Q2-2021,344,0.597932
Q2-2021,345,0.600635
Q2-2021,346,0.604911
Q2-2021,347,0.600291
Q2-2021,348,0.597701
Q2-2021,349,0.600279
Q2-2021,350,0.599566
Q2-2021,351,0.599833
Q2-2021,352,0.599384
Q2-2021,353,0.599729
Q2-2021,354,0.599476
Q2-2021,355,0.398062
Q2-2021,356,0.600556
Q2-2021,357,0.600367
Q2-2021,358,0.600486
Q2-2021,359,0.60121
Q2-2021,360,0.600708
Q2-2021,361,0.602
Q2-2021,362,0.602467
Q2-2021,363,0.603596
Q2-2021,364,0.601714
Q2-2021,365,0.597791
Q2-2021,366,0.601733
Q2-2021,367,0.602536
Q2-2021,368,0.601634
Q2-2021,369,0.601162
Q2-2021,370,0.601773
Q2-2021,371,0.395704
Q2-2021,372,0.602293
Q2-2021,373,0.398762
Q2-2021,374,0.251521
Q2-2021,375,0.600265
Q2-2021,376,0.599989
Q2-2021,377,0.599497
Q2-2021,378,0.600402
Q2-2021,379,0.600252
Q2-2021,380,0.600339
Q2-2021,381,0.60052
Q2-2021,382,0.601797
Q2-2021,383,0.600828
Q2-2021,384,0.601254
Q2-2021,385,0.601533
Q2-2021,386,0.601139
Q2-2021,387,0.251266
Q2-2021,388,0.601074
Q2-2021,389,0.601163
Q2-2021,390,0.600348
Q2-2021,391,0.600925
Q2-2021,392,0.600885
Q2-2021,393,0.600679
Q2-2021,394,0.60086
Q2-2021,395,0.600803
Q2-2021,396,0.601448
Q2-2021,397,0.601905
Q2-2021,398,0.601596
Q2-2021,399,0.600949
Q2-2021,400,0.600775
Q2-2021,401,0.600943
Q2-2021,402,0.600809
Q2-2021,403,0.601241
Q2-2021,404,0.601625
Q2-2021,405,0.601486
Q2-2021,406,0.601653
Q2-2021,407,0.601024
Q2-2021,408,0.601143
Q2-2021,409,0.601194
Q2-2021,410,0.603331
Q2-2021,411,0.603647
Q2-2021,412,0.603682
Q2-2021,413,0.251578
Q2-2021,414,0.603334
Q2-2021,415,0.600626
Q2-2021,416,0.598917
Q2-2021,417,0.671909
Q2-2021,418,0.600824
Q2-2021,419,0.601141
Q2-2021,420,0.60108
Q2-2021,421,0.398483
Q2-2021,422,0.599408
Q2-2021,423,0.599243
Q2-2021,424,0.598804
Q2-2021,425,0.598905
Q2-2021,426,0.599115
Q2-2021,427,0.562126
Q2-2021,428,0.593548
Q2-2021,429,0.599587
Q2-2021,430,0.599865
Q2-2021,431,0.599949
Q2-2021,432,0.600282
Q2-2021,433,0.599797
Q2-2021,434,0.599929
Q2-2021,435,0.601996
Q2-2021,436,0.5957
Q2-2021,437,0.052212
Q2-2021,438,0.588875
Q2-2021,439,0.565562
Q2-2021,440,0.600728
Q2-2021,441,0.600926
Q2-2021,442,0.595759
Q2-2021,443,0.59252
Q2-2021,444,0.592582
Q2-2021,445,0.613598
Q2-2021,446,0.576056
Q2-2021,447,0.610448
Q2-2021,448,0.407997
Q2-2021,449,0.405467
Q2-2021,450,0.620179
Q2-2021,451,0.408531
Q2-2021,452,0.409536
Q2-2021,453,0.615812
Q2-2021,454,0.260424
Q2-2021,455,0.616958
Q2-2021,456,0.617278
Q2-2021,457,0.617229
Q2-2021,458,0.61423
Q2-2021,459,0.616888
Q2-2021,460,0.616643
Q2-2021,461,0.61681
Q2-2021,462,0.61638
Q2-2021,463,0.615912
Q2-2021,464,0.616934
Q2-2021,465,0.617647
Q2-2021,466,0.617098
Q2-2021,467,0.617791
Q2-2021,468,0.614392
Q2-2021,469,0.618146
Q2-2021,470,0.618585
Q2-2021,471,0.618128
Q2-2021,472,0.617418
Q2-2021,473,0.617407
Q2-2021,474,0.618317
Q2-2021,475,0.618844
Q2-2021,476,0.619469
Q2-2021,477,0.635231
Q2-2021,478,0.73995
Q2-2021,479,0.621707
Q2-2021,480,0.619889
Q2-2021,481,0.620006
Q2-2021,482,0.261881
Q2-2021,483,0.622101
Q2-2021,484,0.730703
Q2-2021,485,0.620106
Q2-2021,486,0.617618
Q2-2021,487,0.620788
Q2-2021,488,0.615698
Q2-2021,489,0.615619
Q2-2021,490,0.620415
Q2-2021,491,0.611703
Q2-2021,492,0.616194
Q2-2021,493,0.61591
Q2-2021,494,0.619546
Q2-2021,495,0.614722
Q2-2021,496,0.615498
Q2-2021,497,0.615685
Q2-2021,498,0.615677
Q2-2021,499,0.616023
Q2-2021,500,0.614921
Q2-2021,501,0.744921
Q2-2021,502,0.407473
Q2-2021,503,0.616349
Q2-2021,504,0.615202
Q2-2021,505,0.257565
Q2-2021,506,0.615371
Q2-2021,507,0.615405
Q2-2021,508,0.614097
Q2-2021,509,0.61443
Q2-2021,510,0.365386
Q2-2021,511,0.568386
Q2-2021,512,0.610416
Q2-2021,513,0.61251
Q2-2021,514,0.616421
Q2-2021,515,0.617007
Q2-2021,516,0.618822
Q2-2021,517,0.577502
Q2-2021,518,0.614684
Q2-2021,519,0.620516
Q2-2021,520,0.417753
Q2-2021,521,0.620074
Q2-2021,522,0.621391
Q2-2021,523,0.607415
Q2-2021,524,0.600361
Q2-2021,525,0.599562
Q2-2021,526,0.606152
Q2-2021,527,0.608489
Q2-2021,528,0.570225
Q2-2021,529,0.593068
Q2-2021,530,0.598343
Q2-2021,531,0.598119
Q2-2021,532,0.595156
Q2-2021,533,0.598205
Q2-2021,534,0.598723
Q2-2021,535,0.398959
Q2-2021,536,0.595276
Q2-2021,537,0.598293
Q2-2021,538,0.598247
Q2-2021,539,0.599173
Q2-2021,540,0.395957
Q2-2021,541,0.399344
Q2-2021,542,0.39816
Q2-2021,543,0.600123
Q2-2021,544,0.597989
Q2-2021,545,0.24944
Q2-2021,546,0.597801
Q2-2021,547,0.396254
Q2-2021,548,0.394967
Q2-2021,549,0.593055
Q2-2021,550,0.596021
Q2-2021,551,0.596773
Q2-2021,552,0.597045
Q2-2021,553,0.597106
Q2-2021,554,0.597052
Q2-2021,555,0.59694
Q2-2021,556,0.596798
Q2-2021,557,0.558338
Q2-2021,558,0.592073
Q2-2021,559,0.248717
Q2-2021,560,0.59672
Q2-2021,561,0.596589
Q2-2021,562,0.247918
Q2-2021,563,0.557983
Q2-2021,564,0.590981
Q2-2021,565,0.595856
Q2-2021,566,0.596494
Q2-2021,567,0.595902
Q2-2021,568,0.2208
Q2-2021,569,0.593175
Q2-2021,570,0.649913
Q2-2021,571,0.248121
Q2-2021,572,0.559747
Q2-2021,573,0.591357
Q2-2021,574,0.593098
Q2-2021,575,0.596799
Q2-2021,576,0.596597
Q2-2021,577,0.597836
Q2-2021,578,0.597689
Q2-2021,579,0.597637
Q2-2021,580,0.597364
Q2-2021,581,0.597367
Q2-2021,582,0.249751
Q2-2021,583,0.598304
Q2-2021,584,0.249499
Q2-2021,585,0.596664
Q2-2021,586,0.597463
Q2-2021,587,0.596549
Q2-2021,588,0.597467
Q2-2021,589,0.597402
Q2-2021,590,0.59737
Q2-2021,591,0.59748
Q2-2021,592,0.597303
Q2-2021,593,0.558598
Q2-2021,594,0.591704
Q2-2021,595,0.396477
Q2-2021,596,0.597403
Q2-2021,597,0.597391
Q2-2021,598,0.597558
Q2-2021,599,0.24944
Q2-2021,600,0.597539
Q2-2021,601,0.597498
Q2-2021,602,0.396002
Q2-2021,603,0.249216
Q2-2021,604,0.598089
Q2-2021,605,0.598005
Q2-2021,606,0.597605
Q2-2021,607,0.598467
Q2-2021,608,0.397846
Q2-2021,609,0.598618
Q2-2021,610,0.600747
Q2-2021,611,0.600656
Q2-2021,612,0.600534
Q2-2021,613,0.602525
Q2-2021,614,0.996861
Q2-2021,615,0.597171
Q2-2021,616,0.596917
Q2-2021,617,0.597136
Q2-2021,618,0.59735
Q2-2021,619,0.597341
Q2-2021,620,0.397108
Q2-2021,621,0.597618
Q2-2021,622,0.597892
Q2-2021,623,0.249912
Q2-2021,624,0.598013
Q2-2021,625,0.598086
Q2-2021,626,0.597616
Q2-2021,627,0.598439
Q2-2021,628,0.597071
Q2-2021,629,0.597102
Q2-2021,630,0.396871
Q2-2021,631,0.59663
Q2-2021,632,0.596442
Q2-2021,633,0.596857
Q2-2021,634,0.597152
Q2-2021,635,0.597437
Q2-2021,636,0.596915
Q2-2021,637,0.249679
Q2-2021,638,0.596879
Q2-2021,639,0.596782
Q2-2021,640,0.597034
Q2-2021,641,0.596663
Q2-2021,642,0.596758
Q2-2021,643,0.596569
Q2-2021,644,0.596545
Q2-2021,645,0.596212
Q2-2021,646,0.596053
Q2-2021,647,0.598368
Q2-2021,648,0.594583
Q2-2021,649,0.597567
Q2-2021,650,0.597168
Q2-2021,651,0.597092
Q2-2021,652,0.601525
Q2-2021,653,0.604053
Q2-2021,654,0.60463
Q2-2021,655,0.67494
Q2-2021,656,0.604476
Q2-2021,657,0.566644
Q2-2021,658,0.599371
Q2-2021,659,0.60528
Q2-2021,660,0.605094
Q2-2021,661,0.606142
Q2-2021,662,0.604303
Q2-2021,663,0.604169
Q2-2021,664,0.400287
Q2-2021,665,0.604476
Q2-2021,666,0.601118
Q2-2021,667,0.402369
Q2-2021,668,0.604424
Q2-2021,669,0.607265
Q2-2021,670,0.607907
Q2-2021,671,0.607755
Q2-2021,672,0.608367
Q2-2021,673,0.608128
Q2-2021,674,0.607616
Q2-2021,675,0.413945
Q2-2021,676,0.402845
Q2-2021,677,0.616098
Q2-2021,678,0.606462
Q2-2021,679,0.607645
Q2-2021,680,0.602001
Q2-2021,681,0.821282
Q2-2021,682,0.214177
Q2-2021,683,0.393905
Q2-2021,684,0.601735
Q2-2021,685,0.603293
Q2-2021,686,0.253527
Q2-2021,687,0.604446
Q2-2021,688,0.614271
Q2-2021,689,0.399283
Q2-2021,690,0.604384
Q2-2021,691,0.604462
Q2-2021,692,0.565925
Q2-2021,693,0.598168
Q2-2021,694,0.604388
Q2-2021,695,0.604207
Q2-2021,696,0.604235
Q2-2021,697,0.603802
Q2-2021,698,0.603614
Q2-2021,699,0.603638
Q2-2021,700,0.603854
Q2-2021,701,0.625276
Q2-2021,702,0.604382
Q2-2021,703,0.603912
Q2-2021,704,0.601657
Q2-2021,705,0.604154
Q2-2021,706,0.604493
Q2-2021,707,0.60428
Q2-2021,708,0.252851
Q2-2021,709,0.565854
Q2-2021,710,0.59935
Q2-2021,711,0.604232
Q2-2021,712,0.39933
Q2-2021,713,0.604382
Q2-2021,714,0.57542
Q2-2021,715,0.605269
Q2-2021,716,0.302934
Q2-2021,717,0.605212
Q2-2021,718,0.605106
Q2-2021,719,0.601783
Q2-2021,720,0.604852
Q2-2021,721,0.604727
Q2-2021,722,0.605186
Q2-2021,723,0.567156
Q2-2021,724,0.599165
Q2-2021,725,0.604988
Q2-2021,726,0.60503
Q2-2021,727,0.605351
Q2-2021,728,0.60556
Q2-2021,729,0.608749
Q2-2021,730,0.609471
Q2-2021,731,0.609959
Q2-2021,732,0.42433
Q2-2021,733,0.610148
Q2-2021,734,0.610255
Q2-2021,735,0.61619
Q2-2021,736,0.610353
Q2-2021,737,0.610346
Q2-2021,738,0.610379
Q2-2021,739,0.606519
Q2-2021,740,0.606574
Q2-2021,741,0.606921
Q2-2021,742,0.607096
Q2-2021,743,0.607062
Q2-2021,744,0.606529
Q2-2021,745,0.604934
Q2-2021,746,0.600218
Q2-2021,747,0.602876
Q2-2021,748,0.603106
Q2-2021,749,0.603422
Q2-2021,750,0.603724
Q2-2021,751,0.601133
Q2-2021,752,0.358651
Q2-2021,753,0.55609
Q2-2021,754,0.599228
Q2-2021,755,0.603414
Q2-2021,756,0.602647
Q2-2021,757,0.601392
Q2-2021,758,0.603602
Q2-2021,759,0.605618
Q2-2021,760,0.608545
Q2-2021,761,0.608953
Q2-2021,762,0.606606
Q2-2021,763,0.603546
Q2-2021,764,0.607698
Q2-2021,765,0.608151
Q2-2021,766,0.607143
Q2-2021,767,0.606552
Q2-2021,768,0.606328
Q2-2021,769,0.613652
Q2-2021,770,0.606883
Q2-2021,771,0.608673
Q2-2021,772,0.607952
Q2-2021,773,0.606849
Q2-2021,774,0.607254
Q2-2021,775,0.606763
Q2-2021,776,0.606239
Q2-2021,777,0.606552
Q2-2021,778,0.60639
Q2-2021,779,0.606247
Q2-2021,780,0.607071
Q2-2021,781,0.603777
Q2-2021,782,0.60703
Q2-2021,783,0.608069
Q2-2021,784,0.255448
Q2-2021,785,0.608238
Q2-2021,786,0.603863
Q2-2021,787,0.606469
Q2-2021,788,0.606684
Q2-2021,789,0.607245
Q2-2021,790,0.606611
Q2-2021,791,0.608117
Q2-2021,792,0.568494
Q2-2021,793,0.60204
Q2-2021,794,0.607597
Q2-2021,795,0.609828
Q2-2021,796,0.613097
Q2-2021,797,0.25634
Q2-2021,798,0.571497
Q2-2021,799,0.604124
Q2-2021,800,0.401001
Q2-2021,801,0.609304
Q2-2021,802,0.608459
Q2-2021,803,0.608345
Q2-2021,804,0.608477
Q2-2021,805,0.606393
Q2-2021,806,0.605576
Q2-2021,807,0.400131
Q2-2021,808,0.605761
Q2-2021,809,0.256702
Q2-2021,810,0.254283
Q2-2021,811,0.254424
Q2-2021,812,0.606144
Q2-2021,813,0.254717
Q2-2021,814,0.604985
Q2-2021,815,0.605985
Q2-2021,816,0.605329
Q2-2021,817,0.605754
Q2-2021,818,0.606287
Q2-2021,819,0.606007
Q2-2021,820,0.605455
Q2-2021,821,0.566214
Q2-2021,822,0.599328
Q2-2021,823,0.604981
Q2-2021,824,0.604976
Q2-2021,825,0.604849
Q2-2021,826,0.60502
Q2-2021,827,0.60494
Q2-2021,828,0.605119
Q2-2021,829,0.399823
Q2-2021,830,0.604778
Q2-2021,831,0.605114
Q2-2021,832,0.605143
Q2-2021,833,0.604672
Q2-2021,834,0.604931
Q2-2021,835,0.604866
Q2-2021,836,0.606759
Q2-2021,837,0.607747
Q2-2021,838,0.605271
Q2-2021,839,0.606412
Q2-2021,840,0.60448
Q2-2021,841,0.604513
Q2-2021,842,0.601557
Q2-2021,843,0.601028
Q2-2021,844,0.602628
Q2-2021,845,0.567637
Q2-2021,846,0.59753
Q2-2021,847,0.600934
Q2-2021,848,0.600641
Q2-2021,849,0.600663
Q2-2021,850,0.600691
Q2-2021,851,0.601024
Q2-2021,852,0.600877
Q2-2021,853,0.600834
Q2-2021,854,0.601796
Q2-2021,855,0.600783
Q2-2021,856,0.600407
Q2-2021,857,0.601178
Q2-2021,858,0.249917
Q2-2021,859,0.607593
Q2-2021,860,0.59789
Q2-2021,861,0.245328
Q2-2021,862,0.561161
Q2-2021,863,0.594314
Q2-2021,864,0.559918
Q2-2021,865,0.594029
Q2-2021,866,0.600697
Q2-2021,867,0.601574
Q2-2021,868,0.601732
Q2-2021,869,0.601978
Q2-2021,870,0.604907
Q2-2021,871,0.604435
Q2-2021,872,0.60382
Q2-2021,873,0.60331
Q2-2021,874,0.602935
Q2-2021,875,0.60243
Q2-2021,876,0.252172
Q2-2021,877,0.563975
Q2-2021,878,0.597012
Q2-2021,879,0.603615
Q2-2021,880,0.602788
Q2-2021,881,0.400042
Q2-2021,882,0.602269
Q2-2021,883,0.599583
Q2-2021,884,0.602982
Q2-2021,885,0.59953
Q2-2021,886,0.602877
Q2-2021,887,0.602795
Q2-2021,888,0.603219
Q2-2021,889,0.400184
Q2-2021,890,0.049022
Q2-2021,891,0.602028
Q2-2021,892,0.563869
Q2-2021,893,0.596413
Q2-2021,894,0.602882
Q2-2021,895,0.602795
Q2-2021,896,0.602089
Q2-2021,897,0.602415
Q2-2021,898,0.602522
Q2-2021,899,0.601608
Q2-2021,900,0.400775
Q2-2021,901,0.603098
Q2-2021,902,0.602995
Q2-2021,903,0.602513
Q2-2021,904,0.603305
Q2-2021,905,0.603615
Q2-2021,906,0.60344
Q2-2021,907,0.603435
Q2-2021,908,0.400766
Q2-2021,909,0.603286
Q2-2021,910,0.603622
Q2-2021,911,0.599608
Q2-2021,912,0.603149
Q2-2021,913,0.603338
Q2-2021,914,0.603269
Q2-2021,915,0.603566
Q2-2021,916,0.603514
Q2-2021,917,0.603435
Q2-2021,918,0.602929
Q2-2021,919,0.603167
Q2-2021,920,0.603516
Q2-2021,921,0.603138
Q2-2021,922,0.60375
Q2-2021,923,0.603866
Q2-2021,924,0.604455
Q2-2021,925,0.252079
Q2-2021,926,0.60431
Q2-2021,927,0.606847
Q2-2021,928,0.605662
Q2-2021,929,0.60369
Q2-2021,930,0.60334
Q2-2021,931,0.251778
Q2-2021,932,0.603333
Q2-2021,933,0.602896
Q2-2021,934,0.601722
Q2-2021,935,0.602435
Q2-2021,936,0.605893
Q2-2021,937,0.049867
Q2-2021,938,0.603675
Q2-2021,939,0.563624
Q2-2021,940,0.247482
Q2-2021,941,0.604073
Q2-2021,942,0.401513
Q2-2021,943,0.604447
Q2-2021,944,0.602785
Q2-2021,945,0.250871
Q2-2021,946,0.603256
Q2-2021,947,0.602474
Q2-2021,948,0.598241
Q2-2021,949,0.601037
Q2-2021,950,0.708935
Q2-2021,951,0.563989
Q2-2021,952,0.598266
Q2-2021,953,0.400328
Q2-2021,954,0.250245
Q2-2021,955,0.605822
Q2-2021,956,0.404511
Q2-2021,957,0.614529
Q2-2021,958,0.601067
Q2-2021,959,0.248986
Q2-2021,960,0.599938
Q2-2021,961,0.603321
Q2-2021,962,0.59869
Q2-2021,963,0.601492
Q2-2021,964,0.60041
Q2-2021,965,0.601176
Q2-2021,966,0.60195
Q2-2021,967,0.564691
Q2-2021,968,0.598774
Q2-2021,969,0.605473
Q2-2021,970,0.605956
Q2-2021,971,0.605964
Q2-2021,972,0.605721
Q2-2021,973,0.604976
Q2-2021,974,0.565245
Q2-2021,975,0.599664
Q2-2021,976,0.604693
Q2-2021,977,0.601381
Q2-2021,978,0.604718
Q2-2021,979,0.603818
Q2-2021,980,0.604356
Q2-2021,981,0.249827
Q2-2021,982,0.656906
Q2-2021,983,0.605257
Q2-2021,984,0.604938
Q2-2021,985,0.605826
Q2-2021,986,0.605724
Q2-2021,987,0.601942
Q2-2021,988,0.404311
Q2-2021,989,0.604955
Q2-2021,990,0.604432
Q2-2021,991,0.604594
Q2-2021,992,0.606815
Q2-2021,993,0.600695
Q2-2021,994,0.602655
Q2-2021,995,0.602911
Q2-2021,996,0.602881
Q2-2021,997,0.602519
Q2-2021,998,0.602774
Q2-2021,999,0.602847
Q2-2021,1000,0.602898
Q2-2021,1001,0.249865
Q2-2021,1002,0.249927
Q2-2021,1003,0.602784
Q2-2021,1004,0.601934
Q2-2021,1005,0.601997
Q2-2021,1006,0.249976
Q2-2021,1007,0.602116
Q2-2021,1008,0.602548
Q2-2021,1009,0.602166
Q2-2021,1010,0.563725
Q2-2021,1011,0.597317
Q2-2021,1012,0.602706
Q2-2021,1013,0.602589
Q2-2021,1014,0.602781
Q2-2021,1015,0.563453
Q2-2021,1016,0.593802
Q2-2021,1017,0.602623
Q2-2021,1018,0.602624
Q2-2021,1019,0.602781
Q2-2021,1020,0.403264
Q2-2021,1021,0.603526
Q2-2021,1022,0.247523
Q2-2021,1023,0.607807
Q2-2021,1024,0.604307
Q2-2021,1025,0.563618
Q2-2021,1026,0.598404
Q2-2021,1027,0.677446
Q2-2021,1028,0.603762
Q2-2021,1029,0.603652
Q2-2021,1030,0.605049
Q2-2021,1031,0.605313
Q2-2021,1032,0.605678
Q2-2021,1033,0.602887
Q2-2021,1034,0.60314
Q2-2021,1035,0.603541
Q2-2021,1036,0.603795
Q2-2021,1037,0.604117
Q2-2021,1038,0.603215
Q2-2021,1039,0.603179
Q2-2021,1040,0.603282
Q2-2021,1041,0.603067
Q2-2021,1042,0.602976
Q2-2021,1043,0.603492
Q2-2021,1044,0.403769
Q2-2021,1045,0.605587
Q2-2021,1046,0.604542
Q2-2021,1047,0.604739
Q2-2021,1048,0.600536
Q2-2021,1049,0.5987
Q2-2021,1050,0.598752
Q2-2021,1051,0.596533
Q2-2021,1052,0.601366
Q2-2021,1053,0.596901
Q2-2021,1054,0.598392
Q2-2021,1055,0.598551
Q2-2021,1056,0.598695
Q2-2021,1057,0.601269
Q2-2021,1058,0.601539
Q2-2021,1059,0.601736
Q2-2021,1060,0.561434
Q2-2021,1061,0.591345
Q2-2021,1062,0.597502
Q2-2021,1063,0.597673
Q2-2021,1064,0.59734
Q2-2021,1065,0.24901
Q2-2021,1066,0.597128
Q2-2021,1067,0.597031
Q2-2021,1068,0.597036
Q2-2021,1069,0.59725
Q2-2021,1070,0.598102
Q2-2021,1071,0.607521
Q2-2021,1072,0.598513
Q2-2021,1073,0.598373
Q2-2021,1074,0.59781
Q2-2021,1075,0.59845
Q2-2021,1076,0.560177
Q2-2021,1077,0.593281
Q2-2021,1078,0.399116
Q2-2021,1079,0.598719
Q2-2021,1080,0.598414
Q2-2021,1081,0.598427
Q2-2021,1082,0.598483
Q2-2021,1083,0.598775
Q2-2021,1084,0.598962
Q2-2021,1085,0.59871
Q2-2021,1086,0.598804
Q2-2021,1087,0.598879
Q2-2021,1088,0.598657
Q2-2021,1089,0.59895
Q2-2021,1090,0.599079
Q2-2021,1091,0.600566
Q2-2021,1092,0.600277
Q2-2021,1093,0.600057
Q2-2021,1094,0.398929
Q2-2021,1095,0.600087
Q2-2021,1096,0.599901
Q2-2021,1097,0.599988
Q2-2021,1098,0.599922
Q2-2021,1099,0.600127
Q2-2021,1100,0.599838
Q2-2021,1101,0.604483
Q2-2021,1102,0.599809
Q2-2021,1103,0.59977
Q2-2021,1104,0.602526
Q2-2021,1105,0.599472
Q2-2021,1106,0.601884
Q2-2021,1107,0.602266
Q2-2021,1108,0.602256
Q2-2021,1109,0.602479
Q2-2021,1110,0.60253
Q2-2021,1111,0.604298
Q2-2021,1112,0.602859
Q2-2021,1113,0.600967
Q2-2021,1114,0.55997
Q2-2021,1115,0.591587
Q2-2021,1116,0.55642
Q2-2021,1117,0.24409
Q2-2021,1118,0.651409
Q2-2021,1119,0.598494
Q2-2021,1120,0.597623
Q2-2021,1121,0.598999
Q2-2021,1122,0.59792
Q2-2021,1123,0.59906
Q2-2021,1124,0.599864
Q2-2021,1125,0.598705
Q2-2021,1126,0.5987
Q2-2021,1127,0.598611
Q2-2021,1128,0.560174
Q2-2021,1129,0.589481
Q2-2021,1130,0.398001
Q2-2021,1131,0.598815
Q2-2021,1132,0.598855
Q2-2021,1133,0.595947
Q2-2021,1134,0.560353
Q2-2021,1135,0.593244
Q2-2021,1136,0.598903
Q2-2021,1137,0.598105
Q2-2021,1138,0.597751
Q2-2021,1139,0.598429
Q2-2021,1140,0.250287
Q2-2021,1141,0.596289
Q2-2021,1142,0.599092
Q2-2021,1143,0.598092
Q2-2021,1144,0.598719
Q2-2021,1145,0.598819
Q2-2021,1146,0.599536
Q2-2021,1147,0.599481
Q2-2021,1148,0.598502
Q2-2021,1149,0.598622
Q2-2021,1150,0.560267
Q2-2021,1151,0.593422
Q2-2021,1152,0.598985
Q2-2021,1153,0.600141
Q2-2021,1154,0.249273
Q2-2021,1155,0.598759
Q2-2021,1156,0.598638
Q2-2021,1157,0.597928
Q2-2021,1158,0.598512
Q2-2021,1159,0.598629
Q2-2021,1160,0.598512
Q2-2021,1161,0.597083
Q2-2021,1162,0.599447
Q2-2021,1163,0.397854
Q2-2021,1164,0.60017
Q2-2021,1165,0.250201
Q2-2021,1166,0.599797
Q2-2021,1167,0.5975
Q2-2021,1168,0.59845
Q2-2021,1169,0.250675
Q2-2021,1170,0.603021
Q2-2021,1171,0.603402
Q2-2021,1172,0.604202
Q2-2021,1173,0.605147
Q2-2021,1174,0.605469
Q2-2021,1175,0.60085
Q2-2021,1176,0.630916
Q2-2021,1177,0.595146
Q2-2021,1178,0.600422
Q2-2021,1179,0.597447
Q2-2021,1180,0.601433
Q2-2021,1181,0.600941
Q2-2021,1182,0.60109
Q2-2021,1183,0.601075
Q2-2021,1184,0.601615
Q2-2021,1185,0.601961
Q2-2021,1186,0.601349
Q2-2021,1187,0.600925
Q2-2021,1188,0.600837
Q2-2021,1189,0.601017
Q2-2021,1190,0.601284
Q2-2021,1191,0.605716
Q2-2021,1192,0.398723
Q2-2021,1193,0.597067
Q2-2021,1194,0.600351
Q2-2021,1195,0.600495
Q2-2021,1196,0.600418
Q2-2021,1197,0.25121
Q2-2021,1198,0.600851
Q2-2021,1199,0.601043
Q2-2021,1200,0.250755
Q2-2021,1201,0.601165
Q2-2021,1202,0.601222
Q2-2021,1203,0.600271
Q2-2021,1204,0.600979
Q2-2021,1205,0.602305
Q2-2021,1206,0.251491
Q2-2021,1207,0.602159
Q2-2021,1208,0.602969
Q2-2021,1209,0.600988
Q2-2021,1210,0.601668
Q2-2021,1211,0.601627
Q2-2021,1212,0.403638
Q2-2021,1213,0.602568
Q2-2021,1214,0.25191
Q2-2021,1215,0.602331
Q2-2021,1216,0.602412
Q2-2021,1217,0.601683
Q2-2021,1218,0.602478
Q2-2021,1219,0.601104
Q2-2021,1220,0.60173
Q2-2021,1221,0.598385
Q2-2021,1222,0.598763
Q2-2021,1223,0.602185
Q2-2021,1224,0.602344
Q2-2021,1225,0.400175
Q2-2021,1226,0.602242
Q2-2021,1227,0.601387
Q2-2021,1228,0.403044
Q2-2021,1229,0.602512
Q2-2021,1230,0.604938
Q2-2021,1231,0.604976
Q2-2021,1232,0.604686
Q2-2021,1233,0.597529
Q2-2021,1234,0.600869
Q2-2021,1235,0.562336
Q2-2021,1236,0.592343
Q2-2021,1237,0.602801
Q2-2021,1238,0.60239
Q2-2021,1239,0.251637
Q2-2021,1240,0.211863
Q2-2021,1241,0.394014
Q2-2021,1242,0.599297
Q2-2021,1243,0.594322
Q2-2021,1244,0.597683
Q2-2021,1245,0.599272
Q2-2021,1246,0.599995
Q2-2021,1247,0.211252
Q2-2021,1248,0.392303
Q2-2021,1249,0.249589
Q2-2021,1250,0.245271
Q2-2021,1251,0.598236
Q2-2021,1252,0.599313
Q2-2021,1253,0.557742
Q2-2021,1254,0.591932
Q2-2021,1255,0.597591
Q2-2021,1256,0.597464
Q2-2021,1257,0.049908
Q2-2021,1258,0.596132
Q2-2021,1259,0.559085
Q2-2021,1260,0.592954
Q2-2021,1261,0.597876
Q2-2021,1262,0.598664
Q2-2021,1263,0.599684
Q2-2021,1264,0.597692
Q2-2021,1265,0.598208
Q2-2021,1266,0.248792
Q2-2021,1267,0.600568
Q2-2021,1268,0.600292
Q2-2021,1269,0.599613
Q2-2021,1270,0.602559
Q2-2021,1271,0.590941
Q2-2021,1272,0.589776
Q2-2021,1273,0.589864
Q3-2021,1,8e-06
Q3-2021,2,0.000159
Q3-2021,3,0.000435
Q3-2021,4,5.3e-05
Q3-2021,5,0.019743
Q3-2021,6,0.001603
Q3-2021,7,9e-05
Q3-2021,8,0.000946
Q3-2021,9,0.001042
Q3-2021,10,0.00029
Q3-2021,11,0.000582
Q3-2021,12,0.002014
Q3-2021,13,0.001218
Q3-2021,14,0.001765
Q3-2021,15,0.000421
Q3-2021,16,0.002146
Q3-2021,17,0.000502
Q3-2021,18,0.020922
Q3-2021,19,0.940291
Q3-2021,20,0.016123
Q3-2021,21,0.006061
Q3-2021,22,0.00317
Q3-2021,23,0.000619
Q3-2021,24,0.000701
Q3-2021,25,0.002139
Q3-2021,26,0.017508
Q3-2021,27,0.007637
Q3-2021,28,0.00075
Q3-2021,29,0.011699
Q3-2021,30,0.000869
Q3-2021,31,0.000412
Q3-2021,32,0.000732
Q3-2021,33,0.001268
Q3-2021,34,0.000517
Q3-2021,35,0.000786
Q3-2021,36,0.001821
Q3-2021,37,8.8e-05
Q3-2021,38,0.000286
Q3-2021,39,0.000372
Q3-2021,40,0.000335
Q3-2021,41,0.000508
Q3-2021,42,0.000416
Q3-2021,43,0.000324
Q3-2021,44,0.000336
Q3-2021,45,0.000277
Q3-2021,46,0.000483
Q3-2021,47,0.00054
Q3-2021,48,0.000341
Q3-2021,49,0.002165
Q3-2021,50,0.000641
Q3-2021,51,0.002136
Q3-2021,52,0.001354
Q3-2021,53,0.000589
Q3-2021,54,0.003088
Q3-2021,55,0.0004
Q3-2021,56,0.000377
Q3-2021,57,0.000489
Q3-2021,58,0.000196
Q3-2021,59,0.000837
Q3-2021,60,0.00054
Q3-2021,61,0.000654
Q3-2021,62,0.001042
Q3-2021,63,0.000592
Q3-2021,64,0.001258
Q3-2021,65,0.000591
Q3-2021,66,0.001994
Q3-2021,67,0.007009
Q3-2021,68,0.001675
Q3-2021,69,0.025169
Q3-2021,70,0.034216
Q3-2021,71,0.024245
Q3-2021,72,0.025059
Q3-2021,73,0.023873
Q3-2021,74,0.023891
Q3-2021,75,0.028608
Q3-2021,76,0.025709
Q3-2021,77,0.032125
Q3-2021,78,0.0249
Q3-2021,79,0.024596
Q3-2021,80,0.032984
Q3-2021,81,0.024568
Q3-2021,82,0.024279
Q3-2021,83,0.025134
Q3-2021,84,0.024255
Q3-2021,85,0.024483
Q3-2021,86,0.024509
Q3-2021,87,0.024287
Q3-2021,88,0.024713
Q3-2021,89,0.024181
Q3-2021,90,0.024747
Q3-2021,91,0.02395
Q3-2021,92,0.024119
Q3-2021,93,0.024281
Q3-2021,94,0.024547
Q3-2021,95,0.365973
Q3-2021,96,0.024681
Q3-2021,97,0.030942
Q3-2021,98,0.026577
Q3-2021,99,0.024592
Q3-2021,100,0.024468
Q3-2021,101,0.024603
Q3-2021,102,0.025135
Q3-2021,103,0.024666
Q3-2021,104,0.024685
Q3-2021,105,0.025059
Q3-2021,106,0.025713
Q3-2021,107,0.02583
Q3-2021,108,0.025398
Q3-2021,109,0.027122
Q3-2021,110,0.027322
Q3-2021,111,0.027326
Q3-2021,112,0.055607
Q3-2021,113,0.027397
Q3-2021,114,0.026484
Q3-2021,115,0.026371
Q3-2021,116,0.026233
Q3-2021,117,0.026025
Q3-2021,118,0.027942
Q3-2021,119,0.027897
Q3-2021,120,0.028676
Q3-2021,121,0.026129
Q3-2021,122,0.027133
Q3-2021,123,0.027502
Q3-2021,124,0.027095
Q3-2021,125,0.026017
Q3-2021,126,0.025456
Q3-2021,127,0.026276
Q3-2021,128,0.026192
Q3-2021,129,0.025919
Q3-2021,130,0.027204
Q3-2021,131,0.026887
Q3-2021,132,0.027042
Q3-2021,133,0.001569
Q3-2021,134,0.025747
Q3-2021,135,0.025629
Q3-2021,136,0.026421
Q3-2021,137,0.024663
Q3-2021,138,0.052432
Q3-2021,139,0.024532
Q3-2021,140,0.023989
Q3-2021,141,0.025411
Q3-2021,142,0.53549
Q3-2021,143,0.027794
Q3-2021,144,0.030178
Q3-2021,145,0.042899
Q3-2021,146,0.035245
Q3-2021,147,0.018796
Q3-2021,148,0.028205
Q3-2021,149,0.02513
Q3-2021,150,0.032279
Q3-2021,151,0.033332
Q3-2021,152,0.034948
Q3-2021,153,0.037164
Q3-2021,154,0.029797
Q3-2021,155,0.031998
Q3-2021,156,0.921148
Q3-2021,157,0.930848
Q3-2021,158,0.935769
Q3-2021,159,0.868002
Q3-2021,160,0.853796
Q3-2021,161,0.846541
Q3-2021,162,0.848494
Q3-2021,163,0.859456
Q3-2021,164,0.843737
Q3-2021,165,0.837806
Q3-2021,166,0.847567
Q3-2021,167,0.843896
Q3-2021,168,0.825781
Q3-2021,169,0.825819
Q3-2021,170,0.826483
Q3-2021,171,0.82633
Q3-2021,172,0.821217
Q3-2021,173,0.823171
Q3-2021,174,0.822568
Q3-2021,175,0.822579
Q3-2021,176,0.803061
Q3-2021,177,0.818997
Q3-2021,178,0.817852
Q3-2021,179,0.816064
Q3-2021,180,0.81279
Q3-2021,181,0.796987
Q3-2021,182,0.808244
Q3-2021,183,0.809886
Q3-2021,184,0.810473
Q3-2021,185,0.794648
Q3-2021,186,0.809715
Q3-2021,187,0.809595
Q3-2021,188,0.809547
Q3-2021,189,0.810701
Q3-2021,190,0.826149
Q3-2021,191,0.809835
Q3-2021,192,0.029998
Q3-2021,193,0.810036
Q3-2021,194,0.810199
Q3-2021,195,0.810183
Q3-2021,196,0.810206
Q3-2021,197,0.808021
Q3-2021,198,0.80695
Q3-2021,199,0.807702
Q3-2021,200,0.803981
Q3-2021,201,0.804299
Q3-2021,202,0.801699
Q3-2021,203,0.802939
Q3-2021,204,0.803327
Q3-2021,205,0.806751
Q3-2021,206,0.808412
Q3-2021,207,0.809776
Q3-2021,208,0.811941
Q3-2021,209,0.813758
Q3-2021,210,0.809855
Q3-2021,211,0.807507
Q3-2021,212,0.806931
Q3-2021,213,0.810549
Q3-2021,214,0.811006
Q3-2021,215,0.810252
Q3-2021,216,0.803372
Q3-2021,217,0.802307
Q3-2021,218,0.803946
Q3-2021,219,0.810055
Q3-2021,220,0.811153
Q3-2021,221,0.816833
Q3-2021,222,0.829405
Q3-2021,223,0.793231
Q3-2021,224,0.805699
Q3-2021,225,0.809615
Q3-2021,226,0.794212
Q3-2021,227,0.80975
Q3-2021,228,0.810761
Q3-2021,229,0.81153
Q3-2021,230,0.811536
Q3-2021,231,0.02857
Q3-2021,232,0.810737
Q3-2021,233,0.030585
Q3-2021,234,0.806599
Q3-2021,235,0.806941
Q3-2021,236,0.804868
Q3-2021,237,0.802014
Q3-2021,238,0.792337
Q3-2021,239,0.79167
Q3-2021,240,0.792195
Q3-2021,241,0.768839
Q3-2021,242,0.02854
Q3-2021,243,0.797476
Q3-2021,244,0.761033
Q3-2021,245,0.757584
Q3-2021,246,0.758711
Q3-2021,247,0.758376
Q3-2021,248,0.757674
Q3-2021,249,0.747636
Q3-2021,250,0.760339
Q3-2021,251,0.75917
Q3-2021,252,0.756516
Q3-2021,253,0.743895
Q3-2021,254,0.026536
Q3-2021,255,0.744633
Q3-2021,256,0.751715
Q3-2021,257,0.749776
Q3-2021,258,0.746281
Q3-2021,259,0.748368
Q3-2021,260,0.01428
Q3-2021,261,0.748605
Q3-2021,262,0.024045
Q3-2021,263,0.738025
Q3-2021,264,0.745224
Q3-2021,265,0.741875
Q3-2021,266,0.728677
Q3-2021,267,0.747266
Q3-2021,268,0.747286
Q3-2021,269,0.745678
Q3-2021,270,0.745558
Q3-2021,271,0.750383
Q3-2021,272,0.749214
Q3-2021,273,0.748516
Q3-2021,274,0.74838
Q3-2021,275,0.74521
Q3-2021,276,0.740475
Q3-2021,277,0.743552
Q3-2021,278,0.748973
Q3-2021,279,0.746003
Q3-2021,280,0.02752
Q3-2021,281,0.744199
Q3-2021,282,0.74288
Q3-2021,283,0.744426
Q3-2021,284,0.028015
Q3-2021,285,0.745857
Q3-2021,286,0.751025
Q3-2021,287,0.736393
Q3-2021,288,0.742757
Q3-2021,289,0.74537
Q3-2021,290,0.741097
Q3-2021,291,0.746672
Q3-2021,292,0.75106
Q3-2021,293,0.734827
Q3-2021,294,0.747697
Q3-2021,295,0.749093
Q3-2021,296,0.747087
Q3-2021,297,0.745498
Q3-2021,298,0.741756
Q3-2021,299,0.719876
Q3-2021,300,0.732977
Q3-2021,301,0.744543
Q3-2021,302,0.749512
Q3-2021,303,0.74916
Q3-2021,304,0.747981
Q3-2021,305,0.746689
Q3-2021,306,0.746811
Q3-2021,307,0.749176
Q3-2021,308,0.747401
Q3-2021,309,0.74725
Q3-2021,310,0.745776
Q3-2021,311,0.745447
Q3-2021,312,0.748544
Q3-2021,313,0.749289
Q3-2021,314,0.750126
Q3-2021,315,0.749132
Q3-2021,316,0.748687
Q3-2021,317,0.747957
Q3-2021,318,0.750907
Q3-2021,319,0.765019
Q3-2021,320,0.769061
Q3-2021,321,0.760738
Q3-2021,322,0.746051
Q3-2021,323,0.744311
Q3-2021,324,0.744421
Q3-2021,325,0.744045
Q3-2021,326,0.755092
Q3-2021,327,0.755661
Q3-2021,328,0.730548
Q3-2021,329,0.73045
Q3-2021,330,0.730086
Q3-2021,331,0.711991
Q3-2021,332,0.729627
Q3-2021,333,0.729824
Q3-2021,334,0.731059
Q3-2021,335,0.73075
Q3-2021,336,0.729909
Q3-2021,337,0.730196
Q3-2021,338,0.727155
Q3-2021,339,0.729731
Q3-2021,340,0.729911
Q3-2021,341,0.728111
Q3-2021,342,0.728134
Q3-2021,343,0.731056
Q3-2021,344,0.728627
Q3-2021,345,0.729806
Q3-2021,346,0.732057
Q3-2021,347,0.729281
Q3-2021,348,0.72742
Q3-2021,349,0.728457
Q3-2021,350,0.729448
Q3-2021,351,0.729911
Q3-2021,352,0.730149
Q3-2021,353,0.730351
Q3-2021,354,0.730093
Q3-2021,355,0.033188
Q3-2021,356,0.734002
Q3-2021,357,0.733612
Q3-2021,358,0.733872
Q3-2021,359,0.734234
Q3-2021,360,0.734449
Q3-2021,361,0.735683
Q3-2021,362,0.73599
Q3-2021,363,0.736815
Q3-2021,364,0.735392
Q3-2021,365,0.732422
Q3-2021,366,0.735186
Q3-2021,367,0.738221
Q3-2021,368,0.738502
Q3-2021,369,0.737978
Q3-2021,370,0.738794
Q3-2021,371,0.030701
Q3-2021,372,0.737863
Q3-2021,373,0.03308
Q3-2021,374,0.718986
Q3-2021,375,0.73545
Q3-2021,376,0.735787
Q3-2021,377,0.736103
Q3-2021,378,0.736234
Q3-2021,379,0.736349
Q3-2021,380,0.736459
Q3-2021,381,0.735926
Q3-2021,382,0.736193
Q3-2021,383,0.736182
Q3-2021,384,0.736225
Q3-2021,385,0.736005
Q3-2021,386,0.736084
Q3-2021,387,0.718062
Q3-2021,388,0.735952
Q3-2021,389,0.735624
Q3-2021,390,0.735501
Q3-2021,391,0.735267
Q3-2021,392,0.73561
Q3-2021,393,0.735563
Q3-2021,394,0.735643
Q3-2021,395,0.735464
Q3-2021,396,0.735632
Q3-2021,397,0.73682
Q3-2021,398,0.736612
Q3-2021,399,0.735618
Q3-2021,400,0.735766
Q3-2021,401,0.735691
Q3-2021,402,0.73696
Q3-2021,403,0.737162
Q3-2021,404,0.737727
Q3-2021,405,0.737566
Q3-2021,406,0.736764
Q3-2021,407,0.736834
Q3-2021,408,0.735211
Q3-2021,409,0.735158
Q3-2021,410,0.735977
Q3-2021,411,0.735758
Q3-2021,412,0.735673
Q3-2021,413,0.717525
Q3-2021,414,0.735251
Q3-2021,415,0.733367
Q3-2021,416,0.732917
Q3-2021,417,0.749177
Q3-2021,418,0.732992
Q3-2021,419,0.73345
Q3-2021,420,0.732739
Q3-2021,421,0.032826
Q3-2021,422,0.729832
Q3-2021,423,0.729552
Q3-2021,424,0.729178
Q3-2021,425,0.729177
Q3-2021,426,0.729325
Q3-2021,427,0.723548
Q3-2021,428,0.72357
Q3-2021,429,0.729807
Q3-2021,430,0.729773
Q3-2021,431,0.72985
Q3-2021,432,0.730409
Q3-2021,433,0.732164
Q3-2021,434,0.731269
Q3-2021,435,0.730668
Q3-2021,436,0.733149
Q3-2021,437,0.015469
Q3-2021,438,0.721599
Q3-2021,439,0.733917
Q3-2021,440,0.735475
Q3-2021,441,0.740266
Q3-2021,442,0.739928
Q3-2021,443,0.736261
Q3-2021,444,0.735302
Q3-2021,445,0.743227
Q3-2021,446,0.739656
Q3-2021,447,0.738062
Q3-2021,448,0.032115
Q3-2021,449,0.02975
Q3-2021,450,0.742728
Q3-2021,451,0.031959
Q3-2021,452,0.953665
Q3-2021,453,0.741342
Q3-2021,454,0.724314
Q3-2021,455,0.741166
Q3-2021,456,0.741038
Q3-2021,457,0.742238
Q3-2021,458,0.739736
Q3-2021,459,0.74186
Q3-2021,460,0.741838
Q3-2021,461,0.742595
Q3-2021,462,0.74294
Q3-2021,463,0.741987
Q3-2021,464,0.742051
Q3-2021,465,0.742618
Q3-2021,466,0.742767
Q3-2021,467,0.74206
Q3-2021,468,0.738367
Q3-2021,469,0.742265
Q3-2021,470,0.743366
Q3-2021,471,0.742662
Q3-2021,472,0.742109
Q3-2021,473,0.74215
Q3-2021,474,0.743681
Q3-2021,475,0.745408
Q3-2021,476,0.746812
Q3-2021,477,0.7454
Q3-2021,478,0.968782
Q3-2021,479,0.742835
Q3-2021,480,0.740303
Q3-2021,481,0.741435
Q3-2021,482,0.725074
Q3-2021,483,0.743067
Q3-2021,484,0.76046
Q3-2021,485,0.743367
Q3-2021,486,0.739177
Q3-2021,487,0.741659
Q3-2021,488,0.74079
Q3-2021,489,0.740794
Q3-2021,490,0.741321
Q3-2021,491,0.740104
Q3-2021,492,0.739553
Q3-2021,493,0.740373
Q3-2021,494,0.737278
Q3-2021,495,0.736911
Q3-2021,496,0.736515
Q3-2021,497,0.737392
Q3-2021,498,0.740125
Q3-2021,499,0.740386
Q3-2021,500,0.739373
Q3-2021,501,0.754939
Q3-2021,502,0.032906
Q3-2021,503,0.739125
Q3-2021,504,0.742255
Q3-2021,505,0.724983
Q3-2021,506,0.742315
Q3-2021,507,0.743681
Q3-2021,508,0.744114
Q3-2021,509,0.740835
Q3-2021,510,0.025546
Q3-2021,511,0.729656
Q3-2021,512,0.736
Q3-2021,513,0.740237
Q3-2021,514,0.741707
Q3-2021,515,0.740525
Q3-2021,516,0.741735
Q3-2021,517,0.737128
Q3-2021,518,0.737215
Q3-2021,519,0.745235
Q3-2021,520,0.035944
Q3-2021,521,0.744267
Q3-2021,522,0.745944
Q3-2021,523,0.741273
Q3-2021,524,0.736934
Q3-2021,525,0.736779
Q3-2021,526,0.737408
Q3-2021,527,0.74451
Q3-2021,528,0.738516
Q3-2021,529,0.722857
Q3-2021,530,0.728153
Q3-2021,531,0.72829
Q3-2021,532,0.725497
Q3-2021,533,0.728113
Q3-2021,534,0.728223
Q3-2021,535,0.03292
Q3-2021,536,0.725501
Q3-2021,537,0.727904
Q3-2021,538,0.728042
Q3-2021,539,0.728409
Q3-2021,540,0.030291
Q3-2021,541,0.032951
Q3-2021,542,0.032792
Q3-2021,543,0.728559
Q3-2021,544,0.728415
Q3-2021,545,0.71069
Q3-2021,546,0.728667
Q3-2021,547,0.034073
Q3-2021,548,0.032781
Q3-2021,549,0.726689
Q3-2021,550,0.729235
Q3-2021,551,0.728081
Q3-2021,552,0.728058
Q3-2021,553,0.728054
Q3-2021,554,0.728159
Q3-2021,555,0.727797
Q3-2021,556,0.727275
Q3-2021,557,0.721611
Q3-2021,558,0.722031
Q3-2021,559,0.709858
Q3-2021,560,0.727429
Q3-2021,561,0.727745
Q3-2021,562,0.709772
Q3-2021,563,0.721222
Q3-2021,564,0.721545
Q3-2021,565,0.727393
Q3-2021,566,0.727427
Q3-2021,567,0.727385
Q3-2021,568,0.709044
Q3-2021,569,0.727462
Q3-2021,570,0.729116
Q3-2021,571,0.70964
Q3-2021,572,0.722228
Q3-2021,573,0.721626
Q3-2021,574,0.725251
Q3-2021,575,0.727281
Q3-2021,576,0.727786
Q3-2021,577,0.728159
Q3-2021,578,0.727816
Q3-2021,579,0.72753
Q3-2021,580,0.727482
Q3-2021,581,0.727065
Q3-2021,582,0.709396
Q3-2021,583,0.727881
Q3-2021,584,0.709474
Q3-2021,585,0.727218
Q3-2021,586,0.727368
Q3-2021,587,0.727223
Q3-2021,588,0.727317
Q3-2021,589,0.727195
Q3-2021,590,0.727201
Q3-2021,591,0.727253
Q3-2021,592,0.727151
Q3-2021,593,0.721009
Q3-2021,594,0.721188
Q3-2021,595,0.032775
Q3-2021,596,0.727199
Q3-2021,597,0.727182
Q3-2021,598,0.727635
Q3-2021,599,0.70973
Q3-2021,600,0.727277
Q3-2021,601,0.727309
Q3-2021,602,0.033031
Q3-2021,603,0.709606
Q3-2021,604,0.727246
Q3-2021,605,0.727347
Q3-2021,606,0.727628
Q3-2021,607,0.727765
Q3-2021,608,0.032862
Q3-2021,609,0.727583
Q3-2021,610,0.727646
Q3-2021,611,0.727736
Q3-2021,612,0.727045
Q3-2021,613,0.730265
Q3-2021,614,0.995145
Q3-2021,615,0.727651
Q3-2021,616,0.727572
Q3-2021,617,0.727732
Q3-2021,618,0.727759
Q3-2021,619,0.727726
Q3-2021,620,0.034308
Q3-2021,621,0.727755
Q3-2021,622,0.727852
Q3-2021,623,0.710467
Q3-2021,624,0.727851
Q3-2021,625,0.728041
Q3-2021,626,0.728338
Q3-2021,627,0.727919
Q3-2021,628,0.727649
Q3-2021,629,0.727498
Q3-2021,630,0.033062
Q3-2021,631,0.727141
Q3-2021,632,0.727009
Q3-2021,633,0.727064
Q3-2021,634,0.727197
Q3-2021,635,0.727206
Q3-2021,636,0.726691
Q3-2021,637,0.708952
Q3-2021,638,0.726592
Q3-2021,639,0.726732
Q3-2021,640,0.727392
Q3-2021,641,0.726681
Q3-2021,642,0.726697
Q3-2021,643,0.726699
Q3-2021,644,0.726745
Q3-2021,645,0.725934
Q3-2021,646,0.726
Q3-2021,647,0.728363
Q3-2021,648,0.725893
Q3-2021,649,0.728553
Q3-2021,650,0.727908
Q3-2021,651,0.72791
Q3-2021,652,0.729668
Q3-2021,653,0.730166
Q3-2021,654,0.730805
Q3-2021,655,0.745593
Q3-2021,656,0.730647
Q3-2021,657,0.724506
Q3-2021,658,0.725434
Q3-2021,659,0.731462
Q3-2021,660,0.730839
Q3-2021,661,0.731476
Q3-2021,662,0.730724
Q3-2021,663,0.730628
Q3-2021,664,0.032661
Q3-2021,665,0.730529
Q3-2021,666,0.727985
Q3-2021,667,0.032644
Q3-2021,668,0.729175
Q3-2021,669,0.731697
Q3-2021,670,0.732828
Q3-2021,671,0.733152
Q3-2021,672,0.736368
Q3-2021,673,0.735067
Q3-2021,674,0.733745
Q3-2021,675,0.043352
Q3-2021,676,0.034379
Q3-2021,677,0.735103
Q3-2021,678,0.731455
Q3-2021,679,0.732349
Q3-2021,680,0.732587
Q3-2021,681,0.97836
Q3-2021,682,0.708476
Q3-2021,683,0.027407
Q3-2021,684,0.731402
Q3-2021,685,0.733559
Q3-2021,686,0.715079
Q3-2021,687,0.732505
Q3-2021,688,0.734146
Q3-2021,689,0.033999
Q3-2021,690,0.731377
Q3-2021,691,0.731171
Q3-2021,692,0.724898
Q3-2021,693,0.724934
Q3-2021,694,0.731457
Q3-2021,695,0.731684
Q3-2021,696,0.731889
Q3-2021,697,0.731557
Q3-2021,698,0.731599
Q3-2021,699,0.731273
Q3-2021,700,0.731118
Q3-2021,701,0.732011
Q3-2021,702,0.731305
Q3-2021,703,0.731114
Q3-2021,704,0.728541
Q3-2021,705,0.731196
Q3-2021,706,0.731767
Q3-2021,707,0.731642
Q3-2021,708,0.713522
Q3-2021,709,0.725323
Q3-2021,710,0.725404
Q3-2021,711,0.731498
Q3-2021,712,0.033223
Q3-2021,713,0.731467
Q3-2021,714,0.729865
Q3-2021,715,0.731408
Q3-2021,716,0.714925
Q3-2021,717,0.731298
Q3-2021,718,0.731311
Q3-2021,719,0.729849
Q3-2021,720,0.731096
Q3-2021,721,0.732032
Q3-2021,722,0.73217
Q3-2021,723,0.725086
Q3-2021,724,0.725105
Q3-2021,725,0.730893
Q3-2021,726,0.731199
Q3-2021,727,0.73133
Q3-2021,728,0.731482
Q3-2021,729,0.732868
Q3-2021,730,0.73313
Q3-2021,731,0.733399
Q3-2021,732,0.033547
Q3-2021,733,0.733324
Q3-2021,734,0.733465
Q3-2021,735,0.735133
Q3-2021,736,0.734003
Q3-2021,737,0.733931
Q3-2021,738,0.733389
Q3-2021,739,0.732121
Q3-2021,740,0.732132
Q3-2021,741,0.732248
Q3-2021,742,0.732449
Q3-2021,743,0.732834
Q3-2021,744,0.732867
Q3-2021,745,0.732484
Q3-2021,746,0.729373
Q3-2021,747,0.731799
Q3-2021,748,0.731813
Q3-2021,749,0.732198
Q3-2021,750,0.732357
Q3-2021,751,0.73059
Q3-2021,752,0.027272
Q3-2021,753,0.717768
Q3-2021,754,0.729736
Q3-2021,755,0.735132
Q3-2021,756,0.734838
Q3-2021,757,0.734625
Q3-2021,758,0.735405
Q3-2021,759,0.736124
Q3-2021,760,0.737932
Q3-2021,761,0.738731
Q3-2021,762,0.737409
Q3-2021,763,0.733726
Q3-2021,764,0.738079
Q3-2021,765,0.739594
Q3-2021,766,0.73841
Q3-2021,767,0.735853
Q3-2021,768,0.735574
Q3-2021,769,0.735692
Q3-2021,770,0.735135
Q3-2021,771,0.736224
Q3-2021,772,0.736112
Q3-2021,773,0.734469
Q3-2021,774,0.734767
Q3-2021,775,0.734299
Q3-2021,776,0.734201
Q3-2021,777,0.733935
Q3-2021,778,0.733682
Q3-2021,779,0.733876
Q3-2021,780,0.734248
Q3-2021,781,0.731876
Q3-2021,782,0.734495
Q3-2021,783,0.734759
Q3-2021,784,0.716789
Q3-2021,785,0.734855
Q3-2021,786,0.731422
Q3-2021,787,0.734157
Q3-2021,788,0.734713
Q3-2021,789,0.734964
Q3-2021,790,0.734912
Q3-2021,791,0.735595
Q3-2021,792,0.729747
Q3-2021,793,0.730311
Q3-2021,794,0.735763
Q3-2021,795,0.737139
Q3-2021,796,0.737757
Q3-2021,797,0.719029
Q3-2021,798,0.731457
Q3-2021,799,0.730898
Q3-2021,800,0.032884
Q3-2021,801,0.741347
Q3-2021,802,0.735939
Q3-2021,803,0.736355
Q3-2021,804,0.73578
Q3-2021,805,0.735136
Q3-2021,806,0.735229
Q3-2021,807,0.036993
Q3-2021,808,0.735381
Q3-2021,809,0.717817
Q3-2021,810,0.715726
Q3-2021,811,0.716583
Q3-2021,812,0.735365
Q3-2021,813,0.716954
Q3-2021,814,0.734783
Q3-2021,815,0.735371
Q3-2021,816,0.735323
Q3-2021,817,0.735059
Q3-2021,818,0.735325
Q3-2021,819,0.735278
Q3-2021,820,0.73484
Q3-2021,821,0.728497
Q3-2021,822,0.728702
Q3-2021,823,0.734435
Q3-2021,824,0.734672
Q3-2021,825,0.734485
Q3-2021,826,0.734759
Q3-2021,827,0.734066
Q3-2021,828,0.73421
Q3-2021,829,0.034108
Q3-2021,830,0.734012
Q3-2021,831,0.734257
Q3-2021,832,0.734377
Q3-2021,833,0.734423
Q3-2021,834,0.734156
Q3-2021,835,0.733788
Q3-2021,836,0.735574
Q3-2021,837,0.735187
Q3-2021,838,0.733253
Q3-2021,839,0.733602
Q3-2021,840,0.733714
Q3-2021,841,0.733692
Q3-2021,842,0.731808
Q3-2021,843,0.731463
Q3-2021,844,0.731485
Q3-2021,845,0.726971
Q3-2021,846,0.726722
Q3-2021,847,0.72887
Q3-2021,848,0.72884
Q3-2021,849,0.728554
Q3-2021,850,0.729959
Q3-2021,851,0.728674
Q3-2021,852,0.728677
Q3-2021,853,0.728755
Q3-2021,854,0.728737
Q3-2021,855,0.728754
Q3-2021,856,0.730516
Q3-2021,857,0.731102
Q3-2021,858,0.711249
Q3-2021,859,0.73027
Q3-2021,860,0.727139
Q3-2021,861,0.705916
Q3-2021,862,0.725702
Q3-2021,863,0.725926
Q3-2021,864,0.725199
Q3-2021,865,0.726016
Q3-2021,866,0.732104
Q3-2021,867,0.732452
Q3-2021,868,0.733903
Q3-2021,869,0.733963
Q3-2021,870,0.731517
Q3-2021,871,0.731939
Q3-2021,872,0.731604
Q3-2021,873,0.731188
Q3-2021,874,0.730935
Q3-2021,875,0.730791
Q3-2021,876,0.712547
Q3-2021,877,0.724909
Q3-2021,878,0.726594
Q3-2021,879,0.734752
Q3-2021,880,0.732949
Q3-2021,881,0.033427
Q3-2021,882,0.7314
Q3-2021,883,0.728301
Q3-2021,884,0.731321
Q3-2021,885,0.728569
Q3-2021,886,0.731166
Q3-2021,887,0.731306
Q3-2021,888,0.731186
Q3-2021,889,0.033262
Q3-2021,890,0.015792
Q3-2021,891,0.730462
Q3-2021,892,0.7246
Q3-2021,893,0.725375
Q3-2021,894,0.731308
Q3-2021,895,0.73081
Q3-2021,896,0.730515
Q3-2021,897,0.730449
Q3-2021,898,0.730498
Q3-2021,899,0.728298
Q3-2021,900,0.033233
Q3-2021,901,0.730995
Q3-2021,902,0.730934
Q3-2021,903,0.730755
Q3-2021,904,0.730791
Q3-2021,905,0.731077
Q3-2021,906,0.731176
Q3-2021,907,0.731081
Q3-2021,908,0.033124
Q3-2021,909,0.730877
Q3-2021,910,0.72989
Q3-2021,911,0.726675
Q3-2021,912,0.730685
Q3-2021,913,0.730817
Q3-2021,914,0.730825
Q3-2021,915,0.729845
Q3-2021,916,0.729957
Q3-2021,917,0.73084
Q3-2021,918,0.730699
Q3-2021,919,0.730385
Q3-2021,920,0.730655
Q3-2021,921,0.730526
Q3-2021,922,0.73119
Q3-2021,923,0.731542
Q3-2021,924,0.732224
Q3-2021,925,0.714042
Q3-2021,926,0.732606
Q3-2021,927,0.732807
Q3-2021,928,0.732358
Q3-2021,929,0.733443
Q3-2021,930,0.732725
Q3-2021,931,0.712967
Q3-2021,932,0.731096
Q3-2021,933,0.730928
Q3-2021,934,0.730658
Q3-2021,935,0.730777
Q3-2021,936,0.731748
Q3-2021,937,0.016775
Q3-2021,938,0.731419
Q3-2021,939,0.722771
Q3-2021,940,0.706738
Q3-2021,941,0.731065
Q3-2021,942,0.033407
Q3-2021,943,0.732189
Q3-2021,944,0.731187
Q3-2021,945,0.713239
Q3-2021,946,0.731579
Q3-2021,947,0.730111
Q3-2021,948,0.722186
Q3-2021,949,0.728942
Q3-2021,950,0.961177
Q3-2021,951,0.725958
Q3-2021,952,0.726156
Q3-2021,953,0.033149
Q3-2021,954,0.714772
Q3-2021,955,0.746862
Q3-2021,956,0.034359
Q3-2021,957,0.747453
Q3-2021,958,0.732698
Q3-2021,959,0.71293
Q3-2021,960,0.731109
Q3-2021,961,0.735681
Q3-2021,962,0.731606
Q3-2021,963,0.733964
Q3-2021,964,0.733174
Q3-2021,965,0.733054
Q3-2021,966,0.733212
Q3-2021,967,0.728837
Q3-2021,968,0.729237
Q3-2021,969,0.735614
Q3-2021,970,0.736424
Q3-2021,971,0.736513
Q3-2021,972,0.736361
Q3-2021,973,0.735801
Q3-2021,974,0.729445
Q3-2021,975,0.730209
Q3-2021,976,0.735559
Q3-2021,977,0.732837
Q3-2021,978,0.735655
Q3-2021,979,0.735766
Q3-2021,980,0.735628
Q3-2021,981,0.717345
Q3-2021,982,0.737545
Q3-2021,983,0.736535
Q3-2021,984,0.736654
Q3-2021,985,0.736203
Q3-2021,986,0.735962
Q3-2021,987,0.732856
Q3-2021,988,0.033312
Q3-2021,989,0.735331
Q3-2021,990,0.735257
Q3-2021,991,0.735428
Q3-2021,992,0.736085
Q3-2021,993,0.733046
Q3-2021,994,0.734866
Q3-2021,995,0.735269
Q3-2021,996,0.735157
Q3-2021,997,0.734774
Q3-2021,998,0.734807
Q3-2021,999,0.734816
Q3-2021,1000,0.7348
Q3-2021,1001,0.716523
Q3-2021,1002,0.716608
Q3-2021,1003,0.734862
Q3-2021,1004,0.734609
Q3-2021,1005,0.734729
Q3-2021,1006,0.716504
Q3-2021,1007,0.734466
Q3-2021,1008,0.734817
Q3-2021,1009,0.735038
Q3-2021,1010,0.728643
Q3-2021,1011,0.728864
Q3-2021,1012,0.734691
Q3-2021,1013,0.734554
Q3-2021,1014,0.734764
Q3-2021,1015,0.728442
Q3-2021,1016,0.726106
Q3-2021,1017,0.734525
Q3-2021,1018,0.734401
Q3-2021,1019,0.734574
Q3-2021,1020,0.033918
Q3-2021,1021,0.734712
Q3-2021,1022,0.713488
Q3-2021,1023,0.735308
Q3-2021,1024,0.734212
Q3-2021,1025,0.727736
Q3-2021,1026,0.7284
Q3-2021,1027,0.750312
Q3-2021,1028,0.73456
Q3-2021,1029,0.734427
Q3-2021,1030,0.734444
Q3-2021,1031,0.734627
Q3-2021,1032,0.734578
Q3-2021,1033,0.734512
Q3-2021,1034,0.734947
Q3-2021,1035,0.735253
Q3-2021,1036,0.735244
Q3-2021,1037,0.735357
Q3-2021,1038,0.734606
Q3-2021,1039,0.734866
Q3-2021,1040,0.734801
Q3-2021,1041,0.735122
Q3-2021,1042,0.734914
Q3-2021,1043,0.735063
Q3-2021,1044,0.033342
Q3-2021,1045,0.73611
Q3-2021,1046,0.736085
Q3-2021,1047,0.736594
Q3-2021,1048,0.734314
Q3-2021,1049,0.733467
Q3-2021,1050,0.733431
Q3-2021,1051,0.730835
Q3-2021,1052,0.734019
Q3-2021,1053,0.731724
Q3-2021,1054,0.728088
Q3-2021,1055,0.728158
Q3-2021,1056,0.728355
Q3-2021,1057,0.729289
Q3-2021,1058,0.729355
Q3-2021,1059,0.729521
Q3-2021,1060,0.723032
Q3-2021,1061,0.719584
Q3-2021,1062,0.728451
Q3-2021,1063,0.728222
Q3-2021,1064,0.727327
Q3-2021,1065,0.709187
Q3-2021,1066,0.727215
Q3-2021,1067,0.727178
Q3-2021,1068,0.727357
Q3-2021,1069,0.728002
Q3-2021,1070,0.728166
Q3-2021,1071,0.727971
Q3-2021,1072,0.727767
Q3-2021,1073,0.728064
Q3-2021,1074,0.729947
Q3-2021,1075,0.728247
Q3-2021,1076,0.722079
Q3-2021,1077,0.722429
Q3-2021,1078,0.034585
Q3-2021,1079,0.72845
Q3-2021,1080,0.728094
Q3-2021,1081,0.72817
Q3-2021,1082,0.728242
Q3-2021,1083,0.728404
Q3-2021,1084,0.72863
Q3-2021,1085,0.728779
Q3-2021,1086,0.728429
Q3-2021,1087,0.728853
Q3-2021,1088,0.728519
Q3-2021,1089,0.72865
Q3-2021,1090,0.729212
Q3-2021,1091,0.729701
Q3-2021,1092,0.728901
Q3-2021,1093,0.728689
Q3-2021,1094,0.033665
Q3-2021,1095,0.728845
Q3-2021,1096,0.728823
Q3-2021,1097,0.728928
Q3-2021,1098,0.729018
Q3-2021,1099,0.729009
Q3-2021,1100,0.728855
Q3-2021,1101,0.72964
Q3-2021,1102,0.728526
Q3-2021,1103,0.728548
Q3-2021,1104,0.7342
Q3-2021,1105,0.728355
Q3-2021,1106,0.729365
Q3-2021,1107,0.729578
Q3-2021,1108,0.729578
Q3-2021,1109,0.729492
Q3-2021,1110,0.729516
Q3-2021,1111,0.72981
Q3-2021,1112,0.729729
Q3-2021,1113,0.729121
Q3-2021,1114,0.72251
Q3-2021,1115,0.720689
Q3-2021,1116,0.719538
Q3-2021,1117,0.704942
Q3-2021,1118,0.729918
Q3-2021,1119,0.728384
Q3-2021,1120,0.728136
Q3-2021,1121,0.72845
Q3-2021,1122,0.724979
Q3-2021,1123,0.728342
Q3-2021,1124,0.729669
Q3-2021,1125,0.728713
Q3-2021,1126,0.728676
Q3-2021,1127,0.728815
Q3-2021,1128,0.722097
Q3-2021,1129,0.720121
Q3-2021,1130,0.034143
Q3-2021,1131,0.729049
Q3-2021,1132,0.729321
Q3-2021,1133,0.726636
Q3-2021,1134,0.722854
Q3-2021,1135,0.723003
Q3-2021,1136,0.729082
Q3-2021,1137,0.728905
Q3-2021,1138,0.726992
Q3-2021,1139,0.728374
Q3-2021,1140,0.711862
Q3-2021,1141,0.726599
Q3-2021,1142,0.728759
Q3-2021,1143,0.728133
Q3-2021,1144,0.728011
Q3-2021,1145,0.727748
Q3-2021,1146,0.728338
Q3-2021,1147,0.728313
Q3-2021,1148,0.727482
Q3-2021,1149,0.727471
Q3-2021,1150,0.721665
Q3-2021,1151,0.721728
Q3-2021,1152,0.728099
Q3-2021,1153,0.728506
Q3-2021,1154,0.709272
Q3-2021,1155,0.727421
Q3-2021,1156,0.727422
Q3-2021,1157,0.727367
Q3-2021,1158,0.727321
Q3-2021,1159,0.727456
Q3-2021,1160,0.727264
Q3-2021,1161,0.727113
Q3-2021,1162,0.729004
Q3-2021,1163,0.034174
Q3-2021,1164,0.732246
Q3-2021,1165,0.713614
Q3-2021,1166,0.731882
Q3-2021,1167,0.729905
Q3-2021,1168,0.731202
Q3-2021,1169,0.713039
Q3-2021,1170,0.732242
Q3-2021,1171,0.732538
Q3-2021,1172,0.733651
Q3-2021,1173,0.733527
Q3-2021,1174,0.733481
Q3-2021,1175,0.732128
Q3-2021,1176,0.740114
Q3-2021,1177,0.726674
Q3-2021,1178,0.731674
Q3-2021,1179,0.729204
Q3-2021,1180,0.73241
Q3-2021,1181,0.732042
Q3-2021,1182,0.732014
Q3-2021,1183,0.732062
Q3-2021,1184,0.732938
Q3-2021,1185,0.734113
Q3-2021,1186,0.73279
Q3-2021,1187,0.732266
Q3-2021,1188,0.732317
Q3-2021,1189,0.732101
Q3-2021,1190,0.732272
Q3-2021,1191,0.732916
Q3-2021,1192,0.033148
Q3-2021,1193,0.729159
Q3-2021,1194,0.731679
Q3-2021,1195,0.732037
Q3-2021,1196,0.732043
Q3-2021,1197,0.71458
Q3-2021,1198,0.734038
Q3-2021,1199,0.733916
Q3-2021,1200,0.713955
Q3-2021,1201,0.731996
Q3-2021,1202,0.732354
Q3-2021,1203,0.732076
Q3-2021,1204,0.731897
Q3-2021,1205,0.732178
Q3-2021,1206,0.713943
Q3-2021,1207,0.732515
Q3-2021,1208,0.732242
Q3-2021,1209,0.731668
Q3-2021,1210,0.731711
Q3-2021,1211,0.731385
Q3-2021,1212,0.033397
Q3-2021,1213,0.732381
Q3-2021,1214,0.714788
Q3-2021,1215,0.73221
Q3-2021,1216,0.732097
Q3-2021,1217,0.732107
Q3-2021,1218,0.732416
Q3-2021,1219,0.730553
Q3-2021,1220,0.732036
Q3-2021,1221,0.729348
Q3-2021,1222,0.72965
Q3-2021,1223,0.73264
Q3-2021,1224,0.732803
Q3-2021,1225,0.033409
Q3-2021,1226,0.732774
Q3-2021,1227,0.730616
Q3-2021,1228,0.034447
Q3-2021,1229,0.731026
Q3-2021,1230,0.733102
Q3-2021,1231,0.733349
Q3-2021,1232,0.732958
Q3-2021,1233,0.730108
Q3-2021,1234,0.732239
Q3-2021,1235,0.726078
Q3-2021,1236,0.723739
Q3-2021,1237,0.73291
Q3-2021,1238,0.732697
Q3-2021,1239,0.714653
Q3-2021,1240,0.707204
Q3-2021,1241,0.028315
Q3-2021,1242,0.730961
Q3-2021,1243,0.727861
Q3-2021,1244,0.730634
Q3-2021,1245,0.730697
Q3-2021,1246,0.731911
Q3-2021,1247,0.707708
Q3-2021,1248,0.02842
Q3-2021,1249,0.709237
Q3-2021,1250,0.706403
Q3-2021,1251,0.727646
Q3-2021,1252,0.72779
Q3-2021,1253,0.720994
Q3-2021,1254,0.721239
Q3-2021,1255,0.727316
Q3-2021,1256,0.727237
Q3-2021,1257,0.020639
Q3-2021,1258,0.724948
Q3-2021,1259,0.722679
Q3-2021,1260,0.721663
Q3-2021,1261,0.727046
Q3-2021,1262,0.72768
Q3-2021,1263,0.728618
Q3-2021,1264,0.732898
Q3-2021,1265,0.728459
Q3-2021,1266,0.709238
Q3-2021,1267,0.728284
Q3-2021,1268,0.72816
Q3-2021,1269,0.728488
Q3-2021,1270,0.728662
Q3-2021,1271,0.728186
Q3-2021,1272,0.722059
Q3-2021,1273,0.724191
Q4-2021,1,1.2e-05
Q4-2021,2,0.000162
Q4-2021,3,0.000627
Q4-2021,4,0.000125
Q4-2021,5,0.020952
Q4-2021,6,0.002515
Q4-2021,7,0.000105
Q4-2021,8,0.001333
Q4-2021,9,0.001182
Q4-2021,10,0.000268
Q4-2021,11,0.000513
Q4-2021,12,0.003916
Q4-2021,13,0.002359
Q4-2021,14,0.002775
Q4-2021,15,0.000376
Q4-2021,16,0.002343
Q4-2021,17,0.000789
Q4-2021,18,0.00825
Q4-2021,19,0.766567
Q4-2021,20,0.002969
Q4-2021,21,0.002855
Q4-2021,22,0.003328
Q4-2021,23,0.000781
Q4-2021,24,0.002603
Q4-2021,25,0.003975
Q4-2021,26,0.006992
Q4-2021,27,0.006358
Q4-2021,28,0.002336
Q4-2021,29,0.010318
Q4-2021,30,0.002492
Q4-2021,31,0.001899
Q4-2021,32,0.002064
Q4-2021,33,0.003136
Q4-2021,34,0.001902
Q4-2021,35,0.001979
Q4-2021,36,0.006717
Q4-2021,37,0.001501
Q4-2021,38,0.001622
Q4-2021,39,0.00176
Q4-2021,40,0.001719
Q4-2021,41,0.001773
Q4-2021,42,0.001692
Q4-2021,43,0.001675
Q4-2021,44,0.001694
Q4-2021,45,0.001589
Q4-2021,46,0.001959
Q4-2021,47,0.001947
Q4-2021,48,0.001717
Q4-2021,49,0.003665
Q4-2021,50,0.001997
Q4-2021,51,0.002921
Q4-2021,52,0.003453
Q4-2021,53,0.002178
Q4-2021,54,0.004522
Q4-2021,55,0.000393
Q4-2021,56,0.001956
Q4-2021,57,0.002017
Q4-2021,58,0.001877
Q4-2021,59,0.002498
Q4-2021,60,0.002172
Q4-2021,61,0.002304
Q4-2021,62,0.00271
Q4-2021,63,0.002276
Q4-2021,64,0.002643
Q4-2021,65,0.002223
Q4-2021,66,0.000856
Q4-2021,67,0.257853
Q4-2021,68,0.003353
Q4-2021,69,0.246576
Q4-2021,70,0.254349
Q4-2021,71,0.241212
Q4-2021,72,0.240482
Q4-2021,73,0.240223
Q4-2021,74,0.241894
Q4-2021,75,0.247859
Q4-2021,76,0.243491
Q4-2021,77,0.24256
Q4-2021,78,0.244031
Q4-2021,79,0.240801
Q4-2021,80,0.246617
Q4-2021,81,0.240818
Q4-2021,82,0.236695
Q4-2021,83,0.236456
Q4-2021,84,0.237241
Q4-2021,85,0.238432
Q4-2021,86,0.239208
Q4-2021,87,0.237123
Q4-2021,88,0.238451
Q4-2021,89,0.236871
Q4-2021,90,0.23606
Q4-2021,91,0.233291
Q4-2021,92,0.235511
Q4-2021,93,0.236012
Q4-2021,94,0.241995
Q4-2021,95,0.56966
Q4-2021,96,0.240792
Q4-2021,97,0.247246
Q4-2021,98,0.246041
Q4-2021,99,0.244302
Q4-2021,100,0.243801
Q4-2021,101,0.244261
Q4-2021,102,0.244566
Q4-2021,103,0.242997
Q4-2021,104,0.243371
Q4-2021,105,0.242674
Q4-2021,106,0.247473
Q4-2021,107,0.248184
Q4-2021,108,0.245929
Q4-2021,109,0.250477
Q4-2021,110,0.244772
Q4-2021,111,0.244179
Q4-2021,112,0.269657
Q4-2021,113,0.249043
Q4-2021,114,0.24434
Q4-2021,115,0.244858
Q4-2021,116,0.244345
Q4-2021,117,0.246354
Q4-2021,118,0.248454
Q4-2021,119,0.247602
Q4-2021,120,0.248887
Q4-2021,121,0.248728
Q4-2021,122,0.250059
Q4-2021,123,0.253968
Q4-2021,124,0.250692
Q4-2021,125,0.247456
Q4-2021,126,0.244733
Q4-2021,127,0.245164
Q4-2021,128,0.24787
Q4-2021,129,0.247717
Q4-2021,130,0.255127
Q4-2021,131,0.254882
Q4-2021,132,0.249704
Q4-2021,133,0.003885
Q4-2021,134,0.240415
Q4-2021,135,0.240928
Q4-2021,136,0.24135
Q4-2021,137,0.230801
Q4-2021,138,0.235933
Q4-2021,139,0.227999
Q4-2021,140,0.218016
Q4-2021,141,0.219564
Q4-2021,142,0.737103
Q4-2021,143,0.234806
Q4-2021,144,0.213605
Q4-2021,145,0.248497
Q4-2021,146,0.210051
Q4-2021,147,0.196884
Q4-2021,148,0.203516
Q4-2021,149,0.204177
Q4-2021,150,0.204901
Q4-2021,151,0.208752
Q4-2021,152,0.208433
Q4-2021,153,0.208352
Q4-2021,154,0.198458
Q4-2021,155,0.205921
Q4-2021,156,0.948711
Q4-2021,157,0.958185
Q4-2021,158,0.960067
Q4-2021,159,0.910333
Q4-2021,160,0.905682
Q4-2021,161,0.899952
Q4-2021,162,0.90659
Q4-2021,163,0.91398
Q4-2021,164,0.904043
Q4-2021,165,0.901107
Q4-2021,166,0.902007
Q4-2021,167,0.900424
Q4-2021,168,0.889235
Q4-2021,169,0.889454
Q4-2021,170,0.889815
Q4-2021,171,0.889716
Q4-2021,172,0.886006
Q4-2021,173,0.88798
Q4-2021,174,0.88749
Q4-2021,175,0.887368
Q4-2021,176,0.873467
Q4-2021,177,0.886698
Q4-2021,178,0.886398
Q4-2021,179,0.885538
Q4-2021,180,0.882684
Q4-2021,181,0.869716
Q4-2021,182,0.700663
Q4-2021,183,0.880179
Q4-2021,184,0.881217
Q4-2021,185,0.866864
Q4-2021,186,0.87924
Q4-2021,187,0.87777
Q4-2021,188,0.877554
Q4-2021,189,0.879159
Q4-2021,190,0.880547
Q4-2021,191,0.878136
Q4-2021,192,0.19755
Q4-2021,193,0.879538
Q4-2021,194,0.880515
Q4-2021,195,0.880565
Q4-2021,196,0.882908
Q4-2021,197,0.880185
Q4-2021,198,0.878204
Q4-2021,199,0.878541
Q4-2021,200,0.872516
Q4-2021,201,0.874155
Q4-2021,202,0.870079
Q4-2021,203,0.87189
Q4-2021,204,0.872685
Q4-2021,205,0.875085
Q4-2021,206,0.87677
Q4-2021,207,0.878497
Q4-2021,208,0.881253
Q4-2021,209,0.877928
Q4-2021,210,0.874984
Q4-2021,211,0.881966
Q4-2021,212,0.880625
Q4-2021,213,0.882367
Q4-2021,214,0.884655
Q4-2021,215,0.872072
Q4-2021,216,0.867541
Q4-2021,217,0.867021
Q4-2021,218,0.867197
Q4-2021,219,0.87105
Q4-2021,220,0.872184
Q4-2021,221,0.87847
Q4-2021,222,0.884022
Q4-2021,223,0.687769
Q4-2021,224,0.870206
Q4-2021,225,0.872999
Q4-2021,226,0.689396
Q4-2021,227,0.871298
Q4-2021,228,0.871625
Q4-2021,229,0.870317
Q4-2021,230,0.872846
Q4-2021,231,0.196549
Q4-2021,232,0.873131
Q4-2021,233,0.197119
Q4-2021,234,0.869241
Q4-2021,235,0.868443
Q4-2021,236,0.866914
Q4-2021,237,0.867506
Q4-2021,238,0.863104
Q4-2021,239,0.862196
Q4-2021,240,0.862373
Q4-2021,241,0.670884
Q4-2021,242,0.196139
Q4-2021,243,0.860813
Q4-2021,244,0.83347
Q4-2021,245,0.836384
Q4-2021,246,0.83676
Q4-2021,247,0.836265
Q4-2021,248,0.835293
Q4-2021,249,0.82812
Q4-2021,250,0.83731
Q4-2021,251,0.836094
Q4-2021,252,0.835192
Q4-2021,253,0.828425
Q4-2021,254,0.188956
Q4-2021,255,0.827633
Q4-2021,256,0.833515
Q4-2021,257,0.829946
Q4-2021,258,0.83291
Q4-2021,259,0.833012
Q4-2021,260,0.01569
Q4-2021,261,0.831555
Q4-2021,262,0.197125
Q4-2021,263,0.821587
Q4-2021,264,0.831412
Q4-2021,265,0.822962
Q4-2021,266,0.641941
Q4-2021,267,0.833006
Q4-2021,268,0.834128
Q4-2021,269,0.831835
Q4-2021,270,0.834562
Q4-2021,271,0.836066
Q4-2021,272,0.835017
Q4-2021,273,0.833272
Q4-2021,274,0.833022
Q4-2021,275,0.831506
Q4-2021,276,0.824678
Q4-2021,277,0.83251
Q4-2021,278,0.833034
Q4-2021,279,0.831426
Q4-2021,280,0.206788
Q4-2021,281,0.830263
Q4-2021,282,0.828273
Q4-2021,283,0.831777
Q4-2021,284,0.20886
Q4-2021,285,0.833012
Q4-2021,286,0.832587
Q4-2021,287,0.642842
Q4-2021,288,0.830658
Q4-2021,289,0.834009
Q4-2021,290,0.827454
Q4-2021,291,0.83506
Q4-2021,292,0.836956
Q4-2021,293,0.646728
Q4-2021,294,0.834372
Q4-2021,295,0.83553
Q4-2021,296,0.832262
Q4-2021,297,0.833793
Q4-2021,298,0.832168
Q4-2021,299,0.63655
Q4-2021,300,0.827509
Q4-2021,301,0.835949
Q4-2021,302,0.83643
Q4-2021,303,0.836774
Q4-2021,304,0.834905
Q4-2021,305,0.834611
Q4-2021,306,0.834722
Q4-2021,307,0.83699
Q4-2021,308,0.83574
Q4-2021,309,0.836043
Q4-2021,310,0.835218
Q4-2021,311,0.835499
Q4-2021,312,0.837258
Q4-2021,313,0.837468
Q4-2021,314,0.836751
Q4-2021,315,0.835823
Q4-2021,316,0.835145
Q4-2021,317,0.83551
Q4-2021,318,0.836263
Q4-2021,319,0.843128
Q4-2021,320,0.845371
Q4-2021,321,0.839267
Q4-2021,322,0.831406
Q4-2021,323,0.830611
Q4-2021,324,0.830264
Q4-2021,325,0.829205
Q4-2021,326,0.830879
Q4-2021,327,0.831067
Q4-2021,328,0.814096
Q4-2021,329,0.81367
Q4-2021,330,0.813625
Q4-2021,331,0.645197
Q4-2021,332,0.813279
Q4-2021,333,0.813207
Q4-2021,334,0.811008
Q4-2021,335,0.813097
Q4-2021,336,0.812983
Q4-2021,337,0.813254
Q4-2021,338,0.808896
Q4-2021,339,0.833957
Q4-2021,340,0.812902
Q4-2021,341,0.812527
Q4-2021,342,0.812868
Q4-2021,343,0.816077
Q4-2021,344,0.812577
Q4-2021,345,0.814179
Q4-2021,346,0.823617
Q4-2021,347,0.813709
Q4-2021,348,0.810345
Q4-2021,349,0.812463
Q4-2021,350,0.812691
Q4-2021,351,0.813359
Q4-2021,352,0.811556
Q4-2021,353,0.811527
Q4-2021,354,0.811136
Q4-2021,355,0.174946
Q4-2021,356,0.813939
Q4-2021,357,0.811963
Q4-2021,358,0.814146
Q4-2021,359,0.815207
Q4-2021,360,0.815472
Q4-2021,361,0.817092
Q4-2021,362,0.817019
Q4-2021,363,0.817009
Q4-2021,364,0.816517
Q4-2021,365,0.812388
Q4-2021,366,0.81791
Q4-2021,367,0.818218
Q4-2021,368,0.666604
Q4-2021,369,0.81731
Q4-2021,370,0.81828
Q4-2021,371,0.199696
Q4-2021,372,0.817664
Q4-2021,373,0.202159
Q4-2021,374,0.651589
Q4-2021,375,0.831578
Q4-2021,376,0.815274
Q4-2021,377,0.814135
Q4-2021,378,0.817254
Q4-2021,379,0.817268
Q4-2021,380,0.817437
Q4-2021,381,0.8174
Q4-2021,382,0.817891
Q4-2021,383,0.818032
Q4-2021,384,0.817971
Q4-2021,385,0.817829
Q4-2021,386,0.817514
Q4-2021,387,0.655505
Q4-2021,388,0.81762
Q4-2021,389,0.817813
Q4-2021,390,0.815641
Q4-2021,391,0.817747
Q4-2021,392,0.817998
Q4-2021,393,0.818727
Q4-2021,394,0.819734
Q4-2021,395,0.819443
Q4-2021,396,0.819445
Q4-2021,397,0.819652
Q4-2021,398,0.819214
Q4-2021,399,0.817771
Q4-2021,400,0.817788
Q4-2021,401,0.817831
Q4-2021,402,0.817977
Q4-2021,403,0.818519
Q4-2021,404,0.819111
Q4-2021,405,0.811824
Q4-2021,406,0.809987
Q4-2021,407,0.809491
Q4-2021,408,0.810943
Q4-2021,409,0.810096
Q4-2021,410,0.812546
Q4-2021,411,0.812397
Q4-2021,412,0.810474
Q4-2021,413,0.704945
Q4-2021,414,0.809997
Q4-2021,415,0.808754
Q4-2021,416,0.806219
Q4-2021,417,0.823729
Q4-2021,418,0.809383
Q4-2021,419,0.810432
Q4-2021,420,0.810662
Q4-2021,421,0.132208
Q4-2021,422,0.807628
Q4-2021,423,0.803753
Q4-2021,424,0.804209
Q4-2021,425,0.806148
Q4-2021,426,0.806569
Q4-2021,427,0.799617
Q4-2021,428,0.805276
Q4-2021,429,0.803844
Q4-2021,430,0.803522
Q4-2021,431,0.80398
Q4-2021,432,0.806316
Q4-2021,433,0.80957
Q4-2021,434,0.807206
Q4-2021,435,0.807442
Q4-2021,436,0.806623
Q4-2021,437,0.096121
Q4-2021,438,0.795331
Q4-2021,439,0.802479
Q4-2021,440,0.823473
Q4-2021,441,0.810217
Q4-2021,442,0.811728
Q4-2021,443,0.72587
Q4-2021,444,0.809202
Q4-2021,445,0.815073
Q4-2021,446,0.826257
Q4-2021,447,0.81361
Q4-2021,448,0.125947
Q4-2021,449,0.121896
Q4-2021,450,0.813728
Q4-2021,451,0.125955
Q4-2021,452,0.858332
Q4-2021,453,0.812847
Q4-2021,454,0.706073
Q4-2021,455,0.812328
Q4-2021,456,0.813855
Q4-2021,457,0.814104
Q4-2021,458,0.812773
Q4-2021,459,0.817914
Q4-2021,460,0.818404
Q4-2021,461,0.819138
Q4-2021,462,0.819506
Q4-2021,463,0.81893
Q4-2021,464,0.819357
Q4-2021,465,0.820917
Q4-2021,466,0.821087
Q4-2021,467,0.820391
Q4-2021,468,0.814642
Q4-2021,469,0.828384
Q4-2021,470,0.829423
Q4-2021,471,0.828943
Q4-2021,472,0.827533
Q4-2021,473,0.828093
Q4-2021,474,0.830926
Q4-2021,475,0.833502
Q4-2021,476,0.83437
Q4-2021,477,0.84864
Q4-2021,478,0.988391
Q4-2021,479,0.832695
Q4-2021,480,0.831415
Q4-2021,481,0.830982
Q4-2021,482,0.657599
Q4-2021,483,0.831847
Q4-2021,484,0.850927
Q4-2021,485,0.829801
Q4-2021,486,0.827182
Q4-2021,487,0.830633
Q4-2021,488,0.828745
Q4-2021,489,0.829169
Q4-2021,490,0.829477
Q4-2021,491,0.828781
Q4-2021,492,0.828181
Q4-2021,493,0.84569
Q4-2021,494,0.820574
Q4-2021,495,0.826953
Q4-2021,496,0.841822
Q4-2021,497,0.827448
Q4-2021,498,0.843659
Q4-2021,499,0.82999
Q4-2021,500,0.828685
Q4-2021,501,0.843752
Q4-2021,502,0.193245
Q4-2021,503,0.82927
Q4-2021,504,0.829176
Q4-2021,505,0.668244
Q4-2021,506,0.830761
Q4-2021,507,0.831501
Q4-2021,508,0.830372
Q4-2021,509,0.828488
Q4-2021,510,0.180927
Q4-2021,511,0.81884
Q4-2021,512,0.825237
Q4-2021,513,0.824347
Q4-2021,514,0.827341
Q4-2021,515,0.825783
Q4-2021,516,0.826665
Q4-2021,517,0.819335
Q4-2021,518,0.826381
Q4-2021,519,0.828085
Q4-2021,520,0.194568
Q4-2021,521,0.828951
Q4-2021,522,0.827746
Q4-2021,523,0.824714
Q4-2021,524,0.819405
Q4-2021,525,0.81951
Q4-2021,526,0.821135
Q4-2021,527,0.825002
Q4-2021,528,0.817307
Q4-2021,529,0.811951
Q4-2021,530,0.812556
Q4-2021,531,0.812761
Q4-2021,532,0.80816
Q4-2021,533,0.812109
Q4-2021,534,0.812169
Q4-2021,535,0.188032
Q4-2021,536,0.80777
Q4-2021,537,0.810455
Q4-2021,538,0.812063
Q4-2021,539,0.813078
Q4-2021,540,0.184029
Q4-2021,541,0.188534
Q4-2021,542,0.186763
Q4-2021,543,0.811694
Q4-2021,544,0.811417
Q4-2021,545,0.641232
Q4-2021,546,0.813081
Q4-2021,547,0.209922
Q4-2021,548,0.185937
Q4-2021,549,0.807494
Q4-2021,550,0.810566
Q4-2021,551,0.812326
Q4-2021,552,0.812525
Q4-2021,553,0.812536
Q4-2021,554,0.812731
Q4-2021,555,0.812467
Q4-2021,556,0.811561
Q4-2021,557,0.804647
Q4-2021,558,0.811271
Q4-2021,559,0.640624
Q4-2021,560,0.812044
Q4-2021,561,0.812526
Q4-2021,562,0.638846
Q4-2021,563,0.804469
Q4-2021,564,0.811123
Q4-2021,565,0.810008
Q4-2021,566,0.812079
Q4-2021,567,0.81199
Q4-2021,568,0.640593
Q4-2021,569,0.811914
Q4-2021,570,0.81197
Q4-2021,571,0.638444
Q4-2021,572,0.80561
Q4-2021,573,0.811067
Q4-2021,574,0.805863
Q4-2021,575,0.811822
Q4-2021,576,0.812294
Q4-2021,577,0.813072
Q4-2021,578,0.812417
Q4-2021,579,0.811975
Q4-2021,580,0.811796
Q4-2021,581,0.811654
Q4-2021,582,0.640376
Q4-2021,583,0.812076
Q4-2021,584,0.640344
Q4-2021,585,0.809602
Q4-2021,586,0.812163
Q4-2021,587,0.809909
Q4-2021,588,0.81197
Q4-2021,589,0.811757
Q4-2021,590,0.811784
Q4-2021,591,0.811767
Q4-2021,592,0.811603
Q4-2021,593,0.80402
Q4-2021,594,0.81054
Q4-2021,595,0.188142
Q4-2021,596,0.811421
Q4-2021,597,0.810028
Q4-2021,598,0.812119
Q4-2021,599,0.640423
Q4-2021,600,0.811698
Q4-2021,601,0.811662
Q4-2021,602,0.186915
Q4-2021,603,0.640216
Q4-2021,604,0.810205
Q4-2021,605,0.811852
Q4-2021,606,0.809806
Q4-2021,607,0.812081
Q4-2021,608,0.188844
Q4-2021,609,0.812038
Q4-2021,610,0.81063
Q4-2021,611,0.812177
Q4-2021,612,0.811773
Q4-2021,613,0.814337
Q4-2021,614,0.993328
Q4-2021,615,0.812071
Q4-2021,616,0.812085
Q4-2021,617,0.812083
Q4-2021,618,0.812127
Q4-2021,619,0.811973
Q4-2021,620,0.190658
Q4-2021,621,0.811985
Q4-2021,622,0.810673
Q4-2021,623,0.640474
Q4-2021,624,0.811921
Q4-2021,625,0.812225
Q4-2021,626,0.810095
Q4-2021,627,0.812119
Q4-2021,628,0.812093
Q4-2021,629,0.81212
Q4-2021,630,0.189027
Q4-2021,631,0.812303
Q4-2021,632,0.811182
Q4-2021,633,0.813305
Q4-2021,634,0.813466
Q4-2021,635,0.812247
Q4-2021,636,0.811357
Q4-2021,637,0.639591
Q4-2021,638,0.811305
Q4-2021,639,0.81129
Q4-2021,640,0.809324
Q4-2021,641,0.811237
Q4-2021,642,0.811226
Q4-2021,643,0.811205
Q4-2021,644,0.811364
Q4-2021,645,0.810807
Q4-2021,646,0.811239
Q4-2021,647,0.812995
Q4-2021,648,0.808643
Q4-2021,649,0.813171
Q4-2021,650,0.812566
Q4-2021,651,0.812482
Q4-2021,652,0.813781
Q4-2021,653,0.814156
Q4-2021,654,0.814368
Q4-2021,655,0.83772
Q4-2021,656,0.814294
Q4-2021,657,0.806598
Q4-2021,658,0.813799
Q4-2021,659,0.815285
Q4-2021,660,0.814503
Q4-2021,661,0.814882
Q4-2021,662,0.814238
Q4-2021,663,0.814327
Q4-2021,664,0.190856
Q4-2021,665,0.814747
Q4-2021,666,0.809337
Q4-2021,667,0.190894
Q4-2021,668,0.812509
Q4-2021,669,0.81508
Q4-2021,670,0.816633
Q4-2021,671,0.817054
Q4-2021,672,0.821368
Q4-2021,673,0.820938
Q4-2021,674,0.818571
Q4-2021,675,0.20303
Q4-2021,676,0.191397
Q4-2021,677,0.81669
Q4-2021,678,0.814202
Q4-2021,679,0.83915
Q4-2021,680,0.816083
Q4-2021,681,0.992967
Q4-2021,682,0.644172
Q4-2021,683,0.178339
Q4-2021,684,0.812381
Q4-2021,685,0.812521
Q4-2021,686,0.657343
Q4-2021,687,0.813642
Q4-2021,688,0.814403
Q4-2021,689,0.171483
Q4-2021,690,0.814261
Q4-2021,691,0.812297
Q4-2021,692,0.806569
Q4-2021,693,0.812462
Q4-2021,694,0.814152
Q4-2021,695,0.814802
Q4-2021,696,0.814805
Q4-2021,697,0.814612
Q4-2021,698,0.814512
Q4-2021,699,0.813415
Q4-2021,700,0.813242
Q4-2021,701,0.815224
Q4-2021,702,0.813185
Q4-2021,703,0.813018
Q4-2021,704,0.808608
Q4-2021,705,0.813046
Q4-2021,706,0.813451
Q4-2021,707,0.813649
Q4-2021,708,0.658537
Q4-2021,709,0.807144
Q4-2021,710,0.812704
Q4-2021,711,0.811355
Q4-2021,712,0.171105
Q4-2021,713,0.813767
Q4-2021,714,0.811405
Q4-2021,715,0.813216
Q4-2021,716,0.660178
Q4-2021,717,0.812857
Q4-2021,718,0.812661
Q4-2021,719,0.806227
Q4-2021,720,0.812812
Q4-2021,721,0.813998
Q4-2021,722,0.814087
Q4-2021,723,0.806638
Q4-2021,724,0.812064
Q4-2021,725,0.812882
Q4-2021,726,0.812647
Q4-2021,727,0.812645
Q4-2021,728,0.812795
Q4-2021,729,0.81535
Q4-2021,730,0.81638
Q4-2021,731,0.816584
Q4-2021,732,0.168985
Q4-2021,733,0.816132
Q4-2021,734,0.8148
Q4-2021,735,0.814718
Q4-2021,736,0.814485
Q4-2021,737,0.814482
Q4-2021,738,0.813795
Q4-2021,739,0.812029
Q4-2021,740,0.811744
Q4-2021,741,0.811722
Q4-2021,742,0.812096
Q4-2021,743,0.812429
Q4-2021,744,0.81278
Q4-2021,745,0.812171
Q4-2021,746,0.807499
Q4-2021,747,0.811771
Q4-2021,748,0.811644
Q4-2021,749,0.812222
Q4-2021,750,0.812786
Q4-2021,751,0.811132
Q4-2021,752,0.158679
Q4-2021,753,0.801996
Q4-2021,754,0.812361
Q4-2021,755,0.814346
Q4-2021,756,0.81479
Q4-2021,757,0.814863
Q4-2021,758,0.815506
Q4-2021,759,0.815958
Q4-2021,760,0.81756
Q4-2021,761,0.817648
Q4-2021,762,0.816243
Q4-2021,763,0.811944
Q4-2021,764,0.836893
Q4-2021,765,0.819626
Q4-2021,766,0.818775
Q4-2021,767,0.81689
Q4-2021,768,0.816345
Q4-2021,769,0.81694
Q4-2021,770,0.820811
Q4-2021,771,0.822213
Q4-2021,772,0.821635
Q4-2021,773,0.819499
Q4-2021,774,0.819619
Q4-2021,775,0.819503
Q4-2021,776,0.819275
Q4-2021,777,0.819672
Q4-2021,778,0.819649
Q4-2021,779,0.819811
Q4-2021,780,0.820123
Q4-2021,781,0.81598
Q4-2021,782,0.820391
Q4-2021,783,0.820605
Q4-2021,784,0.649163
Q4-2021,785,0.820919
Q4-2021,786,0.815944
Q4-2021,787,0.818294
Q4-2021,788,0.820378
Q4-2021,789,0.820686
Q4-2021,790,0.820303
Q4-2021,791,0.820631
Q4-2021,792,0.814011
Q4-2021,793,0.820337
Q4-2021,794,0.820632
Q4-2021,795,0.822617
Q4-2021,796,0.843008
Q4-2021,797,0.650914
Q4-2021,798,0.815751
Q4-2021,799,0.821102
Q4-2021,800,0.185326
Q4-2021,801,0.824192
Q4-2021,802,0.819661
Q4-2021,803,0.821224
Q4-2021,804,0.821193
Q4-2021,805,0.820331
Q4-2021,806,0.820204
Q4-2021,807,0.193864
Q4-2021,808,0.821146
Q4-2021,809,0.650137
Q4-2021,810,0.647873
Q4-2021,811,0.650269
Q4-2021,812,0.819076
Q4-2021,813,0.648621
Q4-2021,814,0.818459
Q4-2021,815,0.820542
Q4-2021,816,0.818626
Q4-2021,817,0.820044
Q4-2021,818,0.820375
Q4-2021,819,0.820198
Q4-2021,820,0.819524
Q4-2021,821,0.811082
Q4-2021,822,0.81738
Q4-2021,823,0.818689
Q4-2021,824,0.818869
Q4-2021,825,0.818735
Q4-2021,826,0.818812
Q4-2021,827,0.818154
Q4-2021,828,0.818377
Q4-2021,829,0.187496
Q4-2021,830,0.818646
Q4-2021,831,0.817177
Q4-2021,832,0.818658
Q4-2021,833,0.818335
Q4-2021,834,0.818477
Q4-2021,835,0.818171
Q4-2021,836,0.819168
Q4-2021,837,0.818854
Q4-2021,838,0.815166
Q4-2021,839,0.815136
Q4-2021,840,0.817852
Q4-2021,841,0.817902
Q4-2021,842,0.816052
Q4-2021,843,0.815773
Q4-2021,844,0.816039
Q4-2021,845,0.809529
Q4-2021,846,0.815941
Q4-2021,847,0.814384
Q4-2021,848,0.814172
Q4-2021,849,0.813802
Q4-2021,850,0.816558
Q4-2021,851,0.813913
Q4-2021,852,0.813926
Q4-2021,853,0.813826
Q4-2021,854,0.804193
Q4-2021,855,0.814034
Q4-2021,856,0.835935
Q4-2021,857,0.817322
Q4-2021,858,0.644457
Q4-2021,859,0.815394
Q4-2021,860,0.813306
Q4-2021,861,0.636794
Q4-2021,862,0.808903
Q4-2021,863,0.815223
Q4-2021,864,0.806452
Q4-2021,865,0.815375
Q4-2021,866,0.816918
Q4-2021,867,0.817093
Q4-2021,868,0.817452
Q4-2021,869,0.817633
Q4-2021,870,0.817126
Q4-2021,871,0.817231
Q4-2021,872,0.817131
Q4-2021,873,0.816723
Q4-2021,874,0.816294
Q4-2021,875,0.816231
Q4-2021,876,0.644986
Q4-2021,877,0.809317
Q4-2021,878,0.816402
Q4-2021,879,0.819367
Q4-2021,880,0.819402
Q4-2021,881,0.188494
Q4-2021,882,0.81711
Q4-2021,883,0.811456
Q4-2021,884,0.817462
Q4-2021,885,0.813164
Q4-2021,886,0.817378
Q4-2021,887,0.817648
Q4-2021,888,0.817021
Q4-2021,889,0.187709
Q4-2021,890,0.017841
Q4-2021,891,0.815719
Q4-2021,892,0.808371
Q4-2021,893,0.814319
Q4-2021,894,0.817713
Q4-2021,895,0.816828
Q4-2021,896,0.816604
Q4-2021,897,0.816607
Q4-2021,898,0.816801
Q4-2021,899,0.812871
Q4-2021,900,0.188183
Q4-2021,901,0.817325
Q4-2021,902,0.815887
Q4-2021,903,0.817355
Q4-2021,904,0.817328
Q4-2021,905,0.817485
Q4-2021,906,0.81738
Q4-2021,907,0.817369
Q4-2021,908,0.188093
Q4-2021,909,0.81712
Q4-2021,910,0.815504
Q4-2021,911,0.812543
Q4-2021,912,0.817576
Q4-2021,913,0.817609
Q4-2021,914,0.817547
Q4-2021,915,0.816767
Q4-2021,916,0.816931
Q4-2021,917,0.818149
Q4-2021,918,0.817898
Q4-2021,919,0.817828
Q4-2021,920,0.818103
Q4-2021,921,0.817942
Q4-2021,922,0.818719
Q4-2021,923,0.819076
Q4-2021,924,0.819823
Q4-2021,925,0.647946
Q4-2021,926,0.819852
Q4-2021,927,0.821147
Q4-2021,928,0.817992
Q4-2021,929,0.819504
Q4-2021,930,0.818953
Q4-2021,931,0.646796
Q4-2021,932,0.817693
Q4-2021,933,0.817531
Q4-2021,934,0.81518
Q4-2021,935,0.816947
Q4-2021,936,0.817601
Q4-2021,937,0.020064
Q4-2021,938,0.817797
Q4-2021,939,0.804637
Q4-2021,940,0.643574
Q4-2021,941,0.818183
Q4-2021,942,0.187876
Q4-2021,943,0.815598
Q4-2021,944,0.816206
Q4-2021,945,0.646942
Q4-2021,946,0.81807
Q4-2021,947,0.816546
Q4-2021,948,0.807973
Q4-2021,949,0.815694
Q4-2021,950,0.96618
Q4-2021,951,0.809778
Q4-2021,952,0.816353
Q4-2021,953,0.185816
Q4-2021,954,0.664806
Q4-2021,955,0.815365
Q4-2021,956,0.187535
Q4-2021,957,0.816576
Q4-2021,958,0.813394
Q4-2021,959,0.645287
Q4-2021,960,0.816396
Q4-2021,961,0.821403
Q4-2021,962,0.814227
Q4-2021,963,0.819702
Q4-2021,964,0.819063
Q4-2021,965,0.819082
Q4-2021,966,0.818761
Q4-2021,967,0.811582
Q4-2021,968,0.818195
Q4-2021,969,0.84033
Q4-2021,970,0.819272
Q4-2021,971,0.819316
Q4-2021,972,0.819303
Q4-2021,973,0.818996
Q4-2021,974,0.811428
Q4-2021,975,0.818358
Q4-2021,976,0.819052
Q4-2021,977,0.815889
Q4-2021,978,0.818895
Q4-2021,979,0.818746
Q4-2021,980,0.819002
Q4-2021,981,0.666992
Q4-2021,982,0.819741
Q4-2021,983,0.820465
Q4-2021,984,0.820042
Q4-2021,985,0.820502
Q4-2021,986,0.820206
Q4-2021,987,0.815514
Q4-2021,988,0.18959
Q4-2021,989,0.819675
Q4-2021,990,0.818088
Q4-2021,991,0.819785
Q4-2021,992,0.820806
Q4-2021,993,0.815221
Q4-2021,994,0.818545
Q4-2021,995,0.818879
Q4-2021,996,0.818885
Q4-2021,997,0.818574
Q4-2021,998,0.818853
Q4-2021,999,0.818931
Q4-2021,1000,0.819016
Q4-2021,1001,0.646201
Q4-2021,1002,0.646362
Q4-2021,1003,0.819077
Q4-2021,1004,0.816555
Q4-2021,1005,0.81648
Q4-2021,1006,0.646192
Q4-2021,1007,0.818441
Q4-2021,1008,0.818821
Q4-2021,1009,0.816794
Q4-2021,1010,0.811242
Q4-2021,1011,0.817694
Q4-2021,1012,0.818586
Q4-2021,1013,0.818432
Q4-2021,1014,0.818175
Q4-2021,1015,0.810354
Q4-2021,1016,0.812548
Q4-2021,1017,0.817837
Q4-2021,1018,0.817669
Q4-2021,1019,0.817849
Q4-2021,1020,0.189748
Q4-2021,1021,0.818147
Q4-2021,1022,0.639664
Q4-2021,1023,0.820187
Q4-2021,1024,0.818374
Q4-2021,1025,0.808362
Q4-2021,1026,0.817262
Q4-2021,1027,0.818517
Q4-2021,1028,0.817603
Q4-2021,1029,0.81746
Q4-2021,1030,0.817553
Q4-2021,1031,0.817715
Q4-2021,1032,0.817845
Q4-2021,1033,0.817117
Q4-2021,1034,0.817538
Q4-2021,1035,0.817875
Q4-2021,1036,0.817791
Q4-2021,1037,0.817516
Q4-2021,1038,0.81687
Q4-2021,1039,0.816949
Q4-2021,1040,0.816806
Q4-2021,1041,0.816788
Q4-2021,1042,0.816587
Q4-2021,1043,0.816575
Q4-2021,1044,0.191943
Q4-2021,1045,0.81742
Q4-2021,1046,0.816195
Q4-2021,1047,0.818206
Q4-2021,1048,0.815993
Q4-2021,1049,0.814904
Q4-2021,1050,0.814606
Q4-2021,1051,0.810315
Q4-2021,1052,0.814967
Q4-2021,1053,0.81078
Q4-2021,1054,0.811852
Q4-2021,1055,0.811822
Q4-2021,1056,0.811978
Q4-2021,1057,0.812496
Q4-2021,1058,0.812675
Q4-2021,1059,0.812919
Q4-2021,1060,0.804974
Q4-2021,1061,0.806657
Q4-2021,1062,0.812121
Q4-2021,1063,0.811986
Q4-2021,1064,0.811771
Q4-2021,1065,0.638635
Q4-2021,1066,0.811662
Q4-2021,1067,0.811611
Q4-2021,1068,0.809347
Q4-2021,1069,0.812641
Q4-2021,1070,0.812961
Q4-2021,1071,0.81252
Q4-2021,1072,0.812152
Q4-2021,1073,0.812761
Q4-2021,1074,0.812724
Q4-2021,1075,0.813067
Q4-2021,1076,0.805179
Q4-2021,1077,0.812184
Q4-2021,1078,0.192102
Q4-2021,1079,0.813279
Q4-2021,1080,0.811412
Q4-2021,1081,0.813564
Q4-2021,1082,0.813109
Q4-2021,1083,0.813558
Q4-2021,1084,0.813689
Q4-2021,1085,0.814152
Q4-2021,1086,0.813846
Q4-2021,1087,0.814431
Q4-2021,1088,0.814165
Q4-2021,1089,0.81426
Q4-2021,1090,0.814738
Q4-2021,1091,0.815302
Q4-2021,1092,0.814407
Q4-2021,1093,0.814105
Q4-2021,1094,0.190803
Q4-2021,1095,0.813769
Q4-2021,1096,0.812269
Q4-2021,1097,0.814002
Q4-2021,1098,0.814096
Q4-2021,1099,0.813881
Q4-2021,1100,0.813753
Q4-2021,1101,0.814342
Q4-2021,1102,0.813777
Q4-2021,1103,0.813695
Q4-2021,1104,0.817094
Q4-2021,1105,0.813429
Q4-2021,1106,0.814204
Q4-2021,1107,0.815192
Q4-2021,1108,0.815402
Q4-2021,1109,0.815375
Q4-2021,1110,0.815435
Q4-2021,1111,0.815571
Q4-2021,1112,0.815769
Q4-2021,1113,0.814912
Q4-2021,1114,0.806228
Q4-2021,1115,0.809412
Q4-2021,1116,0.801898
Q4-2021,1117,0.640158
Q4-2021,1118,0.813885
Q4-2021,1119,0.813609
Q4-2021,1120,0.811256
Q4-2021,1121,0.813696
Q4-2021,1122,0.810038
Q4-2021,1123,0.813671
Q4-2021,1124,0.814426
Q4-2021,1125,0.813857
Q4-2021,1126,0.813831
Q4-2021,1127,0.813939
Q4-2021,1128,0.8055
Q4-2021,1129,0.808896
Q4-2021,1130,0.191159
Q4-2021,1131,0.814841
Q4-2021,1132,0.813418
Q4-2021,1133,0.810665
Q4-2021,1134,0.807046
Q4-2021,1135,0.813516
Q4-2021,1136,0.814706
Q4-2021,1137,0.814414
Q4-2021,1138,0.81276
Q4-2021,1139,0.814413
Q4-2021,1140,0.642752
Q4-2021,1141,0.810925
Q4-2021,1142,0.81526
Q4-2021,1143,0.812136
Q4-2021,1144,0.814187
Q4-2021,1145,0.813907
Q4-2021,1146,0.816062
Q4-2021,1147,0.814111
Q4-2021,1148,0.813131
Q4-2021,1149,0.813116
Q4-2021,1150,0.805972
Q4-2021,1151,0.812316
Q4-2021,1152,0.813235
Q4-2021,1153,0.813475
Q4-2021,1154,0.63982
Q4-2021,1155,0.813057
Q4-2021,1156,0.813098
Q4-2021,1157,0.811024
Q4-2021,1158,0.813043
Q4-2021,1159,0.812705
Q4-2021,1160,0.812144
Q4-2021,1161,0.811796
Q4-2021,1162,0.814092
Q4-2021,1163,0.189744
Q4-2021,1164,0.817027
Q4-2021,1165,0.642551
Q4-2021,1166,0.81678
Q4-2021,1167,0.812765
Q4-2021,1168,0.814226
Q4-2021,1169,0.6442
Q4-2021,1170,0.81706
Q4-2021,1171,0.817285
Q4-2021,1172,0.816201
Q4-2021,1173,0.818234
Q4-2021,1174,0.817518
Q4-2021,1175,0.815279
Q4-2021,1176,0.808981
Q4-2021,1177,0.814095
Q4-2021,1178,0.815096
Q4-2021,1179,0.810827
Q4-2021,1180,0.815301
Q4-2021,1181,0.815449
Q4-2021,1182,0.815433
Q4-2021,1183,0.815386
Q4-2021,1184,0.816491
Q4-2021,1185,0.818313
Q4-2021,1186,0.816132
Q4-2021,1187,0.815172
Q4-2021,1188,0.815008
Q4-2021,1189,0.815194
Q4-2021,1190,0.815279
Q4-2021,1191,0.815433
Q4-2021,1192,0.188852
Q4-2021,1193,0.810036
Q4-2021,1194,0.812705
Q4-2021,1195,0.814514
Q4-2021,1196,0.814411
Q4-2021,1197,0.643009
Q4-2021,1198,0.816746
Q4-2021,1199,0.816698
Q4-2021,1200,0.63967
Q4-2021,1201,0.814582
Q4-2021,1202,0.815192
Q4-2021,1203,0.812789
Q4-2021,1204,0.814843
Q4-2021,1205,0.815058
Q4-2021,1206,0.642846
Q4-2021,1207,0.815786
Q4-2021,1208,0.815335
Q4-2021,1209,0.812594
Q4-2021,1210,0.814704
Q4-2021,1211,0.814694
Q4-2021,1212,0.190364
Q4-2021,1213,0.815127
Q4-2021,1214,0.641598
Q4-2021,1215,0.815284
Q4-2021,1216,0.81522
Q4-2021,1217,0.813251
Q4-2021,1218,0.815301
Q4-2021,1219,0.811493
Q4-2021,1220,0.814988
Q4-2021,1221,0.811142
Q4-2021,1222,0.811442
Q4-2021,1223,0.816133
Q4-2021,1224,0.816143
Q4-2021,1225,0.192006
Q4-2021,1226,0.815879
Q4-2021,1227,0.811921
Q4-2021,1228,0.192562
Q4-2021,1229,0.813223
Q4-2021,1230,0.815352
Q4-2021,1231,0.817023
Q4-2021,1232,0.816097
Q4-2021,1233,0.810749
Q4-2021,1234,0.815127
Q4-2021,1235,0.807476
Q4-2021,1236,0.809734
Q4-2021,1237,0.815757
Q4-2021,1238,0.815592
Q4-2021,1239,0.641488
Q4-2021,1240,0.633447
Q4-2021,1241,0.191295
Q4-2021,1242,0.812465
Q4-2021,1243,0.806188
Q4-2021,1244,0.814211
Q4-2021,1245,0.814303
Q4-2021,1246,0.814868
Q4-2021,1247,0.633767
Q4-2021,1248,0.190062
Q4-2021,1249,0.638813
Q4-2021,1250,0.630401
Q4-2021,1251,0.811782
Q4-2021,1252,0.80967
Q4-2021,1253,0.801591
Q4-2021,1254,0.810513
Q4-2021,1255,0.811675
Q4-2021,1256,0.811657
Q4-2021,1257,0.023458
Q4-2021,1258,0.807787
Q4-2021,1259,0.804904
Q4-2021,1260,0.809209
Q4-2021,1261,0.811918
Q4-2021,1262,0.812668
Q4-2021,1263,0.813382
Q4-2021,1264,0.812753
Q4-2021,1265,0.813269
Q4-2021,1266,0.638822
Q4-2021,1267,0.813456
Q4-2021,1268,0.813282
Q4-2021,1269,0.811285
Q4-2021,1270,0.813426
Q4-2021,1271,0.812908
Q4-2021,1272,0.809266
Q4-2021,1273,0.810695
Q1-2022,1,0.0
Q1-2022,2,9.9e-05
Q1-2022,3,0.000444
Q1-2022,4,4.9e-05
Q1-2022,5,0.012269
Q1-2022,6,0.000395
Q1-2022,7,4.9e-05
Q1-2022,8,0.000272
Q1-2022,9,0.00242
Q1-2022,10,7.4e-05
Q1-2022,11,0.000149
Q1-2022,12,0.001211
Q1-2022,13,0.000496
Q1-2022,14,0.000521
Q1-2022,15,0.000569
Q1-2022,16,0.000495
Q1-2022,17,0.000248
Q1-2022,18,0.003717
Q1-2022,19,0.123569
Q1-2022,20,0.000848
Q1-2022,21,0.001498
Q1-2022,22,0.001225
Q1-2022,23,0.000375
Q1-2022,24,0.05201
Q1-2022,25,0.052833
Q1-2022,26,0.052921
Q1-2022,27,0.053556
Q1-2022,28,0.051576
Q1-2022,29,0.053603
Q1-2022,30,0.051634
Q1-2022,31,0.051444
Q1-2022,32,0.051503
Q1-2022,33,0.051903
Q1-2022,34,0.051575
Q1-2022,35,0.049999
Q1-2022,36,0.050385
Q1-2022,37,0.049458
Q1-2022,38,0.050058
Q1-2022,39,0.050123
Q1-2022,40,0.05008
Q1-2022,41,0.049797
Q1-2022,42,0.049773
Q1-2022,43,0.049653
Q1-2022,44,0.04948
Q1-2022,45,0.049511
Q1-2022,46,0.0501
Q1-2022,47,0.050278
Q1-2022,48,0.050043
Q1-2022,49,0.050723
Q1-2022,50,0.049779
Q1-2022,51,0.049875
Q1-2022,52,0.050542
Q1-2022,53,0.050304
Q1-2022,54,0.051402
Q1-2022,55,0.000155
Q1-2022,56,0.050773
Q1-2022,57,0.050595
Q1-2022,58,0.050489
Q1-2022,59,0.050887
Q1-2022,60,0.050935
Q1-2022,61,0.050952
Q1-2022,62,0.051168
Q1-2022,63,0.051075
Q1-2022,64,0.051533
Q1-2022,65,0.051396
Q1-2022,66,0.000441
Q1-2022,67,0.920197
Q1-2022,68,0.054785
Q1-2022,69,0.900684
Q1-2022,70,0.900887
Q1-2022,71,0.850327
Q1-2022,72,0.797838
Q1-2022,73,0.79487
Q1-2022,74,0.845185
Q1-2022,75,0.845828
Q1-2022,76,0.84047
Q1-2022,77,0.838969
Q1-2022,78,0.839206
Q1-2022,79,0.837788
Q1-2022,80,0.837963
Q1-2022,81,0.837772
Q1-2022,82,0.786311
Q1-2022,83,0.835664
Q1-2022,84,0.836781
Q1-2022,85,0.836595
Q1-2022,86,0.836561
Q1-2022,87,0.836857
Q1-2022,88,0.837332
Q1-2022,89,0.836318
Q1-2022,90,0.836205
Q1-2022,91,0.836618
Q1-2022,92,0.837722
Q1-2022,93,0.838593
Q1-2022,94,0.839517
Q1-2022,95,0.95575
Q1-2022,96,0.838229
Q1-2022,97,0.838718
Q1-2022,98,0.838882
Q1-2022,99,0.838369
Q1-2022,100,0.835275
Q1-2022,101,0.837307
Q1-2022,102,0.839315
Q1-2022,103,0.83966
Q1-2022,104,0.839704
Q1-2022,105,0.838783
Q1-2022,106,0.838134
Q1-2022,107,0.83785
Q1-2022,108,0.834481
Q1-2022,109,0.837581
Q1-2022,110,0.830238
Q1-2022,111,0.830439
Q1-2022,112,0.838911
Q1-2022,113,0.837672
Q1-2022,114,0.836885
Q1-2022,115,0.837215
Q1-2022,116,0.836868
Q1-2022,117,0.834219
Q1-2022,118,0.837649
Q1-2022,119,0.837741
Q1-2022,120,0.838561
Q1-2022,121,0.835802
Q1-2022,122,0.78329
Q1-2022,123,0.837925
Q1-2022,124,0.836447
Q1-2022,125,0.836061
Q1-2022,126,0.834876
Q1-2022,127,0.78399
Q1-2022,128,0.838765
Q1-2022,129,0.839084
Q1-2022,130,0.839994
Q1-2022,131,0.840033
Q1-2022,132,0.831328
Q1-2022,133,0.05624
Q1-2022,134,0.830271
Q1-2022,135,0.831463
Q1-2022,136,0.831204
Q1-2022,137,0.828037
Q1-2022,138,0.828445
Q1-2022,139,0.827322
Q1-2022,140,0.826977
Q1-2022,141,0.828419
Q1-2022,142,0.978543
Q1-2022,143,0.915685
Q1-2022,144,0.909653
Q1-2022,145,0.912964
Q1-2022,146,0.875347
Q1-2022,147,0.762003
Q1-2022,148,0.870639
Q1-2022,149,0.87056
Q1-2022,150,0.870453
Q1-2022,151,0.8707
Q1-2022,152,0.872173
Q1-2022,153,0.871151
Q1-2022,154,0.848756
Q1-2022,155,0.871927
Q1-2022,156,0.936623
Q1-2022,157,0.942347
Q1-2022,158,0.945634
Q1-2022,159,0.940018
Q1-2022,160,0.938851
Q1-2022,161,0.936983
Q1-2022,162,0.939179
Q1-2022,163,0.940068
Q1-2022,164,0.937967
Q1-2022,165,0.938688
Q1-2022,166,0.939561
Q1-2022,167,0.939611
Q1-2022,168,0.937983
Q1-2022,169,0.937612
Q1-2022,170,0.937739
Q1-2022,171,0.937989
Q1-2022,172,0.942158
Q1-2022,173,0.942901
Q1-2022,174,0.943419
Q1-2022,175,0.943469
Q1-2022,176,0.838528
Q1-2022,177,0.943221
Q1-2022,178,0.943132
Q1-2022,179,0.943935
Q1-2022,180,0.943506
Q1-2022,181,0.839277
Q1-2022,182,0.206893
Q1-2022,183,0.942614
Q1-2022,184,0.943023
Q1-2022,185,0.840272
Q1-2022,186,0.941808
Q1-2022,187,0.942501
Q1-2022,188,0.941555
Q1-2022,189,0.941873
Q1-2022,190,0.94187
Q1-2022,191,0.941833
Q1-2022,192,0.842885
Q1-2022,193,0.941988
Q1-2022,194,0.942522
Q1-2022,195,0.94173
Q1-2022,196,0.942823
Q1-2022,197,0.941748
Q1-2022,198,0.942746
Q1-2022,199,0.943435
Q1-2022,200,0.936756
Q1-2022,201,0.941323
Q1-2022,202,0.93645
Q1-2022,203,0.940744
Q1-2022,204,0.941651
Q1-2022,205,0.942118
Q1-2022,206,0.941992
Q1-2022,207,0.942654
Q1-2022,208,0.943618
Q1-2022,209,0.94082
Q1-2022,210,0.942245
Q1-2022,211,0.972877
Q1-2022,212,0.965571
Q1-2022,213,0.96552
Q1-2022,214,0.954927
Q1-2022,215,0.92368
Q1-2022,216,0.921503
Q1-2022,217,0.920717
Q1-2022,218,0.919262
Q1-2022,219,0.918512
Q1-2022,220,0.918147
Q1-2022,221,0.919259
Q1-2022,222,0.919813
Q1-2022,223,0.128793
Q1-2022,224,0.911567
Q1-2022,225,0.912369
Q1-2022,226,0.12764
Q1-2022,227,0.910196
Q1-2022,228,0.910246
Q1-2022,229,0.907027
Q1-2022,230,0.91099
Q1-2022,231,0.8234
Q1-2022,232,0.910544
Q1-2022,233,0.82797
Q1-2022,234,0.909461
Q1-2022,235,0.907987
Q1-2022,236,0.902923
Q1-2022,237,0.909345
Q1-2022,238,0.904911
Q1-2022,239,0.904387
Q1-2022,240,0.905225
Q1-2022,241,0.092459
Q1-2022,242,0.822274
Q1-2022,243,0.904251
Q1-2022,244,0.89494
Q1-2022,245,0.901528
Q1-2022,246,0.901264
Q1-2022,247,0.901361
Q1-2022,248,0.900712
Q1-2022,249,0.89948
Q1-2022,250,0.90063
Q1-2022,251,0.900638
Q1-2022,252,0.899281
Q1-2022,253,0.898367
Q1-2022,254,0.787427
Q1-2022,255,0.864508
Q1-2022,256,0.894616
Q1-2022,257,0.890853
Q1-2022,258,0.899644
Q1-2022,259,0.901097
Q1-2022,260,0.039471
Q1-2022,261,0.903479
Q1-2022,262,0.792102
Q1-2022,263,0.867636
Q1-2022,264,0.89985
Q1-2022,265,0.862517
Q1-2022,266,0.122134
Q1-2022,267,0.904812
Q1-2022,268,0.905645
Q1-2022,269,0.903664
Q1-2022,270,0.90467
Q1-2022,271,0.900941
Q1-2022,272,0.90067
Q1-2022,273,0.900622
Q1-2022,274,0.901035
Q1-2022,275,0.900847
Q1-2022,276,0.867762
Q1-2022,277,0.89957
Q1-2022,278,0.901244
Q1-2022,279,0.901008
Q1-2022,280,0.821478
Q1-2022,281,0.900695
Q1-2022,282,0.897891
Q1-2022,283,0.901121
Q1-2022,284,0.820295
Q1-2022,285,0.900392
Q1-2022,286,0.898023
Q1-2022,287,0.130332
Q1-2022,288,0.894279
Q1-2022,289,0.902405
Q1-2022,290,0.890335
Q1-2022,291,0.902455
Q1-2022,292,0.902671
Q1-2022,293,0.133993
Q1-2022,294,0.902996
Q1-2022,295,0.903129
Q1-2022,296,0.899879
Q1-2022,297,0.903322
Q1-2022,298,0.902971
Q1-2022,299,0.131743
Q1-2022,300,0.894778
Q1-2022,301,0.903517
Q1-2022,302,0.899643
Q1-2022,303,0.902779
Q1-2022,304,0.899339
Q1-2022,305,0.899695
Q1-2022,306,0.898039
Q1-2022,307,0.898277
Q1-2022,308,0.8981
Q1-2022,309,0.898055
Q1-2022,310,0.897969
Q1-2022,311,0.898621
Q1-2022,312,0.898429
Q1-2022,313,0.89824
Q1-2022,314,0.896685
Q1-2022,315,0.896895
Q1-2022,316,0.896328
Q1-2022,317,0.896664
Q1-2022,318,0.896776
Q1-2022,319,0.897854
Q1-2022,320,0.897301
Q1-2022,321,0.894972
Q1-2022,322,0.890926
Q1-2022,323,0.890966
Q1-2022,324,0.89065
Q1-2022,325,0.891184
Q1-2022,326,0.884406
Q1-2022,327,0.884417
Q1-2022,328,0.881119
Q1-2022,329,0.881058
Q1-2022,330,0.880739
Q1-2022,331,0.131514
Q1-2022,332,0.88066
Q1-2022,333,0.8805
Q1-2022,334,0.877572
Q1-2022,335,0.880577
Q1-2022,336,0.879976
Q1-2022,337,0.880702
Q1-2022,338,0.871627
Q1-2022,339,0.98549
Q1-2022,340,0.881528
Q1-2022,341,0.881226
Q1-2022,342,0.880431
Q1-2022,343,0.880609
Q1-2022,344,0.87231
Q1-2022,345,0.881148
Q1-2022,346,0.928245
Q1-2022,347,0.881677
Q1-2022,348,0.872448
Q1-2022,349,0.881592
Q1-2022,350,0.880479
Q1-2022,351,0.879471
Q1-2022,352,0.875471
Q1-2022,353,0.875788
Q1-2022,354,0.875089
Q1-2022,355,0.783171
Q1-2022,356,0.880161
Q1-2022,357,0.878136
Q1-2022,358,0.880867
Q1-2022,359,0.881489
Q1-2022,360,0.882167
Q1-2022,361,0.886108
Q1-2022,362,0.886017
Q1-2022,363,0.885711
Q1-2022,364,0.884916
Q1-2022,365,0.875891
Q1-2022,366,0.885586
Q1-2022,367,0.885633
Q1-2022,368,0.199789
Q1-2022,369,0.884331
Q1-2022,370,0.885782
Q1-2022,371,0.922084
Q1-2022,372,0.887644
Q1-2022,373,0.923586
Q1-2022,374,0.115113
Q1-2022,375,0.979486
Q1-2022,376,0.902073
Q1-2022,377,0.883622
Q1-2022,378,0.889018
Q1-2022,379,0.887972
Q1-2022,380,0.887316
Q1-2022,381,0.887508
Q1-2022,382,0.895981
Q1-2022,383,0.896967
Q1-2022,384,0.896974
Q1-2022,385,0.896791
Q1-2022,386,0.89656
Q1-2022,387,0.128809
Q1-2022,388,0.896961
Q1-2022,389,0.897443
Q1-2022,390,0.89369
Q1-2022,391,0.896944
Q1-2022,392,0.897179
Q1-2022,393,0.898352
Q1-2022,394,0.900547
Q1-2022,395,0.900599
Q1-2022,396,0.901372
Q1-2022,397,0.901675
Q1-2022,398,0.901313
Q1-2022,399,0.900765
Q1-2022,400,0.90118
Q1-2022,401,0.900734
Q1-2022,402,0.901316
Q1-2022,403,0.903495
Q1-2022,404,0.904139
Q1-2022,405,0.902335
Q1-2022,406,0.883681
Q1-2022,407,0.881305
Q1-2022,408,0.900877
Q1-2022,409,0.882461
Q1-2022,410,0.881027
Q1-2022,411,0.883632
Q1-2022,412,0.888217
Q1-2022,413,0.171705
Q1-2022,414,0.888627
Q1-2022,415,0.888772
Q1-2022,416,0.882532
Q1-2022,417,0.977351
Q1-2022,418,0.89037
Q1-2022,419,0.891288
Q1-2022,420,0.891982
Q1-2022,421,0.785306
Q1-2022,422,0.889449
Q1-2022,423,0.883017
Q1-2022,424,0.884576
Q1-2022,425,0.886169
Q1-2022,426,0.886446
Q1-2022,427,0.847884
Q1-2022,428,0.882913
Q1-2022,429,0.881418
Q1-2022,430,0.881721
Q1-2022,431,0.882186
Q1-2022,432,0.880922
Q1-2022,433,0.881329
Q1-2022,434,0.88085
Q1-2022,435,0.884531
Q1-2022,436,0.878271
Q1-2022,437,0.704191
Q1-2022,438,0.862726
Q1-2022,439,0.860945
Q1-2022,440,0.961159
Q1-2022,441,0.867961
Q1-2022,442,0.868162
Q1-2022,443,0.27783
Q1-2022,444,0.868225
Q1-2022,445,0.876463
Q1-2022,446,0.923906
Q1-2022,447,0.87511
Q1-2022,448,0.76104
Q1-2022,449,0.749499
Q1-2022,450,0.872888
Q1-2022,451,0.758452
Q1-2022,452,0.190983
Q1-2022,453,0.871377
Q1-2022,454,0.177489
Q1-2022,455,0.869985
Q1-2022,456,0.874426
Q1-2022,457,0.871142
Q1-2022,458,0.867233
Q1-2022,459,0.878754
Q1-2022,460,0.87999
Q1-2022,461,0.882666
Q1-2022,462,0.884252
Q1-2022,463,0.880261
Q1-2022,464,0.880142
Q1-2022,465,0.880199
Q1-2022,466,0.879994
Q1-2022,467,0.876434
Q1-2022,468,0.866038
Q1-2022,469,0.902286
Q1-2022,470,0.903356
Q1-2022,471,0.903161
Q1-2022,472,0.900503
Q1-2022,473,0.903644
Q1-2022,474,0.9089
Q1-2022,475,0.910291
Q1-2022,476,0.911017
Q1-2022,477,0.985604
Q1-2022,478,0.996657
Q1-2022,479,0.911694
Q1-2022,480,0.911103
Q1-2022,481,0.910763
Q1-2022,482,0.140998
Q1-2022,483,0.911997
Q1-2022,484,0.985214
Q1-2022,485,0.911068
Q1-2022,486,0.903066
Q1-2022,487,0.911402
Q1-2022,488,0.911887
Q1-2022,489,0.912044
Q1-2022,490,0.911886
Q1-2022,491,0.912587
Q1-2022,492,0.913062
Q1-2022,493,0.986106
Q1-2022,494,0.879568
Q1-2022,495,0.912793
Q1-2022,496,0.976955
Q1-2022,497,0.916603
Q1-2022,498,0.98561
Q1-2022,499,0.916662
Q1-2022,500,0.915681
Q1-2022,501,0.987029
Q1-2022,502,0.826854
Q1-2022,503,0.91508
Q1-2022,504,0.914442
Q1-2022,505,0.202336
Q1-2022,506,0.917667
Q1-2022,507,0.917103
Q1-2022,508,0.915557
Q1-2022,509,0.911915
Q1-2022,510,0.784352
Q1-2022,511,0.869579
Q1-2022,512,0.903062
Q1-2022,513,0.898917
Q1-2022,514,0.908175
Q1-2022,515,0.907494
Q1-2022,516,0.908389
Q1-2022,517,0.873474
Q1-2022,518,0.907516
Q1-2022,519,0.907695
Q1-2022,520,0.822763
Q1-2022,521,0.907571
Q1-2022,522,0.903329
Q1-2022,523,0.896922
Q1-2022,524,0.891189
Q1-2022,525,0.891638
Q1-2022,526,0.897179
Q1-2022,527,0.898166
Q1-2022,528,0.866161
Q1-2022,529,0.890014
Q1-2022,530,0.891231
Q1-2022,531,0.883632
Q1-2022,532,0.87372
Q1-2022,533,0.882543
Q1-2022,534,0.882492
Q1-2022,535,0.79337
Q1-2022,536,0.873626
Q1-2022,537,0.879946
Q1-2022,538,0.882588
Q1-2022,539,0.882686
Q1-2022,540,0.784781
Q1-2022,541,0.793719
Q1-2022,542,0.791282
Q1-2022,543,0.880379
Q1-2022,544,0.879416
Q1-2022,545,0.135661
Q1-2022,546,0.882238
Q1-2022,547,0.884798
Q1-2022,548,0.790979
Q1-2022,549,0.87346
Q1-2022,550,0.879756
Q1-2022,551,0.882644
Q1-2022,552,0.882875
Q1-2022,553,0.882848
Q1-2022,554,0.882872
Q1-2022,555,0.882849
Q1-2022,556,0.882623
Q1-2022,557,0.851005
Q1-2022,558,0.881006
Q1-2022,559,0.136013
Q1-2022,560,0.882514
Q1-2022,561,0.882723
Q1-2022,562,0.134672
Q1-2022,563,0.85085
Q1-2022,564,0.880964
Q1-2022,565,0.880166
Q1-2022,566,0.882331
Q1-2022,567,0.882337
Q1-2022,568,0.136973
Q1-2022,569,0.882048
Q1-2022,570,0.882024
Q1-2022,571,0.135127
Q1-2022,572,0.850488
Q1-2022,573,0.880298
Q1-2022,574,0.870751
Q1-2022,575,0.882031
Q1-2022,576,0.882169
Q1-2022,577,0.882314
Q1-2022,578,0.882303
Q1-2022,579,0.882294
Q1-2022,580,0.881905
Q1-2022,581,0.881986
Q1-2022,582,0.137794
Q1-2022,583,0.881988
Q1-2022,584,0.137745
Q1-2022,585,0.878886
Q1-2022,586,0.882046
Q1-2022,587,0.878825
Q1-2022,588,0.881871
Q1-2022,589,0.88194
Q1-2022,590,0.881957
Q1-2022,591,0.881904
Q1-2022,592,0.88181
Q1-2022,593,0.851137
Q1-2022,594,0.880446
Q1-2022,595,0.791628
Q1-2022,596,0.881982
Q1-2022,597,0.879472
Q1-2022,598,0.882035
Q1-2022,599,0.13697
Q1-2022,600,0.882075
Q1-2022,601,0.882016
Q1-2022,602,0.788541
Q1-2022,603,0.137095
Q1-2022,604,0.879591
Q1-2022,605,0.882327
Q1-2022,606,0.87919
Q1-2022,607,0.882487
Q1-2022,608,0.792415
Q1-2022,609,0.882452
Q1-2022,610,0.879892
Q1-2022,611,0.882046
Q1-2022,612,0.882384
Q1-2022,613,0.882683
Q1-2022,614,0.998711
Q1-2022,615,0.88237
Q1-2022,616,0.88254
Q1-2022,617,0.88259
Q1-2022,618,0.882539
Q1-2022,619,0.882499
Q1-2022,620,0.79243
Q1-2022,621,0.882473
Q1-2022,622,0.879908
Q1-2022,623,0.137614
Q1-2022,624,0.882379
Q1-2022,625,0.882442
Q1-2022,626,0.879281
Q1-2022,627,0.882329
Q1-2022,628,0.882446
Q1-2022,629,0.882173
Q1-2022,630,0.791979
Q1-2022,631,0.881466
Q1-2022,632,0.879088
Q1-2022,633,0.881724
Q1-2022,634,0.881794
Q1-2022,635,0.881689
Q1-2022,636,0.881537
Q1-2022,637,0.137003
Q1-2022,638,0.881447
Q1-2022,639,0.881217
Q1-2022,640,0.878236
Q1-2022,641,0.881434
Q1-2022,642,0.881554
Q1-2022,643,0.882266
Q1-2022,644,0.881281
Q1-2022,645,0.881149
Q1-2022,646,0.881308
Q1-2022,647,0.882888
Q1-2022,648,0.874098
Q1-2022,649,0.882703
Q1-2022,650,0.882518
Q1-2022,651,0.882656
Q1-2022,652,0.88486
Q1-2022,653,0.885316
Q1-2022,654,0.886212
Q1-2022,655,0.987738
Q1-2022,656,0.886386
Q1-2022,657,0.855581
Q1-2022,658,0.884639
Q1-2022,659,0.886063
Q1-2022,660,0.886471
Q1-2022,661,0.88665
Q1-2022,662,0.886289
Q1-2022,663,0.886346
Q1-2022,664,0.796281
Q1-2022,665,0.886276
Q1-2022,666,0.875337
Q1-2022,667,0.79694
Q1-2022,668,0.877658
Q1-2022,669,0.883869
Q1-2022,670,0.886327
Q1-2022,671,0.886466
Q1-2022,672,0.887014
Q1-2022,673,0.88674
Q1-2022,674,0.886511
Q1-2022,675,0.797825
Q1-2022,676,0.79584
Q1-2022,677,0.883795
Q1-2022,678,0.883399
Q1-2022,679,0.987105
Q1-2022,680,0.886231
Q1-2022,681,0.997767
Q1-2022,682,0.112647
Q1-2022,683,0.781404
Q1-2022,684,0.870811
Q1-2022,685,0.873651
Q1-2022,686,0.148703
Q1-2022,687,0.87668
Q1-2022,688,0.876735
Q1-2022,689,0.779875
Q1-2022,690,0.880327
Q1-2022,691,0.877719
Q1-2022,692,0.847845
Q1-2022,693,0.878536
Q1-2022,694,0.880776
Q1-2022,695,0.880455
Q1-2022,696,0.880333
Q1-2022,697,0.880786
Q1-2022,698,0.880054
Q1-2022,699,0.880538
Q1-2022,700,0.880397
Q1-2022,701,0.888388
Q1-2022,702,0.880356
Q1-2022,703,0.880338
Q1-2022,704,0.870105
Q1-2022,705,0.879983
Q1-2022,706,0.879915
Q1-2022,707,0.879826
Q1-2022,708,0.142412
Q1-2022,709,0.850622
Q1-2022,710,0.8783
Q1-2022,711,0.875711
Q1-2022,712,0.783266
Q1-2022,713,0.879146
Q1-2022,714,0.876507
Q1-2022,715,0.878601
Q1-2022,716,0.1435
Q1-2022,717,0.878275
Q1-2022,718,0.878147
Q1-2022,719,0.865365
Q1-2022,720,0.877699
Q1-2022,721,0.878134
Q1-2022,722,0.878242
Q1-2022,723,0.849751
Q1-2022,724,0.878237
Q1-2022,725,0.880619
Q1-2022,726,0.880424
Q1-2022,727,0.880351
Q1-2022,728,0.880664
Q1-2022,729,0.880996
Q1-2022,730,0.880701
Q1-2022,731,0.880497
Q1-2022,732,0.78444
Q1-2022,733,0.880263
Q1-2022,734,0.878047
Q1-2022,735,0.875317
Q1-2022,736,0.874444
Q1-2022,737,0.874758
Q1-2022,738,0.87516
Q1-2022,739,0.875494
Q1-2022,740,0.875321
Q1-2022,741,0.875183
Q1-2022,742,0.875692
Q1-2022,743,0.875479
Q1-2022,744,0.874645
Q1-2022,745,0.873229
Q1-2022,746,0.862503
Q1-2022,747,0.87208
Q1-2022,748,0.872136
Q1-2022,749,0.873693
Q1-2022,750,0.87355
Q1-2022,751,0.874767
Q1-2022,752,0.743059
Q1-2022,753,0.841451
Q1-2022,754,0.870919
Q1-2022,755,0.874347
Q1-2022,756,0.874601
Q1-2022,757,0.874619
Q1-2022,758,0.876243
Q1-2022,759,0.877801
Q1-2022,760,0.878931
Q1-2022,761,0.878255
Q1-2022,762,0.877136
Q1-2022,763,0.866426
Q1-2022,764,0.983226
Q1-2022,765,0.879779
Q1-2022,766,0.879932
Q1-2022,767,0.879081
Q1-2022,768,0.876864
Q1-2022,769,0.876983
Q1-2022,770,0.890297
Q1-2022,771,0.890516
Q1-2022,772,0.889642
Q1-2022,773,0.887578
Q1-2022,774,0.888142
Q1-2022,775,0.888012
Q1-2022,776,0.887947
Q1-2022,777,0.891381
Q1-2022,778,0.891852
Q1-2022,779,0.892037
Q1-2022,780,0.891998
Q1-2022,781,0.883746
Q1-2022,782,0.892587
Q1-2022,783,0.892813
Q1-2022,784,0.13429
Q1-2022,785,0.893139
Q1-2022,786,0.883774
Q1-2022,787,0.889648
Q1-2022,788,0.892242
Q1-2022,789,0.892786
Q1-2022,790,0.892593
Q1-2022,791,0.89271
Q1-2022,792,0.864267
Q1-2022,793,0.890879
Q1-2022,794,0.892269
Q1-2022,795,0.892744
Q1-2022,796,0.985776
Q1-2022,797,0.133973
Q1-2022,798,0.863998
Q1-2022,799,0.890076
Q1-2022,800,0.79863
Q1-2022,801,0.891168
Q1-2022,802,0.888664
Q1-2022,803,0.891902
Q1-2022,804,0.892253
Q1-2022,805,0.891759
Q1-2022,806,0.895251
Q1-2022,807,0.808728
Q1-2022,808,0.896604
Q1-2022,809,0.131976
Q1-2022,810,0.13305
Q1-2022,811,0.13344
Q1-2022,812,0.893144
Q1-2022,813,0.129036
Q1-2022,814,0.893389
Q1-2022,815,0.896917
Q1-2022,816,0.894046
Q1-2022,817,0.896875
Q1-2022,818,0.896952
Q1-2022,819,0.897015
Q1-2022,820,0.896436
Q1-2022,821,0.864244
Q1-2022,822,0.893862
Q1-2022,823,0.895559
Q1-2022,824,0.896238
Q1-2022,825,0.896192
Q1-2022,826,0.895834
Q1-2022,827,0.895778
Q1-2022,828,0.895993
Q1-2022,829,0.807448
Q1-2022,830,0.895761
Q1-2022,831,0.885804
Q1-2022,832,0.887151
Q1-2022,833,0.887053
Q1-2022,834,0.88662
Q1-2022,835,0.886288
Q1-2022,836,0.886154
Q1-2022,837,0.886049
Q1-2022,838,0.877604
Q1-2022,839,0.877555
Q1-2022,840,0.885322
Q1-2022,841,0.885657
Q1-2022,842,0.883998
Q1-2022,843,0.88382
Q1-2022,844,0.884374
Q1-2022,845,0.853169
Q1-2022,846,0.882502
Q1-2022,847,0.883645
Q1-2022,848,0.883472
Q1-2022,849,0.883447
Q1-2022,850,0.883915
Q1-2022,851,0.883679
Q1-2022,852,0.883934
Q1-2022,853,0.883479
Q1-2022,854,0.848063
Q1-2022,855,0.883808
Q1-2022,856,0.974213
Q1-2022,857,0.884449
Q1-2022,858,0.136315
Q1-2022,859,0.883949
Q1-2022,860,0.883664
Q1-2022,861,0.123628
Q1-2022,862,0.855557
Q1-2022,863,0.885108
Q1-2022,864,0.852347
Q1-2022,865,0.885445
Q1-2022,866,0.887726
Q1-2022,867,0.888159
Q1-2022,868,0.888689
Q1-2022,869,0.888845
Q1-2022,870,0.890065
Q1-2022,871,0.889888
Q1-2022,872,0.889825
Q1-2022,873,0.889516
Q1-2022,874,0.889631
Q1-2022,875,0.889514
Q1-2022,876,0.136221
Q1-2022,877,0.859498
Q1-2022,878,0.889145
Q1-2022,879,0.887992
Q1-2022,880,0.890679
Q1-2022,881,0.801445
Q1-2022,882,0.890034
Q1-2022,883,0.878634
Q1-2022,884,0.890245
Q1-2022,885,0.881312
Q1-2022,886,0.888633
Q1-2022,887,0.88802
Q1-2022,888,0.888039
Q1-2022,889,0.799069
Q1-2022,890,0.047855
Q1-2022,891,0.885258
Q1-2022,892,0.854104
Q1-2022,893,0.882956
Q1-2022,894,0.887748
Q1-2022,895,0.88737
Q1-2022,896,0.887958
Q1-2022,897,0.888467
Q1-2022,898,0.888983
Q1-2022,899,0.880292
Q1-2022,900,0.799941
Q1-2022,901,0.888974
Q1-2022,902,0.886489
Q1-2022,903,0.888182
Q1-2022,904,0.888325
Q1-2022,905,0.88855
Q1-2022,906,0.888553
Q1-2022,907,0.888407
Q1-2022,908,0.799317
Q1-2022,909,0.888518
Q1-2022,910,0.885774
Q1-2022,911,0.879309
Q1-2022,912,0.888251
Q1-2022,913,0.888242
Q1-2022,914,0.888099
Q1-2022,915,0.888118
Q1-2022,916,0.88801
Q1-2022,917,0.888084
Q1-2022,918,0.888167
Q1-2022,919,0.891215
Q1-2022,920,0.892192
Q1-2022,921,0.892056
Q1-2022,922,0.892273
Q1-2022,923,0.892475
Q1-2022,924,0.892946
Q1-2022,925,0.137017
Q1-2022,926,0.892361
Q1-2022,927,0.892095
Q1-2022,928,0.889121
Q1-2022,929,0.892663
Q1-2022,930,0.892612
Q1-2022,931,0.137253
Q1-2022,932,0.892808
Q1-2022,933,0.892899
Q1-2022,934,0.88959
Q1-2022,935,0.891786
Q1-2022,936,0.891539
Q1-2022,937,0.049333
Q1-2022,938,0.895123
Q1-2022,939,0.85126
Q1-2022,940,0.131134
Q1-2022,941,0.895743
Q1-2022,942,0.808286
Q1-2022,943,0.890759
Q1-2022,944,0.891334
Q1-2022,945,0.135765
Q1-2022,946,0.893659
Q1-2022,947,0.893581
Q1-2022,948,0.887879
Q1-2022,949,0.890999
Q1-2022,950,0.902217
Q1-2022,951,0.856413
Q1-2022,952,0.886456
Q1-2022,953,0.798914
Q1-2022,954,0.234409
Q1-2022,955,0.884963
Q1-2022,956,0.800819
Q1-2022,957,0.887844
Q1-2022,958,0.883107
Q1-2022,959,0.134993
Q1-2022,960,0.886012
Q1-2022,961,0.88704
Q1-2022,962,0.875228
Q1-2022,963,0.885462
Q1-2022,964,0.885515
Q1-2022,965,0.885693
Q1-2022,966,0.885515
Q1-2022,967,0.855419
Q1-2022,968,0.885506
Q1-2022,969,0.987354
Q1-2022,970,0.887527
Q1-2022,971,0.887475
Q1-2022,972,0.887304
Q1-2022,973,0.887314
Q1-2022,974,0.85579
Q1-2022,975,0.886148
Q1-2022,976,0.887532
Q1-2022,977,0.885879
Q1-2022,978,0.88652
Q1-2022,979,0.887405
Q1-2022,980,0.887441
Q1-2022,981,0.224272
Q1-2022,982,0.887636
Q1-2022,983,0.887213
Q1-2022,984,0.887112
Q1-2022,985,0.888058
Q1-2022,986,0.888568
Q1-2022,987,0.879354
Q1-2022,988,0.798405
Q1-2022,989,0.888088
Q1-2022,990,0.88537
Q1-2022,991,0.88796
Q1-2022,992,0.88829
Q1-2022,993,0.879514
Q1-2022,994,0.8879
Q1-2022,995,0.888109
Q1-2022,996,0.888254
Q1-2022,997,0.888268
Q1-2022,998,0.889591
Q1-2022,999,0.889716
Q1-2022,1000,0.890006
Q1-2022,1001,0.137565
Q1-2022,1002,0.137949
Q1-2022,1003,0.889547
Q1-2022,1004,0.886301
Q1-2022,1005,0.886195
Q1-2022,1006,0.137909
Q1-2022,1007,0.888649
Q1-2022,1008,0.889038
Q1-2022,1009,0.886063
Q1-2022,1010,0.858099
Q1-2022,1011,0.887506
Q1-2022,1012,0.887887
Q1-2022,1013,0.887384
Q1-2022,1014,0.887546
Q1-2022,1015,0.856482
Q1-2022,1016,0.876881
Q1-2022,1017,0.887189
Q1-2022,1018,0.887233
Q1-2022,1019,0.887391
Q1-2022,1020,0.79715
Q1-2022,1021,0.887312
Q1-2022,1022,0.126153
Q1-2022,1023,0.887433
Q1-2022,1024,0.887633
Q1-2022,1025,0.85285
Q1-2022,1026,0.885442
Q1-2022,1027,0.8865
Q1-2022,1028,0.886536
Q1-2022,1029,0.886424
Q1-2022,1030,0.886927
Q1-2022,1031,0.887093
Q1-2022,1032,0.886977
Q1-2022,1033,0.884051
Q1-2022,1034,0.88426
Q1-2022,1035,0.884356
Q1-2022,1036,0.884486
Q1-2022,1037,0.88434
Q1-2022,1038,0.884037
Q1-2022,1039,0.88424
Q1-2022,1040,0.884237
Q1-2022,1041,0.884285
Q1-2022,1042,0.884123
Q1-2022,1043,0.884196
Q1-2022,1044,0.794994
Q1-2022,1045,0.884599
Q1-2022,1046,0.881817
Q1-2022,1047,0.884389
Q1-2022,1048,0.883183
Q1-2022,1049,0.882184
Q1-2022,1050,0.88214
Q1-2022,1051,0.873333
Q1-2022,1052,0.882397
Q1-2022,1053,0.873436
Q1-2022,1054,0.881512
Q1-2022,1055,0.881371
Q1-2022,1056,0.881284
Q1-2022,1057,0.88115
Q1-2022,1058,0.881142
Q1-2022,1059,0.88126
Q1-2022,1060,0.850531
Q1-2022,1061,0.870955
Q1-2022,1062,0.881397
Q1-2022,1063,0.881389
Q1-2022,1064,0.881351
Q1-2022,1065,0.136848
Q1-2022,1066,0.88133
Q1-2022,1067,0.881325
Q1-2022,1068,0.878663
Q1-2022,1069,0.882053
Q1-2022,1070,0.882061
Q1-2022,1071,0.882162
Q1-2022,1072,0.882041
Q1-2022,1073,0.882195
Q1-2022,1074,0.882426
Q1-2022,1075,0.883194
Q1-2022,1076,0.851676
Q1-2022,1077,0.88197
Q1-2022,1078,0.793799
Q1-2022,1079,0.883317
Q1-2022,1080,0.880741
Q1-2022,1081,0.884395
Q1-2022,1082,0.883101
Q1-2022,1083,0.883481
Q1-2022,1084,0.883496
Q1-2022,1085,0.883672
Q1-2022,1086,0.883526
Q1-2022,1087,0.883788
Q1-2022,1088,0.883547
Q1-2022,1089,0.883609
Q1-2022,1090,0.883911
Q1-2022,1091,0.883993
Q1-2022,1092,0.884019
Q1-2022,1093,0.883879
Q1-2022,1094,0.794646
Q1-2022,1095,0.883795
Q1-2022,1096,0.881158
Q1-2022,1097,0.883544
Q1-2022,1098,0.883566
Q1-2022,1099,0.883841
Q1-2022,1100,0.883957
Q1-2022,1101,0.883799
Q1-2022,1102,0.883928
Q1-2022,1103,0.883885
Q1-2022,1104,0.884048
Q1-2022,1105,0.883914
Q1-2022,1106,0.883968
Q1-2022,1107,0.884021
Q1-2022,1108,0.883837
Q1-2022,1109,0.883699
Q1-2022,1110,0.883707
Q1-2022,1111,0.883661
Q1-2022,1112,0.883677
Q1-2022,1113,0.883645
Q1-2022,1114,0.852017
Q1-2022,1115,0.881714
Q1-2022,1116,0.843165
Q1-2022,1117,0.13598
Q1-2022,1118,0.884139
Q1-2022,1119,0.883494
Q1-2022,1120,0.880277
Q1-2022,1121,0.883507
Q1-2022,1122,0.883087
Q1-2022,1123,0.883497
Q1-2022,1124,0.883816
Q1-2022,1125,0.883694
Q1-2022,1126,0.883896
Q1-2022,1127,0.884023
Q1-2022,1128,0.852821
Q1-2022,1129,0.873661
Q1-2022,1130,0.79587
Q1-2022,1131,0.88541
Q1-2022,1132,0.883098
Q1-2022,1133,0.87634
Q1-2022,1134,0.854162
Q1-2022,1135,0.8836
Q1-2022,1136,0.885442
Q1-2022,1137,0.884951
Q1-2022,1138,0.884752
Q1-2022,1139,0.884967
Q1-2022,1140,0.137058
Q1-2022,1141,0.876573
Q1-2022,1142,0.885036
Q1-2022,1143,0.879853
Q1-2022,1144,0.884195
Q1-2022,1145,0.884373
Q1-2022,1146,0.891248
Q1-2022,1147,0.884657
Q1-2022,1148,0.883536
Q1-2022,1149,0.88353
Q1-2022,1150,0.852362
Q1-2022,1151,0.881876
Q1-2022,1152,0.883278
Q1-2022,1153,0.883256
Q1-2022,1154,0.134724
Q1-2022,1155,0.883191
Q1-2022,1156,0.883292
Q1-2022,1157,0.881771
Q1-2022,1158,0.8833
Q1-2022,1159,0.883161
Q1-2022,1160,0.882672
Q1-2022,1161,0.881929
Q1-2022,1162,0.882363
Q1-2022,1163,0.794231
Q1-2022,1164,0.885711
Q1-2022,1165,0.132397
Q1-2022,1166,0.885376
Q1-2022,1167,0.875
Q1-2022,1168,0.882171
Q1-2022,1169,0.13432
Q1-2022,1170,0.886822
Q1-2022,1171,0.886925
Q1-2022,1172,0.88769
Q1-2022,1173,0.889253
Q1-2022,1174,0.889315
Q1-2022,1175,0.88929
Q1-2022,1176,0.859164
Q1-2022,1177,0.887382
Q1-2022,1178,0.889092
Q1-2022,1179,0.879994
Q1-2022,1180,0.889585
Q1-2022,1181,0.889862
Q1-2022,1182,0.889726
Q1-2022,1183,0.889664
Q1-2022,1184,0.889417
Q1-2022,1185,0.889679
Q1-2022,1186,0.888797
Q1-2022,1187,0.888114
Q1-2022,1188,0.888083
Q1-2022,1189,0.888267
Q1-2022,1190,0.888292
Q1-2022,1191,0.888314
Q1-2022,1192,0.798177
Q1-2022,1193,0.878465
Q1-2022,1194,0.885245
Q1-2022,1195,0.887704
Q1-2022,1196,0.888864
Q1-2022,1197,0.136343
Q1-2022,1198,0.889754
Q1-2022,1199,0.889891
Q1-2022,1200,0.13448
Q1-2022,1201,0.889767
Q1-2022,1202,0.889961
Q1-2022,1203,0.886897
Q1-2022,1204,0.890011
Q1-2022,1205,0.890014
Q1-2022,1206,0.137539
Q1-2022,1207,0.889708
Q1-2022,1208,0.889911
Q1-2022,1209,0.886319
Q1-2022,1210,0.889442
Q1-2022,1211,0.889952
Q1-2022,1212,0.799725
Q1-2022,1213,0.890254
Q1-2022,1214,0.135403
Q1-2022,1215,0.889885
Q1-2022,1216,0.88996
Q1-2022,1217,0.887377
Q1-2022,1218,0.890412
Q1-2022,1219,0.881023
Q1-2022,1220,0.890193
Q1-2022,1221,0.881912
Q1-2022,1222,0.882464
Q1-2022,1223,0.891572
Q1-2022,1224,0.890654
Q1-2022,1225,0.800484
Q1-2022,1226,0.890847
Q1-2022,1227,0.885943
Q1-2022,1228,0.797983
Q1-2022,1229,0.878991
Q1-2022,1230,0.885355
Q1-2022,1231,0.88811
Q1-2022,1232,0.887771
Q1-2022,1233,0.878722
Q1-2022,1234,0.887896
Q1-2022,1235,0.85594
Q1-2022,1236,0.87712
Q1-2022,1237,0.887812
Q1-2022,1238,0.887929
Q1-2022,1239,0.138547
Q1-2022,1240,0.106989
Q1-2022,1241,0.796144
Q1-2022,1242,0.883102
Q1-2022,1243,0.869642
Q1-2022,1244,0.883668
Q1-2022,1245,0.884069
Q1-2022,1246,0.884056
Q1-2022,1247,0.106357
Q1-2022,1248,0.790129
Q1-2022,1249,0.137878
Q1-2022,1250,0.122439
Q1-2022,1251,0.881466
Q1-2022,1252,0.878574
Q1-2022,1253,0.846849
Q1-2022,1254,0.879669
Q1-2022,1255,0.881422
Q1-2022,1256,0.881477
Q1-2022,1257,0.048332
Q1-2022,1258,0.874537
Q1-2022,1259,0.85077
Q1-2022,1260,0.878068
Q1-2022,1261,0.882014
Q1-2022,1262,0.88241
Q1-2022,1263,0.882837
Q1-2022,1264,0.873805
Q1-2022,1265,0.882289
Q1-2022,1266,0.137226
Q1-2022,1267,0.883013
Q1-2022,1268,0.883109
Q1-2022,1269,0.880046
Q1-2022,1270,0.88331
Q1-2022,1271,0.882177
Q1-2022,1272,0.882269
Q1-2022,1273,0.882275
Q1-2023,1,0.0
Q1-2023,2,0.000333
Q1-2023,3,0.001334
Q1-2023,4,0.0
Q1-2023,5,0.012004
Q1-2023,6,0.002334
Q1-2023,7,0.0
Q1-2023,8,0.002001
Q1-2023,9,0.005002
Q1-2023,10,0.002001
Q1-2023,11,0.002001
Q1-2023,12,0.001
Q1-2023,13,0.002335
Q1-2023,14,0.003002
Q1-2023,15,0.002001
Q1-2023,16,0.002001
Q1-2023,17,0.002001
Q1-2023,18,0.002336
Q1-2023,19,0.997327
Q1-2023,20,0.002336
Q1-2023,21,0.002003
Q1-2023,22,0.002336
Q1-2023,23,0.002003
Q1-2023,24,0.998664
Q1-2023,25,1.0
Q1-2023,26,0.999666
Q1-2023,27,0.999666
Q1-2023,28,0.999666
Q1-2023,29,0.99733
Q1-2023,30,0.999332
Q1-2023,31,0.999332
Q1-2023,32,0.999332
Q1-2023,33,0.999332
Q1-2023,34,0.999332
Q1-2023,35,0.999666
Q1-2023,36,0.999666
Q1-2023,37,0.999666
Q1-2023,38,0.999666
Q1-2023,39,0.999666
Q1-2023,40,0.999666
Q1-2023,41,0.999666
Q1-2023,42,0.999666
Q1-2023,43,0.999666
Q1-2023,44,0.999666
Q1-2023,45,0.999666
Q1-2023,46,0.997661
Q1-2023,47,0.999666
Q1-2023,48,0.999666
Q1-2023,49,0.998663
Q1-2023,50,0.999666
Q1-2023,51,0.999666
Q1-2023,52,0.999666
Q1-2023,53,0.999666
Q1-2023,54,0.999666
Q1-2023,55,0.0
Q1-2023,56,0.999666
Q1-2023,57,0.999666
Q1-2023,58,0.999666
Q1-2023,59,0.999666
Q1-2023,60,0.999666
Q1-2023,61,0.999666
Q1-2023,62,0.999666
Q1-2023,63,0.999666
Q1-2023,64,0.999666
Q1-2023,65,0.999666
Q1-2023,66,0.34893
Q1-2023,67,0.999666
Q1-2023,68,0.999666
Q1-2023,69,0.999666
Q1-2023,70,0.999666
Q1-2023,71,0.999666
Q1-2023,72,0.349599
Q1-2023,73,0.34893
Q1-2023,74,0.999666
Q1-2023,75,0.998663
Q1-2023,76,0.999666
Q1-2023,77,0.999666
Q1-2023,78,0.999666
Q1-2023,79,0.999666
Q1-2023,80,0.999666
Q1-2023,81,0.998997
Q1-2023,82,0.348596
Q1-2023,83,0.999666
Q1-2023,84,0.999666
Q1-2023,85,0.999666
Q1-2023,86,0.998997
Q1-2023,87,0.999666
Q1-2023,88,0.999666
Q1-2023,89,0.999666
Q1-2023,90,0.999666
Q1-2023,91,0.999666
Q1-2023,92,0.999666
Q1-2023,93,0.999666
Q1-2023,94,0.998329
Q1-2023,95,0.999666
Q1-2023,96,0.999666
Q1-2023,97,0.999666
Q1-2023,98,0.999666
Q1-2023,99,0.999666
Q1-2023,100,0.653191
Q1-2023,101,0.998329
Q1-2023,102,0.999666
Q1-2023,103,0.998328
Q1-2023,104,0.999666
Q1-2023,105,0.999666
Q1-2023,106,0.999666
Q1-2023,107,0.999666
Q1-2023,108,0.998998
Q1-2023,109,0.653307
Q1-2023,110,0.999666
Q1-2023,111,0.999666
Q1-2023,112,0.998325
Q1-2023,113,0.999665
Q1-2023,114,0.999665
Q1-2023,115,0.999665
Q1-2023,116,0.999665
Q1-2023,117,0.999665
Q1-2023,118,0.999665
Q1-2023,119,0.999665
Q1-2023,120,0.99866
Q1-2023,121,0.998326
Q1-2023,122,0.349297
Q1-2023,123,0.999665
Q1-2023,124,0.999665
Q1-2023,125,0.999665
Q1-2023,126,0.998326
Q1-2023,127,0.349297
Q1-2023,128,0.999665
Q1-2023,129,0.999665
Q1-2023,130,0.999665
Q1-2023,131,0.652378
Q1-2023,132,0.999665
Q1-2023,133,0.999665
Q1-2023,134,0.999665
Q1-2023,135,0.652713
Q1-2023,136,0.999665
Q1-2023,137,0.999665
Q1-2023,138,0.998324
Q1-2023,139,0.999665
Q1-2023,140,0.999665
Q1-2023,141,0.998994
Q1-2023,142,1.0
Q1-2023,143,0.999665
Q1-2023,144,0.999665
Q1-2023,145,1.0
Q1-2023,146,1.0
Q1-2023,147,0.906899
Q1-2023,148,0.999665
Q1-2023,149,1.0
Q1-2023,150,1.0
Q1-2023,151,0.454454
Q1-2023,152,1.0
Q1-2023,153,1.0
Q1-2023,154,1.0
Q1-2023,155,0.898526
Q1-2023,156,0.999665
Q1-2023,157,1.0
Q1-2023,158,1.0
Q1-2023,159,1.0
Q1-2023,160,0.998995
Q1-2023,161,1.0
Q1-2023,162,0.998995
Q1-2023,163,1.0
Q1-2023,164,1.0
Q1-2023,165,1.0
Q1-2023,166,1.0
Q1-2023,167,1.0
Q1-2023,168,0.99933
Q1-2023,169,1.0
Q1-2023,170,1.0
Q1-2023,171,1.0
Q1-2023,172,1.0
Q1-2023,173,0.999665
Q1-2023,174,1.0
Q1-2023,175,1.0
Q1-2023,176,0.906229
Q1-2023,177,1.0
Q1-2023,178,0.999665
Q1-2023,179,0.998995
Q1-2023,180,0.99933
Q1-2023,181,0.906868
Q1-2023,182,0.741644
Q1-2023,183,1.0
Q1-2023,184,1.0
Q1-2023,185,0.904412
Q1-2023,186,0.899064
Q1-2023,187,0.999666
Q1-2023,188,0.999666
Q1-2023,189,1.0
Q1-2023,190,1.0
Q1-2023,191,1.0
Q1-2023,192,1.0
Q1-2023,193,0.999332
Q1-2023,194,0.999332
Q1-2023,195,0.999332
Q1-2023,196,1.0
Q1-2023,197,0.899064
Q1-2023,198,1.0
Q1-2023,199,1.0
Q1-2023,200,0.456732
Q1-2023,201,1.0
Q1-2023,202,0.456732
Q1-2023,203,0.999332
Q1-2023,204,1.0
Q1-2023,205,1.0
Q1-2023,206,1.0
Q1-2023,207,1.0
Q1-2023,208,1.0
Q1-2023,209,0.999666
Q1-2023,210,1.0
Q1-2023,211,0.999666
Q1-2023,212,0.458403
Q1-2023,213,1.0
Q1-2023,214,0.999666
Q1-2023,215,0.999332
Q1-2023,216,0.996993
Q1-2023,217,0.998997
Q1-2023,218,0.999666
Q1-2023,219,0.999332
Q1-2023,220,0.999666
Q1-2023,221,0.999666
Q1-2023,222,0.999666
Q1-2023,223,0.8063
Q1-2023,224,0.99966
Q1-2023,225,0.71629
Q1-2023,226,0.889973
Q1-2023,227,0.99961
Q1-2023,228,0.99961
Q1-2023,229,0.99922
Q1-2023,230,0.99961
Q1-2023,231,0.510133
Q1-2023,232,0.99961
Q1-2023,233,0.999611
Q1-2023,234,0.999611
Q1-2023,235,0.999221
Q1-2023,236,0.510514
Q1-2023,237,0.999611
Q1-2023,238,0.999221
Q1-2023,239,0.99961
Q1-2023,240,0.998442
Q1-2023,241,0.889798
Q1-2023,242,0.998054
Q1-2023,243,0.999611
Q1-2023,244,0.720794
Q1-2023,245,0.999611
Q1-2023,246,0.99961
Q1-2023,247,0.997272
Q1-2023,248,0.99961
Q1-2023,249,0.99961
Q1-2023,250,0.999611
Q1-2023,251,0.999611
Q1-2023,252,0.720903
Q1-2023,253,0.999611
Q1-2023,254,0.908879
Q1-2023,255,0.99961
Q1-2023,256,0.999611
Q1-2023,257,0.512271
Q1-2023,258,0.999611
Q1-2023,259,0.99961
Q1-2023,260,0.398364
Q1-2023,261,0.998053
Q1-2023,262,0.995325
Q1-2023,263,0.99961
Q1-2023,264,0.99961
Q1-2023,265,0.511302
Q1-2023,266,0.890101
Q1-2023,267,0.99961
Q1-2023,268,0.99961
Q1-2023,269,0.998441
Q1-2023,270,0.883385
Q1-2023,271,0.99961
Q1-2023,272,0.99961
Q1-2023,273,0.99961
Q1-2023,274,0.998441
Q1-2023,275,0.99961
Q1-2023,276,0.99961
Q1-2023,277,0.99961
Q1-2023,278,0.99961
Q1-2023,279,0.99961
Q1-2023,280,0.995316
Q1-2023,281,0.99961
Q1-2023,282,0.99961
Q1-2023,283,0.999219
Q1-2023,284,0.995325
Q1-2023,285,0.999617
Q1-2023,286,0.99933
Q1-2023,287,0.903042
Q1-2023,288,0.457706
Q1-2023,289,0.999666
Q1-2023,290,0.456856
Q1-2023,291,0.998662
Q1-2023,292,0.999666
Q1-2023,293,0.903377
Q1-2023,294,0.999666
Q1-2023,295,0.999666
Q1-2023,296,0.998328
Q1-2023,297,0.998997
Q1-2023,298,0.999666
Q1-2023,299,0.903647
Q1-2023,300,0.454027
Q1-2023,301,0.999664
Q1-2023,302,0.747315
Q1-2023,303,0.999665
Q1-2023,304,0.899095
Q1-2023,305,0.999665
Q1-2023,306,0.999665
Q1-2023,307,0.998995
Q1-2023,308,0.999665
Q1-2023,309,0.999665
Q1-2023,310,0.999665
Q1-2023,311,0.999665
Q1-2023,312,0.999665
Q1-2023,313,0.999665
Q1-2023,314,0.998662
Q1-2023,315,0.998996
Q1-2023,316,0.999665
Q1-2023,317,0.999665
Q1-2023,318,0.999665
Q1-2023,319,0.99933
Q1-2023,320,0.998326
Q1-2023,321,0.999665
Q1-2023,322,0.998996
Q1-2023,323,0.998661
Q1-2023,324,0.999665
Q1-2023,325,0.998996
Q1-2023,326,0.898096
Q1-2023,327,0.998329
Q1-2023,328,0.99833
Q1-2023,329,0.997993
Q1-2023,330,0.99699
Q1-2023,331,0.902708
Q1-2023,332,0.998328
Q1-2023,333,0.997992
Q1-2023,334,0.998326
Q1-2023,335,0.998326
Q1-2023,336,0.998326
Q1-2023,337,0.998327
Q1-2023,338,0.454972
Q1-2023,339,1.0
Q1-2023,340,0.998326
Q1-2023,341,0.998327
Q1-2023,342,0.745315
Q1-2023,343,0.998327
Q1-2023,344,0.456674
Q1-2023,345,0.998327
Q1-2023,346,1.0
Q1-2023,347,0.998326
Q1-2023,348,0.455641
Q1-2023,349,0.997322
Q1-2023,350,0.998326
Q1-2023,351,0.998327
Q1-2023,352,0.998327
Q1-2023,353,0.998325
Q1-2023,354,0.898089
Q1-2023,355,0.994636
Q1-2023,356,0.998659
Q1-2023,357,0.998324
Q1-2023,358,0.997653
Q1-2023,359,0.996983
Q1-2023,360,0.997317
Q1-2023,361,0.998323
Q1-2023,362,0.7474
Q1-2023,363,0.997987
Q1-2023,364,0.998322
Q1-2023,365,0.45366
Q1-2023,366,0.998321
Q1-2023,367,0.998321
Q1-2023,368,0.99866
Q1-2023,369,0.998325
Q1-2023,370,0.998324
Q1-2023,371,1.0
Q1-2023,372,0.455429
Q1-2023,373,0.998994
Q1-2023,374,0.902447
Q1-2023,375,0.99933
Q1-2023,376,1.0
Q1-2023,377,0.998323
Q1-2023,378,0.997652
Q1-2023,379,0.998322
Q1-2023,380,0.998323
Q1-2023,381,0.998322
Q1-2023,382,0.997987
Q1-2023,383,0.998322
Q1-2023,384,0.998322
Q1-2023,385,0.997651
Q1-2023,386,0.998322
Q1-2023,387,0.902316
Q1-2023,388,0.89859
Q1-2023,389,0.998319
Q1-2023,390,0.998317
Q1-2023,391,0.998314
Q1-2023,392,0.997636
Q1-2023,393,0.99831
Q1-2023,394,0.998309
Q1-2023,395,0.899763
Q1-2023,396,0.998306
Q1-2023,397,0.998305
Q1-2023,398,0.9983
Q1-2023,399,0.998305
Q1-2023,400,0.998323
Q1-2023,401,0.897625
Q1-2023,402,0.997662
Q1-2023,403,0.998329
Q1-2023,404,0.998328
Q1-2023,405,1.0
Q1-2023,406,0.998328
Q1-2023,407,0.998328
Q1-2023,408,1.0
Q1-2023,409,0.744567
Q1-2023,410,0.99766
Q1-2023,411,0.99766
Q1-2023,412,0.998329
Q1-2023,413,0.902773
Q1-2023,414,0.998329
Q1-2023,415,0.99833
Q1-2023,416,0.99833
Q1-2023,417,0.998664
Q1-2023,418,0.998331
Q1-2023,419,0.998331
Q1-2023,420,0.996326
Q1-2023,421,0.994656
Q1-2023,422,0.998331
Q1-2023,423,0.998331
Q1-2023,424,0.998331
Q1-2023,425,0.998331
Q1-2023,426,0.998331
Q1-2023,427,0.998331
Q1-2023,428,0.998331
Q1-2023,429,0.998331
Q1-2023,430,0.998331
Q1-2023,431,0.998331
Q1-2023,432,0.998331
Q1-2023,433,0.998331
Q1-2023,434,0.998331
Q1-2023,435,0.997997
Q1-2023,436,0.998331
Q1-2023,437,0.994324
Q1-2023,438,0.74424
Q1-2023,439,0.996995
Q1-2023,440,0.998331
Q1-2023,441,0.997995
Q1-2023,442,0.998329
Q1-2023,443,0.917195
Q1-2023,444,0.998998
Q1-2023,445,0.998665
Q1-2023,446,0.998999
Q1-2023,447,0.998331
Q1-2023,448,0.99466
Q1-2023,449,0.453088
Q1-2023,450,0.998331
Q1-2023,451,0.99466
Q1-2023,452,0.903872
Q1-2023,453,0.997997
Q1-2023,454,0.90287
Q1-2023,455,0.89783
Q1-2023,456,0.997664
Q1-2023,457,0.998331
Q1-2023,458,0.453271
Q1-2023,459,0.996996
Q1-2023,460,1.0
Q1-2023,461,0.998331
Q1-2023,462,0.998331
Q1-2023,463,0.998331
Q1-2023,464,0.998331
Q1-2023,465,0.897864
Q1-2023,466,0.998331
Q1-2023,467,0.998331
Q1-2023,468,0.456943
Q1-2023,469,0.998331
Q1-2023,470,0.998331
Q1-2023,471,0.998331
Q1-2023,472,0.998331
Q1-2023,473,0.998332
Q1-2023,474,0.998332
Q1-2023,475,0.998332
Q1-2023,476,0.897898
Q1-2023,477,0.999666
Q1-2023,478,1.0
Q1-2023,479,0.997998
Q1-2023,480,0.997664
Q1-2023,481,0.897898
Q1-2023,482,0.902903
Q1-2023,483,0.984307
Q1-2023,484,1.0
Q1-2023,485,0.998331
Q1-2023,486,0.999333
Q1-2023,487,0.998331
Q1-2023,488,0.998332
Q1-2023,489,0.897898
Q1-2023,490,0.997664
Q1-2023,491,0.997664
Q1-2023,492,0.998332
Q1-2023,493,0.997998
Q1-2023,494,0.998665
Q1-2023,495,0.897564
Q1-2023,496,0.897231
Q1-2023,497,0.998332
Q1-2023,498,0.999333
Q1-2023,499,0.997664
Q1-2023,500,0.998332
Q1-2023,501,1.0
Q1-2023,502,0.99466
Q1-2023,503,0.99633
Q1-2023,504,0.998332
Q1-2023,505,0.904571
Q1-2023,506,0.998332
Q1-2023,507,0.998332
Q1-2023,508,0.998332
Q1-2023,509,0.998332
Q1-2023,510,0.994661
Q1-2023,511,0.997998
Q1-2023,512,0.998332
Q1-2023,513,0.20287
Q1-2023,514,0.998332
Q1-2023,515,0.998332
Q1-2023,516,0.998332
Q1-2023,517,0.998332
Q1-2023,518,0.998332
Q1-2023,519,0.998333
Q1-2023,520,0.994663
Q1-2023,521,0.897966
Q1-2023,522,0.998333
Q1-2023,523,0.997666
Q1-2023,524,0.997332
Q1-2023,525,0.997999
Q1-2023,526,0.998333
Q1-2023,527,0.998333
Q1-2023,528,0.996999
Q1-2023,529,0.897299
Q1-2023,530,0.998333
Q1-2023,531,0.998333
Q1-2023,532,0.455152
Q1-2023,533,0.997999
Q1-2023,534,0.744248
Q1-2023,535,0.994665
Q1-2023,536,0.355785
Q1-2023,537,0.998333
Q1-2023,538,0.998333
Q1-2023,539,0.997999
Q1-2023,540,0.453151
Q1-2023,541,0.994665
Q1-2023,542,0.994663
Q1-2023,543,0.998333
Q1-2023,544,0.998333
Q1-2023,545,0.648883
Q1-2023,546,0.897966
Q1-2023,547,0.894298
Q1-2023,548,0.994665
Q1-2023,549,0.457152
Q1-2023,550,0.998333
Q1-2023,551,0.998332
Q1-2023,552,0.997666
Q1-2023,553,0.998333
Q1-2023,554,0.998333
Q1-2023,555,0.998333
Q1-2023,556,0.998333
Q1-2023,557,0.998333
Q1-2023,558,0.998333
Q1-2023,559,0.802934
Q1-2023,560,0.998333
Q1-2023,561,0.998333
Q1-2023,562,0.902968
Q1-2023,563,0.998333
Q1-2023,564,0.998333
Q1-2023,565,0.998333
Q1-2023,566,0.998333
Q1-2023,567,0.997332
Q1-2023,568,0.801601
Q1-2023,569,0.993665
Q1-2023,570,0.744248
Q1-2023,571,0.901634
Q1-2023,572,0.998333
Q1-2023,573,0.997666
Q1-2023,574,0.456819
Q1-2023,575,0.998333
Q1-2023,576,0.998333
Q1-2023,577,0.998333
Q1-2023,578,0.996997
Q1-2023,579,0.997332
Q1-2023,580,0.998333
Q1-2023,581,0.996999
Q1-2023,582,0.902968
Q1-2023,583,0.998333
Q1-2023,584,0.902968
Q1-2023,585,0.998333
Q1-2023,586,0.998333
Q1-2023,587,0.998333
Q1-2023,588,0.998333
Q1-2023,589,0.998333
Q1-2023,590,0.998333
Q1-2023,591,0.744248
Q1-2023,592,0.998333
Q1-2023,593,0.997665
Q1-2023,594,0.996998
Q1-2023,595,0.99433
Q1-2023,596,0.998332
Q1-2023,597,0.997999
Q1-2023,598,0.998332
Q1-2023,599,0.648766
Q1-2023,600,0.998332
Q1-2023,601,0.997999
Q1-2023,602,0.994663
Q1-2023,603,0.902602
Q1-2023,604,0.998332
Q1-2023,605,0.998332
Q1-2023,606,0.997332
Q1-2023,607,0.899266
Q1-2023,608,0.993329
Q1-2023,609,0.998332
Q1-2023,610,0.743162
Q1-2023,611,0.998332
Q1-2023,612,0.998332
Q1-2023,613,0.997999
Q1-2023,614,0.999666
Q1-2023,615,0.742829
Q1-2023,616,0.998332
Q1-2023,617,0.998332
Q1-2023,618,0.998332
Q1-2023,619,0.998332
Q1-2023,620,0.994665
Q1-2023,621,0.997332
Q1-2023,622,0.997666
Q1-2023,623,0.902968
Q1-2023,624,0.998333
Q1-2023,625,0.998333
Q1-2023,626,0.998333
Q1-2023,627,0.998333
Q1-2023,628,0.998333
Q1-2023,629,0.998333
Q1-2023,630,0.993998
Q1-2023,631,0.998333
Q1-2023,632,0.897633
Q1-2023,633,0.998333
Q1-2023,634,0.998333
Q1-2023,635,0.996999
Q1-2023,636,0.998333
Q1-2023,637,0.902968
Q1-2023,638,0.996999
Q1-2023,639,0.997999
Q1-2023,640,0.998333
Q1-2023,641,0.998333
Q1-2023,642,0.998333
Q1-2023,643,0.998333
Q1-2023,644,0.998333
Q1-2023,645,0.998333
Q1-2023,646,0.998333
Q1-2023,647,0.896966
Q1-2023,648,0.456819
Q1-2023,649,0.997999
Q1-2023,650,0.998333
Q1-2023,651,0.997999
Q1-2023,652,0.998333
Q1-2023,653,0.998333
Q1-2023,654,0.996999
Q1-2023,655,1.0
Q1-2023,656,0.998333
Q1-2023,657,0.998333
Q1-2023,658,0.998333
Q1-2023,659,0.998333
Q1-2023,660,0.998333
Q1-2023,661,0.998333
Q1-2023,662,0.998333
Q1-2023,663,0.998333
Q1-2023,664,0.893262
Q1-2023,665,0.998333
Q1-2023,666,0.456638
Q1-2023,667,0.994665
Q1-2023,668,0.456971
Q1-2023,669,0.997332
Q1-2023,670,0.998333
Q1-2023,671,0.998333
Q1-2023,672,0.998333
Q1-2023,673,0.996664
Q1-2023,674,0.998332
Q1-2023,675,0.994663
Q1-2023,676,0.994663
Q1-2023,677,0.997998
Q1-2023,678,0.998331
Q1-2023,679,1.0
Q1-2023,680,0.896575
Q1-2023,681,1.0
Q1-2023,682,0.902955
Q1-2023,683,0.995966
Q1-2023,684,0.455798
Q1-2023,685,0.999664
Q1-2023,686,0.654802
Q1-2023,687,0.999664
Q1-2023,688,0.897617
Q1-2023,689,0.995972
Q1-2023,690,0.999664
Q1-2023,691,0.997986
Q1-2023,692,0.999664
Q1-2023,693,0.999664
Q1-2023,694,0.998322
Q1-2023,695,0.999664
Q1-2023,696,0.999664
Q1-2023,697,0.999664
Q1-2023,698,0.898322
Q1-2023,699,0.999329
Q1-2023,700,0.999664
Q1-2023,701,0.74698
Q1-2023,702,0.999664
Q1-2023,703,0.896644
Q1-2023,704,0.455369
Q1-2023,705,0.999664
Q1-2023,706,0.998322
Q1-2023,707,0.999664
Q1-2023,708,0.904027
Q1-2023,709,0.998993
Q1-2023,710,0.998323
Q1-2023,711,0.998658
Q1-2023,712,0.995304
Q1-2023,713,0.999665
Q1-2023,714,0.898356
Q1-2023,715,0.999329
Q1-2023,716,0.902382
Q1-2023,717,0.999664
Q1-2023,718,0.999664
Q1-2023,719,0.203356
Q1-2023,720,0.898322
Q1-2023,721,0.999664
Q1-2023,722,0.996644
Q1-2023,723,0.999664
Q1-2023,724,0.997987
Q1-2023,725,0.999665
Q1-2023,726,0.999665
Q1-2023,727,0.999665
Q1-2023,728,0.999665
Q1-2023,729,0.998323
Q1-2023,730,0.746729
Q1-2023,731,0.999665
Q1-2023,732,0.994633
Q1-2023,733,0.999664
Q1-2023,734,0.746895
Q1-2023,735,0.999664
Q1-2023,736,0.999664
Q1-2023,737,0.998993
Q1-2023,738,0.747733
Q1-2023,739,0.998991
Q1-2023,740,0.999664
Q1-2023,741,0.999664
Q1-2023,742,0.998656
Q1-2023,743,0.897849
Q1-2023,744,0.999328
Q1-2023,745,0.999664
Q1-2023,746,0.455645
Q1-2023,747,0.999664
Q1-2023,748,0.999664
Q1-2023,749,0.999664
Q1-2023,750,0.998992
Q1-2023,751,0.999664
Q1-2023,752,0.995966
Q1-2023,753,0.998992
Q1-2023,754,0.999328
Q1-2023,755,0.998319
Q1-2023,756,0.999664
Q1-2023,757,0.999664
Q1-2023,758,0.999664
Q1-2023,759,0.999664
Q1-2023,760,0.999327
Q1-2023,761,0.998318
Q1-2023,762,0.999664
Q1-2023,763,0.456105
Q1-2023,764,0.999664
Q1-2023,765,0.999664
Q1-2023,766,0.748485
Q1-2023,767,0.999663
Q1-2023,768,0.998656
Q1-2023,769,0.999665
Q1-2023,770,0.999665
Q1-2023,771,0.999665
Q1-2023,772,0.999329
Q1-2023,773,0.998323
Q1-2023,774,0.746814
Q1-2023,775,0.999665
Q1-2023,776,0.998658
Q1-2023,777,0.999665
Q1-2023,778,0.99933
Q1-2023,779,0.746144
Q1-2023,780,0.999664
Q1-2023,781,0.455645
Q1-2023,782,0.999664
Q1-2023,783,0.999664
Q1-2023,784,0.904234
Q1-2023,785,0.999664
Q1-2023,786,0.455645
Q1-2023,787,0.999664
Q1-2023,788,0.897815
Q1-2023,789,0.99832
Q1-2023,790,0.74832
Q1-2023,791,0.999664
Q1-2023,792,0.999664
Q1-2023,793,0.999664
Q1-2023,794,0.999664
Q1-2023,795,0.999664
Q1-2023,796,1.0
Q1-2023,797,0.652218
Q1-2023,798,0.999664
Q1-2023,799,0.999664
Q1-2023,800,0.995972
Q1-2023,801,0.999664
Q1-2023,802,0.999664
Q1-2023,803,0.996306
Q1-2023,804,0.999664
Q1-2023,805,0.999329
Q1-2023,806,0.999664
Q1-2023,807,0.743289
Q1-2023,808,0.999664
Q1-2023,809,0.90433
Q1-2023,810,0.803961
Q1-2023,811,0.90433
Q1-2023,812,0.999664
Q1-2023,813,0.90433
Q1-2023,814,0.999664
Q1-2023,815,0.999664
Q1-2023,816,0.999664
Q1-2023,817,0.898288
Q1-2023,818,0.999664
Q1-2023,819,0.999664
Q1-2023,820,0.998657
Q1-2023,821,0.998321
Q1-2023,822,0.898288
Q1-2023,823,0.998657
Q1-2023,824,0.999664
Q1-2023,825,0.998658
Q1-2023,826,0.999665
Q1-2023,827,0.999665
Q1-2023,828,0.999329
Q1-2023,829,0.995975
Q1-2023,830,0.999329
Q1-2023,831,0.999664
Q1-2023,832,0.897315
Q1-2023,833,0.999664
Q1-2023,834,0.998658
Q1-2023,835,0.999664
Q1-2023,836,0.999664
Q1-2023,837,0.999665
Q1-2023,838,0.456223
Q1-2023,839,0.456223
Q1-2023,840,0.999665
Q1-2023,841,0.998994
Q1-2023,842,0.999665
Q1-2023,843,0.746729
Q1-2023,844,0.898692
Q1-2023,845,0.998322
Q1-2023,846,0.898692
Q1-2023,847,0.999665
Q1-2023,848,0.999665
Q1-2023,849,0.999665
Q1-2023,850,0.999664
Q1-2023,851,0.999664
Q1-2023,852,0.999664
Q1-2023,853,0.999664
Q1-2023,854,0.999664
Q1-2023,855,0.999664
Q1-2023,856,0.999665
Q1-2023,857,0.999665
Q1-2023,858,0.80208
Q1-2023,859,0.998323
Q1-2023,860,0.999664
Q1-2023,861,0.361074
Q1-2023,862,0.999664
Q1-2023,863,0.999664
Q1-2023,864,0.999329
Q1-2023,865,0.999329
Q1-2023,866,0.998994
Q1-2023,867,0.999665
Q1-2023,868,0.999664
Q1-2023,869,0.999664
Q1-2023,870,0.999664
Q1-2023,871,0.746224
Q1-2023,872,0.999664
Q1-2023,873,0.999664
Q1-2023,874,0.997989
Q1-2023,875,0.999665
Q1-2023,876,0.904523
Q1-2023,877,0.999665
Q1-2023,878,0.999665
Q1-2023,879,0.99933
Q1-2023,880,0.746064
Q1-2023,881,0.894807
Q1-2023,882,0.999665
Q1-2023,883,0.456951
Q1-2023,884,0.999665
Q1-2023,885,0.355779
Q1-2023,886,0.999665
Q1-2023,887,0.999665
Q1-2023,888,0.99866
Q1-2023,889,0.99598
Q1-2023,890,0.900503
Q1-2023,891,0.999665
Q1-2023,892,0.998325
Q1-2023,893,0.897487
Q1-2023,894,0.999665
Q1-2023,895,0.898492
Q1-2023,896,0.99933
Q1-2023,897,0.999665
Q1-2023,898,0.998995
Q1-2023,899,0.456951
Q1-2023,900,0.99598
Q1-2023,901,0.999665
Q1-2023,902,0.999665
Q1-2023,903,0.999665
Q1-2023,904,0.99933
Q1-2023,905,0.999665
Q1-2023,906,0.999665
Q1-2023,907,0.998325
Q1-2023,908,0.99598
Q1-2023,909,0.999665
Q1-2023,910,0.999665
Q1-2023,911,0.456951
Q1-2023,912,0.999665
Q1-2023,913,0.99799
Q1-2023,914,0.746064
Q1-2023,915,0.999665
Q1-2023,916,0.898492
Q1-2023,917,0.999665
Q1-2023,918,0.999665
Q1-2023,919,0.898492
Q1-2023,920,0.898492
Q1-2023,921,0.999665
Q1-2023,922,0.999665
Q1-2023,923,0.998995
Q1-2023,924,0.898492
Q1-2023,925,0.904523
Q1-2023,926,0.999665
Q1-2023,927,0.999665
Q1-2023,928,0.999665
Q1-2023,929,0.997989
Q1-2023,930,0.999665
Q1-2023,931,0.904491
Q1-2023,932,0.999665
Q1-2023,933,0.999665
Q1-2023,934,0.999665
Q1-2023,935,0.999665
Q1-2023,936,0.999665
Q1-2023,937,0.799799
Q1-2023,938,0.997322
Q1-2023,939,0.456645
Q1-2023,940,0.904587
Q1-2023,941,0.999665
Q1-2023,942,0.995983
Q1-2023,943,0.999665
Q1-2023,944,0.999665
Q1-2023,945,0.904587
Q1-2023,946,0.999665
Q1-2023,947,0.999665
Q1-2023,948,0.999665
Q1-2023,949,0.998996
Q1-2023,950,0.999665
Q1-2023,951,0.999665
Q1-2023,952,0.999665
Q1-2023,953,0.994643
Q1-2023,954,0.904921
Q1-2023,955,0.746234
Q1-2023,956,0.995983
Q1-2023,957,0.998996
Q1-2023,958,0.999665
Q1-2023,959,0.903247
Q1-2023,960,0.999665
Q1-2023,961,0.999665
Q1-2023,962,0.456645
Q1-2023,963,0.99933
Q1-2023,964,0.746234
Q1-2023,965,0.999665
Q1-2023,966,0.999665
Q1-2023,967,0.997324
Q1-2023,968,0.896956
Q1-2023,969,1.0
Q1-2023,970,0.999331
Q1-2023,971,0.999331
Q1-2023,972,0.999331
Q1-2023,973,0.997993
Q1-2023,974,0.998662
Q1-2023,975,0.997993
Q1-2023,976,0.999331
Q1-2023,977,0.455184
Q1-2023,978,0.999331
Q1-2023,979,0.898328
Q1-2023,980,0.998997
Q1-2023,981,0.904013
Q1-2023,982,0.999331
Q1-2023,983,0.999331
Q1-2023,984,0.999331
Q1-2023,985,0.999331
Q1-2023,986,0.999331
Q1-2023,987,0.456522
Q1-2023,988,0.995652
Q1-2023,989,0.999331
Q1-2023,990,0.999331
Q1-2023,991,0.99933
Q1-2023,992,0.997991
Q1-2023,993,0.45698
Q1-2023,994,0.99933
Q1-2023,995,0.745564
Q1-2023,996,0.744895
Q1-2023,997,0.99933
Q1-2023,998,0.998661
Q1-2023,999,0.99933
Q1-2023,1000,0.99933
Q1-2023,1001,0.903885
Q1-2023,1002,0.903247
Q1-2023,1003,0.99933
Q1-2023,1004,0.998661
Q1-2023,1005,0.644459
Q1-2023,1006,0.903917
Q1-2023,1007,0.99933
Q1-2023,1008,0.99933
Q1-2023,1009,0.999331
Q1-2023,1010,0.999331
Q1-2023,1011,0.99933
Q1-2023,1012,0.99933
Q1-2023,1013,0.745564
Q1-2023,1014,0.745479
Q1-2023,1015,0.743221
Q1-2023,1016,0.355541
Q1-2023,1017,0.99933
Q1-2023,1018,0.99933
Q1-2023,1019,0.99933
Q1-2023,1020,0.640991
Q1-2023,1021,0.99933
Q1-2023,1022,0.361688
Q1-2023,1023,0.99933
Q1-2023,1024,0.998326
Q1-2023,1025,0.99933
Q1-2023,1026,0.99933
Q1-2023,1027,0.99933
Q1-2023,1028,0.998327
Q1-2023,1029,0.999331
Q1-2023,1030,0.997994
Q1-2023,1031,0.999331
Q1-2023,1032,0.999331
Q1-2023,1033,0.996994
Q1-2023,1034,0.99833
Q1-2023,1035,0.99833
Q1-2023,1036,0.99833
Q1-2023,1037,0.998664
Q1-2023,1038,0.996994
Q1-2023,1039,0.99833
Q1-2023,1040,0.99833
Q1-2023,1041,0.99833
Q1-2023,1042,0.997328
Q1-2023,1043,0.99833
Q1-2023,1044,0.994656
Q1-2023,1045,0.99833
Q1-2023,1046,0.997996
Q1-2023,1047,0.99833
Q1-2023,1048,0.997328
Q1-2023,1049,0.99833
Q1-2023,1050,0.99833
Q1-2023,1051,0.457248
Q1-2023,1052,0.997327
Q1-2023,1053,0.457248
Q1-2023,1054,0.99833
Q1-2023,1055,0.99833
Q1-2023,1056,0.99833
Q1-2023,1057,0.99833
Q1-2023,1058,0.897128
Q1-2023,1059,0.99833
Q1-2023,1060,0.74424
Q1-2023,1061,0.45576
Q1-2023,1062,0.997997
Q1-2023,1063,0.998331
Q1-2023,1064,0.998331
Q1-2023,1065,0.90287
Q1-2023,1066,0.99733
Q1-2023,1067,0.998333
Q1-2023,1068,0.998333
Q1-2023,1069,0.997332
Q1-2023,1070,0.996666
Q1-2023,1071,0.998333
Q1-2023,1072,0.998333
Q1-2023,1073,0.997999
Q1-2023,1074,0.998333
Q1-2023,1075,0.998333
Q1-2023,1076,0.998332
Q1-2023,1077,0.998333
Q1-2023,1078,0.994665
Q1-2023,1079,0.998332
Q1-2023,1080,0.996997
Q1-2023,1081,0.998329
Q1-2023,1082,0.998329
Q1-2023,1083,0.744987
Q1-2023,1084,0.998329
Q1-2023,1085,0.99766
Q1-2023,1086,0.998329
Q1-2023,1087,0.998329
Q1-2023,1088,0.997995
Q1-2023,1089,0.897393
Q1-2023,1090,0.998329
Q1-2023,1091,0.998329
Q1-2023,1092,0.998329
Q1-2023,1093,0.897393
Q1-2023,1094,0.99365
Q1-2023,1095,0.99766
Q1-2023,1096,0.99766
Q1-2023,1097,0.998329
Q1-2023,1098,0.997326
Q1-2023,1099,0.998328
Q1-2023,1100,0.744652
Q1-2023,1101,0.998329
Q1-2023,1102,0.998329
Q1-2023,1103,0.897393
Q1-2023,1104,0.998329
Q1-2023,1105,0.998329
Q1-2023,1106,0.996992
Q1-2023,1107,0.998329
Q1-2023,1108,0.998329
Q1-2023,1109,0.998329
Q1-2023,1110,0.998329
Q1-2023,1111,0.998329
Q1-2023,1112,0.998329
Q1-2023,1113,0.998329
Q1-2023,1114,0.998329
Q1-2023,1115,0.998329
Q1-2023,1116,0.457219
Q1-2023,1117,0.902741
Q1-2023,1118,0.998329
Q1-2023,1119,0.897393
Q1-2023,1120,0.998329
Q1-2023,1121,0.998329
Q1-2023,1122,0.896056
Q1-2023,1123,0.998329
Q1-2023,1124,0.996992
Q1-2023,1125,0.997325
Q1-2023,1126,0.998329
Q1-2023,1127,0.998329
Q1-2023,1128,0.744901
Q1-2023,1129,0.458222
Q1-2023,1130,0.994652
Q1-2023,1131,0.998329
Q1-2023,1132,0.997995
Q1-2023,1133,0.457219
Q1-2023,1134,0.998329
Q1-2023,1135,0.998329
Q1-2023,1136,0.998329
Q1-2023,1137,0.998329
Q1-2023,1138,0.998329
Q1-2023,1139,0.996992
Q1-2023,1140,0.902741
Q1-2023,1141,0.457219
Q1-2023,1142,0.998329
Q1-2023,1143,0.998329
Q1-2023,1144,0.896056
Q1-2023,1145,0.996992
Q1-2023,1146,0.996992
Q1-2023,1147,0.998329
Q1-2023,1148,0.99766
Q1-2023,1149,0.744233
Q1-2023,1150,0.998328
Q1-2023,1151,0.998328
Q1-2023,1152,0.998328
Q1-2023,1153,0.997325
Q1-2023,1154,0.902708
Q1-2023,1155,0.998328
Q1-2023,1156,0.998329
Q1-2023,1157,0.998328
Q1-2023,1158,0.998328
Q1-2023,1159,0.998328
Q1-2023,1160,0.998328
Q1-2023,1161,0.998328
Q1-2023,1162,0.998328
Q1-2023,1163,0.741224
Q1-2023,1164,0.997994
Q1-2023,1165,0.902708
Q1-2023,1166,0.998328
Q1-2023,1167,0.457401
Q1-2023,1168,0.99833
Q1-2023,1169,0.901967
Q1-2023,1170,0.745248
Q1-2023,1171,0.998333
Q1-2023,1172,0.996999
Q1-2023,1173,0.745248
Q1-2023,1174,0.998333
Q1-2023,1175,0.998333
Q1-2023,1176,0.997999
Q1-2023,1177,0.998333
Q1-2023,1178,0.998333
Q1-2023,1179,0.456819
Q1-2023,1180,0.998333
Q1-2023,1181,0.997332
Q1-2023,1182,0.896563
Q1-2023,1183,0.998331
Q1-2023,1184,0.998331
Q1-2023,1185,0.998331
Q1-2023,1186,0.996996
Q1-2023,1187,0.744326
Q1-2023,1188,0.996996
Q1-2023,1189,0.998331
Q1-2023,1190,0.998331
Q1-2023,1191,0.998331
Q1-2023,1192,0.99466
Q1-2023,1193,0.454424
Q1-2023,1194,0.998331
Q1-2023,1195,0.996995
Q1-2023,1196,0.998331
Q1-2023,1197,0.801336
Q1-2023,1198,0.998331
Q1-2023,1199,0.998331
Q1-2023,1200,0.902838
Q1-2023,1201,0.996995
Q1-2023,1202,0.745576
Q1-2023,1203,0.998331
Q1-2023,1204,0.998331
Q1-2023,1205,0.896828
Q1-2023,1206,0.902838
Q1-2023,1207,0.998331
Q1-2023,1208,0.998331
Q1-2023,1209,0.896828
Q1-2023,1210,0.896828
Q1-2023,1211,0.998331
Q1-2023,1212,0.741903
Q1-2023,1213,0.998331
Q1-2023,1214,0.902838
Q1-2023,1215,0.998331
Q1-2023,1216,0.745576
Q1-2023,1217,0.998331
Q1-2023,1218,0.896828
Q1-2023,1219,0.456761
Q1-2023,1220,0.998331
Q1-2023,1221,0.355259
Q1-2023,1222,0.456761
Q1-2023,1223,0.998331
Q1-2023,1224,0.997329
Q1-2023,1225,0.993322
Q1-2023,1226,0.99833
Q1-2023,1227,0.745825
Q1-2023,1228,0.994322
Q1-2023,1229,0.455912
Q1-2023,1230,0.99833
Q1-2023,1231,0.996994
Q1-2023,1232,0.99833
Q1-2023,1233,0.45658
Q1-2023,1234,0.997328
Q1-2023,1235,0.643287
Q1-2023,1236,0.202739
Q1-2023,1237,0.99833
Q1-2023,1238,0.99833
Q1-2023,1239,0.90147
Q1-2023,1240,0.8998
Q1-2023,1241,0.89145
Q1-2023,1242,0.995992
Q1-2023,1243,0.20147
Q1-2023,1244,0.99833
Q1-2023,1245,0.997328
Q1-2023,1246,0.745825
Q1-2023,1247,0.799933
Q1-2023,1248,0.640615
Q1-2023,1249,0.902806
Q1-2023,1250,0.361055
Q1-2023,1251,0.99833
Q1-2023,1252,0.99833
Q1-2023,1253,0.998331
Q1-2023,1254,0.998331
Q1-2023,1255,0.998331
Q1-2023,1256,0.998331
Q1-2023,1257,0.899499
Q1-2023,1258,0.456427
Q1-2023,1259,0.998331
Q1-2023,1260,0.998332
Q1-2023,1261,0.998332
Q1-2023,1262,0.998332
Q1-2023,1263,0.998332
Q1-2023,1264,0.456093
Q1-2023,1265,0.744908
Q1-2023,1266,0.902773
Q1-2023,1267,0.998327
Q1-2023,1268,0.998138
Q1-2023,1269,0.997404
Q1-2023,1270,0.983444
Q1-2023,1271,0.6875
Q1-2023,1272,0.0
Q1-2023,1273,0.0
Q2-2023,1,0.0
Q2-2023,2,0.000353
Q2-2023,3,0.000352
Q2-2023,4,0.0
Q2-2023,5,0.014804
Q2-2023,6,0.001409
Q2-2023,7,0.000705
Q2-2023,8,0.002114
Q2-2023,9,0.002467
Q2-2023,10,0.001409
Q2-2023,11,0.001762
Q2-2023,12,0.000352
Q2-2023,13,0.001736
Q2-2023,14,0.004859
Q2-2023,15,0.001388
Q2-2023,16,0.002082
Q2-2023,17,0.001387
Q2-2023,18,0.003469
Q2-2023,19,0.99757
Q2-2023,20,0.001736
Q2-2023,21,0.00278
Q2-2023,22,0.001737
Q2-2023,23,0.001737
Q2-2023,24,0.995481
Q2-2023,25,0.99861
Q2-2023,26,0.996177
Q2-2023,27,0.996524
Q2-2023,28,0.99583
Q2-2023,29,0.994443
Q2-2023,30,0.995832
Q2-2023,31,0.995832
Q2-2023,32,0.995478
Q2-2023,33,0.995478
Q2-2023,34,0.995475
Q2-2023,35,0.995475
Q2-2023,36,0.995822
Q2-2023,37,0.995817
Q2-2023,38,0.995817
Q2-2023,39,0.995817
Q2-2023,40,0.995469
Q2-2023,41,0.995817
Q2-2023,42,0.995812
Q2-2023,43,0.995812
Q2-2023,44,0.99581
Q2-2023,45,0.995812
Q2-2023,46,0.994415
Q2-2023,47,0.994075
Q2-2023,48,0.994075
Q2-2023,49,0.987452
Q2-2023,50,0.994077
Q2-2023,51,0.994077
Q2-2023,52,0.994423
Q2-2023,53,0.994077
Q2-2023,54,0.994077
Q2-2023,55,0.000348
Q2-2023,56,0.993728
Q2-2023,57,0.994077
Q2-2023,58,0.994077
Q2-2023,59,0.994077
Q2-2023,60,0.994077
Q2-2023,61,0.993726
Q2-2023,62,0.994077
Q2-2023,63,0.99373
Q2-2023,64,0.994427
Q2-2023,65,0.994079
Q2-2023,66,0.030303
Q2-2023,67,0.994425
Q2-2023,68,0.994079
Q2-2023,69,0.994427
Q2-2023,70,0.994427
Q2-2023,71,0.994427
Q2-2023,72,0.032045
Q2-2023,73,0.030651
Q2-2023,74,0.994079
Q2-2023,75,0.994427
Q2-2023,76,0.994427
Q2-2023,77,0.994427
Q2-2023,78,0.994338
Q2-2023,79,0.993984
Q2-2023,80,0.994338
Q2-2023,81,0.994338
Q2-2023,82,0.030786
Q2-2023,83,0.996815
Q2-2023,84,0.994338
Q2-2023,85,0.994338
Q2-2023,86,0.994338
Q2-2023,87,0.994338
Q2-2023,88,0.994338
Q2-2023,89,0.994338
Q2-2023,90,0.994338
Q2-2023,91,0.994338
Q2-2023,92,0.994344
Q2-2023,93,0.994444
Q2-2023,94,0.993056
Q2-2023,95,0.995139
Q2-2023,96,0.994444
Q2-2023,97,0.994444
Q2-2023,98,0.994444
Q2-2023,99,0.994444
Q2-2023,100,0.967361
Q2-2023,101,0.993056
Q2-2023,102,0.994444
Q2-2023,103,0.993053
Q2-2023,104,0.994444
Q2-2023,105,0.994792
Q2-2023,106,0.994444
Q2-2023,107,0.994444
Q2-2023,108,0.994444
Q2-2023,109,0.967087
Q2-2023,110,0.994396
Q2-2023,111,0.994396
Q2-2023,112,0.994014
Q2-2023,113,0.995072
Q2-2023,114,0.995076
Q2-2023,115,0.995072
Q2-2023,116,0.995065
Q2-2023,117,0.995065
Q2-2023,118,0.995069
Q2-2023,119,0.995067
Q2-2023,120,0.994362
Q2-2023,121,0.993658
Q2-2023,122,0.029598
Q2-2023,123,0.995772
Q2-2023,124,0.995065
Q2-2023,125,0.995065
Q2-2023,126,0.9937
Q2-2023,127,0.029401
Q2-2023,128,0.9951
Q2-2023,129,0.994752
Q2-2023,130,0.9944
Q2-2023,131,0.967437
Q2-2023,132,0.994746
Q2-2023,133,0.994398
Q2-2023,134,0.99475
Q2-2023,135,0.967798
Q2-2023,136,0.99475
Q2-2023,137,0.994085
Q2-2023,138,0.993389
Q2-2023,139,0.994781
Q2-2023,140,0.994073
Q2-2023,141,0.994062
Q2-2023,142,1.0
Q2-2023,143,0.994081
Q2-2023,144,0.994435
Q2-2023,145,0.998957
Q2-2023,146,0.998957
Q2-2023,147,0.959333
Q2-2023,148,0.994089
Q2-2023,149,0.998609
Q2-2023,150,0.998609
Q2-2023,151,0.079624
Q2-2023,152,0.999652
Q2-2023,153,0.998609
Q2-2023,154,0.998609
Q2-2023,155,0.988178
Q2-2023,156,0.999305
Q2-2023,157,0.999305
Q2-2023,158,0.999652
Q2-2023,159,0.999305
Q2-2023,160,0.999305
Q2-2023,161,0.996871
Q2-2023,162,0.999304
Q2-2023,163,0.999652
Q2-2023,164,0.997216
Q2-2023,165,0.999652
Q2-2023,166,0.999652
Q2-2023,167,0.999652
Q2-2023,168,0.997546
Q2-2023,169,0.998949
Q2-2023,170,0.99965
Q2-2023,171,0.999649
Q2-2023,172,0.999649
Q2-2023,173,0.999649
Q2-2023,174,0.999649
Q2-2023,175,0.998948
Q2-2023,176,0.957924
Q2-2023,177,0.99965
Q2-2023,178,0.99965
Q2-2023,179,0.999293
Q2-2023,180,0.993343
Q2-2023,181,0.960056
Q2-2023,182,0.970228
Q2-2023,183,1.0
Q2-2023,184,0.99965
Q2-2023,185,0.957781
Q2-2023,186,0.991277
Q2-2023,187,0.999651
Q2-2023,188,0.999651
Q2-2023,189,0.999651
Q2-2023,190,0.999651
Q2-2023,191,0.999651
Q2-2023,192,0.998605
Q2-2023,193,0.999302
Q2-2023,194,0.997558
Q2-2023,195,0.99721
Q2-2023,196,0.999305
Q2-2023,197,0.990957
Q2-2023,198,0.999652
Q2-2023,199,0.999652
Q2-2023,200,0.086201
Q2-2023,201,0.999652
Q2-2023,202,0.086201
Q2-2023,203,0.997566
Q2-2023,204,0.999652
Q2-2023,205,0.999305
Q2-2023,206,0.999652
Q2-2023,207,0.999653
Q2-2023,208,0.999653
Q2-2023,209,0.999653
Q2-2023,210,0.999653
Q2-2023,211,0.999653
Q2-2023,212,0.085823
Q2-2023,213,0.999652
Q2-2023,214,0.998957
Q2-2023,215,0.999305
Q2-2023,216,0.996524
Q2-2023,217,0.999305
Q2-2023,218,0.999652
Q2-2023,219,0.999305
Q2-2023,220,0.999652
Q2-2023,221,0.999652
Q2-2023,222,0.999652
Q2-2023,223,0.949896
Q2-2023,224,0.999651
Q2-2023,225,0.971418
Q2-2023,226,0.956489
Q2-2023,227,0.999237
Q2-2023,228,0.999618
Q2-2023,229,0.999237
Q2-2023,230,0.999618
Q2-2023,231,0.086707
Q2-2023,232,0.999617
Q2-2023,233,0.99847
Q2-2023,234,0.999618
Q2-2023,235,0.999618
Q2-2023,236,0.087538
Q2-2023,237,0.999618
Q2-2023,238,0.999618
Q2-2023,239,0.999618
Q2-2023,240,0.999239
Q2-2023,241,0.955843
Q2-2023,242,0.996195
Q2-2023,243,0.999619
Q2-2023,244,0.97032
Q2-2023,245,0.999239
Q2-2023,246,0.999239
Q2-2023,247,0.997336
Q2-2023,248,0.999239
Q2-2023,249,0.999239
Q2-2023,250,0.999239
Q2-2023,251,0.999239
Q2-2023,252,0.97032
Q2-2023,253,0.999239
Q2-2023,254,0.961568
Q2-2023,255,0.996957
Q2-2023,256,0.998859
Q2-2023,257,0.093916
Q2-2023,258,0.99924
Q2-2023,259,0.998479
Q2-2023,260,0.047529
Q2-2023,261,0.996959
Q2-2023,262,0.994681
Q2-2023,263,0.996962
Q2-2023,264,0.99924
Q2-2023,265,0.088526
Q2-2023,266,0.957447
Q2-2023,267,0.99924
Q2-2023,268,0.99924
Q2-2023,269,0.998859
Q2-2023,270,0.985926
Q2-2023,271,0.99924
Q2-2023,272,0.999239
Q2-2023,273,0.999239
Q2-2023,274,0.998858
Q2-2023,275,0.999239
Q2-2023,276,0.996955
Q2-2023,277,0.999239
Q2-2023,278,0.999239
Q2-2023,279,0.999238
Q2-2023,280,0.996954
Q2-2023,281,0.999238
Q2-2023,282,0.999238
Q2-2023,283,0.999238
Q2-2023,284,0.996573
Q2-2023,285,0.999241
Q2-2023,286,0.998955
Q2-2023,287,0.956567
Q2-2023,288,0.089298
Q2-2023,289,0.999306
Q2-2023,290,0.089931
Q2-2023,291,0.998958
Q2-2023,292,0.999306
Q2-2023,293,0.958333
Q2-2023,294,0.999306
Q2-2023,295,0.999306
Q2-2023,296,0.996875
Q2-2023,297,0.999306
Q2-2023,298,0.998958
Q2-2023,299,0.958666
Q2-2023,300,0.092741
Q2-2023,301,0.999304
Q2-2023,302,0.968685
Q2-2023,303,0.999304
Q2-2023,304,0.988862
Q2-2023,305,0.998956
Q2-2023,306,0.999304
Q2-2023,307,0.999304
Q2-2023,308,0.999304
Q2-2023,309,0.999304
Q2-2023,310,0.999304
Q2-2023,311,0.999304
Q2-2023,312,0.998956
Q2-2023,313,0.999304
Q2-2023,314,0.997215
Q2-2023,315,0.998955
Q2-2023,316,0.999304
Q2-2023,317,0.998956
Q2-2023,318,0.998955
Q2-2023,319,0.998607
Q2-2023,320,0.997214
Q2-2023,321,0.999303
Q2-2023,322,0.999303
Q2-2023,323,0.998955
Q2-2023,324,0.999304
Q2-2023,325,0.999305
Q2-2023,326,0.98817
Q2-2023,327,0.998262
Q2-2023,328,0.99861
Q2-2023,329,0.997914
Q2-2023,330,0.996524
Q2-2023,331,0.9569
Q2-2023,332,0.998609
Q2-2023,333,0.998609
Q2-2023,334,0.998609
Q2-2023,335,0.998609
Q2-2023,336,0.99861
Q2-2023,337,0.998608
Q2-2023,338,0.090466
Q2-2023,339,1.0
Q2-2023,340,0.998606
Q2-2023,341,0.998606
Q2-2023,342,0.968293
Q2-2023,343,0.998258
Q2-2023,344,0.092715
Q2-2023,345,0.996167
Q2-2023,346,0.999652
Q2-2023,347,0.998607
Q2-2023,348,0.09338
Q2-2023,349,0.998258
Q2-2023,350,0.998606
Q2-2023,351,0.9979
Q2-2023,352,0.998247
Q2-2023,353,0.998598
Q2-2023,354,0.988433
Q2-2023,355,0.996494
Q2-2023,356,0.998596
Q2-2023,357,0.998596
Q2-2023,358,0.998246
Q2-2023,359,0.996489
Q2-2023,360,0.998244
Q2-2023,361,0.998239
Q2-2023,362,0.967969
Q2-2023,363,0.998239
Q2-2023,364,0.99859
Q2-2023,365,0.091261
Q2-2023,366,0.99859
Q2-2023,367,0.99859
Q2-2023,368,1.0
Q2-2023,369,0.998238
Q2-2023,370,0.998239
Q2-2023,371,0.999648
Q2-2023,372,0.094466
Q2-2023,373,1.0
Q2-2023,374,0.953824
Q2-2023,375,1.0
Q2-2023,376,1.0
Q2-2023,377,0.998592
Q2-2023,378,0.998591
Q2-2023,379,0.998238
Q2-2023,380,0.998591
Q2-2023,381,0.99859
Q2-2023,382,0.998238
Q2-2023,383,0.998591
Q2-2023,384,0.998593
Q2-2023,385,0.998593
Q2-2023,386,0.998593
Q2-2023,387,0.956384
Q2-2023,388,0.987342
Q2-2023,389,0.998593
Q2-2023,390,0.998593
Q2-2023,391,0.998593
Q2-2023,392,0.998593
Q2-2023,393,0.998592
Q2-2023,394,0.99824
Q2-2023,395,0.98699
Q2-2023,396,0.998594
Q2-2023,397,0.998241
Q2-2023,398,0.998594
Q2-2023,399,0.998594
Q2-2023,400,0.998593
Q2-2023,401,0.987346
Q2-2023,402,0.998596
Q2-2023,403,0.998595
Q2-2023,404,0.997884
Q2-2023,405,1.0
Q2-2023,406,0.998562
Q2-2023,407,0.998202
Q2-2023,408,1.0
Q2-2023,409,0.967301
Q2-2023,410,0.998565
Q2-2023,411,0.998564
Q2-2023,412,0.998205
Q2-2023,413,0.95546
Q2-2023,414,0.998564
Q2-2023,415,0.998563
Q2-2023,416,0.998573
Q2-2023,417,0.997506
Q2-2023,418,0.998575
Q2-2023,419,0.998575
Q2-2023,420,0.996081
Q2-2023,421,0.996437
Q2-2023,422,0.998575
Q2-2023,423,0.998575
Q2-2023,424,0.998575
Q2-2023,425,0.998575
Q2-2023,426,0.998575
Q2-2023,427,0.997863
Q2-2023,428,0.998219
Q2-2023,429,0.998575
Q2-2023,430,0.998576
Q2-2023,431,0.998575
Q2-2023,432,0.998576
Q2-2023,433,0.998577
Q2-2023,434,0.998604
Q2-2023,435,0.998605
Q2-2023,436,0.998605
Q2-2023,437,0.99582
Q2-2023,438,0.968282
Q2-2023,439,0.998258
Q2-2023,440,1.0
Q2-2023,441,0.997906
Q2-2023,442,0.998603
Q2-2023,443,0.957447
Q2-2023,444,0.997908
Q2-2023,445,1.0
Q2-2023,446,0.99756
Q2-2023,447,0.998605
Q2-2023,448,0.996513
Q2-2023,449,0.089958
Q2-2023,450,0.998605
Q2-2023,451,0.996513
Q2-2023,452,0.880098
Q2-2023,453,0.998606
Q2-2023,454,0.956764
Q2-2023,455,0.987104
Q2-2023,456,0.998605
Q2-2023,457,0.998608
Q2-2023,458,0.090846
Q2-2023,459,0.997912
Q2-2023,460,1.0
Q2-2023,461,0.99861
Q2-2023,462,0.99861
Q2-2023,463,0.99861
Q2-2023,464,0.99861
Q2-2023,465,0.987139
Q2-2023,466,0.998609
Q2-2023,467,0.998608
Q2-2023,468,0.091667
Q2-2023,469,0.998612
Q2-2023,470,0.998612
Q2-2023,471,0.998612
Q2-2023,472,0.998612
Q2-2023,473,0.998612
Q2-2023,474,0.998611
Q2-2023,475,0.998612
Q2-2023,476,0.987504
Q2-2023,477,0.999653
Q2-2023,478,1.0
Q2-2023,479,0.995835
Q2-2023,480,0.998612
Q2-2023,481,0.987851
Q2-2023,482,0.956929
Q2-2023,483,0.998611
Q2-2023,484,1.0
Q2-2023,485,0.998264
Q2-2023,486,0.997221
Q2-2023,487,0.998611
Q2-2023,488,0.998611
Q2-2023,489,0.986806
Q2-2023,490,0.997569
Q2-2023,491,0.998264
Q2-2023,492,0.998609
Q2-2023,493,0.998261
Q2-2023,494,0.998609
Q2-2023,495,0.986778
Q2-2023,496,0.98713
Q2-2023,497,0.998261
Q2-2023,498,1.0
Q2-2023,499,0.998608
Q2-2023,500,0.998609
Q2-2023,501,1.0
Q2-2023,502,0.996496
Q2-2023,503,0.996147
Q2-2023,504,0.998597
Q2-2023,505,0.957939
Q2-2023,506,0.9986
Q2-2023,507,0.998247
Q2-2023,508,0.998589
Q2-2023,509,0.998589
Q2-2023,510,0.994354
Q2-2023,511,0.997175
Q2-2023,512,0.998234
Q2-2023,513,0.061794
Q2-2023,514,0.998588
Q2-2023,515,0.998588
Q2-2023,516,0.998588
Q2-2023,517,0.997526
Q2-2023,518,0.998588
Q2-2023,519,0.998598
Q2-2023,520,0.996494
Q2-2023,521,0.987382
Q2-2023,522,0.998599
Q2-2023,523,0.998599
Q2-2023,524,0.998599
Q2-2023,525,0.998249
Q2-2023,526,0.998599
Q2-2023,527,0.998611
Q2-2023,528,0.994443
Q2-2023,529,0.986801
Q2-2023,530,0.998611
Q2-2023,531,0.998263
Q2-2023,532,0.091667
Q2-2023,533,0.998264
Q2-2023,534,0.968403
Q2-2023,535,0.996528
Q2-2023,536,0.080208
Q2-2023,537,0.998611
Q2-2023,538,0.998611
Q2-2023,539,0.998264
Q2-2023,540,0.089583
Q2-2023,541,0.996181
Q2-2023,542,0.996181
Q2-2023,543,0.998611
Q2-2023,544,0.998264
Q2-2023,545,0.927083
Q2-2023,546,0.986806
Q2-2023,547,0.985069
Q2-2023,548,0.996181
Q2-2023,549,0.093023
Q2-2023,550,0.998612
Q2-2023,551,0.998612
Q2-2023,552,0.998612
Q2-2023,553,0.998612
Q2-2023,554,0.998612
Q2-2023,555,0.998612
Q2-2023,556,0.998612
Q2-2023,557,0.996182
Q2-2023,558,0.998611
Q2-2023,559,0.945562
Q2-2023,560,0.998614
Q2-2023,561,0.998267
Q2-2023,562,0.956672
Q2-2023,563,0.996187
Q2-2023,564,0.998614
Q2-2023,565,0.998614
Q2-2023,566,0.998614
Q2-2023,567,0.998614
Q2-2023,568,0.944887
Q2-2023,569,0.985789
Q2-2023,570,0.968458
Q2-2023,571,0.95423
Q2-2023,572,0.996186
Q2-2023,573,0.998613
Q2-2023,574,0.091886
Q2-2023,575,0.998614
Q2-2023,576,0.998614
Q2-2023,577,0.998614
Q2-2023,578,0.998613
Q2-2023,579,0.998614
Q2-2023,580,0.998614
Q2-2023,581,0.995841
Q2-2023,582,0.956672
Q2-2023,583,0.998614
Q2-2023,584,0.955286
Q2-2023,585,0.998612
Q2-2023,586,0.998612
Q2-2023,587,0.998264
Q2-2023,588,0.997917
Q2-2023,589,0.998263
Q2-2023,590,0.998611
Q2-2023,591,0.968044
Q2-2023,592,0.998611
Q2-2023,593,0.996182
Q2-2023,594,0.996186
Q2-2023,595,0.996186
Q2-2023,596,0.998613
Q2-2023,597,0.997573
Q2-2023,598,0.998613
Q2-2023,599,0.926491
Q2-2023,600,0.998613
Q2-2023,601,0.998267
Q2-2023,602,0.996534
Q2-2023,603,0.956326
Q2-2023,604,0.998267
Q2-2023,605,0.998614
Q2-2023,606,0.998614
Q2-2023,607,0.988215
Q2-2023,608,0.993414
Q2-2023,609,0.998267
Q2-2023,610,0.968111
Q2-2023,611,0.998267
Q2-2023,612,0.998614
Q2-2023,613,0.998614
Q2-2023,614,0.999653
Q2-2023,615,0.966031
Q2-2023,616,0.998614
Q2-2023,617,0.998614
Q2-2023,618,0.99792
Q2-2023,619,0.998614
Q2-2023,620,0.996534
Q2-2023,621,0.998614
Q2-2023,622,0.998267
Q2-2023,623,0.956672
Q2-2023,624,0.998614
Q2-2023,625,0.998614
Q2-2023,626,0.998614
Q2-2023,627,0.998612
Q2-2023,628,0.998612
Q2-2023,629,0.998612
Q2-2023,630,0.996529
Q2-2023,631,0.998612
Q2-2023,632,0.98681
Q2-2023,633,0.998612
Q2-2023,634,0.998264
Q2-2023,635,0.996182
Q2-2023,636,0.998612
Q2-2023,637,0.956612
Q2-2023,638,0.996181
Q2-2023,639,0.998264
Q2-2023,640,0.998611
Q2-2023,641,0.998611
Q2-2023,642,0.998264
Q2-2023,643,0.998611
Q2-2023,644,0.998611
Q2-2023,645,0.998611
Q2-2023,646,0.998611
Q2-2023,647,0.987153
Q2-2023,648,0.092361
Q2-2023,649,0.998264
Q2-2023,650,0.998612
Q2-2023,651,0.998264
Q2-2023,652,0.99861
Q2-2023,653,0.998611
Q2-2023,654,0.996179
Q2-2023,655,1.0
Q2-2023,656,0.998611
Q2-2023,657,0.996179
Q2-2023,658,0.998611
Q2-2023,659,0.998263
Q2-2023,660,0.998263
Q2-2023,661,0.99861
Q2-2023,662,0.99861
Q2-2023,663,0.99861
Q2-2023,664,0.98508
Q2-2023,665,0.998613
Q2-2023,666,0.093338
Q2-2023,667,0.996529
Q2-2023,668,0.092014
Q2-2023,669,0.998612
Q2-2023,670,0.998612
Q2-2023,671,0.998612
Q2-2023,672,0.998264
Q2-2023,673,0.995492
Q2-2023,674,0.998613
Q2-2023,675,0.996529
Q2-2023,676,0.996527
Q2-2023,677,0.99826
Q2-2023,678,0.99826
Q2-2023,679,1.0
Q2-2023,680,0.98616
Q2-2023,681,1.0
Q2-2023,682,0.95426
Q2-2023,683,0.99686
Q2-2023,684,0.095886
Q2-2023,685,0.998256
Q2-2023,686,0.925358
Q2-2023,687,0.998256
Q2-2023,688,0.986741
Q2-2023,689,0.996512
Q2-2023,690,0.998605
Q2-2023,691,0.996163
Q2-2023,692,0.996163
Q2-2023,693,0.998605
Q2-2023,694,0.996165
Q2-2023,695,0.998257
Q2-2023,696,0.998605
Q2-2023,697,0.998605
Q2-2023,698,0.987099
Q2-2023,699,0.998257
Q2-2023,700,0.998605
Q2-2023,701,0.967922
Q2-2023,702,0.998605
Q2-2023,703,0.984658
Q2-2023,704,0.090307
Q2-2023,705,0.998605
Q2-2023,706,0.996513
Q2-2023,707,0.998605
Q2-2023,708,0.956067
Q2-2023,709,0.996165
Q2-2023,710,0.996513
Q2-2023,711,0.998605
Q2-2023,712,0.995816
Q2-2023,713,0.998605
Q2-2023,714,0.98675
Q2-2023,715,0.998257
Q2-2023,716,0.953975
Q2-2023,717,0.998605
Q2-2023,718,0.998605
Q2-2023,719,0.061715
Q2-2023,720,0.987099
Q2-2023,721,0.998257
Q2-2023,722,0.993724
Q2-2023,723,0.995816
Q2-2023,724,0.998605
Q2-2023,725,0.998605
Q2-2023,726,0.998605
Q2-2023,727,0.998605
Q2-2023,728,0.998605
Q2-2023,729,0.996513
Q2-2023,730,0.968271
Q2-2023,731,0.998605
Q2-2023,732,0.994421
Q2-2023,733,0.998605
Q2-2023,734,0.967922
Q2-2023,735,0.998257
Q2-2023,736,0.998257
Q2-2023,737,0.998605
Q2-2023,738,0.967922
Q2-2023,739,0.998605
Q2-2023,740,0.998605
Q2-2023,741,0.998605
Q2-2023,742,0.998257
Q2-2023,743,0.987099
Q2-2023,744,0.998257
Q2-2023,745,0.998605
Q2-2023,746,0.09205
Q2-2023,747,0.998257
Q2-2023,748,0.998605
Q2-2023,749,0.998257
Q2-2023,750,0.998605
Q2-2023,751,0.998605
Q2-2023,752,0.993724
Q2-2023,753,0.995816
Q2-2023,754,0.998257
Q2-2023,755,0.996513
Q2-2023,756,0.998605
Q2-2023,757,0.998257
Q2-2023,758,0.998605
Q2-2023,759,0.998605
Q2-2023,760,0.998605
Q2-2023,761,0.996512
Q2-2023,762,0.998256
Q2-2023,763,0.092082
Q2-2023,764,0.999651
Q2-2023,765,0.998606
Q2-2023,766,0.968282
Q2-2023,767,0.998606
Q2-2023,768,0.998606
Q2-2023,769,0.998606
Q2-2023,770,0.998257
Q2-2023,771,0.998257
Q2-2023,772,0.998257
Q2-2023,773,0.996474
Q2-2023,774,0.96756
Q2-2023,775,0.99859
Q2-2023,776,0.998236
Q2-2023,777,0.998589
Q2-2023,778,0.998236
Q2-2023,779,0.96789
Q2-2023,780,0.998589
Q2-2023,781,0.092449
Q2-2023,782,0.998236
Q2-2023,783,0.998589
Q2-2023,784,0.955908
Q2-2023,785,0.99859
Q2-2023,786,0.092384
Q2-2023,787,0.99859
Q2-2023,788,0.986953
Q2-2023,789,0.996474
Q2-2023,790,0.967913
Q2-2023,791,0.99859
Q2-2023,792,0.997179
Q2-2023,793,0.998237
Q2-2023,794,0.998237
Q2-2023,795,0.998589
Q2-2023,796,0.999647
Q2-2023,797,0.92522
Q2-2023,798,0.997178
Q2-2023,799,0.998589
Q2-2023,800,0.996473
Q2-2023,801,0.998589
Q2-2023,802,0.998579
Q2-2023,803,0.99538
Q2-2023,804,0.998579
Q2-2023,805,0.998222
Q2-2023,806,0.998222
Q2-2023,807,0.965505
Q2-2023,808,0.998222
Q2-2023,809,0.955548
Q2-2023,810,0.943792
Q2-2023,811,0.955176
Q2-2023,812,0.998577
Q2-2023,813,0.955532
Q2-2023,814,0.998221
Q2-2023,815,0.998578
Q2-2023,816,0.998578
Q2-2023,817,0.986491
Q2-2023,818,0.998578
Q2-2023,819,0.998578
Q2-2023,820,0.998578
Q2-2023,821,0.995734
Q2-2023,822,0.986847
Q2-2023,823,0.998578
Q2-2023,824,0.998578
Q2-2023,825,0.998578
Q2-2023,826,0.998578
Q2-2023,827,0.998604
Q2-2023,828,0.998255
Q2-2023,829,0.99651
Q2-2023,830,0.997909
Q2-2023,831,0.998258
Q2-2023,832,0.987108
Q2-2023,833,0.998606
Q2-2023,834,0.998606
Q2-2023,835,0.998606
Q2-2023,836,0.998606
Q2-2023,837,0.998606
Q2-2023,838,0.092334
Q2-2023,839,0.092334
Q2-2023,840,0.998258
Q2-2023,841,0.998606
Q2-2023,842,0.998606
Q2-2023,843,0.968293
Q2-2023,844,0.987108
Q2-2023,845,0.994077
Q2-2023,846,0.987108
Q2-2023,847,0.998606
Q2-2023,848,0.998606
Q2-2023,849,0.998258
Q2-2023,850,0.998606
Q2-2023,851,0.998606
Q2-2023,852,0.998606
Q2-2023,853,0.998606
Q2-2023,854,0.998606
Q2-2023,855,0.998606
Q2-2023,856,0.998606
Q2-2023,857,0.998606
Q2-2023,858,0.942857
Q2-2023,859,0.996516
Q2-2023,860,0.998606
Q2-2023,861,0.050192
Q2-2023,862,0.996167
Q2-2023,863,0.998606
Q2-2023,864,0.99547
Q2-2023,865,0.997909
Q2-2023,866,0.998606
Q2-2023,867,0.998606
Q2-2023,868,0.998606
Q2-2023,869,0.998606
Q2-2023,870,0.998258
Q2-2023,871,0.968293
Q2-2023,872,0.998606
Q2-2023,873,0.998606
Q2-2023,874,0.996167
Q2-2023,875,0.998606
Q2-2023,876,0.956098
Q2-2023,877,0.996167
Q2-2023,878,0.997909
Q2-2023,879,0.997535
Q2-2023,880,0.967571
Q2-2023,881,0.984848
Q2-2023,882,0.997886
Q2-2023,883,0.092319
Q2-2023,884,0.998591
Q2-2023,885,0.080662
Q2-2023,886,0.998591
Q2-2023,887,0.998591
Q2-2023,888,0.998238
Q2-2023,889,0.996475
Q2-2023,890,0.954209
Q2-2023,891,0.998591
Q2-2023,892,0.99366
Q2-2023,893,0.986963
Q2-2023,894,0.998591
Q2-2023,895,0.98661
Q2-2023,896,0.998238
Q2-2023,897,0.99859
Q2-2023,898,0.99859
Q2-2023,899,0.091999
Q2-2023,900,0.996475
Q2-2023,901,0.998238
Q2-2023,902,0.998591
Q2-2023,903,0.998591
Q2-2023,904,0.998239
Q2-2023,905,0.998591
Q2-2023,906,0.998591
Q2-2023,907,0.995775
Q2-2023,908,0.996478
Q2-2023,909,0.998239
Q2-2023,910,0.998591
Q2-2023,911,0.091966
Q2-2023,912,0.998591
Q2-2023,913,0.996124
Q2-2023,914,0.96723
Q2-2023,915,0.998591
Q2-2023,916,0.986963
Q2-2023,917,0.998591
Q2-2023,918,0.99859
Q2-2023,919,0.986949
Q2-2023,920,0.986944
Q2-2023,921,0.998235
Q2-2023,922,0.998588
Q2-2023,923,0.998235
Q2-2023,924,0.986587
Q2-2023,925,0.957259
Q2-2023,926,0.998587
Q2-2023,927,0.998587
Q2-2023,928,0.998588
Q2-2023,929,0.997883
Q2-2023,930,0.997884
Q2-2023,931,0.957319
Q2-2023,932,0.998236
Q2-2023,933,0.998236
Q2-2023,934,0.998589
Q2-2023,935,0.998236
Q2-2023,936,0.998236
Q2-2023,937,0.942464
Q2-2023,938,0.99647
Q2-2023,939,0.089947
Q2-2023,940,0.957319
Q2-2023,941,0.998589
Q2-2023,942,0.99612
Q2-2023,943,0.99859
Q2-2023,944,0.997884
Q2-2023,945,0.956982
Q2-2023,946,0.99859
Q2-2023,947,0.99859
Q2-2023,948,0.997533
Q2-2023,949,0.998591
Q2-2023,950,0.998591
Q2-2023,951,0.995775
Q2-2023,952,0.998238
Q2-2023,953,0.99436
Q2-2023,954,0.957364
Q2-2023,955,0.967924
Q2-2023,956,0.996475
Q2-2023,957,0.99859
Q2-2023,958,0.998236
Q2-2023,959,0.954112
Q2-2023,960,0.998235
Q2-2023,961,0.998588
Q2-2023,962,0.092867
Q2-2023,963,0.998234
Q2-2023,964,0.967867
Q2-2023,965,0.998588
Q2-2023,966,0.997907
Q2-2023,967,0.994075
Q2-2023,968,0.984664
Q2-2023,969,1.0
Q2-2023,970,0.998606
Q2-2023,971,0.998606
Q2-2023,972,0.998606
Q2-2023,973,0.996514
Q2-2023,974,0.993029
Q2-2023,975,0.996514
Q2-2023,976,0.998257
Q2-2023,977,0.090275
Q2-2023,978,0.998606
Q2-2023,979,0.987104
Q2-2023,980,0.998257
Q2-2023,981,0.956431
Q2-2023,982,0.998606
Q2-2023,983,0.998257
Q2-2023,984,0.998257
Q2-2023,985,0.998606
Q2-2023,986,0.998606
Q2-2023,987,0.092018
Q2-2023,988,0.996514
Q2-2023,989,0.998605
Q2-2023,990,0.998605
Q2-2023,991,0.998603
Q2-2023,992,0.997904
Q2-2023,993,0.09256
Q2-2023,994,0.998603
Q2-2023,995,0.968215
Q2-2023,996,0.968204
Q2-2023,997,0.998602
Q2-2023,998,0.998253
Q2-2023,999,0.998602
Q2-2023,1000,0.998253
Q2-2023,1001,0.955975
Q2-2023,1002,0.956324
Q2-2023,1003,0.998253
Q2-2023,1004,0.998602
Q2-2023,1005,0.957372
Q2-2023,1006,0.956324
Q2-2023,1007,0.998602
Q2-2023,1008,0.998602
Q2-2023,1009,0.998253
Q2-2023,1010,0.996157
Q2-2023,1011,0.998602
Q2-2023,1012,0.998253
Q2-2023,1013,0.968204
Q2-2023,1014,0.968204
Q2-2023,1015,0.9633
Q2-2023,1016,0.081091
Q2-2023,1017,0.998252
Q2-2023,1018,0.998602
Q2-2023,1019,0.998602
Q2-2023,1020,0.95526
Q2-2023,1021,0.998602
Q2-2023,1022,0.049633
Q2-2023,1023,0.998602
Q2-2023,1024,0.998602
Q2-2023,1025,0.996157
Q2-2023,1026,0.998603
Q2-2023,1027,0.998603
Q2-2023,1028,0.998603
Q2-2023,1029,0.998611
Q2-2023,1030,0.996179
Q2-2023,1031,0.998611
Q2-2023,1032,0.998263
Q2-2023,1033,0.996179
Q2-2023,1034,0.998611
Q2-2023,1035,0.998263
Q2-2023,1036,0.998263
Q2-2023,1037,0.997916
Q2-2023,1038,0.996179
Q2-2023,1039,0.997569
Q2-2023,1040,0.99861
Q2-2023,1041,0.99861
Q2-2023,1042,0.99861
Q2-2023,1043,0.99861
Q2-2023,1044,0.996525
Q2-2023,1045,0.99861
Q2-2023,1046,0.998263
Q2-2023,1047,0.99861
Q2-2023,1048,0.998611
Q2-2023,1049,0.998263
Q2-2023,1050,0.998611
Q2-2023,1051,0.091699
Q2-2023,1052,0.998611
Q2-2023,1053,0.091699
Q2-2023,1054,0.998611
Q2-2023,1055,0.998611
Q2-2023,1056,0.998263
Q2-2023,1057,0.998263
Q2-2023,1058,0.987843
Q2-2023,1059,0.998611
Q2-2023,1060,0.96596
Q2-2023,1061,0.089298
Q2-2023,1062,0.998261
Q2-2023,1063,0.998609
Q2-2023,1064,0.998609
Q2-2023,1065,0.956567
Q2-2023,1066,0.997568
Q2-2023,1067,0.998613
Q2-2023,1068,0.998613
Q2-2023,1069,0.998613
Q2-2023,1070,0.998613
Q2-2023,1071,0.998613
Q2-2023,1072,0.998613
Q2-2023,1073,0.998266
Q2-2023,1074,0.998614
Q2-2023,1075,0.998267
Q2-2023,1076,0.996187
Q2-2023,1077,0.998614
Q2-2023,1078,0.996534
Q2-2023,1079,0.998267
Q2-2023,1080,0.996187
Q2-2023,1081,0.998613
Q2-2023,1082,0.998613
Q2-2023,1083,0.968078
Q2-2023,1084,0.998613
Q2-2023,1085,0.998266
Q2-2023,1086,0.998613
Q2-2023,1087,0.998613
Q2-2023,1088,0.998266
Q2-2023,1089,0.986815
Q2-2023,1090,0.998612
Q2-2023,1091,0.998612
Q2-2023,1092,0.998612
Q2-2023,1093,0.987162
Q2-2023,1094,0.996531
Q2-2023,1095,0.998266
Q2-2023,1096,0.998613
Q2-2023,1097,0.998613
Q2-2023,1098,0.998613
Q2-2023,1099,0.998613
Q2-2023,1100,0.968436
Q2-2023,1101,0.998613
Q2-2023,1102,0.998613
Q2-2023,1103,0.986819
Q2-2023,1104,0.998266
Q2-2023,1105,0.997919
Q2-2023,1106,0.996185
Q2-2023,1107,0.998613
Q2-2023,1108,0.998266
Q2-2023,1109,0.998266
Q2-2023,1110,0.998613
Q2-2023,1111,0.998613
Q2-2023,1112,0.998613
Q2-2023,1113,0.998612
Q2-2023,1114,0.995835
Q2-2023,1115,0.997571
Q2-2023,1116,0.089868
Q2-2023,1117,0.956974
Q2-2023,1118,0.998612
Q2-2023,1119,0.987162
Q2-2023,1120,0.998612
Q2-2023,1121,0.998613
Q2-2023,1122,0.984391
Q2-2023,1123,0.998613
Q2-2023,1124,0.996185
Q2-2023,1125,0.998613
Q2-2023,1126,0.998613
Q2-2023,1127,0.998266
Q2-2023,1128,0.966008
Q2-2023,1129,0.092265
Q2-2023,1130,0.996531
Q2-2023,1131,0.998612
Q2-2023,1132,0.998612
Q2-2023,1133,0.091603
Q2-2023,1134,0.996183
Q2-2023,1135,0.998612
Q2-2023,1136,0.998612
Q2-2023,1137,0.998612
Q2-2023,1138,0.998613
Q2-2023,1139,0.995838
Q2-2023,1140,0.956989
Q2-2023,1141,0.091571
Q2-2023,1142,0.998613
Q2-2023,1143,0.998613
Q2-2023,1144,0.984733
Q2-2023,1145,0.996185
Q2-2023,1146,0.995838
Q2-2023,1147,0.998266
Q2-2023,1148,0.998613
Q2-2023,1149,0.968436
Q2-2023,1150,0.996185
Q2-2023,1151,0.998613
Q2-2023,1152,0.998266
Q2-2023,1153,0.998266
Q2-2023,1154,0.956989
Q2-2023,1155,0.998613
Q2-2023,1156,0.998613
Q2-2023,1157,0.998613
Q2-2023,1158,0.998613
Q2-2023,1159,0.998613
Q2-2023,1160,0.998613
Q2-2023,1161,0.998266
Q2-2023,1162,0.998614
Q2-2023,1163,0.966378
Q2-2023,1164,0.99792
Q2-2023,1165,0.956672
Q2-2023,1166,0.998614
Q2-2023,1167,0.092201
Q2-2023,1168,0.998614
Q2-2023,1169,0.956356
Q2-2023,1170,0.968479
Q2-2023,1171,0.998614
Q2-2023,1172,0.995497
Q2-2023,1173,0.968133
Q2-2023,1174,0.998961
Q2-2023,1175,0.998614
Q2-2023,1176,0.995843
Q2-2023,1177,0.998268
Q2-2023,1178,0.998268
Q2-2023,1179,0.092484
Q2-2023,1180,0.998614
Q2-2023,1181,0.998614
Q2-2023,1182,0.986838
Q2-2023,1183,0.998609
Q2-2023,1184,0.99861
Q2-2023,1185,0.99861
Q2-2023,1186,0.995481
Q2-2023,1187,0.964546
Q2-2023,1188,0.995829
Q2-2023,1189,0.99861
Q2-2023,1190,0.99861
Q2-2023,1191,0.998262
Q2-2023,1192,0.996524
Q2-2023,1193,0.089993
Q2-2023,1194,0.998611
Q2-2023,1195,0.995832
Q2-2023,1196,0.998611
Q2-2023,1197,0.94512
Q2-2023,1198,0.997916
Q2-2023,1199,0.998611
Q2-2023,1200,0.95625
Q2-2023,1201,0.996181
Q2-2023,1202,0.968403
Q2-2023,1203,0.998611
Q2-2023,1204,0.998611
Q2-2023,1205,0.987153
Q2-2023,1206,0.956597
Q2-2023,1207,0.998611
Q2-2023,1208,0.998611
Q2-2023,1209,0.987153
Q2-2023,1210,0.986806
Q2-2023,1211,0.998611
Q2-2023,1212,0.966319
Q2-2023,1213,0.998611
Q2-2023,1214,0.956582
Q2-2023,1215,0.998611
Q2-2023,1216,0.968044
Q2-2023,1217,0.998611
Q2-2023,1218,0.987148
Q2-2023,1219,0.092393
Q2-2023,1220,0.998611
Q2-2023,1221,0.080584
Q2-2023,1222,0.092393
Q2-2023,1223,0.998611
Q2-2023,1224,0.997569
Q2-2023,1225,0.993053
Q2-2023,1226,0.998611
Q2-2023,1227,0.968739
Q2-2023,1228,0.996527
Q2-2023,1229,0.092741
Q2-2023,1230,0.998611
Q2-2023,1231,0.996179
Q2-2023,1232,0.998611
Q2-2023,1233,0.093783
Q2-2023,1234,0.998611
Q2-2023,1235,0.953456
Q2-2023,1236,0.058354
Q2-2023,1237,0.998611
Q2-2023,1238,0.998611
Q2-2023,1239,0.956235
Q2-2023,1240,0.951025
Q2-2023,1241,0.981938
Q2-2023,1242,0.996179
Q2-2023,1243,0.06009
Q2-2023,1244,0.998611
Q2-2023,1245,0.998611
Q2-2023,1246,0.968392
Q2-2023,1247,0.940257
Q2-2023,1248,0.954845
Q2-2023,1249,0.956235
Q2-2023,1250,0.050712
Q2-2023,1251,0.998611
Q2-2023,1252,0.998611
Q2-2023,1253,0.996179
Q2-2023,1254,0.998611
Q2-2023,1255,0.997916
Q2-2023,1256,0.99861
Q2-2023,1257,0.954482
Q2-2023,1258,0.092078
Q2-2023,1259,0.996178
Q2-2023,1260,0.99861
Q2-2023,1261,0.99861
Q2-2023,1262,0.998609
Q2-2023,1263,0.998608
Q2-2023,1264,0.090846
Q2-2023,1265,0.968326
Q2-2023,1266,0.956507
Q2-2023,1267,0.998605
Q2-2023,1268,0.998589
Q2-2023,1269,0.998544
Q2-2023,1270,0.971014
Q2-2023,1271,0.764706
Q2-2023,1272,0.636364
Q2-2023,1273,0.0
Q3-2023,1,0.0
Q3-2023,2,0.000342
Q3-2023,3,0.000683
Q3-2023,4,0.0
Q3-2023,5,0.01265
Q3-2023,6,0.0
Q3-2023,7,0.0
Q3-2023,8,0.000342
Q3-2023,9,0.001709
Q3-2023,10,0.0
Q3-2023,11,0.0
Q3-2023,12,0.001366
Q3-2023,13,0.0
Q3-2023,14,0.003415
Q3-2023,15,0.000683
Q3-2023,16,0.000683
Q3-2023,17,0.002731
Q3-2023,18,0.003759
Q3-2023,19,0.997939
Q3-2023,20,0.002736
Q3-2023,21,0.003077
Q3-2023,22,0.002736
Q3-2023,23,0.002736
Q3-2023,24,0.967399
Q3-2023,25,0.999314
Q3-2023,26,0.967399
Q3-2023,27,0.967731
Q3-2023,28,0.963431
Q3-2023,29,0.963431
Q3-2023,30,0.963431
Q3-2023,31,0.963431
Q3-2023,32,0.963255
Q3-2023,33,0.963255
Q3-2023,34,0.963205
Q3-2023,35,0.96216
Q3-2023,36,0.96216
Q3-2023,37,0.961977
Q3-2023,38,0.959572
Q3-2023,39,0.961299
Q3-2023,40,0.961313
Q3-2023,41,0.960317
Q3-2023,42,0.960317
Q3-2023,43,0.959986
Q3-2023,44,0.960317
Q3-2023,45,0.961658
Q3-2023,46,0.959931
Q3-2023,47,0.961977
Q3-2023,48,0.96199
Q3-2023,49,0.623228
Q3-2023,50,0.961977
Q3-2023,51,0.961964
Q3-2023,52,0.966113
Q3-2023,53,0.961964
Q3-2023,54,0.961964
Q3-2023,55,0.002075
Q3-2023,56,0.961964
Q3-2023,57,0.961964
Q3-2023,58,0.961964
Q3-2023,59,0.960194
Q3-2023,60,0.961925
Q3-2023,61,0.961898
Q3-2023,62,0.961819
Q3-2023,63,0.961806
Q3-2023,64,0.961792
Q3-2023,65,0.961432
Q3-2023,66,0.007992
Q3-2023,67,0.960389
Q3-2023,68,0.961792
Q3-2023,69,0.961792
Q3-2023,70,0.961792
Q3-2023,71,0.961084
Q3-2023,72,0.011466
Q3-2023,73,0.009034
Q3-2023,74,0.962126
Q3-2023,75,0.961418
Q3-2023,76,0.961432
Q3-2023,77,0.961445
Q3-2023,78,0.961646
Q3-2023,79,0.961646
Q3-2023,80,0.961297
Q3-2023,81,0.961257
Q3-2023,82,0.006629
Q3-2023,83,0.967528
Q3-2023,84,0.961257
Q3-2023,85,0.961257
Q3-2023,86,0.96127
Q3-2023,87,0.96127
Q3-2023,88,0.961498
Q3-2023,89,0.961152
Q3-2023,90,0.961485
Q3-2023,91,0.961472
Q3-2023,92,0.961138
Q3-2023,93,0.96179
Q3-2023,94,0.96179
Q3-2023,95,0.961459
Q3-2023,96,0.961486
Q3-2023,97,0.961486
Q3-2023,98,0.961128
Q3-2023,99,0.961472
Q3-2023,100,0.95528
Q3-2023,101,0.961472
Q3-2023,102,0.961803
Q3-2023,103,0.961803
Q3-2023,104,0.961803
Q3-2023,105,0.961459
Q3-2023,106,0.961803
Q3-2023,107,0.961869
Q3-2023,108,0.960151
Q3-2023,109,0.957403
Q3-2023,110,0.961856
Q3-2023,111,0.961856
Q3-2023,112,0.960331
Q3-2023,113,0.960331
Q3-2023,114,0.960331
Q3-2023,115,0.960331
Q3-2023,116,0.959986
Q3-2023,117,0.958261
Q3-2023,118,0.959986
Q3-2023,119,0.960083
Q3-2023,120,0.959766
Q3-2023,121,0.958405
Q3-2023,122,0.006873
Q3-2023,123,0.960165
Q3-2023,124,0.960192
Q3-2023,125,0.959849
Q3-2023,126,0.960192
Q3-2023,127,0.006522
Q3-2023,128,0.960179
Q3-2023,129,0.960179
Q3-2023,130,0.960206
Q3-2023,131,0.955837
Q3-2023,132,0.960288
Q3-2023,133,0.960288
Q3-2023,134,0.960288
Q3-2023,135,0.956179
Q3-2023,136,0.960274
Q3-2023,137,0.959945
Q3-2023,138,0.960288
Q3-2023,139,0.960274
Q3-2023,140,0.961869
Q3-2023,141,0.962848
Q3-2023,142,1.0
Q3-2023,143,0.963192
Q3-2023,144,0.963268
Q3-2023,145,0.999314
Q3-2023,146,1.0
Q3-2023,147,0.970477
Q3-2023,148,0.962925
Q3-2023,149,0.999313
Q3-2023,150,0.999313
Q3-2023,151,0.074837
Q3-2023,152,0.999313
Q3-2023,153,0.999311
Q3-2023,154,0.997585
Q3-2023,155,0.993444
Q3-2023,156,0.998964
Q3-2023,157,0.999309
Q3-2023,158,0.999309
Q3-2023,159,0.998963
Q3-2023,160,0.997925
Q3-2023,161,0.996543
Q3-2023,162,0.997917
Q3-2023,163,0.999305
Q3-2023,164,0.996524
Q3-2023,165,0.999305
Q3-2023,166,0.999303
Q3-2023,167,0.999303
Q3-2023,168,0.998606
Q3-2023,169,0.999303
Q3-2023,170,0.999303
Q3-2023,171,0.998954
Q3-2023,172,0.999305
Q3-2023,173,0.999306
Q3-2023,174,0.999307
Q3-2023,175,0.996198
Q3-2023,176,0.934302
Q3-2023,177,0.996559
Q3-2023,178,0.996559
Q3-2023,179,0.995181
Q3-2023,180,0.985208
Q3-2023,181,0.935306
Q3-2023,182,0.982468
Q3-2023,183,1.0
Q3-2023,184,0.996219
Q3-2023,185,0.935373
Q3-2023,186,0.992781
Q3-2023,187,0.996219
Q3-2023,188,0.996219
Q3-2023,189,0.995186
Q3-2023,190,0.996561
Q3-2023,191,0.996561
Q3-2023,192,0.993122
Q3-2023,193,0.995187
Q3-2023,194,0.995531
Q3-2023,195,0.995531
Q3-2023,196,0.996905
Q3-2023,197,0.993122
Q3-2023,198,0.996904
Q3-2023,199,0.99656
Q3-2023,200,0.090096
Q3-2023,201,0.996905
Q3-2023,202,0.090409
Q3-2023,203,0.995873
Q3-2023,204,0.996905
Q3-2023,205,0.996906
Q3-2023,206,0.996906
Q3-2023,207,0.996906
Q3-2023,208,0.996906
Q3-2023,209,0.996561
Q3-2023,210,0.996906
Q3-2023,211,0.996906
Q3-2023,212,0.091097
Q3-2023,213,0.999312
Q3-2023,214,0.996561
Q3-2023,215,0.996561
Q3-2023,216,0.99381
Q3-2023,217,0.996217
Q3-2023,218,0.996905
Q3-2023,219,0.99656
Q3-2023,220,0.996901
Q3-2023,221,0.9969
Q3-2023,222,0.9969
Q3-2023,223,0.932666
Q3-2023,224,0.99689
Q3-2023,225,0.977312
Q3-2023,226,0.919058
Q3-2023,227,0.994861
Q3-2023,228,0.995717
Q3-2023,229,0.994863
Q3-2023,230,0.995721
Q3-2023,231,0.107527
Q3-2023,232,0.995692
Q3-2023,233,0.995695
Q3-2023,234,0.995717
Q3-2023,235,0.995717
Q3-2023,236,0.107541
Q3-2023,237,0.994861
Q3-2023,238,0.994859
Q3-2023,239,0.995714
Q3-2023,240,0.994856
Q3-2023,241,0.950749
Q3-2023,242,0.994435
Q3-2023,243,0.995717
Q3-2023,244,0.938356
Q3-2023,245,0.995721
Q3-2023,246,0.995721
Q3-2023,247,0.992723
Q3-2023,248,0.995716
Q3-2023,249,0.995719
Q3-2023,250,0.994861
Q3-2023,251,0.995723
Q3-2023,252,0.940522
Q3-2023,253,0.996152
Q3-2023,254,0.968843
Q3-2023,255,0.989334
Q3-2023,256,0.994881
Q3-2023,257,0.112628
Q3-2023,258,0.995734
Q3-2023,259,0.995736
Q3-2023,260,0.070789
Q3-2023,261,0.994459
Q3-2023,262,0.98977
Q3-2023,263,0.989765
Q3-2023,264,0.995734
Q3-2023,265,0.103669
Q3-2023,266,0.956522
Q3-2023,267,0.995737
Q3-2023,268,0.995734
Q3-2023,269,0.994872
Q3-2023,270,0.99188
Q3-2023,271,0.995726
Q3-2023,272,0.995726
Q3-2023,273,0.995725
Q3-2023,274,0.994433
Q3-2023,275,0.995719
Q3-2023,276,0.989726
Q3-2023,277,0.995287
Q3-2023,278,0.99571
Q3-2023,279,0.995708
Q3-2023,280,0.995714
Q3-2023,281,0.995725
Q3-2023,282,0.995725
Q3-2023,283,0.995728
Q3-2023,284,0.995736
Q3-2023,285,0.995737
Q3-2023,286,0.995866
Q3-2023,287,0.963511
Q3-2023,288,0.091598
Q3-2023,289,0.996555
Q3-2023,290,0.091598
Q3-2023,291,0.995179
Q3-2023,292,0.996556
Q3-2023,293,0.963843
Q3-2023,294,0.996556
Q3-2023,295,0.996556
Q3-2023,296,0.995177
Q3-2023,297,0.995865
Q3-2023,298,0.996554
Q3-2023,299,0.964163
Q3-2023,300,0.11
Q3-2023,301,0.997225
Q3-2023,302,0.951076
Q3-2023,303,0.996876
Q3-2023,304,0.994099
Q3-2023,305,0.997221
Q3-2023,306,0.996875
Q3-2023,307,0.996181
Q3-2023,308,0.996529
Q3-2023,309,0.996879
Q3-2023,310,0.996878
Q3-2023,311,0.997224
Q3-2023,312,0.997224
Q3-2023,313,0.997224
Q3-2023,314,0.995835
Q3-2023,315,0.996531
Q3-2023,316,0.995492
Q3-2023,317,0.997226
Q3-2023,318,0.997226
Q3-2023,319,0.995495
Q3-2023,320,0.995499
Q3-2023,321,0.996881
Q3-2023,322,0.996188
Q3-2023,323,0.995495
Q3-2023,324,0.996536
Q3-2023,325,0.996883
Q3-2023,326,0.992734
Q3-2023,327,0.995848
Q3-2023,328,0.995851
Q3-2023,329,0.993778
Q3-2023,330,0.994469
Q3-2023,331,0.96094
Q3-2023,332,0.995852
Q3-2023,333,0.995157
Q3-2023,334,0.993435
Q3-2023,335,0.995162
Q3-2023,336,0.995154
Q3-2023,337,0.995146
Q3-2023,338,0.091918
Q3-2023,339,1.0
Q3-2023,340,0.995132
Q3-2023,341,0.994431
Q3-2023,342,0.949513
Q3-2023,343,0.996169
Q3-2023,344,0.094741
Q3-2023,345,0.991989
Q3-2023,346,0.998261
Q3-2023,347,0.995829
Q3-2023,348,0.093913
Q3-2023,349,0.994783
Q3-2023,350,0.995826
Q3-2023,351,0.996123
Q3-2023,352,0.996125
Q3-2023,353,0.996124
Q3-2023,354,0.992587
Q3-2023,355,0.996113
Q3-2023,356,0.996466
Q3-2023,357,0.996099
Q3-2023,358,0.994675
Q3-2023,359,0.99467
Q3-2023,360,0.994671
Q3-2023,361,0.99609
Q3-2023,362,0.948454
Q3-2023,363,0.99395
Q3-2023,364,0.99606
Q3-2023,365,0.095272
Q3-2023,366,0.996063
Q3-2023,367,0.996059
Q3-2023,368,0.999642
Q3-2023,369,0.996057
Q3-2023,370,0.996067
Q3-2023,371,0.996057
Q3-2023,372,0.096983
Q3-2023,373,0.998568
Q3-2023,374,0.958497
Q3-2023,375,0.999284
Q3-2023,376,0.998205
Q3-2023,377,0.997846
Q3-2023,378,0.997128
Q3-2023,379,0.997489
Q3-2023,380,0.997487
Q3-2023,381,0.997847
Q3-2023,382,0.997488
Q3-2023,383,0.997489
Q3-2023,384,0.997849
Q3-2023,385,0.997132
Q3-2023,386,0.997849
Q3-2023,387,0.962724
Q3-2023,388,0.994261
Q3-2023,389,0.996055
Q3-2023,390,0.997849
Q3-2023,391,0.997849
Q3-2023,392,0.997133
Q3-2023,393,0.997494
Q3-2023,394,0.997139
Q3-2023,395,0.993236
Q3-2023,396,0.997153
Q3-2023,397,0.997152
Q3-2023,398,0.997151
Q3-2023,399,0.995374
Q3-2023,400,0.997153
Q3-2023,401,0.993651
Q3-2023,402,0.996127
Q3-2023,403,0.997533
Q3-2023,404,0.995016
Q3-2023,405,1.0
Q3-2023,406,0.997157
Q3-2023,407,0.997158
Q3-2023,408,1.0
Q3-2023,409,0.948472
Q3-2023,410,0.996449
Q3-2023,411,0.996454
Q3-2023,412,0.995405
Q3-2023,413,0.960396
Q3-2023,414,0.995405
Q3-2023,415,0.995403
Q3-2023,416,0.995472
Q3-2023,417,0.998609
Q3-2023,418,0.99513
Q3-2023,419,0.995134
Q3-2023,420,0.993398
Q3-2023,421,0.995483
Q3-2023,422,0.995483
Q3-2023,423,0.995483
Q3-2023,424,0.995136
Q3-2023,425,0.995136
Q3-2023,426,0.995483
Q3-2023,427,0.991313
Q3-2023,428,0.995483
Q3-2023,429,0.995485
Q3-2023,430,0.995485
Q3-2023,431,0.995134
Q3-2023,432,0.99548
Q3-2023,433,0.995134
Q3-2023,434,0.995481
Q3-2023,435,0.995828
Q3-2023,436,0.995828
Q3-2023,437,0.995486
Q3-2023,438,0.947551
Q3-2023,439,0.994097
Q3-2023,440,0.997917
Q3-2023,441,0.995829
Q3-2023,442,0.99583
Q3-2023,443,0.961432
Q3-2023,444,0.995832
Q3-2023,445,0.999653
Q3-2023,446,0.995832
Q3-2023,447,0.995835
Q3-2023,448,0.995836
Q3-2023,449,0.097155
Q3-2023,450,0.995836
Q3-2023,451,0.995833
Q3-2023,452,0.460577
Q3-2023,453,0.996871
Q3-2023,454,0.962461
Q3-2023,455,0.990615
Q3-2023,456,0.997915
Q3-2023,457,0.99513
Q3-2023,458,0.095586
Q3-2023,459,0.995134
Q3-2023,460,1.0
Q3-2023,461,0.996879
Q3-2023,462,0.996536
Q3-2023,463,0.996537
Q3-2023,464,0.996884
Q3-2023,465,0.993419
Q3-2023,466,0.996878
Q3-2023,467,0.996877
Q3-2023,468,0.094138
Q3-2023,469,0.996897
Q3-2023,470,0.996898
Q3-2023,471,0.996897
Q3-2023,472,0.996897
Q3-2023,473,0.996552
Q3-2023,474,0.995516
Q3-2023,475,0.995174
Q3-2023,476,0.991724
Q3-2023,477,0.998621
Q3-2023,478,1.0
Q3-2023,479,0.995863
Q3-2023,480,0.996206
Q3-2023,481,0.993446
Q3-2023,482,0.96585
Q3-2023,483,0.996897
Q3-2023,484,1.0
Q3-2023,485,0.996891
Q3-2023,486,0.994138
Q3-2023,487,0.995519
Q3-2023,488,0.995519
Q3-2023,489,0.991724
Q3-2023,490,0.99862
Q3-2023,491,0.993103
Q3-2023,492,0.995509
Q3-2023,493,0.995166
Q3-2023,494,0.995851
Q3-2023,495,0.991693
Q3-2023,496,0.991352
Q3-2023,497,0.995502
Q3-2023,498,0.999307
Q3-2023,499,0.994806
Q3-2023,500,0.995499
Q3-2023,501,1.0
Q3-2023,502,0.995508
Q3-2023,503,0.991704
Q3-2023,504,0.995506
Q3-2023,505,0.96889
Q3-2023,506,0.995517
Q3-2023,507,0.995526
Q3-2023,508,0.995523
Q3-2023,509,0.995528
Q3-2023,510,0.991391
Q3-2023,511,0.990712
Q3-2023,512,0.995181
Q3-2023,513,0.047488
Q3-2023,514,0.995181
Q3-2023,515,0.995525
Q3-2023,516,0.995179
Q3-2023,517,0.991044
Q3-2023,518,0.995523
Q3-2023,519,0.99553
Q3-2023,520,0.995539
Q3-2023,521,0.993137
Q3-2023,522,0.995542
Q3-2023,523,0.994856
Q3-2023,524,0.99417
Q3-2023,525,0.995199
Q3-2023,526,0.99554
Q3-2023,527,0.995542
Q3-2023,528,0.98765
Q3-2023,529,0.991424
Q3-2023,530,0.99554
Q3-2023,531,0.995199
Q3-2023,532,0.091907
Q3-2023,533,0.995199
Q3-2023,534,0.94856
Q3-2023,535,0.995542
Q3-2023,536,0.090192
Q3-2023,537,0.995542
Q3-2023,538,0.995542
Q3-2023,539,0.995197
Q3-2023,540,0.094307
Q3-2023,541,0.995542
Q3-2023,542,0.995543
Q3-2023,543,0.995201
Q3-2023,544,0.995201
Q3-2023,545,0.915638
Q3-2023,546,0.992115
Q3-2023,547,0.992115
Q3-2023,548,0.995543
Q3-2023,549,0.094275
Q3-2023,550,0.995204
Q3-2023,551,0.995546
Q3-2023,552,0.994861
Q3-2023,553,0.995549
Q3-2023,554,0.995549
Q3-2023,555,0.995549
Q3-2023,556,0.995549
Q3-2023,557,0.99076
Q3-2023,558,0.995551
Q3-2023,559,0.958447
Q3-2023,560,0.995574
Q3-2023,561,0.995574
Q3-2023,562,0.961866
Q3-2023,563,0.990807
Q3-2023,564,0.995233
Q3-2023,565,0.995574
Q3-2023,566,0.995574
Q3-2023,567,0.994212
Q3-2023,568,0.956744
Q3-2023,569,0.983662
Q3-2023,570,0.948927
Q3-2023,571,0.960517
Q3-2023,572,0.988768
Q3-2023,573,0.994894
Q3-2023,574,0.094622
Q3-2023,575,0.995575
Q3-2023,576,0.995575
Q3-2023,577,0.995575
Q3-2023,578,0.994894
Q3-2023,579,0.994214
Q3-2023,580,0.995575
Q3-2023,581,0.994214
Q3-2023,582,0.961879
Q3-2023,583,0.995575
Q3-2023,584,0.961538
Q3-2023,585,0.995575
Q3-2023,586,0.995575
Q3-2023,587,0.995575
Q3-2023,588,0.995235
Q3-2023,589,0.995575
Q3-2023,590,0.995575
Q3-2023,591,0.948945
Q3-2023,592,0.995575
Q3-2023,593,0.990129
Q3-2023,594,0.994214
Q3-2023,595,0.994894
Q3-2023,596,0.993873
Q3-2023,597,0.995235
Q3-2023,598,0.995575
Q3-2023,599,0.915248
Q3-2023,600,0.995575
Q3-2023,601,0.995235
Q3-2023,602,0.995574
Q3-2023,603,0.961538
Q3-2023,604,0.995575
Q3-2023,605,0.995575
Q3-2023,606,0.994214
Q3-2023,607,0.992169
Q3-2023,608,0.993873
Q3-2023,609,0.995574
Q3-2023,610,0.947243
Q3-2023,611,0.995575
Q3-2023,612,0.995574
Q3-2023,613,0.995575
Q3-2023,614,0.99966
Q3-2023,615,0.947906
Q3-2023,616,0.995574
Q3-2023,617,0.995574
Q3-2023,618,0.995233
Q3-2023,619,0.995574
Q3-2023,620,0.995233
Q3-2023,621,0.994214
Q3-2023,622,0.994894
Q3-2023,623,0.961879
Q3-2023,624,0.995575
Q3-2023,625,0.995575
Q3-2023,626,0.995571
Q3-2023,627,0.995554
Q3-2023,628,0.995209
Q3-2023,629,0.995551
Q3-2023,630,0.994867
Q3-2023,631,0.99521
Q3-2023,632,0.991447
Q3-2023,633,0.995548
Q3-2023,634,0.995205
Q3-2023,635,0.994521
Q3-2023,636,0.995551
Q3-2023,637,0.962355
Q3-2023,638,0.994522
Q3-2023,639,0.993153
Q3-2023,640,0.995546
Q3-2023,641,0.995204
Q3-2023,642,0.995548
Q3-2023,643,0.995549
Q3-2023,644,0.995549
Q3-2023,645,0.995551
Q3-2023,646,0.995553
Q3-2023,647,0.991786
Q3-2023,648,0.093836
Q3-2023,649,0.995205
Q3-2023,650,0.995534
Q3-2023,651,0.995189
Q3-2023,652,0.99553
Q3-2023,653,0.995528
Q3-2023,654,0.994496
Q3-2023,655,1.0
Q3-2023,656,0.99553
Q3-2023,657,0.990709
Q3-2023,658,0.995526
Q3-2023,659,0.995526
Q3-2023,660,0.995523
Q3-2023,661,0.995523
Q3-2023,662,0.993455
Q3-2023,663,0.995522
Q3-2023,664,0.992077
Q3-2023,665,0.99552
Q3-2023,666,0.092631
Q3-2023,667,0.995181
Q3-2023,668,0.091595
Q3-2023,669,0.995199
Q3-2023,670,0.995197
Q3-2023,671,0.995196
Q3-2023,672,0.994526
Q3-2023,673,0.993533
Q3-2023,674,0.995238
Q3-2023,675,0.995236
Q3-2023,676,0.995236
Q3-2023,677,0.994896
Q3-2023,678,0.995238
Q3-2023,679,1.0
Q3-2023,680,0.989413
Q3-2023,681,1.0
Q3-2023,682,0.956982
Q3-2023,683,0.995223
Q3-2023,684,0.099419
Q3-2023,685,0.995217
Q3-2023,686,0.914188
Q3-2023,687,0.995212
Q3-2023,688,0.991105
Q3-2023,689,0.993162
Q3-2023,690,0.99522
Q3-2023,691,0.993857
Q3-2023,692,0.990785
Q3-2023,693,0.995225
Q3-2023,694,0.993859
Q3-2023,695,0.994884
Q3-2023,696,0.995225
Q3-2023,697,0.995223
Q3-2023,698,0.989768
Q3-2023,699,0.995222
Q3-2023,700,0.995223
Q3-2023,701,0.949164
Q3-2023,702,0.995225
Q3-2023,703,0.990447
Q3-2023,704,0.093825
Q3-2023,705,0.995223
Q3-2023,706,0.994196
Q3-2023,707,0.99522
Q3-2023,708,0.961749
Q3-2023,709,0.990096
Q3-2023,710,0.994194
Q3-2023,711,0.993855
Q3-2023,712,0.994537
Q3-2023,713,0.99522
Q3-2023,714,0.991114
Q3-2023,715,0.994874
Q3-2023,716,0.960027
Q3-2023,717,0.995217
Q3-2023,718,0.995217
Q3-2023,719,0.047473
Q3-2023,720,0.991465
Q3-2023,721,0.993169
Q3-2023,722,0.993511
Q3-2023,723,0.988046
Q3-2023,724,0.993509
Q3-2023,725,0.995559
Q3-2023,726,0.995217
Q3-2023,727,0.995219
Q3-2023,728,0.995219
Q3-2023,729,0.994194
Q3-2023,730,0.948411
Q3-2023,731,0.993509
Q3-2023,732,0.994534
Q3-2023,733,0.995559
Q3-2023,734,0.948411
Q3-2023,735,0.995219
Q3-2023,736,0.995219
Q3-2023,737,0.994536
Q3-2023,738,0.948429
Q3-2023,739,0.994536
Q3-2023,740,0.995219
Q3-2023,741,0.995219
Q3-2023,742,0.995219
Q3-2023,743,0.991459
Q3-2023,744,0.994875
Q3-2023,745,0.995217
Q3-2023,746,0.096344
Q3-2023,747,0.995217
Q3-2023,748,0.995214
Q3-2023,749,0.995217
Q3-2023,750,0.994534
Q3-2023,751,0.995219
Q3-2023,752,0.990431
Q3-2023,753,0.98906
Q3-2023,754,0.9935
Q3-2023,755,0.99487
Q3-2023,756,0.995896
Q3-2023,757,0.995553
Q3-2023,758,0.995895
Q3-2023,759,0.995882
Q3-2023,760,0.995878
Q3-2023,761,0.994849
Q3-2023,762,0.995537
Q3-2023,763,0.094553
Q3-2023,764,0.999658
Q3-2023,765,0.995896
Q3-2023,766,0.949042
Q3-2023,767,0.995897
Q3-2023,768,0.99453
Q3-2023,769,0.995913
Q3-2023,770,0.995914
Q3-2023,771,0.995574
Q3-2023,772,0.993531
Q3-2023,773,0.994893
Q3-2023,774,0.947566
Q3-2023,775,0.995914
Q3-2023,776,0.994552
Q3-2023,777,0.995914
Q3-2023,778,0.995574
Q3-2023,779,0.948587
Q3-2023,780,0.995913
Q3-2023,781,0.094572
Q3-2023,782,0.995903
Q3-2023,783,0.995903
Q3-2023,784,0.962445
Q3-2023,785,0.995904
Q3-2023,786,0.092801
Q3-2023,787,0.995904
Q3-2023,788,0.992147
Q3-2023,789,0.994875
Q3-2023,790,0.949436
Q3-2023,791,0.9959
Q3-2023,792,0.99044
Q3-2023,793,0.995217
Q3-2023,794,0.99556
Q3-2023,795,0.995219
Q3-2023,796,0.999659
Q3-2023,797,0.916012
Q3-2023,798,0.990782
Q3-2023,799,0.99556
Q3-2023,800,0.99556
Q3-2023,801,0.995562
Q3-2023,802,0.995562
Q3-2023,803,0.992833
Q3-2023,804,0.995563
Q3-2023,805,0.995217
Q3-2023,806,0.995217
Q3-2023,807,0.949095
Q3-2023,808,0.995215
Q3-2023,809,0.962748
Q3-2023,810,0.958974
Q3-2023,811,0.962735
Q3-2023,812,0.995559
Q3-2023,813,0.962761
Q3-2023,814,0.995559
Q3-2023,815,0.995557
Q3-2023,816,0.995559
Q3-2023,817,0.991462
Q3-2023,818,0.995219
Q3-2023,819,0.995562
Q3-2023,820,0.994196
Q3-2023,821,0.989758
Q3-2023,822,0.991806
Q3-2023,823,0.994196
Q3-2023,824,0.995563
Q3-2023,825,0.994198
Q3-2023,826,0.995563
Q3-2023,827,0.995563
Q3-2023,828,0.995222
Q3-2023,829,0.995222
Q3-2023,830,0.993176
Q3-2023,831,0.995223
Q3-2023,832,0.990102
Q3-2023,833,0.995223
Q3-2023,834,0.993518
Q3-2023,835,0.995223
Q3-2023,836,0.995563
Q3-2023,837,0.995563
Q3-2023,838,0.094881
Q3-2023,839,0.09215
Q3-2023,840,0.995563
Q3-2023,841,0.994879
Q3-2023,842,0.995563
Q3-2023,843,0.949147
Q3-2023,844,0.991809
Q3-2023,845,0.989761
Q3-2023,846,0.991809
Q3-2023,847,0.995563
Q3-2023,848,0.995563
Q3-2023,849,0.992833
Q3-2023,850,0.995563
Q3-2023,851,0.995562
Q3-2023,852,0.995562
Q3-2023,853,0.995562
Q3-2023,854,0.995562
Q3-2023,855,0.995562
Q3-2023,856,0.99522
Q3-2023,857,0.995562
Q3-2023,858,0.957665
Q3-2023,859,0.994537
Q3-2023,860,0.995562
Q3-2023,861,0.060772
Q3-2023,862,0.990782
Q3-2023,863,0.995563
Q3-2023,864,0.99044
Q3-2023,865,0.994879
Q3-2023,866,0.994859
Q3-2023,867,0.995543
Q3-2023,868,0.995543
Q3-2023,869,0.995543
Q3-2023,870,0.995201
Q3-2023,871,0.948234
Q3-2023,872,0.995543
Q3-2023,873,0.995548
Q3-2023,874,0.992129
Q3-2023,875,0.993186
Q3-2023,876,0.961866
Q3-2023,877,0.990466
Q3-2023,878,0.994891
Q3-2023,879,0.994889
Q3-2023,880,0.946489
Q3-2023,881,0.991476
Q3-2023,882,0.995219
Q3-2023,883,0.095075
Q3-2023,884,0.995209
Q3-2023,885,0.091376
Q3-2023,886,0.995209
Q3-2023,887,0.995205
Q3-2023,888,0.993836
Q3-2023,889,0.995205
Q3-2023,890,0.959247
Q3-2023,891,0.995207
Q3-2023,892,0.989387
Q3-2023,893,0.990065
Q3-2023,894,0.995202
Q3-2023,895,0.991435
Q3-2023,896,0.994861
Q3-2023,897,0.995204
Q3-2023,898,0.994519
Q3-2023,899,0.094798
Q3-2023,900,0.995209
Q3-2023,901,0.994865
Q3-2023,902,0.995209
Q3-2023,903,0.99521
Q3-2023,904,0.994868
Q3-2023,905,0.99521
Q3-2023,906,0.99521
Q3-2023,907,0.993842
Q3-2023,908,0.995212
Q3-2023,909,0.99521
Q3-2023,910,0.99521
Q3-2023,911,0.094766
Q3-2023,912,0.99521
Q3-2023,913,0.993842
Q3-2023,914,0.948683
Q3-2023,915,0.99521
Q3-2023,916,0.991444
Q3-2023,917,0.995209
Q3-2023,918,0.995204
Q3-2023,919,0.98938
Q3-2023,920,0.991424
Q3-2023,921,0.995881
Q3-2023,922,0.995882
Q3-2023,923,0.99554
Q3-2023,924,0.992453
Q3-2023,925,0.962594
Q3-2023,926,0.994164
Q3-2023,927,0.996225
Q3-2023,928,0.996224
Q3-2023,929,0.994162
Q3-2023,930,0.995882
Q3-2023,931,0.96295
Q3-2023,932,0.996223
Q3-2023,933,0.996224
Q3-2023,934,0.996225
Q3-2023,935,0.996225
Q3-2023,936,0.996226
Q3-2023,937,0.959135
Q3-2023,938,0.993819
Q3-2023,939,0.090003
Q3-2023,940,0.962912
Q3-2023,941,0.996223
Q3-2023,942,0.995879
Q3-2023,943,0.996224
Q3-2023,944,0.995882
Q3-2023,945,0.96295
Q3-2023,946,0.996225
Q3-2023,947,0.996225
Q3-2023,948,0.996226
Q3-2023,949,0.995196
Q3-2023,950,0.996226
Q3-2023,951,0.991078
Q3-2023,952,0.996224
Q3-2023,953,0.995192
Q3-2023,954,0.966712
Q3-2023,955,0.948903
Q3-2023,956,0.995197
Q3-2023,957,0.994851
Q3-2023,958,0.995536
Q3-2023,959,0.961288
Q3-2023,960,0.995559
Q3-2023,961,0.995562
Q3-2023,962,0.094848
Q3-2023,963,0.995223
Q3-2023,964,0.948823
Q3-2023,965,0.995562
Q3-2023,966,0.995572
Q3-2023,967,0.989105
Q3-2023,968,0.990807
Q3-2023,969,0.997957
Q3-2023,970,0.995574
Q3-2023,971,0.995574
Q3-2023,972,0.995574
Q3-2023,973,0.994552
Q3-2023,974,0.990129
Q3-2023,975,0.994554
Q3-2023,976,0.995575
Q3-2023,977,0.093601
Q3-2023,978,0.995575
Q3-2023,979,0.991831
Q3-2023,980,0.995235
Q3-2023,981,0.962219
Q3-2023,982,0.995575
Q3-2023,983,0.995235
Q3-2023,984,0.995235
Q3-2023,985,0.993531
Q3-2023,986,0.995235
Q3-2023,987,0.094622
Q3-2023,988,0.995235
Q3-2023,989,0.995235
Q3-2023,990,0.995233
Q3-2023,991,0.995192
Q3-2023,992,0.993471
Q3-2023,993,0.094845
Q3-2023,994,0.995189
Q3-2023,995,0.948454
Q3-2023,996,0.947423
Q3-2023,997,0.994844
Q3-2023,998,0.9945
Q3-2023,999,0.995187
Q3-2023,1000,0.995187
Q3-2023,1001,0.962186
Q3-2023,1002,0.95978
Q3-2023,1003,0.995189
Q3-2023,1004,0.994502
Q3-2023,1005,0.944655
Q3-2023,1006,0.962186
Q3-2023,1007,0.995187
Q3-2023,1008,0.995187
Q3-2023,1009,0.995187
Q3-2023,1010,0.990375
Q3-2023,1011,0.995186
Q3-2023,1012,0.994842
Q3-2023,1013,0.948418
Q3-2023,1014,0.948418
Q3-2023,1015,0.941217
Q3-2023,1016,0.088003
Q3-2023,1017,0.995187
Q3-2023,1018,0.995189
Q3-2023,1019,0.995189
Q3-2023,1020,0.944655
Q3-2023,1021,0.992779
Q3-2023,1022,0.061554
Q3-2023,1023,0.995186
Q3-2023,1024,0.993812
Q3-2023,1025,0.990375
Q3-2023,1026,0.995187
Q3-2023,1027,0.995187
Q3-2023,1028,0.99381
Q3-2023,1029,0.995187
Q3-2023,1030,0.994156
Q3-2023,1031,0.995186
Q3-2023,1032,0.995186
Q3-2023,1033,0.994154
Q3-2023,1034,0.995184
Q3-2023,1035,0.993125
Q3-2023,1036,0.995187
Q3-2023,1037,0.995187
Q3-2023,1038,0.994156
Q3-2023,1039,0.995187
Q3-2023,1040,0.995187
Q3-2023,1041,0.995187
Q3-2023,1042,0.993812
Q3-2023,1043,0.995187
Q3-2023,1044,0.995187
Q3-2023,1045,0.995189
Q3-2023,1046,0.994847
Q3-2023,1047,0.995191
Q3-2023,1048,0.993473
Q3-2023,1049,0.995191
Q3-2023,1050,0.995191
Q3-2023,1051,0.094813
Q3-2023,1052,0.993817
Q3-2023,1053,0.094469
Q3-2023,1054,0.995191
Q3-2023,1055,0.995191
Q3-2023,1056,0.995191
Q3-2023,1057,0.994847
Q3-2023,1058,0.991412
Q3-2023,1059,0.995191
Q3-2023,1060,0.942975
Q3-2023,1061,0.094126
Q3-2023,1062,0.994849
Q3-2023,1063,0.995192
Q3-2023,1064,0.995192
Q3-2023,1065,0.961882
Q3-2023,1066,0.993819
Q3-2023,1067,0.995574
Q3-2023,1068,0.995575
Q3-2023,1069,0.994214
Q3-2023,1070,0.993533
Q3-2023,1071,0.995575
Q3-2023,1072,0.995575
Q3-2023,1073,0.995235
Q3-2023,1074,0.995575
Q3-2023,1075,0.995575
Q3-2023,1076,0.99081
Q3-2023,1077,0.995575
Q3-2023,1078,0.993533
Q3-2023,1079,0.995233
Q3-2023,1080,0.994549
Q3-2023,1081,0.995559
Q3-2023,1082,0.995559
Q3-2023,1083,0.948753
Q3-2023,1084,0.995559
Q3-2023,1085,0.994875
Q3-2023,1086,0.995557
Q3-2023,1087,0.995557
Q3-2023,1088,0.994874
Q3-2023,1089,0.992481
Q3-2023,1090,0.995557
Q3-2023,1091,0.995215
Q3-2023,1092,0.995557
Q3-2023,1093,0.992481
Q3-2023,1094,0.99385
Q3-2023,1095,0.994534
Q3-2023,1096,0.994534
Q3-2023,1097,0.995217
Q3-2023,1098,0.99385
Q3-2023,1099,0.995217
Q3-2023,1100,0.94807
Q3-2023,1101,0.995217
Q3-2023,1102,0.995217
Q3-2023,1103,0.992142
Q3-2023,1104,0.995217
Q3-2023,1105,0.994877
Q3-2023,1106,0.994194
Q3-2023,1107,0.995219
Q3-2023,1108,0.995219
Q3-2023,1109,0.994877
Q3-2023,1110,0.995219
Q3-2023,1111,0.995219
Q3-2023,1112,0.995219
Q3-2023,1113,0.995219
Q3-2023,1114,0.990092
Q3-2023,1115,0.995215
Q3-2023,1116,0.089853
Q3-2023,1117,0.961736
Q3-2023,1118,0.993167
Q3-2023,1119,0.9918
Q3-2023,1120,0.994875
Q3-2023,1121,0.995217
Q3-2023,1122,0.991117
Q3-2023,1123,0.995215
Q3-2023,1124,0.99419
Q3-2023,1125,0.9918
Q3-2023,1126,0.995217
Q3-2023,1127,0.994875
Q3-2023,1128,0.941578
Q3-2023,1129,0.09327
Q3-2023,1130,0.995217
Q3-2023,1131,0.995217
Q3-2023,1132,0.994875
Q3-2023,1133,0.093953
Q3-2023,1134,0.990437
Q3-2023,1135,0.994877
Q3-2023,1136,0.995217
Q3-2023,1137,0.995559
Q3-2023,1138,0.995559
Q3-2023,1139,0.994534
Q3-2023,1140,0.962077
Q3-2023,1141,0.09501
Q3-2023,1142,0.995557
Q3-2023,1143,0.995557
Q3-2023,1144,0.991456
Q3-2023,1145,0.994532
Q3-2023,1146,0.994532
Q3-2023,1147,0.995557
Q3-2023,1148,0.994874
Q3-2023,1149,0.948052
Q3-2023,1150,0.990772
Q3-2023,1151,0.995557
Q3-2023,1152,0.995557
Q3-2023,1153,0.993848
Q3-2023,1154,0.961722
Q3-2023,1155,0.995557
Q3-2023,1156,0.995557
Q3-2023,1157,0.995557
Q3-2023,1158,0.995557
Q3-2023,1159,0.995557
Q3-2023,1160,0.995557
Q3-2023,1161,0.993504
Q3-2023,1162,0.995557
Q3-2023,1163,0.948735
Q3-2023,1164,0.994874
Q3-2023,1165,0.962064
Q3-2023,1166,0.995537
Q3-2023,1167,0.095026
Q3-2023,1168,0.995196
Q3-2023,1169,0.960946
Q3-2023,1170,0.94827
Q3-2023,1171,0.995546
Q3-2023,1172,0.994519
Q3-2023,1173,0.948613
Q3-2023,1174,0.995202
Q3-2023,1175,0.995545
Q3-2023,1176,0.99109
Q3-2023,1177,0.995202
Q3-2023,1178,0.993146
Q3-2023,1179,0.0939
Q3-2023,1180,0.995546
Q3-2023,1181,0.994176
Q3-2023,1182,0.991778
Q3-2023,1183,0.995526
Q3-2023,1184,0.995525
Q3-2023,1185,0.995523
Q3-2023,1186,0.99449
Q3-2023,1187,0.947332
Q3-2023,1188,0.994492
Q3-2023,1189,0.995525
Q3-2023,1190,0.995523
Q3-2023,1191,0.995519
Q3-2023,1192,0.995519
Q3-2023,1193,0.092006
Q3-2023,1194,0.99552
Q3-2023,1195,0.994142
Q3-2023,1196,0.995519
Q3-2023,1197,0.958635
Q3-2023,1198,0.995174
Q3-2023,1199,0.99552
Q3-2023,1200,0.962095
Q3-2023,1201,0.994487
Q3-2023,1202,0.948347
Q3-2023,1203,0.995523
Q3-2023,1204,0.995522
Q3-2023,1205,0.992074
Q3-2023,1206,0.960055
Q3-2023,1207,0.995522
Q3-2023,1208,0.995523
Q3-2023,1209,0.992077
Q3-2023,1210,0.992077
Q3-2023,1211,0.995522
Q3-2023,1212,0.948294
Q3-2023,1213,0.995519
Q3-2023,1214,0.962427
Q3-2023,1215,0.995519
Q3-2023,1216,0.945881
Q3-2023,1217,0.995519
Q3-2023,1218,0.991727
Q3-2023,1219,0.09445
Q3-2023,1220,0.995519
Q3-2023,1221,0.090658
Q3-2023,1222,0.09445
Q3-2023,1223,0.995519
Q3-2023,1224,0.993795
Q3-2023,1225,0.992072
Q3-2023,1226,0.995519
Q3-2023,1227,0.948294
Q3-2023,1228,0.995174
Q3-2023,1229,0.094795
Q3-2023,1230,0.995517
Q3-2023,1231,0.994483
Q3-2023,1232,0.995517
Q3-2023,1233,0.094893
Q3-2023,1234,0.994136
Q3-2023,1235,0.938966
Q3-2023,1236,0.045517
Q3-2023,1237,0.995174
Q3-2023,1238,0.995182
Q3-2023,1239,0.960535
Q3-2023,1240,0.954717
Q3-2023,1241,0.987993
Q3-2023,1242,0.992801
Q3-2023,1243,0.045267
Q3-2023,1244,0.995202
Q3-2023,1245,0.993829
Q3-2023,1246,0.948234
Q3-2023,1247,0.953034
Q3-2023,1248,0.944806
Q3-2023,1249,0.961947
Q3-2023,1250,0.061343
Q3-2023,1251,0.994858
Q3-2023,1252,0.993144
Q3-2023,1253,0.990401
Q3-2023,1254,0.995201
Q3-2023,1255,0.995201
Q3-2023,1256,0.995201
Q3-2023,1257,0.962264
Q3-2023,1258,0.094029
Q3-2023,1259,0.990395
Q3-2023,1260,0.995197
Q3-2023,1261,0.995202
Q3-2023,1262,0.995202
Q3-2023,1263,0.995197
Q3-2023,1264,0.091974
Q3-2023,1265,0.950604
Q3-2023,1266,0.964051
Q3-2023,1267,0.997578
Q3-2023,1268,0.997569
Q3-2023,1269,0.997449
Q3-2023,1270,0.939655
Q3-2023,1271,0.631579
Q3-2023,1272,0.631579
Q3-2023,1273,0.0
Q4-2023,1,0.0
Q4-2023,2,0.0
Q4-2023,3,0.0
Q4-2023,4,0.0
Q4-2023,5,0.008189
Q4-2023,6,0.000455
Q4-2023,7,0.0
Q4-2023,8,0.00091
Q4-2023,9,0.0
Q4-2023,10,0.0
Q4-2023,11,0.0
Q4-2023,12,0.0
Q4-2023,13,0.0
Q4-2023,14,0.018739
Q4-2023,15,0.000457
Q4-2023,16,0.000913
Q4-2023,17,0.325114
Q4-2023,18,0.325858
Q4-2023,19,0.964695
Q4-2023,20,0.326465
Q4-2023,21,0.34677
Q4-2023,22,0.32967
Q4-2023,23,0.327206
Q4-2023,24,0.993207
Q4-2023,25,1.0
Q4-2023,26,0.985089
Q4-2023,27,0.986051
Q4-2023,28,0.937092
Q4-2023,29,0.936508
Q4-2023,30,0.936574
Q4-2023,31,0.936309
Q4-2023,32,0.936871
Q4-2023,33,0.918078
Q4-2023,34,0.937357
Q4-2023,35,0.9369
Q4-2023,36,0.9369
Q4-2023,37,0.935897
Q4-2023,38,0.634492
Q4-2023,39,0.934434
Q4-2023,40,0.934404
Q4-2023,41,0.934832
Q4-2023,42,0.934832
Q4-2023,43,0.934832
Q4-2023,44,0.934832
Q4-2023,45,0.934343
Q4-2023,46,0.636072
Q4-2023,47,0.935262
Q4-2023,48,0.931129
Q4-2023,49,0.606339
Q4-2023,50,0.939366
Q4-2023,51,0.934803
Q4-2023,52,0.961009
Q4-2023,53,0.934404
Q4-2023,54,0.91055
Q4-2023,55,0.323853
Q4-2023,56,0.934832
Q4-2023,57,0.936121
Q4-2023,58,0.933028
Q4-2023,59,0.615985
Q4-2023,60,0.935232
Q4-2023,61,0.934803
Q4-2023,62,0.934803
Q4-2023,63,0.935232
Q4-2023,64,0.935662
Q4-2023,65,0.935262
Q4-2023,66,0.326446
Q4-2023,67,0.934803
Q4-2023,68,0.952737
Q4-2023,69,0.958782
Q4-2023,70,0.959231
Q4-2023,71,0.939715
Q4-2023,72,0.334102
Q4-2023,73,0.329792
Q4-2023,74,0.938804
Q4-2023,75,0.94012
Q4-2023,76,0.940092
Q4-2023,77,0.94012
Q4-2023,78,0.940526
Q4-2023,79,0.940065
Q4-2023,80,0.940526
Q4-2023,81,0.938681
Q4-2023,82,0.329645
Q4-2023,83,0.97786
Q4-2023,84,0.940526
Q4-2023,85,0.941014
Q4-2023,86,0.936954
Q4-2023,87,0.940635
Q4-2023,88,0.940635
Q4-2023,89,0.940635
Q4-2023,90,0.940635
Q4-2023,91,0.940635
Q4-2023,92,0.940717
Q4-2023,93,0.940744
Q4-2023,94,0.940744
Q4-2023,95,0.941203
Q4-2023,96,0.940744
Q4-2023,97,0.940744
Q4-2023,98,0.933854
Q4-2023,99,0.940744
Q4-2023,100,0.639412
Q4-2023,101,0.940717
Q4-2023,102,0.941176
Q4-2023,103,0.940717
Q4-2023,104,0.94069
Q4-2023,105,0.934192
Q4-2023,106,0.940635
Q4-2023,107,0.933732
Q4-2023,108,0.638122
Q4-2023,109,0.939366
Q4-2023,110,0.940744
Q4-2023,111,0.940961
Q4-2023,112,0.940744
Q4-2023,113,0.940744
Q4-2023,114,0.940608
Q4-2023,115,0.940608
Q4-2023,116,0.934592
Q4-2023,117,0.64243
Q4-2023,118,0.936954
Q4-2023,119,0.940635
Q4-2023,120,0.936954
Q4-2023,121,0.64243
Q4-2023,122,0.328118
Q4-2023,123,0.940635
Q4-2023,124,0.940635
Q4-2023,125,0.933763
Q4-2023,126,0.939742
Q4-2023,127,0.348046
Q4-2023,128,0.94069
Q4-2023,129,0.94069
Q4-2023,130,0.933793
Q4-2023,131,0.93931
Q4-2023,132,0.94069
Q4-2023,133,0.936092
Q4-2023,134,0.94069
Q4-2023,135,0.925977
Q4-2023,136,0.94069
Q4-2023,137,0.94069
Q4-2023,138,0.940635
Q4-2023,139,0.941041
Q4-2023,140,0.943309
Q4-2023,141,0.944728
Q4-2023,142,1.0
Q4-2023,143,0.951242
Q4-2023,144,0.986011
Q4-2023,145,0.945858
Q4-2023,146,0.974549
Q4-2023,147,0.923255
Q4-2023,148,0.941748
Q4-2023,149,0.930652
Q4-2023,150,0.937124
Q4-2023,151,0.355062
Q4-2023,152,0.946371
Q4-2023,153,0.944521
Q4-2023,154,0.642691
Q4-2023,155,0.642691
Q4-2023,156,0.943511
Q4-2023,157,0.975176
Q4-2023,158,0.967198
Q4-2023,159,0.943272
Q4-2023,160,0.942804
Q4-2023,161,0.940928
Q4-2023,162,0.929208
Q4-2023,163,0.943272
Q4-2023,164,0.940928
Q4-2023,165,0.929677
Q4-2023,166,0.943272
Q4-2023,167,0.943272
Q4-2023,168,0.942804
Q4-2023,169,0.943484
Q4-2023,170,0.943563
Q4-2023,171,0.943825
Q4-2023,172,0.944007
Q4-2023,173,0.944059
Q4-2023,174,0.944085
Q4-2023,175,0.94058
Q4-2023,176,0.91755
Q4-2023,177,0.941041
Q4-2023,178,0.941475
Q4-2023,179,0.933671
Q4-2023,180,0.935053
Q4-2023,181,0.918931
Q4-2023,182,0.931494
Q4-2023,183,0.974701
Q4-2023,184,0.934374
Q4-2023,185,0.918733
Q4-2023,186,0.936639
Q4-2023,187,0.936668
Q4-2023,188,0.929784
Q4-2023,189,0.940799
Q4-2023,190,0.942122
Q4-2023,191,0.941716
Q4-2023,192,0.642792
Q4-2023,193,0.94169
Q4-2023,194,0.940799
Q4-2023,195,0.94123
Q4-2023,196,0.942122
Q4-2023,197,0.941203
Q4-2023,198,0.942122
Q4-2023,199,0.942122
Q4-2023,200,0.366559
Q4-2023,201,0.942122
Q4-2023,202,0.3661
Q4-2023,203,0.941663
Q4-2023,204,0.94169
Q4-2023,205,0.941716
Q4-2023,206,0.941716
Q4-2023,207,0.94169
Q4-2023,208,0.941716
Q4-2023,209,0.940744
Q4-2023,210,0.941716
Q4-2023,211,0.963951
Q4-2023,212,0.377986
Q4-2023,213,1.0
Q4-2023,214,0.932133
Q4-2023,215,0.932476
Q4-2023,216,0.960973
Q4-2023,217,0.93162
Q4-2023,218,0.932538
Q4-2023,219,0.932966
Q4-2023,220,0.932538
Q4-2023,221,0.932904
Q4-2023,222,0.932904
Q4-2023,223,0.611851
Q4-2023,224,0.932414
Q4-2023,225,0.906355
Q4-2023,226,0.524342
Q4-2023,227,0.917226
Q4-2023,228,0.91718
Q4-2023,229,0.909905
Q4-2023,230,0.91718
Q4-2023,231,0.421377
Q4-2023,232,0.917087
Q4-2023,233,0.912045
Q4-2023,234,0.917133
Q4-2023,235,0.916013
Q4-2023,236,0.425532
Q4-2023,237,0.917133
Q4-2023,238,0.917647
Q4-2023,239,0.917647
Q4-2023,240,0.912605
Q4-2023,241,0.522689
Q4-2023,242,0.912045
Q4-2023,243,0.917647
Q4-2023,244,0.898039
Q4-2023,245,0.957423
Q4-2023,246,0.917087
Q4-2023,247,0.916573
Q4-2023,248,0.917601
Q4-2023,249,0.917647
Q4-2023,250,0.918207
Q4-2023,251,0.918207
Q4-2023,252,0.944538
Q4-2023,253,0.920404
Q4-2023,254,0.889574
Q4-2023,255,0.908123
Q4-2023,256,0.915966
Q4-2023,257,0.430812
Q4-2023,258,0.919283
Q4-2023,259,0.918161
Q4-2023,260,0.042601
Q4-2023,261,0.916527
Q4-2023,262,0.90639
Q4-2023,263,0.90583
Q4-2023,264,0.956303
Q4-2023,265,0.419048
Q4-2023,266,0.531092
Q4-2023,267,0.918207
Q4-2023,268,0.918207
Q4-2023,269,0.905671
Q4-2023,270,0.915216
Q4-2023,271,0.918024
Q4-2023,272,0.918024
Q4-2023,273,0.918024
Q4-2023,274,0.912409
Q4-2023,275,0.918024
Q4-2023,276,0.909091
Q4-2023,277,0.917508
Q4-2023,278,0.91807
Q4-2023,279,0.918116
Q4-2023,280,0.91419
Q4-2023,281,0.918024
Q4-2023,282,0.916994
Q4-2023,283,0.917978
Q4-2023,284,0.913997
Q4-2023,285,0.918024
Q4-2023,286,0.931734
Q4-2023,287,0.610473
Q4-2023,288,0.355076
Q4-2023,289,0.932966
Q4-2023,290,0.348944
Q4-2023,291,0.93162
Q4-2023,292,0.932997
Q4-2023,293,0.610831
Q4-2023,294,0.933425
Q4-2023,295,0.933547
Q4-2023,296,0.92579
Q4-2023,297,0.932203
Q4-2023,298,0.933181
Q4-2023,299,0.612815
Q4-2023,300,0.357895
Q4-2023,301,0.934036
Q4-2023,302,0.917965
Q4-2023,303,0.934464
Q4-2023,304,0.93312
Q4-2023,305,0.934036
Q4-2023,306,0.933578
Q4-2023,307,0.935839
Q4-2023,308,0.934005
Q4-2023,309,0.934464
Q4-2023,310,0.934464
Q4-2023,311,0.934464
Q4-2023,312,0.934464
Q4-2023,313,0.934434
Q4-2023,314,0.933058
Q4-2023,315,0.933547
Q4-2023,316,0.934464
Q4-2023,317,0.934892
Q4-2023,318,0.934892
Q4-2023,319,0.934892
Q4-2023,320,0.933028
Q4-2023,321,0.928474
Q4-2023,322,0.92714
Q4-2023,323,0.924022
Q4-2023,324,0.928084
Q4-2023,325,0.928116
Q4-2023,326,0.924648
Q4-2023,327,0.92559
Q4-2023,328,0.92559
Q4-2023,329,0.925556
Q4-2023,330,0.924229
Q4-2023,331,0.607532
Q4-2023,332,0.958258
Q4-2023,333,0.925136
Q4-2023,334,0.918441
Q4-2023,335,0.923879
Q4-2023,336,0.924717
Q4-2023,337,0.924297
Q4-2023,338,0.353741
Q4-2023,339,1.0
Q4-2023,340,0.924614
Q4-2023,341,0.923706
Q4-2023,342,0.914623
Q4-2023,343,0.924614
Q4-2023,344,0.355586
Q4-2023,345,0.920491
Q4-2023,346,0.967288
Q4-2023,347,0.92458
Q4-2023,348,0.35393
Q4-2023,349,0.920491
Q4-2023,350,0.924125
Q4-2023,351,0.924614
Q4-2023,352,0.925976
Q4-2023,353,0.924614
Q4-2023,354,0.923252
Q4-2023,355,0.921889
Q4-2023,356,0.957766
Q4-2023,357,0.923706
Q4-2023,358,0.92416
Q4-2023,359,0.923252
Q4-2023,360,0.920527
Q4-2023,361,0.92458
Q4-2023,362,0.914584
Q4-2023,363,0.92458
Q4-2023,364,0.92458
Q4-2023,365,0.352567
Q4-2023,366,0.92458
Q4-2023,367,0.924545
Q4-2023,368,0.96547
Q4-2023,369,0.92458
Q4-2023,370,0.92458
Q4-2023,371,0.998183
Q4-2023,372,0.354765
Q4-2023,373,0.996352
Q4-2023,374,0.592153
Q4-2023,375,0.999087
Q4-2023,376,1.0
Q4-2023,377,0.920293
Q4-2023,378,0.925824
Q4-2023,379,0.926248
Q4-2023,380,0.92674
Q4-2023,381,0.92674
Q4-2023,382,0.92674
Q4-2023,383,0.92674
Q4-2023,384,0.92674
Q4-2023,385,0.925824
Q4-2023,386,0.92674
Q4-2023,387,0.607143
Q4-2023,388,0.925366
Q4-2023,389,0.92674
Q4-2023,390,0.92086
Q4-2023,391,0.926807
Q4-2023,392,0.925926
Q4-2023,393,0.926874
Q4-2023,394,0.926027
Q4-2023,395,0.924201
Q4-2023,396,0.926027
Q4-2023,397,0.926027
Q4-2023,398,0.926027
Q4-2023,399,0.926027
Q4-2023,400,0.926027
Q4-2023,401,0.925114
Q4-2023,402,0.925114
Q4-2023,403,0.961644
Q4-2023,404,0.925298
Q4-2023,405,1.0
Q4-2023,406,0.925586
Q4-2023,407,0.925586
Q4-2023,408,1.0
Q4-2023,409,0.915828
Q4-2023,410,0.925011
Q4-2023,411,0.924943
Q4-2023,412,0.924166
Q4-2023,413,0.606213
Q4-2023,414,0.924166
Q4-2023,415,0.924166
Q4-2023,416,0.918228
Q4-2023,417,0.99863
Q4-2023,418,0.924132
Q4-2023,419,0.924132
Q4-2023,420,0.921846
Q4-2023,421,0.921846
Q4-2023,422,0.924097
Q4-2023,423,0.923182
Q4-2023,424,0.924097
Q4-2023,425,0.924236
Q4-2023,426,0.924236
Q4-2023,427,0.916476
Q4-2023,428,0.923779
Q4-2023,429,0.92427
Q4-2023,430,0.92427
Q4-2023,431,0.92427
Q4-2023,432,0.92427
Q4-2023,433,0.924305
Q4-2023,434,0.92427
Q4-2023,435,0.92427
Q4-2023,436,0.92427
Q4-2023,437,0.921989
Q4-2023,438,0.913361
Q4-2023,439,0.923393
Q4-2023,440,0.991332
Q4-2023,441,0.923849
Q4-2023,442,0.92427
Q4-2023,443,0.606296
Q4-2023,444,0.926129
Q4-2023,445,0.998176
Q4-2023,446,0.992245
Q4-2023,447,0.92427
Q4-2023,448,0.92357
Q4-2023,449,0.351648
Q4-2023,450,0.956044
Q4-2023,451,0.92033
Q4-2023,452,0.367647
Q4-2023,453,0.924667
Q4-2023,454,0.606422
Q4-2023,455,0.950459
Q4-2023,456,0.961009
Q4-2023,457,0.919725
Q4-2023,458,0.352294
Q4-2023,459,0.92156
Q4-2023,460,1.0
Q4-2023,461,0.925756
Q4-2023,462,0.92484
Q4-2023,463,0.925756
Q4-2023,464,0.925756
Q4-2023,465,0.923958
Q4-2023,466,0.925332
Q4-2023,467,0.925332
Q4-2023,468,0.352968
Q4-2023,469,0.925605
Q4-2023,470,0.925706
Q4-2023,471,0.925706
Q4-2023,472,0.925706
Q4-2023,473,0.925706
Q4-2023,474,0.925673
Q4-2023,475,0.930264
Q4-2023,476,0.924339
Q4-2023,477,1.0
Q4-2023,478,1.0
Q4-2023,479,0.922516
Q4-2023,480,0.924692
Q4-2023,481,0.958867
Q4-2023,482,0.898995
Q4-2023,483,0.957556
Q4-2023,484,1.0
Q4-2023,485,0.932172
Q4-2023,486,0.696191
Q4-2023,487,0.936871
Q4-2023,488,0.936414
Q4-2023,489,0.935499
Q4-2023,490,0.976212
Q4-2023,491,0.935041
Q4-2023,492,0.936384
Q4-2023,493,0.935985
Q4-2023,494,0.939726
Q4-2023,495,0.933394
Q4-2023,496,0.934793
Q4-2023,497,0.936617
Q4-2023,498,0.999088
Q4-2023,499,0.935822
Q4-2023,500,0.936732
Q4-2023,501,1.0
Q4-2023,502,0.932211
Q4-2023,503,0.934031
Q4-2023,504,0.934031
Q4-2023,505,0.974067
Q4-2023,506,0.936761
Q4-2023,507,0.936761
Q4-2023,508,0.936674
Q4-2023,509,0.936617
Q4-2023,510,0.914729
Q4-2023,511,0.919289
Q4-2023,512,0.931601
Q4-2023,513,0.062756
Q4-2023,514,0.936789
Q4-2023,515,0.936761
Q4-2023,516,0.936703
Q4-2023,517,0.919472
Q4-2023,518,0.93588
Q4-2023,519,0.936789
Q4-2023,520,0.931787
Q4-2023,521,0.937244
Q4-2023,522,0.934061
Q4-2023,523,0.93588
Q4-2023,524,0.934061
Q4-2023,525,0.936335
Q4-2023,526,0.936789
Q4-2023,527,0.936789
Q4-2023,528,0.91769
Q4-2023,529,0.934061
Q4-2023,530,0.936789
Q4-2023,531,0.936789
Q4-2023,532,0.070487
Q4-2023,533,0.936335
Q4-2023,534,0.925421
Q4-2023,535,0.931787
Q4-2023,536,0.07367
Q4-2023,537,0.934061
Q4-2023,538,0.936789
Q4-2023,539,0.935425
Q4-2023,540,0.070487
Q4-2023,541,0.931787
Q4-2023,542,0.929059
Q4-2023,543,0.934061
Q4-2023,544,0.932697
Q4-2023,545,0.89859
Q4-2023,546,0.93588
Q4-2023,547,0.931332
Q4-2023,548,0.928604
Q4-2023,549,0.07276
Q4-2023,550,0.934061
Q4-2023,551,0.936789
Q4-2023,552,0.93588
Q4-2023,553,0.936789
Q4-2023,554,0.956799
Q4-2023,555,0.936789
Q4-2023,556,0.936789
Q4-2023,557,0.916326
Q4-2023,558,0.935851
Q4-2023,559,0.909256
Q4-2023,560,0.936933
Q4-2023,561,0.936933
Q4-2023,562,0.906987
Q4-2023,563,0.919691
Q4-2023,564,0.936025
Q4-2023,565,0.933757
Q4-2023,566,0.936933
Q4-2023,567,0.934211
Q4-2023,568,0.906534
Q4-2023,569,0.919691
Q4-2023,570,0.945554
Q4-2023,571,0.905172
Q4-2023,572,0.920145
Q4-2023,573,0.936479
Q4-2023,574,0.070327
Q4-2023,575,0.936933
Q4-2023,576,0.936933
Q4-2023,577,0.936933
Q4-2023,578,0.936025
Q4-2023,579,0.934211
Q4-2023,580,0.936933
Q4-2023,581,0.935118
Q4-2023,582,0.910163
Q4-2023,583,0.937387
Q4-2023,584,0.910163
Q4-2023,585,0.933757
Q4-2023,586,0.936933
Q4-2023,587,0.933757
Q4-2023,588,0.936961
Q4-2023,589,0.936961
Q4-2023,590,0.936961
Q4-2023,591,0.925624
Q4-2023,592,0.936961
Q4-2023,593,0.918821
Q4-2023,594,0.93424
Q4-2023,595,0.931519
Q4-2023,596,0.936961
Q4-2023,597,0.933787
Q4-2023,598,0.936961
Q4-2023,599,0.898866
Q4-2023,600,0.936961
Q4-2023,601,0.936508
Q4-2023,602,0.928798
Q4-2023,603,0.909751
Q4-2023,604,0.93424
Q4-2023,605,0.936961
Q4-2023,606,0.931066
Q4-2023,607,0.936054
Q4-2023,608,0.928798
Q4-2023,609,0.936961
Q4-2023,610,0.918821
Q4-2023,611,0.936961
Q4-2023,612,0.936961
Q4-2023,613,0.936508
Q4-2023,614,0.999546
Q4-2023,615,0.92381
Q4-2023,616,0.936961
Q4-2023,617,0.936961
Q4-2023,618,0.936054
Q4-2023,619,0.937415
Q4-2023,620,0.931519
Q4-2023,621,0.954195
Q4-2023,622,0.933787
Q4-2023,623,0.910204
Q4-2023,624,0.936961
Q4-2023,625,0.936961
Q4-2023,626,0.933787
Q4-2023,627,0.936961
Q4-2023,628,0.936961
Q4-2023,629,0.936961
Q4-2023,630,0.931066
Q4-2023,631,0.936961
Q4-2023,632,0.93288
Q4-2023,633,0.936961
Q4-2023,634,0.935601
Q4-2023,635,0.935147
Q4-2023,636,0.936961
Q4-2023,637,0.909751
Q4-2023,638,0.935147
Q4-2023,639,0.936508
Q4-2023,640,0.933787
Q4-2023,641,0.936961
Q4-2023,642,0.936961
Q4-2023,643,0.936961
Q4-2023,644,0.936961
Q4-2023,645,0.936961
Q4-2023,646,0.936961
Q4-2023,647,0.936054
Q4-2023,648,0.075283
Q4-2023,649,0.936508
Q4-2023,650,0.936961
Q4-2023,651,0.936508
Q4-2023,652,0.936961
Q4-2023,653,0.936961
Q4-2023,654,0.935147
Q4-2023,655,1.0
Q4-2023,656,0.93699
Q4-2023,657,0.919764
Q4-2023,658,0.936112
Q4-2023,659,0.937019
Q4-2023,660,0.937019
Q4-2023,661,0.937019
Q4-2023,662,0.937019
Q4-2023,663,0.937019
Q4-2023,664,0.930675
Q4-2023,665,0.937019
Q4-2023,666,0.073436
Q4-2023,667,0.93155
Q4-2023,668,0.075703
Q4-2023,669,0.93427
Q4-2023,670,0.93699
Q4-2023,671,0.93699
Q4-2023,672,0.93563
Q4-2023,673,0.934723
Q4-2023,674,0.93699
Q4-2023,675,0.931519
Q4-2023,676,0.931488
Q4-2023,677,0.933727
Q4-2023,678,0.934121
Q4-2023,679,1.0
Q4-2023,680,0.935691
Q4-2023,681,1.0
Q4-2023,682,0.891693
Q4-2023,683,0.92844
Q4-2023,684,0.075619
Q4-2023,685,0.931745
Q4-2023,686,0.899587
Q4-2023,687,0.940285
Q4-2023,688,0.939853
Q4-2023,689,0.932476
Q4-2023,690,0.941663
Q4-2023,691,0.937069
Q4-2023,692,0.924667
Q4-2023,693,0.940717
Q4-2023,694,0.938419
Q4-2023,695,0.940257
Q4-2023,696,0.941636
Q4-2023,697,0.941636
Q4-2023,698,0.937529
Q4-2023,699,0.941663
Q4-2023,700,0.941663
Q4-2023,701,0.932017
Q4-2023,702,0.941663
Q4-2023,703,0.938907
Q4-2023,704,0.078512
Q4-2023,705,0.94169
Q4-2023,706,0.939853
Q4-2023,707,0.94169
Q4-2023,708,0.915021
Q4-2023,709,0.923748
Q4-2023,710,0.938907
Q4-2023,711,0.935721
Q4-2023,712,0.935262
Q4-2023,713,0.941663
Q4-2023,714,0.937098
Q4-2023,715,0.94123
Q4-2023,716,0.912764
Q4-2023,717,0.941716
Q4-2023,718,0.941716
Q4-2023,719,0.059229
Q4-2023,720,0.940771
Q4-2023,721,0.94169
Q4-2023,722,0.939825
Q4-2023,723,0.924667
Q4-2023,724,0.937069
Q4-2023,725,0.941663
Q4-2023,726,0.941663
Q4-2023,727,0.941663
Q4-2023,728,0.941663
Q4-2023,729,0.939825
Q4-2023,730,0.930179
Q4-2023,731,0.94169
Q4-2023,732,0.934404
Q4-2023,733,0.941743
Q4-2023,734,0.927523
Q4-2023,735,0.941743
Q4-2023,736,0.942202
Q4-2023,737,0.940853
Q4-2023,738,0.930275
Q4-2023,739,0.940826
Q4-2023,740,0.941743
Q4-2023,741,0.941743
Q4-2023,742,0.941743
Q4-2023,743,0.940826
Q4-2023,744,0.941284
Q4-2023,745,0.941743
Q4-2023,746,0.073853
Q4-2023,747,0.94177
Q4-2023,748,0.941743
Q4-2023,749,0.941743
Q4-2023,750,0.940853
Q4-2023,751,0.941743
Q4-2023,752,0.919266
Q4-2023,753,0.921101
Q4-2023,754,0.938045
Q4-2023,755,0.94034
Q4-2023,756,0.942175
Q4-2023,757,0.940799
Q4-2023,758,0.942175
Q4-2023,759,0.942175
Q4-2023,760,0.942175
Q4-2023,761,0.94034
Q4-2023,762,0.940799
Q4-2023,763,0.075264
Q4-2023,764,0.999541
Q4-2023,765,0.942175
Q4-2023,766,0.93067
Q4-2023,767,0.942149
Q4-2023,768,0.939394
Q4-2023,769,0.942466
Q4-2023,770,0.942036
Q4-2023,771,0.941096
Q4-2023,772,0.941579
Q4-2023,773,0.94021
Q4-2023,774,0.92743
Q4-2023,775,0.942036
Q4-2023,776,0.939698
Q4-2023,777,0.942009
Q4-2023,778,0.941579
Q4-2023,779,0.930594
Q4-2023,780,0.942439
Q4-2023,781,0.074954
Q4-2023,782,0.941983
Q4-2023,783,0.941983
Q4-2023,784,0.915982
Q4-2023,785,0.942009
Q4-2023,786,0.074886
Q4-2023,787,0.938813
Q4-2023,788,0.941096
Q4-2023,789,0.940183
Q4-2023,790,0.931019
Q4-2023,791,0.942009
Q4-2023,792,0.924692
Q4-2023,793,0.940666
Q4-2023,794,0.941579
Q4-2023,795,0.941579
Q4-2023,796,0.998631
Q4-2023,797,0.904153
Q4-2023,798,0.924692
Q4-2023,799,0.940666
Q4-2023,800,0.932907
Q4-2023,801,0.942036
Q4-2023,802,0.939297
Q4-2023,803,0.936559
Q4-2023,804,0.941606
Q4-2023,805,0.94115
Q4-2023,806,0.941606
Q4-2023,807,0.925148
Q4-2023,808,0.940666
Q4-2023,809,0.913738
Q4-2023,810,0.915107
Q4-2023,811,0.91602
Q4-2023,812,0.938841
Q4-2023,813,0.912825
Q4-2023,814,0.938841
Q4-2023,815,0.942036
Q4-2023,816,0.938841
Q4-2023,817,0.941123
Q4-2023,818,0.942009
Q4-2023,819,0.942036
Q4-2023,820,0.939297
Q4-2023,821,0.923323
Q4-2023,822,0.94021
Q4-2023,823,0.939297
Q4-2023,824,0.942036
Q4-2023,825,0.939297
Q4-2023,826,0.942036
Q4-2023,827,0.942036
Q4-2023,828,0.941579
Q4-2023,829,0.936559
Q4-2023,830,0.941579
Q4-2023,831,0.939297
Q4-2023,832,0.938384
Q4-2023,833,0.942036
Q4-2023,834,0.939297
Q4-2023,835,0.942036
Q4-2023,836,0.942036
Q4-2023,837,0.942036
Q4-2023,838,0.075308
Q4-2023,839,0.075308
Q4-2023,840,0.942036
Q4-2023,841,0.941123
Q4-2023,842,0.942036
Q4-2023,843,0.930625
Q4-2023,844,0.941123
Q4-2023,845,0.923323
Q4-2023,846,0.94021
Q4-2023,847,0.942036
Q4-2023,848,0.942036
Q4-2023,849,0.940666
Q4-2023,850,0.942036
Q4-2023,851,0.942036
Q4-2023,852,0.942036
Q4-2023,853,0.942036
Q4-2023,854,0.942036
Q4-2023,855,0.942036
Q4-2023,856,0.942036
Q4-2023,857,0.942036
Q4-2023,858,0.915107
Q4-2023,859,0.94021
Q4-2023,860,0.942036
Q4-2023,861,0.045641
Q4-2023,862,0.925148
Q4-2023,863,0.941123
Q4-2023,864,0.921497
Q4-2023,865,0.939297
Q4-2023,866,0.941123
Q4-2023,867,0.942036
Q4-2023,868,0.942036
Q4-2023,869,0.942036
Q4-2023,870,0.940666
Q4-2023,871,0.929712
Q4-2023,872,0.942036
Q4-2023,873,0.942009
Q4-2023,874,0.939698
Q4-2023,875,0.942009
Q4-2023,876,0.915943
Q4-2023,877,0.92508
Q4-2023,878,0.941042
Q4-2023,879,0.938187
Q4-2023,880,0.930861
Q4-2023,881,0.935499
Q4-2023,882,0.941903
Q4-2023,883,0.072278
Q4-2023,884,0.941903
Q4-2023,885,0.073651
Q4-2023,886,0.941903
Q4-2023,887,0.94185
Q4-2023,888,0.939103
Q4-2023,889,0.936384
Q4-2023,890,0.909799
Q4-2023,891,0.93913
Q4-2023,892,0.920403
Q4-2023,893,0.934126
Q4-2023,894,0.941903
Q4-2023,895,0.940988
Q4-2023,896,0.941472
Q4-2023,897,0.94193
Q4-2023,898,0.941015
Q4-2023,899,0.074989
Q4-2023,900,0.936443
Q4-2023,901,0.940558
Q4-2023,902,0.939186
Q4-2023,903,0.94193
Q4-2023,904,0.941472
Q4-2023,905,0.94193
Q4-2023,906,0.94193
Q4-2023,907,0.938729
Q4-2023,908,0.936472
Q4-2023,909,0.941956
Q4-2023,910,0.939214
Q4-2023,911,0.074954
Q4-2023,912,0.941956
Q4-2023,913,0.939643
Q4-2023,914,0.93053
Q4-2023,915,0.941956
Q4-2023,916,0.941042
Q4-2023,917,0.94193
Q4-2023,918,0.941903
Q4-2023,919,0.940961
Q4-2023,920,0.940961
Q4-2023,921,0.941365
Q4-2023,922,0.942739
Q4-2023,923,0.941823
Q4-2023,924,0.941823
Q4-2023,925,0.917087
Q4-2023,926,0.942713
Q4-2023,927,0.941365
Q4-2023,928,0.939533
Q4-2023,929,0.941365
Q4-2023,930,0.941365
Q4-2023,931,0.917125
Q4-2023,932,0.942739
Q4-2023,933,0.942766
Q4-2023,934,0.939533
Q4-2023,935,0.942687
Q4-2023,936,0.943223
Q4-2023,937,0.914796
Q4-2023,938,0.937729
Q4-2023,939,0.0746
Q4-2023,940,0.913501
Q4-2023,941,0.942687
Q4-2023,942,0.937271
Q4-2023,943,0.93956
Q4-2023,944,0.938645
Q4-2023,945,0.916705
Q4-2023,946,0.942334
Q4-2023,947,0.942308
Q4-2023,948,0.939075
Q4-2023,949,0.941392
Q4-2023,950,0.942281
Q4-2023,951,0.923958
Q4-2023,952,0.941365
Q4-2023,953,0.934982
Q4-2023,954,0.973901
Q4-2023,955,0.928604
Q4-2023,956,0.936384
Q4-2023,957,0.940961
Q4-2023,958,0.93956
Q4-2023,959,0.913998
Q4-2023,960,0.941876
Q4-2023,961,0.941823
Q4-2023,962,0.071003
Q4-2023,963,0.941365
Q4-2023,964,0.930829
Q4-2023,965,0.94185
Q4-2023,966,0.941983
Q4-2023,967,0.922339
Q4-2023,968,0.938328
Q4-2023,969,1.0
Q4-2023,970,0.942009
Q4-2023,971,0.942009
Q4-2023,972,0.942009
Q4-2023,973,0.940183
Q4-2023,974,0.924201
Q4-2023,975,0.939269
Q4-2023,976,0.942009
Q4-2023,977,0.072603
Q4-2023,978,0.942009
Q4-2023,979,0.941096
Q4-2023,980,0.941553
Q4-2023,981,0.915982
Q4-2023,982,0.942009
Q4-2023,983,0.940639
Q4-2023,984,0.937443
Q4-2023,985,0.941983
Q4-2023,986,0.941983
Q4-2023,987,0.074463
Q4-2023,988,0.936501
Q4-2023,989,0.941983
Q4-2023,990,0.939698
Q4-2023,991,0.94193
Q4-2023,992,0.938729
Q4-2023,993,0.07156
Q4-2023,994,0.941743
Q4-2023,995,0.930275
Q4-2023,996,0.929358
Q4-2023,997,0.941743
Q4-2023,998,0.940826
Q4-2023,999,0.941743
Q4-2023,1000,0.941743
Q4-2023,1001,0.915596
Q4-2023,1002,0.914679
Q4-2023,1003,0.941743
Q4-2023,1004,0.937615
Q4-2023,1005,0.926147
Q4-2023,1006,0.915596
Q4-2023,1007,0.941743
Q4-2023,1008,0.94177
Q4-2023,1009,0.93856
Q4-2023,1010,0.924771
Q4-2023,1011,0.940826
Q4-2023,1012,0.94034
Q4-2023,1013,0.930275
Q4-2023,1014,0.930275
Q4-2023,1015,0.908716
Q4-2023,1016,0.06789
Q4-2023,1017,0.941743
Q4-2023,1018,0.941743
Q4-2023,1019,0.941743
Q4-2023,1020,0.927064
Q4-2023,1021,0.941743
Q4-2023,1022,0.043119
Q4-2023,1023,0.941743
Q4-2023,1024,0.938991
Q4-2023,1025,0.92156
Q4-2023,1026,0.941311
Q4-2023,1027,0.941338
Q4-2023,1028,0.936044
Q4-2023,1029,0.938412
Q4-2023,1030,0.936645
Q4-2023,1031,0.93844
Q4-2023,1032,0.93844
Q4-2023,1033,0.935763
Q4-2023,1034,0.938013
Q4-2023,1035,0.937585
Q4-2023,1036,0.937984
Q4-2023,1037,0.937557
Q4-2023,1038,0.935763
Q4-2023,1039,0.937585
Q4-2023,1040,0.937557
Q4-2023,1041,0.937585
Q4-2023,1042,0.934852
Q4-2023,1043,0.937158
Q4-2023,1044,0.934882
Q4-2023,1045,0.93713
Q4-2023,1046,0.933941
Q4-2023,1047,0.937101
Q4-2023,1048,0.934366
Q4-2023,1049,0.937101
Q4-2023,1050,0.937101
Q4-2023,1051,0.07247
Q4-2023,1052,0.934366
Q4-2023,1053,0.071624
Q4-2023,1054,0.937044
Q4-2023,1055,0.937044
Q4-2023,1056,0.937471
Q4-2023,1057,0.935675
Q4-2023,1058,0.936102
Q4-2023,1059,0.937044
Q4-2023,1060,0.907847
Q4-2023,1061,0.069343
Q4-2023,1062,0.936588
Q4-2023,1063,0.937044
Q4-2023,1064,0.937044
Q4-2023,1065,0.910087
Q4-2023,1066,0.93379
Q4-2023,1067,0.9375
Q4-2023,1068,0.934822
Q4-2023,1069,0.935059
Q4-2023,1070,0.934151
Q4-2023,1071,0.937784
Q4-2023,1072,0.937784
Q4-2023,1073,0.93733
Q4-2023,1074,0.937784
Q4-2023,1075,0.937784
Q4-2023,1076,0.920981
Q4-2023,1077,0.936876
Q4-2023,1078,0.932788
Q4-2023,1079,0.937784
Q4-2023,1080,0.933243
Q4-2023,1081,0.937727
Q4-2023,1082,0.937727
Q4-2023,1083,0.926364
Q4-2023,1084,0.937727
Q4-2023,1085,0.936818
Q4-2023,1086,0.937727
Q4-2023,1087,0.937727
Q4-2023,1088,0.937273
Q4-2023,1089,0.936818
Q4-2023,1090,0.937727
Q4-2023,1091,0.937727
Q4-2023,1092,0.937727
Q4-2023,1093,0.936818
Q4-2023,1094,0.929577
Q4-2023,1095,0.936393
Q4-2023,1096,0.933667
Q4-2023,1097,0.937301
Q4-2023,1098,0.934545
Q4-2023,1099,0.937273
Q4-2023,1100,0.925943
Q4-2023,1101,0.937301
Q4-2023,1102,0.937301
Q4-2023,1103,0.936393
Q4-2023,1104,0.937301
Q4-2023,1105,0.935938
Q4-2023,1106,0.935484
Q4-2023,1107,0.937273
Q4-2023,1108,0.937301
Q4-2023,1109,0.935938
Q4-2023,1110,0.937301
Q4-2023,1111,0.93733
Q4-2023,1112,0.93733
Q4-2023,1113,0.93733
Q4-2023,1114,0.920073
Q4-2023,1115,0.936393
Q4-2023,1116,0.058129
Q4-2023,1117,0.910082
Q4-2023,1118,0.93733
Q4-2023,1119,0.936421
Q4-2023,1120,0.934151
Q4-2023,1121,0.93733
Q4-2023,1122,0.934605
Q4-2023,1123,0.93733
Q4-2023,1124,0.935967
Q4-2023,1125,0.934605
Q4-2023,1126,0.93733
Q4-2023,1127,0.935967
Q4-2023,1128,0.908719
Q4-2023,1129,0.074932
Q4-2023,1130,0.932303
Q4-2023,1131,0.93733
Q4-2023,1132,0.934605
Q4-2023,1133,0.075386
Q4-2023,1134,0.920036
Q4-2023,1135,0.936364
Q4-2023,1136,0.937273
Q4-2023,1137,0.937273
Q4-2023,1138,0.937273
Q4-2023,1139,0.935425
Q4-2023,1140,0.913182
Q4-2023,1141,0.070909
Q4-2023,1142,0.937273
Q4-2023,1143,0.954091
Q4-2023,1144,0.934545
Q4-2023,1145,0.932727
Q4-2023,1146,0.935
Q4-2023,1147,0.937273
Q4-2023,1148,0.936364
Q4-2023,1149,0.925
Q4-2023,1150,0.92
Q4-2023,1151,0.936364
Q4-2023,1152,0.937273
Q4-2023,1153,0.933182
Q4-2023,1154,0.910869
Q4-2023,1155,0.937244
Q4-2023,1156,0.937244
Q4-2023,1157,0.934061
Q4-2023,1158,0.937187
Q4-2023,1159,0.937187
Q4-2023,1160,0.937187
Q4-2023,1161,0.937187
Q4-2023,1162,0.937642
Q4-2023,1163,0.921256
Q4-2023,1164,0.935822
Q4-2023,1165,0.908056
Q4-2023,1166,0.937187
Q4-2023,1167,0.074613
Q4-2023,1168,0.934061
Q4-2023,1169,0.908678
Q4-2023,1170,0.92601
Q4-2023,1171,0.937358
Q4-2023,1172,0.932365
Q4-2023,1173,0.92601
Q4-2023,1174,0.937358
Q4-2023,1175,0.937358
Q4-2023,1176,0.919655
Q4-2023,1177,0.935089
Q4-2023,1178,0.937358
Q4-2023,1179,0.074478
Q4-2023,1180,0.937358
Q4-2023,1181,0.934635
Q4-2023,1182,0.935996
Q4-2023,1183,0.937273
Q4-2023,1184,0.937273
Q4-2023,1185,0.937273
Q4-2023,1186,0.935455
Q4-2023,1187,0.923636
Q4-2023,1188,0.935455
Q4-2023,1189,0.937273
Q4-2023,1190,0.937273
Q4-2023,1191,0.937273
Q4-2023,1192,0.932727
Q4-2023,1193,0.070455
Q4-2023,1194,0.934545
Q4-2023,1195,0.934091
Q4-2023,1196,0.937273
Q4-2023,1197,0.909545
Q4-2023,1198,0.935909
Q4-2023,1199,0.937273
Q4-2023,1200,0.907273
Q4-2023,1201,0.935455
Q4-2023,1202,0.925943
Q4-2023,1203,0.934121
Q4-2023,1204,0.937301
Q4-2023,1205,0.936393
Q4-2023,1206,0.910495
Q4-2023,1207,0.937301
Q4-2023,1208,0.937301
Q4-2023,1209,0.933212
Q4-2023,1210,0.936393
Q4-2023,1211,0.937301
Q4-2023,1212,0.921399
Q4-2023,1213,0.937301
Q4-2023,1214,0.907769
Q4-2023,1215,0.937301
Q4-2023,1216,0.925943
Q4-2023,1217,0.934121
Q4-2023,1218,0.936364
Q4-2023,1219,0.074966
Q4-2023,1220,0.937301
Q4-2023,1221,0.074057
Q4-2023,1222,0.075
Q4-2023,1223,0.937273
Q4-2023,1224,0.934121
Q4-2023,1225,0.911858
Q4-2023,1226,0.937273
Q4-2023,1227,0.923182
Q4-2023,1228,0.932727
Q4-2023,1229,0.074057
Q4-2023,1230,0.934545
Q4-2023,1231,0.935455
Q4-2023,1232,0.937273
Q4-2023,1233,0.07542
Q4-2023,1234,0.934575
Q4-2023,1235,0.905043
Q4-2023,1236,0.059973
Q4-2023,1237,0.93733
Q4-2023,1238,0.937301
Q4-2023,1239,0.907315
Q4-2023,1240,0.887324
Q4-2023,1241,0.927306
Q4-2023,1242,0.930032
Q4-2023,1243,0.053612
Q4-2023,1244,0.937756
Q4-2023,1245,0.93503
Q4-2023,1246,0.926397
Q4-2023,1247,0.890959
Q4-2023,1248,0.919582
Q4-2023,1249,0.909545
Q4-2023,1250,0.043182
Q4-2023,1251,0.937727
Q4-2023,1252,0.934545
Q4-2023,1253,0.917273
Q4-2023,1254,0.936818
Q4-2023,1255,0.937727
Q4-2023,1256,0.937727
Q4-2023,1257,0.905909
Q4-2023,1258,0.076364
Q4-2023,1259,0.917727
Q4-2023,1260,0.933636
Q4-2023,1261,0.9375
Q4-2023,1262,0.937328
Q4-2023,1263,0.9373
Q4-2023,1264,0.070805
Q4-2023,1265,0.92765
Q4-2023,1266,0.913706
Q4-2023,1267,0.93987
Q4-2023,1268,0.939843
Q4-2023,1269,0.935831
Q4-2023,1270,0.475806
Q4-2023,1271,0.319372
Q4-2023,1272,0.281768
Q4-2023,1273,0.103448
,1,2.7e-05
,2,0.000357
,3,0.000953
,4,0.000111
,5,0.02983
,6,0.002046
,7,0.00019
,8,0.000972
,9,0.001762
,10,0.000329
,11,0.000622
,12,0.004782
,13,0.0177
,14,0.002161
,15,0.000592
,16,0.001839
,17,0.001594
,18,0.034321
,19,0.550545
,20,0.019748
,21,0.005036
,22,0.004173
,23,0.00196
,24,0.016307
,25,0.017738
,26,0.036478
,27,0.02179
,28,0.016089
,29,0.022382
,30,0.0165
,31,0.015808
,32,0.016113
,33,0.016761
,34,0.016093
,35,0.016036
,36,0.017285
,37,0.015093
,38,0.014438
,39,0.01544
,40,0.015398
,41,0.015206
,42,0.015101
,43,0.015043
,44,0.015059
,45,0.015027
,46,0.014443
,47,0.015339
,48,0.015058
,49,0.016037
,50,0.015464
,51,0.016295
,52,0.019917
,53,0.016909
,54,0.020311
,55,0.001299
,56,0.016745
,57,0.017166
,58,0.017076
,59,0.016805
,60,0.017749
,61,0.018344
,62,0.018721
,63,0.018344
,64,0.019077
,65,0.018221
,66,0.003679
,67,0.137049
,68,0.01926
,69,0.246831
,70,0.253079
,71,0.241544
,72,0.227306
,73,0.226269
,74,0.241441
,75,0.246885
,76,0.243023
,77,0.243411
,78,0.241982
,79,0.242082
,80,0.260159
,81,0.242037
,82,0.225064
,83,0.239493
,84,0.239764
,85,0.240418
,86,0.241217
,87,0.239764
,88,0.240951
,89,0.24
,90,0.239822
,91,0.238445
,92,0.239409
,93,0.239132
,94,0.242071
,95,0.43832
,96,0.240966
,97,0.245353
,98,0.247781
,99,0.242665
,100,0.239693
,101,0.242627
,102,0.244625
,103,0.243301
,104,0.243555
,105,0.243334
,106,0.247555
,107,0.248158
,108,0.245798
,109,0.247597
,110,0.247304
,111,0.247759
,112,0.262817
,113,0.249925
,114,0.246817
,115,0.246812
,116,0.246282
,117,0.246328
,118,0.250412
,119,0.251379
,120,0.252538
,121,0.248084
,122,0.235025
,123,0.252624
,124,0.25009
,125,0.247662
,126,0.246488
,127,0.231887
,128,0.248034
,129,0.247939
,130,0.252463
,131,0.250968
,132,0.250964
,133,0.020729
,134,0.244737
,135,0.243794
,136,0.245144
,137,0.237065
,138,0.262727
,139,0.23509
,140,0.230222
,141,0.230232
,142,0.51218
,143,0.245722
,144,0.226519
,145,0.250935
,146,0.235852
,147,0.135487
,148,0.216437
,149,0.224231
,150,0.22706
,151,0.22057
,152,0.251394
,153,0.234118
,154,0.211602
,155,0.227366
,156,0.695072
,157,0.704924
,158,0.707563
,159,0.678943
,160,0.673987
,161,0.658934
,162,0.671667
,163,0.677442
,164,0.658823
,165,0.666671
,166,0.67098
,167,0.669803
,168,0.65964
,169,0.659448
,170,0.660483
,171,0.660597
,172,0.658404
,173,0.660909
,174,0.660219
,175,0.659661
,176,0.564752
,177,0.659054
,178,0.658838
,179,0.658453
,180,0.656905
,181,0.562976
,182,0.569557
,183,0.655211
,184,0.655637
,185,0.560854
,186,0.654683
,187,0.654823
,188,0.654356
,189,0.655894
,190,0.670642
,191,0.655082
,192,0.208043
,193,0.656679
,194,0.657019
,195,0.657136
,196,0.65807
,197,0.65643
,198,0.655847
,199,0.656376
,200,0.642942
,201,0.654068
,202,0.641487
,203,0.652501
,204,0.652628
,205,0.654143
,206,0.654721
,207,0.655863
,208,0.657343
,209,0.655335
,210,0.653959
,211,0.655607
,212,0.645402
,213,0.658262
,214,0.658318
,215,0.662745
,216,0.650508
,217,0.649926
,218,0.650737
,219,0.653318
,220,0.653411
,221,0.657368
,222,0.683187
,223,0.479042
,224,0.651141
,225,0.652203
,226,0.479845
,227,0.651975
,228,0.652547
,229,0.65196
,230,0.653271
,231,0.196567
,232,0.652876
,233,0.205935
,234,0.650433
,235,0.65134
,236,0.641776
,237,0.649907
,238,0.64392
,239,0.643394
,240,0.644477
,241,0.454729
,242,0.210614
,243,0.654386
,244,0.632462
,245,0.633504
,246,0.633992
,247,0.633895
,248,0.63317
,249,0.628349
,250,0.635061
,251,0.634691
,252,0.629202
,253,0.626372
,254,0.188491
,255,0.622394
,256,0.637677
,257,0.62172
,258,0.631897
,259,0.63498
,260,0.024615
,261,0.647673
,262,0.194503
,263,0.631253
,264,0.648047
,265,0.622479
,266,0.474768
,267,0.650317
,268,0.650485
,269,0.6488
,270,0.647739
,271,0.65151
,272,0.651612
,273,0.650425
,274,0.650836
,275,0.648479
,276,0.635243
,277,0.650318
,278,0.652141
,279,0.648861
,280,0.205634
,281,0.647634
,282,0.646065
,283,0.648137
,284,0.207324
,285,0.649266
,286,0.653475
,287,0.479025
,288,0.632683
,289,0.645968
,290,0.630198
,291,0.650878
,292,0.653829
,293,0.479514
,294,0.652777
,295,0.654664
,296,0.651845
,297,0.64978
,298,0.646046
,299,0.46976
,300,0.629172
,301,0.649462
,302,0.649354
,303,0.650746
,304,0.648542
,305,0.649764
,306,0.650137
,307,0.652196
,308,0.650688
,309,0.65065
,310,0.649333
,311,0.649589
,312,0.65096
,313,0.650742
,314,0.650237
,315,0.649746
,316,0.649007
,317,0.648931
,318,0.655086
,319,0.667047
,320,0.671647
,321,0.659224
,322,0.639452
,323,0.636624
,324,0.636082
,325,0.638617
,326,0.644683
,327,0.645814
,328,0.616884
,329,0.616599
,330,0.616308
,331,0.448673
,332,0.615577
,333,0.615426
,334,0.614768
,335,0.61576
,336,0.615223
,337,0.615595
,338,0.602924
,339,0.62553
,340,0.614862
,341,0.613772
,342,0.612498
,343,0.615697
,344,0.604161
,345,0.615367
,346,0.621707
,347,0.615194
,348,0.60371
,349,0.614151
,350,0.614347
,351,0.614581
,352,0.613026
,353,0.612963
,354,0.61241
,355,0.197063
,356,0.616147
,357,0.615616
,358,0.615891
,359,0.616563
,360,0.616863
,361,0.618886
,362,0.61789
,363,0.619836
,364,0.61846
,365,0.605932
,366,0.618829
,367,0.620941
,368,0.550108
,369,0.618904
,370,0.619822
,371,0.208261
,372,0.610998
,373,0.210696
,374,0.453024
,375,0.626067
,376,0.61874
,377,0.616966
,378,0.618419
,379,0.618348
,380,0.618499
,381,0.618504
,382,0.619747
,383,0.619263
,384,0.619746
,385,0.619337
,386,0.619052
,387,0.454074
,388,0.618243
,389,0.61867
,390,0.61747
,391,0.618337
,392,0.618535
,393,0.618945
,394,0.619689
,395,0.619296
,396,0.620095
,397,0.620883
,398,0.620549
,399,0.619753
,400,0.619675
,401,0.6193
,402,0.62006
,403,0.620829
,404,0.621394
,405,0.615221
,406,0.612841
,407,0.612
,408,0.61229
,409,0.609358
,410,0.611896
,411,0.611805
,412,0.610613
,413,0.466708
,414,0.610101
,415,0.607966
,416,0.606144
,417,0.632247
,418,0.608699
,419,0.609848
,420,0.609774
,421,0.181394
,422,0.606578
,423,0.60443
,424,0.604038
,425,0.605321
,426,0.605648
,427,0.590167
,428,0.602472
,429,0.603666
,430,0.603559
,431,0.603924
,432,0.604505
,433,0.60554
,434,0.60522
,435,0.606569
,436,0.6053
,437,0.082116
,438,0.593807
,439,0.602251
,440,0.620246
,441,0.614353
,442,0.613786
,443,0.567433
,444,0.610448
,445,0.624843
,446,0.618736
,447,0.622337
,448,0.182129
,449,0.168587
,450,0.624572
,451,0.181978
,452,0.628306
,453,0.62176
,454,0.478215
,455,0.620979
,456,0.62214
,457,0.622535
,458,0.61054
,459,0.624354
,460,0.624974
,461,0.626155
,462,0.626529
,463,0.625863
,464,0.626457
,465,0.626929
,466,0.627249
,467,0.626379
,468,0.611941
,469,0.634383
,470,0.635369
,471,0.634752
,472,0.633683
,473,0.633852
,474,0.635041
,475,0.636597
,476,0.637125
,477,0.659093
,478,0.771602
,479,0.636191
,480,0.634159
,481,0.634169
,482,0.465416
,483,0.636844
,484,0.674308
,485,0.636184
,486,0.632436
,487,0.635958
,488,0.634909
,489,0.634516
,490,0.636058
,491,0.634068
,492,0.634447
,493,0.642392
,494,0.630908
,495,0.631242
,496,0.638176
,497,0.63236
,498,0.64069
,499,0.633703
,500,0.632456
,501,0.671188
,502,0.209953
,503,0.632734
,504,0.633387
,505,0.468184
,506,0.634296
,507,0.635407
,508,0.635386
,509,0.634358
,510,0.190219
,511,0.615149
,512,0.631884
,513,0.620899
,514,0.635787
,515,0.634775
,516,0.636172
,517,0.620399
,518,0.634422
,519,0.638671
,520,0.214204
,521,0.638316
,522,0.640076
,523,0.632653
,524,0.62413
,525,0.623777
,526,0.62741
,527,0.633062
,528,0.617436
,529,0.61354
,530,0.616458
,531,0.616228
,532,0.60318
,533,0.616023
,534,0.615159
,535,0.203932
,536,0.602635
,537,0.615256
,538,0.615915
,539,0.616384
,540,0.191034
,541,0.204153
,542,0.203328
,543,0.616106
,544,0.614676
,545,0.445756
,546,0.615044
,547,0.213853
,548,0.202269
,549,0.602379
,550,0.61474
,551,0.615508
,552,0.615632
,553,0.615687
,554,0.616014
,555,0.615532
,556,0.615211
,557,0.599737
,558,0.613045
,559,0.446927
,560,0.615295
,561,0.615678
,562,0.446432
,563,0.59965
,564,0.612496
,565,0.614596
,566,0.615428
,567,0.615239
,568,0.440967
,569,0.614698
,570,0.627496
,571,0.446262
,572,0.601195
,573,0.612628
,574,0.60181
,575,0.615552
,576,0.615689
,577,0.616157
,578,0.615801
,579,0.615751
,580,0.615581
,581,0.615261
,582,0.447306
,583,0.616536
,584,0.447252
,585,0.614368
,586,0.615475
,587,0.61419
,588,0.615466
,589,0.615274
,590,0.615274
,591,0.61427
,592,0.615192
,593,0.599419
,594,0.612281
,595,0.203204
,596,0.615209
,597,0.614628
,598,0.615532
,599,0.446301
,600,0.615414
,601,0.615397
,602,0.202482
,603,0.447281
,604,0.614953
,605,0.615595
,606,0.614784
,607,0.615688
,608,0.203696
,609,0.615913
,610,0.614531
,611,0.616174
,612,0.615656
,613,0.618905
,614,0.989239
,615,0.61468
,616,0.615779
,617,0.615889
,618,0.616075
,619,0.615927
,620,0.204553
,621,0.616025
,622,0.616097
,623,0.448117
,624,0.615921
,625,0.616298
,626,0.615585
,627,0.616308
,628,0.615685
,629,0.615557
,630,0.203782
,631,0.615293
,632,0.614288
,633,0.615361
,634,0.615547
,635,0.615379
,636,0.614583
,637,0.446521
,638,0.614567
,639,0.614638
,640,0.614391
,641,0.61451
,642,0.614558
,643,0.614448
,644,0.614321
,645,0.613499
,646,0.613641
,647,0.616004
,648,0.603185
,649,0.616012
,650,0.615316
,651,0.615272
,652,0.61796
,653,0.61936
,654,0.619879
,655,0.647657
,656,0.619388
,657,0.604018
,658,0.616901
,659,0.619961
,660,0.61971
,661,0.620199
,662,0.619218
,663,0.619115
,664,0.204608
,665,0.619335
,666,0.605902
,667,0.205346
,668,0.60774
,669,0.619996
,670,0.620941
,671,0.621061
,672,0.623186
,673,0.622903
,674,0.621616
,675,0.218164
,676,0.206067
,677,0.629924
,678,0.6194
,679,0.632126
,680,0.619108
,681,0.790931
,682,0.437752
,683,0.196223
,684,0.607023
,685,0.617548
,686,0.455357
,687,0.617595
,688,0.620357
,689,0.196427
,690,0.617359
,691,0.616633
,692,0.601546
,693,0.613746
,694,0.617393
,695,0.617667
,696,0.617747
,697,0.617585
,698,0.617298
,699,0.617192
,700,0.617132
,701,0.6229
,702,0.61748
,703,0.616652
,704,0.604097
,705,0.617024
,706,0.617445
,707,0.617333
,708,0.456488
,709,0.602117
,710,0.614385
,711,0.616295
,712,0.195533
,713,0.617362
,714,0.609546
,715,0.61718
,716,0.469969
,717,0.616941
,718,0.616716
,719,0.601923
,720,0.616208
,721,0.617047
,722,0.617207
,723,0.602172
,724,0.613734
,725,0.616713
,726,0.61667
,727,0.61678
,728,0.617027
,729,0.618366
,730,0.61755
,731,0.619151
,732,0.204844
,733,0.618832
,734,0.617343
,735,0.619248
,736,0.617694
,737,0.61766
,738,0.616356
,739,0.616555
,740,0.616562
,741,0.61665
,742,0.617046
,743,0.617237
,744,0.617796
,745,0.616943
,746,0.602773
,747,0.61582
,748,0.615688
,749,0.616408
,750,0.616647
,751,0.614618
,752,0.177245
,753,0.595202
,754,0.61628
,755,0.619145
,756,0.618917
,757,0.618488
,758,0.619944
,759,0.62103
,760,0.623167
,761,0.623497
,762,0.6213
,763,0.60694
,764,0.631296
,765,0.623611
,766,0.621375
,767,0.62115
,768,0.620788
,769,0.624968
,770,0.624
,771,0.627389
,772,0.626821
,773,0.625004
,774,0.624308
,775,0.625008
,776,0.624723
,777,0.624558
,778,0.624711
,779,0.623514
,780,0.625731
,781,0.611751
,782,0.625011
,783,0.625499
,784,0.45656
,785,0.62573
,786,0.61161
,787,0.624026
,788,0.624815
,789,0.62557
,790,0.62411
,791,0.625934
,792,0.610798
,793,0.623168
,794,0.62566
,795,0.6271
,796,0.63859
,797,0.456851
,798,0.612262
,799,0.623874
,800,0.202721
,801,0.628222
,802,0.625259
,803,0.625949
,804,0.625846
,805,0.624849
,806,0.624941
,807,0.205863
,808,0.625536
,809,0.457694
,810,0.455258
,811,0.456625
,812,0.625541
,813,0.456071
,814,0.624226
,815,0.625608
,816,0.624649
,817,0.625052
,818,0.625994
,819,0.625878
,820,0.625346
,821,0.609053
,822,0.621382
,823,0.624535
,824,0.624714
,825,0.624419
,826,0.624595
,827,0.624036
,828,0.624201
,829,0.204395
,830,0.624301
,831,0.623811
,832,0.624044
,833,0.624251
,834,0.624207
,835,0.623902
,836,0.625145
,837,0.625074
,838,0.612902
,839,0.613489
,840,0.623793
,841,0.623997
,842,0.621523
,843,0.61986
,844,0.62104
,845,0.608556
,846,0.619147
,847,0.618444
,848,0.618221
,849,0.618019
,850,0.619207
,851,0.618254
,852,0.618294
,853,0.61816
,854,0.614216
,855,0.618247
,856,0.62886
,857,0.619906
,858,0.450018
,859,0.620956
,860,0.616975
,861,0.434834
,862,0.604982
,863,0.617697
,864,0.603497
,865,0.61773
,866,0.621397
,867,0.621894
,868,0.622879
,869,0.623167
,870,0.623299
,871,0.622163
,872,0.622832
,873,0.622411
,874,0.622129
,875,0.621869
,876,0.453063
,877,0.606714
,878,0.619841
,879,0.624206
,880,0.622189
,881,0.204493
,882,0.622274
,883,0.608643
,884,0.622751
,885,0.609029
,886,0.622276
,887,0.622311
,888,0.62229
,889,0.204373
,890,0.035882
,891,0.621155
,892,0.606032
,893,0.617783
,894,0.622323
,895,0.621624
,896,0.621629
,897,0.621714
,898,0.621847
,899,0.609502
,900,0.20476
,901,0.622322
,902,0.621715
,903,0.621903
,904,0.622025
,905,0.622243
,906,0.622234
,907,0.622184
,908,0.204598
,909,0.622145
,910,0.620982
,911,0.608094
,912,0.621784
,913,0.621978
,914,0.620706
,915,0.621039
,916,0.620704
,917,0.621955
,918,0.621765
,919,0.621558
,920,0.621943
,921,0.621997
,922,0.622543
,923,0.622774
,924,0.623275
,925,0.453661
,926,0.623396
,927,0.623934
,928,0.622452
,929,0.624246
,930,0.623559
,931,0.453567
,932,0.62288
,933,0.622622
,934,0.621265
,935,0.622054
,936,0.624309
,937,0.036757
,938,0.623107
,939,0.595161
,940,0.450351
,941,0.623455
,942,0.205067
,943,0.623044
,944,0.622472
,945,0.453906
,946,0.623495
,947,0.621866
,948,0.613158
,949,0.62041
,950,0.744894
,951,0.607055
,952,0.620442
,953,0.20408
,954,0.463559
,955,0.629921
,956,0.208484
,957,0.633637
,958,0.620547
,959,0.451372
,960,0.620231
,961,0.624578
,962,0.609605
,963,0.623167
,964,0.621499
,965,0.622795
,966,0.622986
,967,0.608724
,968,0.62144
,969,0.635974
,970,0.626031
,971,0.626088
,972,0.62581
,973,0.625282
,974,0.609263
,975,0.622606
,976,0.625076
,977,0.61234
,978,0.624771
,979,0.624437
,980,0.624831
,981,0.46434
,982,0.637679
,983,0.625419
,984,0.624932
,985,0.625511
,986,0.625404
,987,0.611752
,988,0.20593
,989,0.624777
,990,0.623986
,991,0.624621
,992,0.62535
,993,0.610963
,994,0.624221
,995,0.623355
,996,0.622939
,997,0.623707
,998,0.623921
,999,0.624063
,1000,0.623938
,1001,0.453859
,1002,0.454013
,1003,0.623857
,1004,0.622506
,1005,0.620987
,1006,0.453907
,1007,0.623241
,1008,0.623672
,1009,0.622787
,1010,0.607928
,1011,0.620563
,1012,0.62333
,1013,0.622036
,1014,0.622204
,1015,0.606249
,1016,0.606644
,1017,0.623049
,1018,0.623024
,1019,0.623117
,1020,0.204899
,1021,0.623362
,1022,0.439678
,1023,0.624523
,1024,0.623597
,1025,0.606257
,1026,0.620429
,1027,0.64033
,1028,0.623089
,1029,0.622984
,1030,0.623484
,1031,0.623609
,1032,0.623711
,1033,0.621463
,1034,0.621811
,1035,0.622073
,1036,0.622165
,1037,0.622258
,1038,0.621643
,1039,0.621831
,1040,0.622061
,1041,0.622003
,1042,0.621705
,1043,0.621835
,1044,0.206933
,1045,0.623266
,1046,0.621776
,1047,0.622596
,1048,0.619774
,1049,0.618824
,1050,0.618836
,1051,0.606271
,1052,0.620092
,1053,0.606893
,1054,0.615631
,1055,0.615667
,1056,0.615826
,1057,0.616409
,1058,0.616237
,1059,0.616565
,1060,0.599209
,1061,0.599863
,1062,0.61561
,1063,0.615883
,1064,0.615227
,1065,0.446275
,1066,0.615082
,1067,0.615069
,1068,0.614711
,1069,0.616336
,1070,0.617095
,1071,0.619145
,1072,0.616715
,1073,0.617014
,1074,0.616786
,1075,0.616856
,1076,0.601249
,1077,0.614171
,1078,0.206938
,1079,0.617232
,1080,0.616287
,1081,0.617099
,1082,0.616914
,1083,0.616082
,1084,0.617689
,1085,0.61741
,1086,0.617057
,1087,0.61766
,1088,0.617186
,1089,0.616856
,1090,0.617649
,1091,0.618333
,1092,0.617634
,1093,0.617042
,1094,0.205211
,1095,0.617356
,1096,0.616732
,1097,0.617461
,1098,0.617478
,1099,0.617655
,1100,0.616286
,1101,0.619268
,1102,0.617343
,1103,0.61695
,1104,0.620861
,1105,0.617159
,1106,0.617906
,1107,0.618356
,1108,0.618344
,1109,0.618268
,1110,0.618295
,1111,0.619072
,1112,0.618596
,1113,0.617925
,1114,0.601776
,1115,0.612351
,1116,0.588515
,1117,0.445465
,1118,0.629643
,1119,0.616689
,1120,0.61591
,1121,0.617222
,1122,0.614896
,1123,0.617102
,1124,0.618501
,1125,0.617277
,1126,0.617213
,1127,0.617284
,1128,0.599884
,1129,0.601251
,1130,0.205418
,1131,0.617709
,1132,0.617239
,1133,0.60494
,1134,0.6019
,1135,0.614589
,1136,0.617697
,1137,0.617272
,1138,0.615636
,1139,0.617406
,1140,0.449975
,1141,0.604834
,1142,0.617571
,1143,0.615466
,1144,0.616639
,1145,0.616802
,1146,0.618168
,1147,0.617454
,1148,0.616192
,1149,0.61516
,1150,0.600716
,1151,0.613409
,1152,0.616588
,1153,0.617339
,1154,0.446909
,1155,0.616412
,1156,0.616286
,1157,0.615322
,1158,0.616252
,1159,0.616286
,1160,0.615761
,1161,0.615059
,1162,0.617145
,1163,0.203967
,1164,0.61941
,1165,0.449057
,1166,0.618854
,1167,0.606916
,1168,0.617302
,1169,0.449771
,1170,0.61841
,1171,0.619869
,1172,0.620278
,1173,0.620166
,1174,0.621305
,1175,0.619723
,1176,0.622417
,1177,0.61682
,1178,0.619293
,1179,0.606294
,1180,0.619934
,1181,0.619915
,1182,0.619521
,1183,0.619844
,1184,0.620494
,1185,0.621341
,1186,0.620234
,1187,0.618737
,1188,0.61975
,1189,0.619861
,1190,0.619997
,1191,0.621738
,1192,0.20426
,1193,0.606095
,1194,0.618545
,1195,0.619407
,1196,0.619283
,1197,0.450456
,1198,0.620088
,1199,0.620269
,1200,0.449323
,1201,0.619363
,1202,0.619017
,1203,0.618535
,1204,0.619473
,1205,0.619476
,1206,0.450796
,1207,0.620209
,1208,0.620249
,1209,0.617884
,1210,0.618983
,1211,0.618939
,1212,0.204324
,1213,0.619987
,1214,0.451093
,1215,0.619944
,1216,0.618799
,1217,0.618832
,1218,0.619639
,1219,0.60857
,1220,0.619518
,1221,0.606392
,1222,0.607144
,1223,0.620517
,1224,0.620756
,1225,0.205701
,1226,0.620364
,1227,0.617287
,1228,0.207685
,1229,0.609163
,1230,0.62079
,1231,0.621368
,1232,0.620876
,1233,0.607077
,1234,0.620045
,1235,0.602798
,1236,0.60285
,1237,0.621277
,1238,0.620838
,1239,0.450774
,1240,0.43392
,1241,0.202969
,1242,0.618224
,1243,0.60277
,1244,0.618451
,1245,0.618928
,1246,0.618768
,1247,0.43365
,1248,0.200833
,1249,0.446922
,1250,0.432264
,1251,0.616276
,1252,0.615918
,1253,0.598527
,1254,0.612573
,1255,0.615674
,1256,0.615334
,1257,0.039088
,1258,0.603354
,1259,0.600365
,1260,0.612334
,1261,0.615505
,1262,0.616435
,1263,0.617782
,1264,0.608007
,1265,0.615488
,1266,0.446718
,1267,0.617346
,1268,0.617097
,1269,0.615792
,1270,0.613736
,1271,0.610147
,1272,0.605252
,1273,0.606716
